cluster_id,brain_region,grid_score,field_size,field_spacing,orientation,_smooth_sigma,travel,sig,null_grid_score,null_field_size,null_field_spacing,null_orientation,null__smooth_sigma,mouse,day,session_travel_lag,optimal_travel_lag,optimal_travel_lag_grid_score,session_travel_lag_grid_score,zero_lag_grid_score,spatial_information_score,spatial_information_score_no_lag,SC_x,SC_y,SC_z,probe_x,probe_y,theta_index,firing_rate,firing_rate_OF1,firing_rate_VR,classified_by,cell_type,pct_b_1,pct_nb_1,pct_b_0,pct_nb_0,task_anchored_labels,cell_identity,shuffled
25,ENTm1,-0.3223498640359759,37.16522155933196,49.553628745775946,5.024288906560084,1.5,3,False,,,,,,21,15,3.1531531531531556,-22.0,41.0,-0.3223498640359759,-0.30239670057074813,0.35149347379606216,0.32813563733542367,-3737.9158062903,4066.3401634898833,4445.823695288777,0.0,150.0,0.032278554450143465,1.0685639461194731,1.72043739058721,0.6382103360191306,OF2,GC,20.0,42.857142857142854,61.76470588235294,42.10526315789474,"[0.0, 0.0, 0.0, 0.0, 0.0, 0.0, 0.0, 0.0, 0.0, 0.0, 0.0, 0.0, 0.0, 0.0, 0.0, 0.0, 0.0, 0.0, 0.0, 0.0, 0.0, 0.0, 0.0, 0.0, 0.0, 0.0, 0.0, 0.0, 0.0, 0.0, 0.0, 0.0, 0.0, 0.0, 0.0, 0.0, 0.0, 0.0, 0.0, 0.0, 0.0, 1.0, 1.0, 0.0, 0.0, 0.0, 0.0, 1.0, 1.0, 1.0, 1.0, 1.0, 1.0, 1.0, 1.0, 1.0, 1.0, 0.0, 0.0, 0.0, 0.0, 0.0, 0.0, 0.0, 0.0, 0.0, 0.0, 0.0, 0.0, 0.0, 0.0, 0.0, 0.0, 0.0, 0.0, 0.0, 0.0, 0.0, 0.0, 0.0, 0.0, 0.0, 0.0, 0.0]",GC,False
77,ENTm2,0.5335131197258816,23.00138010649631,30.66850680866175,10.101147693092807,1.5,3,True,"[-0.29588594 -0.45241061  0.30663062 -0.37542522 -0.58435809 -0.17351196
  0.14368703 -0.22157066  0.19630314 -0.53112904 -0.23908515  0.19159535
 -0.15730301 -0.24692513  0.07209326  0.34208427 -0.2640253  -0.67222494
 -0.3232403  -0.24015488 -0.04189326 -0.37123255 -0.31994061 -0.27551268
 -0.60373283  0.06963801 -0.21120168 -0.28885966 -0.27561644  0.00560887
 -0.315308   -0.11095612  0.11999854  0.22698264 -0.448666   -0.44864489
  0.08813351 -0.20891804  0.3027391   0.03299981  0.40481306  0.02881682
 -0.36553298 -0.4805117   0.04804756 -0.24919441  0.01141318 -0.12286858
  0.150607   -0.63684591  0.04929127 -0.40333339 -0.27660638 -0.51334249
 -0.05334213  0.16431926 -0.36461877 -0.52629852 -0.64379247 -0.75944402
 -0.23428753 -0.35101808 -0.49035045 -0.6275532  -0.38715346  0.16778188
  0.00556736 -0.35289481 -0.30967361 -0.38966121 -0.10688568 -0.43307766
  0.59824209 -0.19395319 -0.19211825 -0.30283646 -0.36039618 -0.30795543
  0.22256782  0.20955659 -0.50935264 -0.61811228 -0.23804565 -0.0672598
 -0.22476373 -0.28860559 -0.20106918  0.13830344 -0.57561215 -0.23630744
 -0.21168237 -0.01603638 -0.38161725 -0.36122733 -0.21059127 -0.38100913
 -0.10766983 -0.1225632  -0.58180783 -0.20336591 -0.33254487 -0.61675099
 -0.40059699 -0.21001563 -0.47059174 -0.25014813  0.67806751  0.12321045
 -0.55855878 -0.26764311 -0.47183093 -0.3014406   0.34838292 -0.37499538
 -0.4622538  -0.20844877 -0.46523648 -0.31215658 -0.49489391 -0.0836689
 -0.20384779 -0.37476748 -0.5342782  -0.12301805 -0.09572288 -0.29499559
 -0.23997066 -0.4109145   0.03677492  0.01678793 -0.31208036 -0.67424444
 -0.032774   -0.6277237  -0.20429963  0.26407279 -0.33641429 -0.28512988
 -0.33384877 -0.39205621 -0.2875188  -0.36148347 -0.39368797 -0.40158907
 -0.3134401  -0.41682195 -0.57571369 -0.33270599 -0.4047942  -0.06300113
 -0.27896181  0.00578768  0.12282136 -0.51337662 -0.31036455 -0.30281904
 -0.06513714  0.32272117 -0.32721567 -0.20678122  0.46495034 -0.12865057
 -0.5727005  -0.11659779 -0.55533581  0.39409918 -0.30943211 -0.4454494
 -0.05529358 -0.33436552 -0.38602881 -0.4980271  -0.19566618 -0.62988092
  0.13652839  0.15079595 -0.50448149  0.05591683 -0.24172856  0.01224145
 -0.63040648 -0.11909719 -0.46900244 -0.28955357 -0.36281821 -0.1506188
 -0.55098544  0.02898892 -0.457015   -0.24063156 -0.1639258  -0.2789454
 -0.34317622 -0.31170762 -0.22523124  0.1302429  -0.27506189 -0.23211369
 -0.00745916  0.10910253]","[43.50377673 34.25697416 33.48256678 32.86919406 25.28256823 24.1175762
 31.06616071 25.94638262 33.03323699 36.77407032 31.78198888 25.64357165
 24.27231852 24.5564304  26.55376636 35.13558668 24.4617049  34.83310865
 24.62746427 30.2314438  32.58846091 24.26815091 37.94553861 36.27550535
 39.7340365  35.27186052 25.47919993 33.25391786 35.46529488 35.25433517
 24.50650792 28.55133621 39.06461383 29.60990113 32.94992448 27.97280454
 30.86461623 31.77812066 33.53658923 28.57321384 24.99172127 47.14603955
 28.93080059 26.81197171 26.86316959 36.1553417  20.56940833 36.27170273
 26.72977233 28.48439227 29.6625243  33.68425058 24.71027771 29.24958136
 31.67447936 32.0145331  28.05126471 27.25094171 45.51497213 28.89872693
 29.80028365 24.94551932 30.67862542 27.50517716 26.66175797 25.90429915
 34.8634632  22.54000217 23.87424621 34.03603862 26.88121319 33.88732344
 30.85686515 34.90470058 31.12436832 33.07588372 24.78374451 32.0566527
 37.37551155 29.51272506 30.2874695  31.98895853 39.17531877 35.66056056
 27.94414043 32.93497604 21.68102035 19.43178348 30.10569018 25.17780771
 38.22193705 25.87788158 34.15018304 36.5332104  32.56974862 30.81712975
 34.48585852 31.41685135 36.71844862 32.15821074 33.81419442 34.22643426
 38.36646899 29.16018124 29.35606089 35.51896624 30.94812565 40.82221566
 41.31288355 27.07880473 27.44451806 31.36981056 27.57782391 33.88732344
 35.6021226  26.69146322 25.2717686  30.56398411 28.96394659 33.5434084
 42.92432732 32.27639948 29.16178887 29.56318649 34.32405175 29.7390289
 26.73325167 32.7581178  25.88420434 32.67848572 29.69436023 27.23044569
 33.89481462 35.08338844 39.99928319 37.03160267 35.55258786 36.31653815
 32.28320842 30.14896601 29.26873316 27.92444018 29.84412202 27.24634206
 24.01960514 30.62505992 28.62938495 26.31844275 23.71922243 29.79438213
 28.29756837 33.56773125 33.00397457 25.79376681 24.09230424 42.22430856
 29.94881607 29.97237292 32.76937886 22.20593521 41.79502919 38.01107827
 38.62709303 21.54811771 29.20740854 35.78081824 29.2315887  20.99773224
 22.73994833 30.68323592 24.53382936 41.42588673 35.46614393 29.78937518
 31.51241169 26.20831579 32.12144613 22.99945172 29.72902381 38.67285332
 19.84354526 28.30407541 33.34090616 35.19953198 36.24728714 33.0169898
 32.41228344 38.37039491 33.76780234 43.70341825 28.03804093 33.96211706
 35.06677002 39.5633388  31.92547328 37.87558906 33.8151318  24.64506446
 31.32418502 27.38426692]","[58.00503564 45.67596555 44.64342237 43.82559208 33.71009097 32.15676827
 41.42154761 34.59517682 44.04431598 49.03209376 42.37598518 34.19142886
 32.36309136 32.7419072  35.40502181 46.84744891 32.61560653 46.44414487
 32.83661902 40.30859174 43.45128122 32.35753455 50.59405147 48.36734047
 52.97871533 47.02914736 33.97226657 44.33855715 47.28705984 47.00578022
 32.67534389 38.06844828 52.08615177 39.47986818 43.93323264 37.29707271
 41.15282164 42.37082755 44.71545231 38.09761845 33.32229503 62.86138607
 38.57440079 35.74929561 35.81755945 48.20712227 27.42587778 48.36227031
 35.63969644 37.9791897  39.5500324  44.91233411 32.94703695 38.99944181
 42.23263914 42.68604413 37.40168627 36.33458895 60.68662951 38.53163591
 39.73371154 33.26069242 40.9048339  36.67356955 35.54901062 34.53906553
 46.4846176  30.05333623 31.83232827 45.38138483 35.84161758 45.18309792
 41.14248687 46.53960078 41.49915777 44.10117829 33.04499268 42.7422036
 49.8340154  39.35030008 40.38329267 42.65194471 52.23375836 47.54741408
 37.2588539  43.91330138 28.90802714 25.90904464 40.14092024 33.57041028
 50.96258273 34.5038421  45.53357739 48.7109472  43.42633149 41.08950633
 45.9811447  41.88913514 48.95793149 42.87761432 45.08559256 45.63524569
 51.15529199 38.88024165 39.14141451 47.35862165 41.26416753 54.42962088
 55.08384474 36.10507298 36.59269075 41.82641409 36.77043188 45.18309792
 47.4694968  35.58861763 33.69569147 40.75197882 38.61859546 44.72454453
 57.23243642 43.03519931 38.88238516 39.41758199 45.76540234 39.65203853
 35.64433556 43.6774904  34.51227245 43.57131429 39.5924803  36.30726093
 45.19308617 46.77785125 53.33237758 49.37547023 47.40345048 48.42205087
 43.04427789 40.19862134 39.02497755 37.23258691 39.7921627  36.32845608
 32.02614018 40.83341323 38.17251327 35.091257   31.62562991 39.72584284
 37.73009116 44.756975   44.00529943 34.39168908 32.12307232 56.29907808
 39.93175476 39.96316389 43.69250515 29.60791361 55.72670559 50.6814377
 51.50279071 28.73082361 38.94321138 47.70775766 38.97545159 27.99697631
 30.31993111 40.91098123 32.71177247 55.23451564 47.28819191 39.71916691
 42.01654892 34.94442106 42.82859484 30.66593562 39.63869842 51.56380442
 26.45806035 37.73876721 44.45454154 46.93270931 48.32971619 44.02265307
 43.21637792 51.16052655 45.02373645 58.27122433 37.38405458 45.28282274
 46.75569336 52.75111841 42.56729771 50.50078542 45.0868424  32.86008594
 41.76558002 36.5123559 ]","[32.31776468  4.44894351 21.41618325 29.47443494 41.37993404 32.00628661
 14.177169   24.8877447  27.95134981 30.66429361 50.40891252  6.99579011
 36.81573213  6.76326299 29.68067126 40.4939705  36.5988669  43.11435381
 36.42426636 30.39857748  8.77574818 15.05027655 16.49761103 47.02607057
 19.53525256 44.65033169 19.30236081 44.10550289 19.77869107 38.12947065
 35.99752773 23.09013632 51.81563527 28.40140186  1.32507122  6.09844023
  2.71267032 28.14968537 44.40833946 22.3750746  59.94984137 20.88459395
  5.91853185  4.93224364 49.77946161 54.35445806 12.21343295 34.24676499
 14.57882598 48.24876897 30.46440285 33.16096696 58.33831833 38.48118931
 54.99321857 20.78538279 51.24742621 56.52222308 11.73212887 13.01167756
 58.83224278 59.73665834 17.66882636 34.71378842 26.5527988  50.71964946
 18.62215231 23.79247302 36.71818981 28.77525886  7.98057474 17.82831175
 36.61400439 52.91476271 42.63141898 57.92274076 45.8778666  38.16594542
 27.20951712 59.60886023 39.92264287 33.75688528 58.39759339 18.72515018
 13.22422797 19.50305352 41.80611243 11.52560905 53.91436928 51.86384347
 35.64890279  3.02422958 33.0612401  52.32904917 15.19233426 40.13122634
 21.12698456 29.09611282  0.88288537 34.90191436 59.04762881 29.75425073
 12.36075888 26.87440673 22.43489832 24.36372472 55.41559633 57.02971538
 52.64231492 13.80828918  4.29942228 33.2511127  48.41653393 13.17789125
 30.50997194 50.85829632  7.00488734 32.72536665 43.12641309 30.06798679
 16.20399279 46.2847331  19.31665358 44.97218124 25.90228674 35.37797393
 16.58871165 35.28939026  5.66067932 25.74866202 47.18264548 50.67638236
 57.4528555  56.04999438 33.54319462 53.99907581 48.94036799 20.02705285
 29.29169018 32.67149766  5.82791103 25.24015939 51.12295749 53.50514423
 17.53498016 24.07454516 16.52426315  9.58892163 52.59884834 41.33199291
 22.77047357 43.21898665 18.44034787 43.86292695 58.00338257 38.40600751
  4.1276496  13.94579776 10.94609308  9.74361075 17.76098716 15.47616747
 23.17770902 45.91248211 33.54780908 15.11613352 32.7869325   1.31114812
 11.77163509 19.72083408 55.42206447 42.4163283  48.30169674 27.6359772
 39.69751676 32.483013   37.70701284 38.94813425 51.69150326 36.50417294
 13.5775731  48.4716083  57.04057816 45.20694733 53.36534401 25.56675594
  5.79883537 33.89750878 48.95242938 10.84272475 31.46452487 14.89854335
 35.12517936  5.81502083 20.81656648 38.04624714 15.66474782 26.54181142
 45.51502338 43.59465805]","[1.5 1.5 1.5 1.5 1.5 1.5 1.5 1.5 1.5 1.5 1.5 1.5 1.5 1.5 1.5 1.5 1.5 1.5
 1.5 1.5 1.5 1.5 1.5 1.5 1.5 1.5 1.5 1.5 1.5 1.5 1.5 1.5 1.5 1.5 1.5 1.5
 1.5 1.5 1.5 1.5 1.5 1.5 1.5 1.5 1.5 1.5 1.5 1.5 1.5 1.5 1.5 1.5 1.5 1.5
 1.5 1.5 1.5 1.5 1.5 1.5 1.5 1.5 1.5 1.5 1.5 1.5 1.5 1.5 1.5 1.5 1.5 1.5
 1.5 1.5 1.5 1.5 1.5 1.5 1.5 1.5 1.5 1.5 1.5 1.5 1.5 1.5 1.5 1.5 1.5 1.5
 1.5 1.5 1.5 1.5 1.5 1.5 1.5 1.5 1.5 1.5 1.5 1.5 1.5 1.5 1.5 1.5 1.5 1.5
 1.5 1.5 1.5 1.5 1.5 1.5 1.5 1.5 1.5 1.5 1.5 1.5 1.5 1.5 1.5 1.5 1.5 1.5
 1.5 1.5 1.5 1.5 1.5 1.5 1.5 1.5 1.5 1.5 1.5 1.5 1.5 1.5 1.5 1.5 1.5 1.5
 1.5 1.5 1.5 1.5 1.5 1.5 1.5 1.5 1.5 1.5 1.5 1.5 1.5 1.5 1.5 1.5 1.5 1.5
 1.5 1.5 1.5 1.5 1.5 1.5 1.5 1.5 1.5 1.5 1.5 1.5 1.5 1.5 1.5 1.5 1.5 1.5
 1.5 1.5 1.5 1.5 1.5 1.5 1.5 1.5 1.5 1.5 1.5 1.5 1.5 1.5 1.5 1.5 1.5 1.5
 1.5 1.5]",21,15,3.1531531531531556,18.0,3.0,0.5335131197258816,0.020832460290909793,0.15887857989481405,0.1568607058672317,-3740.5318510880247,3872.218344457073,4427.5240864129255,32.0,345.0,0.006968847702868593,4.631780159299592,4.174917107879808,4.956822487932742,OF1,GC,68.42105263157895,58.333333333333336,45.0,36.36363636363637,"[1.0, 1.0, 1.0, 1.0, 1.0, 1.0, 1.0, 1.0, 1.0, 1.0, 1.0, 0.0, 0.0, 0.0, 0.0, 0.0, 0.0, 1.0, 1.0, 1.0, 1.0, 0.0, 0.0, 0.0, 0.0, 0.0, 0.0, 0.0, 0.0, 0.0, 0.0, 0.0, 0.0, 0.0, 0.0, 0.0, 0.0, 1.0, 1.0, 1.0, 1.0, 1.0, 1.0, 1.0, 1.0, 1.0, 1.0, 1.0, 1.0, 1.0, 1.0, 0.0, 0.0, 0.0, 0.0, 0.0, 0.0, 0.0, 0.0, 0.0, 0.0, 0.0, 0.0, 1.0, 1.0, 0.0, 0.0, 0.0, 0.0, 0.0, 0.0, 0.0, 0.0, 0.0, 0.0, 0.0, 0.0, 0.0, 0.0, 0.0, 0.0, 0.0, 0.0, 0.0]",GC,False
92,ENTm2,-0.16744395101381374,33.30336322981646,44.40448430642195,23.92793011586755,1.5,3,False,,,,,,21,15,3.1531531531531556,-43.0,-28.0,-0.16744395101381374,-0.3593632693513442,0.09134107122662134,0.10076766995470483,-3741.940490594492,3767.6912111317138,4417.67045086439,0.0,450.0,0.018903627747196828,4.4301420719166416,4.464259659951809,3.9908975320256337,OF2,GC,55.0,51.724137931034484,57.89473684210526,25.0,"[0.0, 0.0, 0.0, 0.0, 0.0, 0.0, 0.0, 0.0, 0.0, 0.0, 0.0, 1.0, 1.0, 1.0, 1.0, 1.0, 1.0, 1.0, 1.0, 1.0, 1.0, 1.0, 1.0, 1.0, 1.0, 1.0, 1.0, 1.0, 1.0, 1.0, 1.0, 1.0, 1.0, 1.0, 1.0, 1.0, 1.0, 1.0, 1.0, 1.0, 1.0, 1.0, 1.0, 0.0, 0.0, 0.0, 0.0, 0.0, 0.0, 0.0, 0.0, 0.0, 0.0, 0.0, 0.0, 0.0, 0.0, 0.0, 0.0, 1.0, 1.0, 0.0, 0.0, 1.0, 1.0, 1.0, 1.0, 1.0, 1.0, 0.0, 0.0, 0.0, 0.0, 0.0, 0.0, 1.0, 1.0, 1.0, 1.0, 1.0, 1.0, 1.0, 1.0, 1.0]",GC,False
223,ENTm3,0.43253967555466605,60.948865914534196,81.26515455271226,58.87947317424071,1.5,3,True,,,,,,21,15,3.1531531531531556,-17.0,15.0,0.43253967555466605,0.2557152766834301,0.10026861555495031,0.10606979694660693,-3606.058903905951,3945.929817950168,4160.7017212791925,282.0,465.0,0.04605909409306828,3.995971640487388,4.6368787961311275,3.1627238061731324,OF1,GC,62.5,40.625,28.571428571428573,46.15384615384615,"[1.0, 1.0, 1.0, 1.0, 1.0, 1.0, 1.0, 1.0, 1.0, 1.0, 1.0, 1.0, 1.0, 1.0, 1.0, 1.0, 1.0, 1.0, 1.0, 0.0, 0.0, 0.0, 0.0, 0.0, 0.0, 0.0, 0.0, 1.0, 1.0, 1.0, 1.0, 1.0, 1.0, 1.0, 1.0, 1.0, 1.0, 1.0, 1.0, 1.0, 1.0, 1.0, 1.0, 0.0, 0.0, 0.0, 0.0, 0.0, 0.0, 1.0, 1.0, 0.0, 0.0, 0.0, 0.0, 0.0, 0.0, 1.0, 1.0, 1.0, 1.0, 1.0, 1.0, 1.0, 1.0, 1.0, 1.0, 1.0, 1.0, 1.0, 1.0, 1.0, 1.0, 1.0, 1.0, 1.0, 1.0, 1.0, 1.0, 1.0, 1.0, 1.0, 1.0, 1.0]",GC,False
230,ENTm3,-0.28732777868385384,28.429801942929053,37.90640259057207,56.73806390913719,1.5,3,False,,,,,,21,15,3.1531531531531556,7.0,-30.0,-0.28732777868385384,-0.2503757853300749,0.049084298385866316,0.05145955509339143,-3606.067318112269,3930.964138801821,4159.687632116526,282.0,480.0,0.06866268773172422,10.926190161932286,13.061514637568449,8.162315829243797,OF2,GC,43.75,35.294117647058826,65.21739130434783,46.42857142857143,"[0.0, 0.0, 0.0, 0.0, 0.0, 0.0, 0.0, 0.0, 0.0, 0.0, 0.0, 0.0, 0.0, 0.0, 0.0, 0.0, 0.0, 0.0, 0.0, 0.0, 0.0, 0.0, 0.0, 1.0, 1.0, 1.0, 1.0, 1.0, 1.0, 1.0, 1.0, 1.0, 1.0, 1.0, 1.0, 1.0, 1.0, 1.0, 1.0, 1.0, 1.0, 1.0, 1.0, 0.0, 0.0, 0.0, 0.0, 0.0, 0.0, 0.0, 0.0, 0.0, 0.0, 0.0, 0.0, 0.0, 0.0, 0.0, 0.0, 0.0, 0.0, 0.0, 0.0, 0.0, 0.0, 0.0, 0.0, 0.0, 0.0, 1.0, 1.0, 0.0, 0.0, 1.0, 1.0, 1.0, 1.0, 1.0, 1.0, 1.0, 1.0, 1.0, 1.0, 1.0]",GC,False
282,ENTm5,0.6482966885557013,35.80714441704365,47.74285922272487,41.73113148590588,1.5,3,True,,,,,,21,15,3.1531531531531556,-8.0,5.0,0.6482966885557013,0.3124510598103021,0.13229535252857894,0.13463570687484133,-3487.633536650198,4177.597741248048,3978.9211900945024,500.0,255.0,0.07084516592242734,2.731665457493237,2.867121652349827,1.8724169214277537,OF1,GC,57.69230769230769,30.0,53.84615384615385,45.714285714285715,"[1.0, 1.0, 1.0, 1.0, 1.0, 1.0, 1.0, 1.0, 1.0, 1.0, 1.0, 1.0, 1.0, 1.0, 1.0, 0.0, 0.0, 0.0, 0.0, 0.0, 0.0, 0.0, 0.0, 0.0, 0.0, 0.0, 0.0, 0.0, 0.0, 0.0, 0.0, 0.0, 0.0, 0.0, 0.0, 0.0, 0.0, 0.0, 0.0, 1.0, 1.0, 1.0, 1.0, 1.0, 1.0, 1.0, 1.0, 0.0, 0.0, 0.0, 0.0, 0.0, 0.0, 0.0, 0.0, 0.0, 0.0, 0.0, 0.0, 0.0, 0.0, 1.0, 1.0, 0.0, 0.0, 0.0, 0.0, 0.0, 0.0, 0.0, 0.0, 0.0, 0.0, 1.0, 1.0, 1.0, 1.0, 1.0, 1.0, 1.0, 1.0, 1.0, 1.0, 1.0]",GC,False
299,ENTm5,-0.19091088783932897,33.30929108406028,44.41238811208037,14.590005408251121,1.5,3,False,,,,,,21,15,3.1531531531531556,10.0,21.0,-0.19091088783932897,-0.11821790841432787,0.38601289220577945,0.3477487304074008,-3486.6122073770616,4102.754511760578,3974.183270044355,532.0,330.0,0.034211830039370096,1.8583720802077797,1.2321718339657084,2.332328286287493,OF2,GC,20.0,66.66666666666667,61.76470588235294,30.0,"[0.0, 0.0, 0.0, 0.0, 0.0, 0.0, 0.0, 0.0, 0.0, 0.0, 0.0, 0.0, 0.0, 0.0, 0.0, 0.0, 0.0, 0.0, 0.0, 1.0, 1.0, 1.0, 1.0, 1.0, 1.0, 0.0, 0.0, 0.0, 0.0, 0.0, 0.0, 0.0, 0.0, 0.0, 0.0, 0.0, 0.0, 0.0, 0.0, 0.0, 0.0, 0.0, 0.0, 0.0, 0.0, 0.0, 0.0, 1.0, 1.0, 1.0, 1.0, 1.0, 1.0, 0.0, 0.0, 0.0, 0.0, 0.0, 0.0, 1.0, 1.0, 1.0, 1.0, 1.0, 1.0, 1.0, 1.0, 0.0, 0.0, 0.0, 0.0, 0.0, 0.0, 0.0, 0.0, 0.0, 0.0, 0.0, 0.0, 0.0, 0.0, 0.0, 0.0, 0.0]",GC,False
363,ENTm6,0.23298651966016246,55.614987517048,74.15331668939734,20.212291400623368,1.5,3,True,,,,,,21,15,3.1531531531531556,0.0,-11.0,0.23298651966016246,-0.2735606139528984,0.24012415669580386,0.2868946761985214,-3481.9140927206336,3758.475656118211,3952.3888378136767,532.0,675.0,0.06648818760315327,3.58609211315222,4.1880690420649,3.6209688255080175,OF1,GC,41.1764705882353,35.0,68.18181818181819,48.0,"[0.0, 0.0, 0.0, 0.0, 0.0, 0.0, 0.0, 0.0, 0.0, 0.0, 0.0, 0.0, 0.0, 0.0, 0.0, 0.0, 0.0, 0.0, 0.0, 0.0, 0.0, 0.0, 0.0, 0.0, 0.0, 0.0, 0.0, 0.0, 0.0, 0.0, 0.0, 1.0, 1.0, 1.0, 1.0, 1.0, 1.0, 1.0, 1.0, 0.0, 0.0, 0.0, 0.0, 1.0, 1.0, 0.0, 0.0, 0.0, 0.0, 0.0, 0.0, 0.0, 0.0, 0.0, 0.0, 1.0, 1.0, 1.0, 1.0, 1.0, 1.0, 0.0, 0.0, 1.0, 1.0, 1.0, 1.0, 1.0, 1.0, 1.0, 1.0, 1.0, 1.0, 1.0, 1.0, 1.0, 1.0, 1.0, 1.0, 1.0, 1.0, 1.0, 1.0, 1.0]",GC,False
2,ENTm2,-0.35675774013304157,30.09263671829006,40.12351562438675,26.661609825591807,1.5,3,False,,,,,,21,15,3.1531531531531556,-33.0,41.0,-0.35675774013304157,-0.38591262122502024,0.05091984891727605,0.049691879999243044,-3739.928148442396,3917.0156873108,4431.747073076584,32.0,300.0,0.06529863945541392,4.930110195018227,5.914260403858086,2.9283245356769854,OF1,NG,,,56.41025641025641,42.22222222222222,"[0.0, 0.0, 0.0, 0.0, 0.0, 0.0, 0.0, 0.0, 0.0, 0.0, 0.0, 0.0, 0.0, 0.0, 0.0, 0.0, 0.0, 0.0, 0.0, 0.0, 0.0, 0.0, 0.0, 0.0, 0.0, 0.0, 0.0, 0.0, 0.0, 0.0, 0.0, 0.0, 0.0, 0.0, 0.0, 0.0, 0.0, 0.0, 0.0, 0.0, 0.0, 0.0, 0.0, 0.0, 0.0, 0.0, 0.0, 0.0, 0.0, 0.0, 0.0, 0.0, 0.0, 0.0, 0.0, 0.0, 0.0, 0.0, 0.0, 0.0, 0.0, 0.0, 0.0, 0.0, 0.0, 0.0, 0.0, 0.0, 0.0, 0.0, 0.0, 0.0, 0.0, 0.0, 0.0, 0.0, 0.0, 0.0, 0.0, 0.0, 0.0, 0.0, 0.0, 0.0]",NGS-nonramp,False
3,ENTm1,-0.015026053366482092,30.199666007912892,40.266221343883856,4.943360733620353,1.5,3,False,,,,,,21,15,3.1531531531531556,7.0,19.0,-0.015026053366482092,-0.42609523553952194,0.04450900350518961,0.044170095291319184,-3736.507166783832,4170.867296815242,4455.677330837314,0.0,45.0,0.042067604450257076,9.899368837411387,5.047054743528652,13.48351253861131,OF2,NG,53.57142857142857,38.46153846153846,63.63636363636363,47.36842105263158,"[1.0, 1.0, 1.0, 1.0, 1.0, 1.0, 1.0, 1.0, 1.0, 1.0, 1.0, 1.0, 1.0, 1.0, 1.0, 1.0, 1.0, 0.0, 0.0, 0.0, 0.0, 1.0, 1.0, 1.0, 1.0, 1.0, 1.0, 0.0, 0.0, 0.0, 0.0, 0.0, 0.0, 0.0, 0.0, 0.0, 0.0, 0.0, 0.0, 0.0, 0.0, 1.0, 1.0, 1.0, 1.0, 1.0, 1.0, 1.0, 1.0, 1.0, 1.0, 1.0, 1.0, 1.0, 1.0, 1.0, 1.0, 1.0, 1.0, 0.0, 0.0, 0.0, 0.0, 1.0, 1.0, 0.0, 0.0, 0.0, 0.0, 0.0, 0.0, 0.0, 0.0, 1.0, 1.0, 1.0, 1.0, 1.0, 1.0, 1.0, 1.0, 1.0, 1.0, 1.0]",NGS-nonramp,False
4,ENTm1,-0.6258473236347905,36.2440180467651,48.325357395686794,40.318951780230876,1.5,3,False,,,,,,21,15,3.1531531531531556,8.0,-35.0,-0.6258473236347905,-0.5905204808217083,0.42571950983784895,0.4741180982958422,-3736.507166783832,4170.867296815242,4455.677330837314,32.0,45.0,0.029973985019523825,0.7853272877020184,0.766922162168116,0.7448564496097947,OF1,NG,100.0,0.0,54.054054054054056,46.34146341463415,"[0.0, 0.0, 0.0, 0.0, 0.0, 0.0, 0.0, 0.0, 0.0, 0.0, 0.0, 0.0, 0.0, 0.0, 0.0, 0.0, 0.0, 0.0, 0.0, 0.0, 0.0, 0.0, 0.0, 1.0, 1.0, 0.0, 0.0, 0.0, 0.0, 0.0, 0.0, 1.0, 1.0, 1.0, 1.0, 0.0, 0.0, 0.0, 0.0, 0.0, 0.0, 0.0, 0.0, 0.0, 0.0, 0.0, 0.0, 0.0, 0.0, 0.0, 0.0, 0.0, 0.0, 0.0, 0.0, 0.0, 0.0, 0.0, 0.0, 0.0, 0.0, 0.0, 0.0, 0.0, 0.0, 0.0, 0.0, 0.0, 0.0, 0.0, 0.0, 0.0, 0.0, 0.0, 0.0, 0.0, 0.0, 0.0, 0.0, 0.0, 0.0, 0.0, 0.0, 0.0]",NGS-nonramp,False
5,ENTm1,0.011685533728702832,30.3716270833325,40.495502777776665,22.439987368499096,1.5,3,False,,,,,,21,15,3.1531531531531556,-4.0,26.0,0.011685533728702832,-0.3344428804867875,0.11154958776766363,0.1231655685238656,-3736.507166783832,4170.867296815242,4455.677330837314,32.0,45.0,0.04493805920225289,6.062585160647384,3.880642580488398,7.990126791675538,OF1,NG,,,56.41025641025641,42.22222222222222,"[0.0, 0.0, 0.0, 0.0, 0.0, 0.0, 0.0, 0.0, 0.0, 0.0, 0.0, 0.0, 0.0, 0.0, 0.0, 0.0, 0.0, 0.0, 0.0, 0.0, 0.0, 0.0, 0.0, 0.0, 0.0, 0.0, 0.0, 0.0, 0.0, 0.0, 0.0, 0.0, 0.0, 0.0, 0.0, 0.0, 0.0, 0.0, 0.0, 0.0, 0.0, 0.0, 0.0, 0.0, 0.0, 0.0, 0.0, 0.0, 0.0, 0.0, 0.0, 0.0, 0.0, 0.0, 0.0, 0.0, 0.0, 0.0, 0.0, 0.0, 0.0, 0.0, 0.0, 0.0, 0.0, 0.0, 0.0, 0.0, 0.0, 0.0, 0.0, 0.0, 0.0, 0.0, 0.0, 0.0, 0.0, 0.0, 0.0, 0.0, 0.0, 0.0, 0.0, 0.0]",NGS-nonramp,False
9,ENTm1,-0.6808717348858322,43.872437265892685,58.49658302119024,4.391867508437022,1.5,3,False,,,,,,21,15,3.1531531531531556,9.0,41.0,-0.6808717348858322,-0.6166801219900659,0.4863409209737133,0.4613229745568868,-3737.110869429461,4126.069953961517,4451.454344173655,32.0,90.0,0.11349189458836953,2.45526798566538,4.186425050291763,0.9142682446366308,OF1,NG,77.77777777777777,46.666666666666664,50.0,40.0,"[0.0, 0.0, 0.0, 0.0, 0.0, 0.0, 0.0, 0.0, 0.0, 1.0, 1.0, 1.0, 1.0, 1.0, 1.0, 1.0, 1.0, 1.0, 1.0, 1.0, 1.0, 1.0, 1.0, 1.0, 1.0, 0.0, 0.0, 0.0, 0.0, 0.0, 0.0, 0.0, 0.0, 0.0, 0.0, 0.0, 0.0, 0.0, 0.0, 0.0, 0.0, 1.0, 1.0, 1.0, 1.0, 0.0, 0.0, 0.0, 0.0, 0.0, 0.0, 0.0, 0.0, 0.0, 0.0, 0.0, 0.0, 0.0, 0.0, 0.0, 0.0, 0.0, 0.0, 0.0, 0.0, 1.0, 1.0, 1.0, 1.0, 0.0, 0.0, 0.0, 0.0, 0.0, 0.0, 0.0, 0.0, 0.0, 0.0, 0.0, 0.0, 0.0, 0.0, 0.0]",NGS-nonramp,False
16,ENTm1,-0.015767894297516925,27.769646964503522,37.02619595267136,1.4301081509453815,1.5,3,False,,,,,,21,15,3.1531531531531556,-34.0,36.0,-0.015767894297516925,-0.4335467673206946,0.2673511162752903,0.2663579321529442,-3737.312103644671,4111.137506343609,4450.046681952436,0.0,105.0,-0.014015453297190754,0.8883867545866376,0.9428292818937074,0.665982761433366,OF2,NG,50.0,25.0,56.75675675675676,43.90243902439025,"[0.0, 0.0, 0.0, 0.0, 0.0, 0.0, 0.0, 0.0, 0.0, 0.0, 0.0, 0.0, 0.0, 0.0, 0.0, 0.0, 0.0, 0.0, 0.0, 0.0, 0.0, 0.0, 0.0, 0.0, 0.0, 0.0, 0.0, 1.0, 1.0, 0.0, 0.0, 0.0, 0.0, 0.0, 0.0, 0.0, 0.0, 0.0, 0.0, 0.0, 0.0, 0.0, 0.0, 0.0, 0.0, 0.0, 0.0, 0.0, 0.0, 0.0, 0.0, 0.0, 0.0, 0.0, 0.0, 0.0, 0.0, 0.0, 0.0, 0.0, 0.0, 0.0, 0.0, 0.0, 0.0, 0.0, 0.0, 0.0, 0.0, 0.0, 0.0, 1.0, 1.0, 1.0, 1.0, 0.0, 0.0, 0.0, 0.0, 0.0, 0.0, 0.0, 0.0, 0.0]",NGS-nonramp,False
17,ENTm1,-0.2831579651763674,28.398660214387714,37.86488028585028,17.893266247157527,1.5,3,False,,,,,,21,15,3.1531531531531556,5.0,-50.0,-0.2831579651763674,-0.2606288105547057,0.176388545262678,0.1654805277512263,-3737.110869429461,4126.069953961517,4451.454344173655,32.0,90.0,0.02292489175127184,3.0057045891177854,3.028232846117191,3.0944036396541135,OF1,NG,78.57142857142857,54.54545454545455,44.0,38.23529411764706,"[1.0, 1.0, 1.0, 1.0, 1.0, 1.0, 1.0, 1.0, 1.0, 1.0, 1.0, 1.0, 1.0, 1.0, 1.0, 1.0, 1.0, 1.0, 1.0, 0.0, 0.0, 0.0, 0.0, 0.0, 0.0, 0.0, 0.0, 0.0, 0.0, 0.0, 0.0, 0.0, 0.0, 0.0, 0.0, 0.0, 0.0, 0.0, 0.0, 0.0, 0.0, 1.0, 1.0, 0.0, 0.0, 0.0, 0.0, 0.0, 0.0, 0.0, 0.0, 0.0, 0.0, 0.0, 0.0, 0.0, 0.0, 0.0, 0.0, 0.0, 0.0, 1.0, 1.0, 1.0, 1.0, 0.0, 0.0, 0.0, 0.0, 0.0, 0.0, 0.0, 0.0, 0.0, 0.0, 0.0, 0.0, 0.0, 0.0, 0.0, 0.0, 0.0, 0.0, 0.0]",NGS-nonramp,False
18,ENTm1,-0.6551358562677096,32.30660311058669,43.07547081411559,35.85403322094785,1.5,3,False,,,,,,21,15,3.1531531531531556,-2.0,-30.0,-0.6551358562677096,-0.7340546910864365,0.025056238354025276,0.026936013507538156,-3737.312103644671,4111.137506343609,4450.046681952436,0.0,105.0,0.03234802184958617,35.05318961188874,36.378249955961564,34.01677754437214,OF1,NG,87.5,66.66666666666667,48.38709677419355,40.476190476190474,"[1.0, 1.0, 1.0, 1.0, 1.0, 1.0, 1.0, 1.0, 1.0, 0.0, 0.0, 0.0, 0.0, 0.0, 0.0, 0.0, 0.0, 0.0, 0.0, 0.0, 0.0, 0.0, 0.0, 0.0, 0.0, 0.0, 0.0, 0.0, 0.0, 0.0, 0.0, 0.0, 0.0, 0.0, 0.0, 1.0, 1.0, 0.0, 0.0, 0.0, 0.0, 0.0, 0.0, 0.0, 0.0, 0.0, 0.0, 0.0, 0.0, 0.0, 0.0, 0.0, 0.0, 0.0, 0.0, 0.0, 0.0, 0.0, 0.0, 0.0, 0.0, 0.0, 0.0, 0.0, 0.0, 0.0, 0.0, 0.0, 0.0, 0.0, 0.0, 0.0, 0.0, 0.0, 0.0, 0.0, 0.0, 0.0, 0.0, 0.0, 0.0, 0.0, 0.0, 0.0]",NGS-nonramp,False
24,ENTm1,-0.2822292353676875,30.47399702918559,40.63199603891412,6.014028323198481,1.5,3,False,,,,,,21,15,3.1531531531531556,2.0,19.0,-0.2822292353676875,-0.11232441627886197,0.47050750860950363,0.4239110197517464,-3738.1170405055095,4051.407715871975,4444.416033067559,0.0,165.0,0.03446105006142939,1.1598317119875456,1.2642296735418674,1.1092306710445636,OF1,NG,90.9090909090909,41.666666666666664,42.857142857142854,42.42424242424242,"[1.0, 1.0, 1.0, 1.0, 1.0, 1.0, 1.0, 1.0, 1.0, 1.0, 1.0, 1.0, 1.0, 1.0, 1.0, 0.0, 0.0, 0.0, 0.0, 0.0, 0.0, 0.0, 0.0, 0.0, 0.0, 0.0, 0.0, 0.0, 0.0, 0.0, 0.0, 0.0, 0.0, 0.0, 0.0, 0.0, 0.0, 0.0, 0.0, 0.0, 0.0, 0.0, 0.0, 0.0, 0.0, 0.0, 0.0, 0.0, 0.0, 0.0, 0.0, 0.0, 0.0, 0.0, 0.0, 0.0, 0.0, 0.0, 0.0, 0.0, 0.0, 0.0, 0.0, 1.0, 1.0, 1.0, 1.0, 1.0, 1.0, 1.0, 1.0, 0.0, 0.0, 0.0, 0.0, 0.0, 0.0, 0.0, 0.0, 0.0, 0.0, 0.0, 0.0, 0.0]",NGS-nonramp,False
26,ENTm1,-0.33699627130457016,21.762945200190877,29.01726026692117,12.907897880772715,1.5,3,False,,,,,,21,15,3.1531531531531556,17.0,-35.0,-0.33699627130457016,-0.6023595288024348,0.07458006669413773,0.0728342416039193,-3737.9158062903,4066.3401634898833,4445.823695288777,0.0,150.0,0.05283898707497022,9.415437427692307,7.537702279830251,12.856966621266157,OF1,NG,68.0,45.0,35.714285714285715,40.0,"[1.0, 1.0, 1.0, 1.0, 1.0, 1.0, 1.0, 1.0, 1.0, 1.0, 1.0, 1.0, 1.0, 1.0, 1.0, 0.0, 0.0, 0.0, 0.0, 0.0, 0.0, 0.0, 0.0, 0.0, 0.0, 1.0, 1.0, 1.0, 1.0, 1.0, 1.0, 1.0, 1.0, 1.0, 1.0, 1.0, 1.0, 1.0, 1.0, 1.0, 1.0, 1.0, 1.0, 1.0, 1.0, 1.0, 1.0, 1.0, 1.0, 1.0, 1.0, 1.0, 1.0, 1.0, 1.0, 0.0, 0.0, 0.0, 0.0, 0.0, 0.0, 0.0, 0.0, 0.0, 0.0, 0.0, 0.0, 0.0, 0.0, 0.0, 0.0, 0.0, 0.0, 0.0, 0.0, 0.0, 0.0, 0.0, 0.0, 0.0, 0.0, 0.0, 0.0, 0.0]",NGS-ramp,False
30,ENTm1,-0.3152705941629259,53.540145924936326,71.38686123324844,4.091912220123398,1.5,3,False,,,,,,21,15,3.1531531531531556,35.0,-41.0,-0.3152705941629259,-0.42184269393552576,0.21287227903835407,0.21202520277634063,-3738.519508935929,4021.542820636158,4441.600708625119,32.0,195.0,0.09129669143117944,3.958002363214107,5.380785073475335,2.4178673565633377,OF1,NG,100.0,55.55555555555556,55.26315789473684,38.888888888888886,"[0.0, 0.0, 0.0, 0.0, 0.0, 0.0, 0.0, 0.0, 0.0, 0.0, 0.0, 0.0, 0.0, 0.0, 0.0, 0.0, 0.0, 0.0, 0.0, 1.0, 1.0, 1.0, 1.0, 1.0, 1.0, 1.0, 1.0, 0.0, 0.0, 0.0, 0.0, 0.0, 0.0, 0.0, 0.0, 1.0, 1.0, 0.0, 0.0, 0.0, 0.0, 0.0, 0.0, 0.0, 0.0, 0.0, 0.0, 0.0, 0.0, 0.0, 0.0, 0.0, 0.0, 0.0, 0.0, 0.0, 0.0, 0.0, 0.0, 0.0, 0.0, 0.0, 0.0, 0.0, 0.0, 0.0, 0.0, 0.0, 0.0, 0.0, 0.0, 0.0, 0.0, 0.0, 0.0, 0.0, 0.0, 0.0, 0.0, 0.0, 0.0, 0.0, 0.0, 0.0]",NGS-nonramp,False
31,ENTm1,-0.18198409706809252,20.71328561635901,27.61771415514534,12.503453374594077,1.5,3,False,,,,,,21,15,3.1531531531531556,7.0,-20.0,-0.18198409706809252,-0.2728948041645313,0.13086685025955783,0.11543764964326637,-3738.519508935929,4021.542820636158,4441.600708625119,32.0,195.0,0.03287817386792292,0.8209382247719899,1.2724496324075494,0.4104764476223999,OF2,NG,80.0,52.63157894736842,52.94117647058823,34.61538461538461,"[0.0, 0.0, 0.0, 0.0, 0.0, 0.0, 0.0, 0.0, 0.0, 0.0, 0.0, 0.0, 0.0, 0.0, 0.0, 1.0, 1.0, 1.0, 1.0, 1.0, 1.0, 1.0, 1.0, 1.0, 1.0, 1.0, 1.0, 0.0, 0.0, 0.0, 0.0, 1.0, 1.0, 0.0, 0.0, 0.0, 0.0, 0.0, 0.0, 0.0, 0.0, 0.0, 0.0, 0.0, 0.0, 0.0, 0.0, 0.0, 0.0, 0.0, 0.0, 0.0, 0.0, 0.0, 0.0, 0.0, 0.0, 0.0, 0.0, 0.0, 0.0, 1.0, 1.0, 1.0, 1.0, 1.0, 1.0, 1.0, 1.0, 1.0, 1.0, 0.0, 0.0, 0.0, 0.0, 0.0, 0.0, 0.0, 0.0, 0.0, 0.0, 0.0, 0.0, 0.0]",NGS-nonramp,False
32,ENTm1,-0.3237972520555122,25.734255114913324,34.31234015321776,45.17341272824595,1.5,3,False,,,,,,21,15,3.1531531531531556,-33.0,11.0,-0.3237972520555122,-0.6639245634134764,0.27577689041388825,0.2683577638160714,-3738.519508935929,4021.542820636158,4441.600708625119,32.0,195.0,0.11573398875829094,2.022512558358111,1.7640031725753236,1.9801739320349871,OF2,NG,65.0,51.61290322580645,47.36842105263158,21.428571428571427,"[1.0, 1.0, 1.0, 1.0, 1.0, 1.0, 1.0, 1.0, 1.0, 0.0, 0.0, 0.0, 0.0, 0.0, 0.0, 1.0, 1.0, 1.0, 1.0, 1.0, 1.0, 1.0, 1.0, 1.0, 1.0, 1.0, 1.0, 1.0, 1.0, 1.0, 1.0, 1.0, 1.0, 1.0, 1.0, 1.0, 1.0, 1.0, 1.0, 1.0, 1.0, 0.0, 0.0, 0.0, 0.0, 0.0, 0.0, 0.0, 0.0, 0.0, 0.0, 1.0, 1.0, 1.0, 1.0, 1.0, 1.0, 1.0, 1.0, 1.0, 1.0, 1.0, 1.0, 1.0, 1.0, 1.0, 1.0, 0.0, 0.0, 0.0, 0.0, 0.0, 0.0, 0.0, 0.0, 0.0, 0.0, 0.0, 0.0, 0.0, 0.0, 0.0, 0.0, 0.0]",NGS-nonramp,False
33,ENTm1,-0.33166238246153446,24.764220497830394,33.01896066377386,17.573160599427975,1.5,3,False,,,,,,21,15,3.1531531531531556,-1.0,-33.0,-0.33166238246153446,-0.5929692430455824,0.3286461452493138,0.32742149059967507,-3738.318274720719,4036.4752682540666,4443.008370846339,32.0,180.0,0.05795327888245511,1.2081776861553877,1.8930565267665285,0.8226192407696539,OF1,NG,60.0,55.55555555555556,55.88235294117647,38.888888888888886,"[0.0, 0.0, 0.0, 0.0, 0.0, 0.0, 0.0, 0.0, 0.0, 0.0, 0.0, 0.0, 0.0, 0.0, 0.0, 0.0, 0.0, 0.0, 0.0, 0.0, 0.0, 0.0, 0.0, 0.0, 0.0, 1.0, 1.0, 1.0, 1.0, 1.0, 1.0, 1.0, 1.0, 1.0, 1.0, 1.0, 1.0, 1.0, 1.0, 0.0, 0.0, 0.0, 0.0, 0.0, 0.0, 0.0, 0.0, 0.0, 0.0, 0.0, 0.0, 0.0, 0.0, 0.0, 0.0, 0.0, 0.0, 0.0, 0.0, 0.0, 0.0, 0.0, 0.0, 0.0, 0.0, 0.0, 0.0, 0.0, 0.0, 0.0, 0.0, 0.0, 0.0, 0.0, 0.0, 0.0, 0.0, 0.0, 0.0, 0.0, 0.0, 0.0, 0.0, 0.0]",NGS-ramp,False
34,ENTm1,-0.0079077858344542,37.52304347283348,50.03072463044464,59.40933380315663,1.5,3,False,,,,,,21,15,3.1531531531531556,-1.0,40.0,-0.0079077858344542,-0.24443731407663133,0.02295121150662298,0.025969568221707182,-3738.519508935929,4021.542820636158,4441.600708625119,0.0,195.0,0.04929180804288062,16.72416955176836,19.03249275759974,13.258000444247717,OF2,NG,57.57575757575758,36.36363636363637,50.0,58.333333333333336,"[1.0, 1.0, 1.0, 1.0, 1.0, 1.0, 1.0, 1.0, 1.0, 1.0, 1.0, 1.0, 1.0, 1.0, 1.0, 1.0, 1.0, 1.0, 1.0, 1.0, 1.0, 1.0, 1.0, 1.0, 1.0, 1.0, 1.0, 1.0, 1.0, 1.0, 1.0, 1.0, 1.0, 1.0, 1.0, 0.0, 0.0, 1.0, 1.0, 1.0, 1.0, 1.0, 1.0, 1.0, 1.0, 1.0, 1.0, 1.0, 1.0, 1.0, 1.0, 1.0, 1.0, 1.0, 1.0, 1.0, 1.0, 1.0, 1.0, 0.0, 0.0, 0.0, 0.0, 0.0, 0.0, 0.0, 0.0, 0.0, 0.0, 0.0, 0.0, 0.0, 0.0, 0.0, 0.0, 1.0, 1.0, 1.0, 1.0, 1.0, 1.0, 1.0, 1.0, 1.0]",NGS-nonramp,False
36,ENTm1,-0.682886893840247,34.54984253394846,46.066456711931274,31.72652237814332,1.5,3,False,,,,,,21,15,3.1531531531531556,33.0,30.0,-0.682886893840247,-0.5818368777445335,0.05117677454854648,0.051016263463131484,-3738.921977366348,3991.677925400341,4438.785384182681,32.0,225.0,0.02189220949744606,6.956396097701633,7.70538944069016,6.519299141737628,OF1,NG,50.0,42.857142857142854,64.70588235294117,41.666666666666664,"[0.0, 0.0, 0.0, 0.0, 0.0, 0.0, 0.0, 0.0, 0.0, 0.0, 0.0, 0.0, 0.0, 1.0, 1.0, 1.0, 1.0, 1.0, 1.0, 1.0, 1.0, 1.0, 1.0, 0.0, 0.0, 0.0, 0.0, 1.0, 1.0, 1.0, 1.0, 0.0, 0.0, 1.0, 1.0, 1.0, 1.0, 1.0, 1.0, 1.0, 1.0, 1.0, 1.0, 1.0, 1.0, 1.0, 1.0, 0.0, 0.0, 0.0, 0.0, 0.0, 0.0, 0.0, 0.0, 0.0, 0.0, 0.0, 0.0, 0.0, 0.0, 0.0, 0.0, 0.0, 0.0, 0.0, 0.0, 0.0, 0.0, 1.0, 1.0, 1.0, 1.0, 1.0, 1.0, 1.0, 1.0, 1.0, 1.0, 1.0, 1.0, 1.0, 1.0, 1.0]",NGS-nonramp,False
37,ENTm1,-0.2826617717875472,42.18813477293775,56.250846363917006,41.250662885501875,1.5,3,False,,,,,,21,15,3.1531531531531556,10.0,-37.0,-0.2826617717875472,-0.4673184850932392,0.5795805035472112,0.6053513156564492,-3738.7207431511374,4006.6103730182494,4440.193046403901,32.0,210.0,0.15628416999818034,5.277965375006358,7.3313813123016365,3.03385975225108,OF1,NG,,,56.41025641025641,42.22222222222222,"[0.0, 0.0, 0.0, 0.0, 0.0, 0.0, 0.0, 0.0, 0.0, 0.0, 0.0, 0.0, 0.0, 0.0, 0.0, 0.0, 0.0, 0.0, 0.0, 0.0, 0.0, 0.0, 0.0, 0.0, 0.0, 0.0, 0.0, 0.0, 0.0, 0.0, 0.0, 0.0, 0.0, 0.0, 0.0, 0.0, 0.0, 0.0, 0.0, 0.0, 0.0, 0.0, 0.0, 0.0, 0.0, 0.0, 0.0, 0.0, 0.0, 0.0, 0.0, 0.0, 0.0, 0.0, 0.0, 0.0, 0.0, 0.0, 0.0, 0.0, 0.0, 0.0, 0.0, 0.0, 0.0, 0.0, 0.0, 0.0, 0.0, 0.0, 0.0, 0.0, 0.0, 0.0, 0.0, 0.0, 0.0, 0.0, 0.0, 0.0, 0.0, 0.0, 0.0, 0.0]",NGS-nonramp,False
38,ENTm1,-0.6136134098435122,35.140678127213064,46.85423750295075,42.57807343498027,1.5,3,False,,,,,,21,15,3.1531531531531556,17.0,44.0,-0.6136134098435122,-0.5073417347981133,0.28483675650330875,0.2700884352730894,-3738.921977366348,3991.677925400341,4438.785384182681,0.0,225.0,-0.018261104135856986,2.84816746353672,2.3024104782774844,3.8148203548993806,OF1,NG,30.76923076923077,47.61904761904762,69.23076923076923,37.5,"[0.0, 0.0, 0.0, 0.0, 0.0, 0.0, 0.0, 0.0, 0.0, 0.0, 0.0, 0.0, 0.0, 0.0, 0.0, 0.0, 0.0, 0.0, 0.0, 0.0, 0.0, 0.0, 0.0, 1.0, 1.0, 1.0, 1.0, 1.0, 1.0, 1.0, 1.0, 1.0, 1.0, 1.0, 1.0, 1.0, 1.0, 1.0, 1.0, 0.0, 0.0, 1.0, 1.0, 0.0, 0.0, 1.0, 1.0, 1.0, 1.0, 0.0, 0.0, 1.0, 1.0, 1.0, 1.0, 1.0, 1.0, 1.0, 1.0, 1.0, 1.0, 1.0, 1.0, 0.0, 0.0, 0.0, 0.0, 0.0, 0.0, 0.0, 0.0, 0.0, 0.0, 0.0, 0.0, 0.0, 0.0, 0.0, 0.0, 0.0, 0.0, 0.0, 0.0, 0.0]",NGS-nonramp,False
42,ENTm1,0.032387259950419967,29.269387031847785,39.02584937579705,6.294415506269044,1.5,3,False,,,,,,21,15,3.1531531531531556,16.0,2.0,0.032387259950419967,-0.15392035770084345,0.43834771849847626,0.42709622868952773,-3738.7207431511374,4006.6103730182494,4440.193046403901,32.0,210.0,0.034911566315018135,1.6513098103572172,0.660062696914252,3.0255280246268095,OF1,NG,51.42857142857143,42.857142857142854,100.0,40.0,"[1.0, 1.0, 1.0, 1.0, 1.0, 1.0, 1.0, 1.0, 1.0, 1.0, 1.0, 1.0, 1.0, 0.0, 0.0, 1.0, 1.0, 1.0, 1.0, 1.0, 1.0, 0.0, 0.0, 1.0, 1.0, 1.0, 1.0, 0.0, 0.0, 1.0, 1.0, 0.0, 0.0, 0.0, 0.0, 0.0, 0.0, 1.0, 1.0, 1.0, 1.0, 1.0, 1.0, 1.0, 1.0, 1.0, 1.0, 1.0, 1.0, 1.0, 1.0, 1.0, 1.0, 1.0, 1.0, 1.0, 1.0, 0.0, 0.0, 1.0, 1.0, 1.0, 1.0, 1.0, 1.0, 1.0, 1.0, 1.0, 1.0, 1.0, 1.0, 1.0, 1.0, 1.0, 1.0, 1.0, 1.0, 1.0, 1.0, 1.0, 1.0, 1.0, 1.0, 1.0]",NGS-ramp,False
43,ENTm1,-0.0838706149173192,43.284594606010174,57.71279280801356,4.05687341507955,1.5,3,False,,,,,,21,15,3.1531531531531556,4.0,31.0,-0.0838706149173192,0.1763179330281177,0.12804359423395115,0.1123892080757917,-3738.921977366348,3991.677925400341,4438.785384182681,32.0,225.0,0.047802245937636614,5.630301401380778,6.744476249291953,4.617443449370785,OF1,NG,63.63636363636363,58.333333333333336,53.57142857142857,36.36363636363637,"[1.0, 1.0, 1.0, 1.0, 1.0, 1.0, 1.0, 1.0, 1.0, 1.0, 1.0, 0.0, 0.0, 0.0, 0.0, 0.0, 0.0, 0.0, 0.0, 0.0, 0.0, 0.0, 0.0, 0.0, 0.0, 0.0, 0.0, 1.0, 1.0, 1.0, 1.0, 0.0, 0.0, 0.0, 0.0, 0.0, 0.0, 0.0, 0.0, 0.0, 0.0, 0.0, 0.0, 0.0, 0.0, 0.0, 0.0, 0.0, 0.0, 0.0, 0.0, 1.0, 1.0, 0.0, 0.0, 1.0, 1.0, 0.0, 0.0, 0.0, 0.0, 0.0, 0.0, 1.0, 1.0, 1.0, 1.0, 0.0, 0.0, 0.0, 0.0, 0.0, 0.0, 0.0, 0.0, 0.0, 0.0, 0.0, 0.0, 0.0, 0.0, 0.0, 0.0, 0.0]",NGS-nonramp,False
44,ENTm1,-0.12235500001472485,35.83491787250474,47.77989049667299,39.32252956717738,1.5,3,False,,,,,,21,15,3.1531531531531556,-6.0,2.0,-0.12235500001472485,0.21556671790688947,0.04645533419182355,0.04361106440714079,-3738.921977366348,3991.677925400341,4438.785384182681,0.0,225.0,0.028615569684311067,10.172700466974945,11.139688254772034,8.415600349021625,OF1,NG,45.45454545454545,36.8421052631579,70.58823529411765,46.15384615384615,"[0.0, 0.0, 0.0, 0.0, 0.0, 0.0, 0.0, 0.0, 0.0, 0.0, 0.0, 0.0, 0.0, 0.0, 0.0, 0.0, 0.0, 0.0, 0.0, 0.0, 0.0, 0.0, 0.0, 0.0, 0.0, 0.0, 0.0, 0.0, 0.0, 0.0, 0.0, 1.0, 1.0, 1.0, 1.0, 0.0, 0.0, 0.0, 0.0, 1.0, 1.0, 1.0, 1.0, 1.0, 1.0, 1.0, 1.0, 0.0, 0.0, 1.0, 1.0, 0.0, 0.0, 1.0, 1.0, 1.0, 1.0, 1.0, 1.0, 1.0, 1.0, 1.0, 1.0, 1.0, 1.0, 1.0, 1.0, 1.0, 1.0, 0.0, 0.0, 0.0, 0.0, 1.0, 1.0, 1.0, 1.0, 1.0, 1.0, 1.0, 1.0, 1.0, 1.0, 1.0]",NGS-nonramp,False
46,ENTm1,-0.3849061615759813,36.56454828187739,48.752731042503186,51.880907810438444,1.5,3,False,,,,,,21,15,3.1531531531531556,-7.0,8.0,-0.3849061615759813,-0.2505606666157587,0.14628774254638602,0.1272329930159941,-3739.324445796767,3961.813030164524,4435.970059740242,32.0,255.0,0.06940530458005062,4.317885078239116,3.3553872089713286,5.305088702627255,OF1,NG,44.44444444444444,25.0,66.66666666666667,48.484848484848484,"[1.0, 1.0, 1.0, 1.0, 1.0, 1.0, 1.0, 1.0, 1.0, 0.0, 0.0, 0.0, 0.0, 0.0, 0.0, 0.0, 0.0, 0.0, 0.0, 0.0, 0.0, 0.0, 0.0, 0.0, 0.0, 0.0, 0.0, 0.0, 0.0, 0.0, 0.0, 0.0, 0.0, 0.0, 0.0, 0.0, 0.0, 0.0, 0.0, 0.0, 0.0, 0.0, 0.0, 0.0, 0.0, 0.0, 0.0, 0.0, 0.0, 0.0, 0.0, 0.0, 0.0, 1.0, 1.0, 1.0, 1.0, 1.0, 1.0, 1.0, 1.0, 1.0, 1.0, 0.0, 0.0, 0.0, 0.0, 0.0, 0.0, 0.0, 0.0, 0.0, 0.0, 1.0, 1.0, 1.0, 1.0, 1.0, 1.0, 1.0, 1.0, 1.0, 1.0, 1.0]",NGS-nonramp,False
47,ENTm1,-0.3028999560080623,25.783398196829033,34.37786426243871,50.01366001385968,1.5,3,False,,,,,,21,15,3.1531531531531556,-22.0,-48.0,-0.3028999560080623,-0.16272272741211863,0.11970750296042044,0.13939834017470157,-3739.123211581557,3976.745477782432,4437.377721961461,32.0,240.0,0.04388263962631463,3.250500302221297,3.9751721074437394,2.9910902171131575,OF1,NG,67.85714285714286,41.935483870967744,27.272727272727273,42.857142857142854,"[1.0, 1.0, 1.0, 1.0, 1.0, 1.0, 1.0, 1.0, 1.0, 1.0, 1.0, 1.0, 1.0, 1.0, 1.0, 1.0, 1.0, 1.0, 1.0, 1.0, 1.0, 1.0, 1.0, 1.0, 1.0, 1.0, 1.0, 1.0, 1.0, 0.0, 0.0, 1.0, 1.0, 1.0, 1.0, 1.0, 1.0, 1.0, 1.0, 1.0, 1.0, 1.0, 1.0, 1.0, 1.0, 1.0, 1.0, 1.0, 1.0, 1.0, 1.0, 1.0, 1.0, 1.0, 1.0, 1.0, 1.0, 1.0, 1.0, 1.0, 1.0, 0.0, 0.0, 0.0, 0.0, 0.0, 0.0, 0.0, 0.0, 0.0, 0.0, 0.0, 0.0, 0.0, 0.0, 0.0, 0.0, 0.0, 0.0, 0.0, 0.0, 0.0, 0.0, 0.0]",NGS-ramp,False
49,ENTm1,0.06565947973255533,26.848422339666705,35.79789645288894,56.822338896771335,1.5,3,False,,,,,,21,15,3.1531531531531556,-1.0,7.0,0.06565947973255533,-0.18137660934179745,0.21055275731891884,0.19595385457865525,-3739.123211581557,3976.745477782432,4437.377721961461,32.0,240.0,0.041434707786297126,1.9286506182663985,2.7841000678064405,1.7679926018702286,OF1,NG,61.76470588235294,38.23529411764706,20.0,54.54545454545455,"[1.0, 1.0, 1.0, 1.0, 1.0, 1.0, 1.0, 1.0, 1.0, 1.0, 1.0, 1.0, 1.0, 1.0, 1.0, 1.0, 1.0, 1.0, 1.0, 1.0, 1.0, 1.0, 1.0, 1.0, 1.0, 1.0, 1.0, 1.0, 1.0, 1.0, 1.0, 1.0, 1.0, 1.0, 1.0, 1.0, 1.0, 1.0, 1.0, 1.0, 1.0, 1.0, 1.0, 1.0, 1.0, 1.0, 1.0, 1.0, 1.0, 1.0, 1.0, 0.0, 0.0, 0.0, 0.0, 0.0, 0.0, 0.0, 0.0, 0.0, 0.0, 0.0, 0.0, 0.0, 0.0, 1.0, 1.0, 0.0, 0.0, 1.0, 1.0, 1.0, 1.0, 1.0, 1.0, 1.0, 1.0, 1.0, 1.0, 1.0, 1.0, 1.0, 1.0, 1.0]",NGS-ramp,False
50,ENTm1,-0.25170837835208476,32.91044004685057,43.880586729134095,9.027581124687249,1.5,3,False,,,,,,21,15,3.1531531531531556,35.0,-28.0,-0.25170837835208476,-0.30140501688771976,0.7095679177100984,0.6143038548956272,-3739.324445796767,3961.813030164524,4435.970059740242,0.0,255.0,0.07467523723239226,1.1185607584296318,1.8182549010888238,0.5198998037544875,OF1,NG,,,56.41025641025641,42.22222222222222,"[0.0, 0.0, 0.0, 0.0, 0.0, 0.0, 0.0, 0.0, 0.0, 0.0, 0.0, 0.0, 0.0, 0.0, 0.0, 0.0, 0.0, 0.0, 0.0, 0.0, 0.0, 0.0, 0.0, 0.0, 0.0, 0.0, 0.0, 0.0, 0.0, 0.0, 0.0, 0.0, 0.0, 0.0, 0.0, 0.0, 0.0, 0.0, 0.0, 0.0, 0.0, 0.0, 0.0, 0.0, 0.0, 0.0, 0.0, 0.0, 0.0, 0.0, 0.0, 0.0, 0.0, 0.0, 0.0, 0.0, 0.0, 0.0, 0.0, 0.0, 0.0, 0.0, 0.0, 0.0, 0.0, 0.0, 0.0, 0.0, 0.0, 0.0, 0.0, 0.0, 0.0, 0.0, 0.0, 0.0, 0.0, 0.0, 0.0, 0.0, 0.0, 0.0, 0.0, 0.0]",NGS-nonramp,False
51,ENTm1,-0.17334005738954336,21.415386324171752,28.553848432229007,5.576742507069293,1.5,3,False,,,,,,21,15,3.1531531531531556,-38.0,-19.0,-0.17334005738954336,-0.2472147383947133,0.02133485108216642,0.02057254924192924,-3739.324445796767,3961.813030164524,4435.970059740242,32.0,255.0,0.0417999300611069,30.79544220883401,32.96121305549762,28.245112094785732,OF1,NG,40.0,41.1764705882353,85.71428571428571,45.45454545454545,"[0.0, 0.0, 0.0, 0.0, 0.0, 0.0, 0.0, 0.0, 0.0, 0.0, 0.0, 0.0, 0.0, 0.0, 0.0, 0.0, 0.0, 1.0, 1.0, 1.0, 1.0, 0.0, 0.0, 1.0, 1.0, 1.0, 1.0, 1.0, 1.0, 1.0, 1.0, 1.0, 1.0, 1.0, 1.0, 1.0, 1.0, 1.0, 1.0, 0.0, 0.0, 1.0, 1.0, 1.0, 1.0, 1.0, 1.0, 1.0, 1.0, 1.0, 1.0, 0.0, 0.0, 0.0, 0.0, 1.0, 1.0, 1.0, 1.0, 1.0, 1.0, 1.0, 1.0, 1.0, 1.0, 1.0, 1.0, 1.0, 1.0, 1.0, 1.0, 1.0, 1.0, 1.0, 1.0, 1.0, 1.0, 1.0, 1.0, 1.0, 1.0, 1.0, 1.0, 1.0]",NGS-nonramp,False
52,ENTm2,-0.41023529204339976,35.675282680013744,47.56704357335166,47.161512184599836,1.5,3,False,,,,,,21,15,3.1531531531531556,-13.0,-35.0,-0.41023529204339976,-0.27481119340059956,0.10288774563325823,0.11596991690841447,-3739.525680011976,3946.880582546616,4434.562397519023,32.0,270.0,0.08442972403267333,2.9924978839792526,4.893341512740402,1.436945290932542,OF1,NG,33.333333333333336,25.0,63.333333333333336,43.90243902439025,"[0.0, 0.0, 0.0, 0.0, 0.0, 0.0, 0.0, 0.0, 0.0, 0.0, 0.0, 0.0, 0.0, 0.0, 0.0, 0.0, 0.0, 0.0, 0.0, 0.0, 0.0, 0.0, 0.0, 0.0, 0.0, 0.0, 0.0, 0.0, 0.0, 0.0, 0.0, 0.0, 0.0, 0.0, 0.0, 0.0, 0.0, 0.0, 0.0, 0.0, 0.0, 0.0, 0.0, 0.0, 0.0, 0.0, 0.0, 0.0, 0.0, 0.0, 0.0, 0.0, 0.0, 0.0, 0.0, 0.0, 0.0, 0.0, 0.0, 0.0, 0.0, 0.0, 0.0, 0.0, 0.0, 0.0, 0.0, 1.0, 1.0, 0.0, 0.0, 0.0, 0.0, 1.0, 1.0, 1.0, 1.0, 1.0, 1.0, 1.0, 1.0, 1.0, 1.0, 1.0]",NGS-nonramp,False
54,ENTm2,-0.5001077625869307,41.52877822738881,55.37170430318508,52.629391159814624,1.5,3,False,,,,,,21,15,3.1531531531531556,-2.0,-43.0,-0.5001077625869307,-0.41056416808915014,0.29513262971001025,0.30640145790549367,-3739.726914227186,3931.948134928707,4433.154735297803,32.0,285.0,0.012169983776187332,1.900586369847017,2.465165663817985,1.2586463197731503,OF1,NG,77.27272727272727,47.82608695652174,29.41176470588235,36.36363636363637,"[1.0, 1.0, 1.0, 1.0, 1.0, 1.0, 1.0, 1.0, 1.0, 1.0, 1.0, 1.0, 1.0, 1.0, 1.0, 1.0, 1.0, 1.0, 1.0, 1.0, 1.0, 1.0, 1.0, 1.0, 1.0, 1.0, 1.0, 1.0, 1.0, 1.0, 1.0, 1.0, 1.0, 1.0, 1.0, 1.0, 1.0, 1.0, 1.0, 1.0, 1.0, 1.0, 1.0, 1.0, 1.0, 0.0, 0.0, 0.0, 0.0, 0.0, 0.0, 0.0, 0.0, 0.0, 0.0, 0.0, 0.0, 0.0, 0.0, 0.0, 0.0, 0.0, 0.0, 0.0, 0.0, 0.0, 0.0, 0.0, 0.0, 0.0, 0.0, 0.0, 0.0, 0.0, 0.0, 0.0, 0.0, 0.0, 0.0, 0.0, 0.0, 0.0, 0.0, 0.0]",NGS-nonramp,False
55,ENTm1,0.08135904050630081,31.723658481839813,42.29821130911975,57.49312863261814,1.5,3,False,,,,,,21,15,3.1531531531531556,-40.0,-5.0,0.08135904050630081,-0.2668455956057311,0.025031097307532477,0.026100243080643896,-3739.324445796767,3961.813030164524,4435.970059740242,0.0,255.0,0.026715573774734155,9.410720747285689,10.133565289612577,6.311561399639147,OF2,NG,70.0,57.142857142857146,51.724137931034484,35.483870967741936,"[0.0, 0.0, 0.0, 0.0, 0.0, 0.0, 0.0, 0.0, 0.0, 1.0, 1.0, 1.0, 1.0, 0.0, 0.0, 1.0, 1.0, 1.0, 1.0, 1.0, 1.0, 1.0, 1.0, 1.0, 1.0, 0.0, 0.0, 0.0, 0.0, 1.0, 1.0, 0.0, 0.0, 0.0, 0.0, 0.0, 0.0, 1.0, 1.0, 1.0, 1.0, 1.0, 1.0, 0.0, 0.0, 0.0, 0.0, 0.0, 0.0, 0.0, 0.0, 0.0, 0.0, 0.0, 0.0, 0.0, 0.0, 0.0, 0.0, 0.0, 0.0, 0.0, 0.0, 0.0, 0.0, 0.0, 0.0, 1.0, 1.0, 0.0, 0.0, 0.0, 0.0, 0.0, 0.0, 0.0, 0.0, 0.0, 0.0, 0.0, 0.0, 0.0, 0.0, 0.0]",NGS-nonramp,False
56,ENTm2,-0.22638202658268075,43.112960197269246,57.48394692969232,34.1598434161942,1.5,3,False,,,,,,21,15,3.1531531531531556,7.0,-37.0,-0.22638202658268075,-0.4090284555708845,0.046855580000461916,0.04445936142291014,-3739.525680011976,3946.880582546616,4434.562397519023,32.0,270.0,0.040748504562002505,11.29715707591285,12.407205911860174,9.97085617221881,OF1,NG,38.46153846153846,48.57142857142857,92.3076923076923,20.0,"[0.0, 0.0, 0.0, 0.0, 0.0, 0.0, 0.0, 0.0, 0.0, 0.0, 0.0, 0.0, 0.0, 0.0, 0.0, 0.0, 0.0, 0.0, 0.0, 1.0, 1.0, 1.0, 1.0, 1.0, 1.0, 1.0, 1.0, 1.0, 1.0, 1.0, 1.0, 1.0, 1.0, 1.0, 1.0, 1.0, 1.0, 1.0, 1.0, 1.0, 1.0, 1.0, 1.0, 1.0, 1.0, 1.0, 1.0, 1.0, 1.0, 0.0, 0.0, 1.0, 1.0, 0.0, 0.0, 1.0, 1.0, 1.0, 1.0, 1.0, 1.0, 1.0, 1.0, 1.0, 1.0, 1.0, 1.0, 1.0, 1.0, 1.0, 1.0, 1.0, 1.0, 1.0, 1.0, 1.0, 1.0, 1.0, 1.0, 1.0, 1.0, 1.0, 1.0, 1.0]",NGS-nonramp,False
58,ENTm2,-0.5919883650521287,45.328130495010086,60.43750732668012,5.088069846594585,1.5,3,False,,,,,,21,15,3.1531531531531556,-7.0,24.0,-0.5919883650521287,-0.48547229997957386,0.19038124898467634,0.18060196395806394,-3739.928148442396,3917.0156873108,4431.747073076584,32.0,300.0,0.058499044984621135,3.799050233511056,4.106691449294649,3.32047118252599,OF1,NG,50.0,66.66666666666667,58.62068965517241,33.333333333333336,"[0.0, 0.0, 0.0, 0.0, 0.0, 0.0, 0.0, 0.0, 0.0, 0.0, 0.0, 0.0, 0.0, 0.0, 0.0, 0.0, 0.0, 0.0, 0.0, 1.0, 1.0, 1.0, 1.0, 1.0, 1.0, 0.0, 0.0, 0.0, 0.0, 0.0, 0.0, 0.0, 0.0, 0.0, 0.0, 1.0, 1.0, 1.0, 1.0, 1.0, 1.0, 1.0, 1.0, 1.0, 1.0, 0.0, 0.0, 1.0, 1.0, 1.0, 1.0, 1.0, 1.0, 0.0, 0.0, 0.0, 0.0, 0.0, 0.0, 0.0, 0.0, 0.0, 0.0, 0.0, 0.0, 0.0, 0.0, 0.0, 0.0, 0.0, 0.0, 0.0, 0.0, 0.0, 0.0, 0.0, 0.0, 0.0, 0.0, 0.0, 0.0, 0.0, 0.0, 0.0]",NGS-nonramp,False
59,ENTm2,-0.73534090899305,29.760232897595778,39.680310530127706,36.77517692295748,1.5,3,False,,,,,,21,15,3.1531531531531556,0.0,-16.0,-0.73534090899305,-0.6533234109697772,0.07660591176974318,0.08417745177490385,-3740.1293826576057,3902.08323969289,4430.339410855364,32.0,315.0,0.035087697178055995,7.919778070753509,9.249919711551778,7.184171006154425,OF1,NG,57.142857142857146,40.0,50.0,50.0,"[1.0, 1.0, 1.0, 1.0, 1.0, 1.0, 1.0, 1.0, 1.0, 1.0, 1.0, 1.0, 1.0, 1.0, 1.0, 1.0, 1.0, 0.0, 0.0, 0.0, 0.0, 0.0, 0.0, 0.0, 0.0, 1.0, 1.0, 1.0, 1.0, 1.0, 1.0, 1.0, 1.0, 1.0, 1.0, 1.0, 1.0, 1.0, 1.0, 1.0, 1.0, 1.0, 1.0, 1.0, 1.0, 1.0, 1.0, 0.0, 0.0, 0.0, 0.0, 0.0, 0.0, 1.0, 1.0, 1.0, 1.0, 1.0, 1.0, 1.0, 1.0, 1.0, 1.0, 1.0, 1.0, 1.0, 1.0, 1.0, 1.0, 1.0, 1.0, 1.0, 1.0, 1.0, 1.0, 1.0, 1.0, 1.0, 1.0, 1.0, 1.0, 1.0, 1.0, 1.0]",NGS-nonramp,False
63,ENTm2,-0.36450043479281585,31.361586607839524,41.8154488104527,59.438207362441595,1.5,3,False,,,,,,21,15,3.1531531531531556,12.0,-14.0,-0.36450043479281585,-0.329872745503735,0.10147123707153002,0.09789160352680176,-3740.1293826576057,3902.08323969289,4430.339410855364,0.0,315.0,0.1011807219251093,5.8904263258058,7.797452979985796,3.9525715849539886,OF1,NG,33.333333333333336,60.0,58.333333333333336,40.0,"[0.0, 0.0, 0.0, 0.0, 0.0, 0.0, 0.0, 0.0, 0.0, 0.0, 0.0, 0.0, 0.0, 0.0, 0.0, 0.0, 0.0, 0.0, 0.0, 0.0, 0.0, 0.0, 0.0, 0.0, 0.0, 0.0, 0.0, 0.0, 0.0, 0.0, 0.0, 0.0, 0.0, 0.0, 0.0, 0.0, 0.0, 0.0, 0.0, 0.0, 0.0, 0.0, 0.0, 1.0, 1.0, 0.0, 0.0, 0.0, 0.0, 0.0, 0.0, 0.0, 0.0, 1.0, 1.0, 0.0, 0.0, 0.0, 0.0, 0.0, 0.0, 1.0, 1.0, 1.0, 1.0, 0.0, 0.0, 0.0, 0.0, 0.0, 0.0, 0.0, 0.0, 0.0, 0.0, 0.0, 0.0, 0.0, 0.0, 0.0, 0.0, 0.0, 0.0, 0.0]",NGS-nonramp,False
64,ENTm2,-0.2964015652591123,31.870333375548494,42.49377783406466,18.048236340086987,1.5,3,False,,,,,,21,15,3.1531531531531556,25.0,-22.0,-0.2964015652591123,-0.5354272713173538,0.16991550119521037,0.1575275505283742,-3740.1293826576057,3902.08323969289,4430.339410855364,0.0,315.0,0.013382762891633758,1.7607367957907716,1.8281188517276419,1.9074101774496903,OF1,NG,50.0,40.0,60.869565217391305,45.0,"[0.0, 0.0, 0.0, 0.0, 0.0, 0.0, 0.0, 0.0, 0.0, 0.0, 0.0, 1.0, 1.0, 1.0, 1.0, 1.0, 1.0, 1.0, 1.0, 1.0, 1.0, 1.0, 1.0, 0.0, 0.0, 0.0, 0.0, 0.0, 0.0, 0.0, 0.0, 0.0, 0.0, 0.0, 0.0, 0.0, 0.0, 0.0, 0.0, 0.0, 0.0, 0.0, 0.0, 0.0, 0.0, 0.0, 0.0, 0.0, 0.0, 1.0, 1.0, 0.0, 0.0, 1.0, 1.0, 0.0, 0.0, 0.0, 0.0, 1.0, 1.0, 1.0, 1.0, 1.0, 1.0, 1.0, 1.0, 1.0, 1.0, 1.0, 1.0, 1.0, 1.0, 1.0, 1.0, 1.0, 1.0, 1.0, 1.0, 1.0, 1.0, 1.0, 1.0, 1.0]",NGS-nonramp,False
65,ENTm2,-0.5356187181887152,41.45386140023996,55.27181520031994,57.32173965370181,1.5,3,False,,,,,,21,15,3.1531531531531556,13.0,-40.0,-0.5356187181887152,-0.4354005252964661,0.08178546856277073,0.08179746756633204,-3739.726914227186,3931.948134928707,4433.154735297803,0.0,285.0,0.07806751749492363,8.18226133538184,8.129539318159344,7.89014606018429,OF1,NG,84.61538461538461,50.0,42.30769230769231,39.39393939393939,"[1.0, 1.0, 1.0, 1.0, 1.0, 1.0, 1.0, 1.0, 1.0, 1.0, 1.0, 1.0, 1.0, 1.0, 1.0, 1.0, 1.0, 1.0, 1.0, 1.0, 1.0, 1.0, 1.0, 0.0, 0.0, 0.0, 0.0, 0.0, 0.0, 0.0, 0.0, 0.0, 0.0, 0.0, 0.0, 0.0, 0.0, 0.0, 0.0, 0.0, 0.0, 1.0, 1.0, 0.0, 0.0, 0.0, 0.0, 0.0, 0.0, 0.0, 0.0, 0.0, 0.0, 0.0, 0.0, 0.0, 0.0, 0.0, 0.0, 0.0, 0.0, 0.0, 0.0, 0.0, 0.0, 0.0, 0.0, 0.0, 0.0, 0.0, 0.0, 0.0, 0.0, 0.0, 0.0, 0.0, 0.0, 0.0, 0.0, 0.0, 0.0, 0.0, 0.0, 0.0]",NGS-nonramp,False
67,ENTm2,-0.40293506786734024,48.07303185098366,64.09737580131156,56.950831196698445,1.5,3,False,,,,,,21,15,3.1531531531531556,2.0,49.0,-0.40293506786734024,-0.41100470002000744,0.17604359457848165,0.16244930059427826,-3740.330616872815,3887.150792074982,4428.931748634145,32.0,330.0,0.07639240891327015,4.448537125502455,4.580161079957923,4.190858995008129,OF1,NG,60.0,37.142857142857146,25.0,60.0,"[1.0, 1.0, 1.0, 1.0, 1.0, 1.0, 1.0, 1.0, 1.0, 1.0, 1.0, 1.0, 1.0, 1.0, 1.0, 1.0, 1.0, 1.0, 1.0, 1.0, 1.0, 1.0, 1.0, 1.0, 1.0, 1.0, 1.0, 1.0, 1.0, 1.0, 1.0, 1.0, 1.0, 1.0, 1.0, 1.0, 1.0, 1.0, 1.0, 1.0, 1.0, 1.0, 1.0, 1.0, 1.0, 1.0, 1.0, 1.0, 1.0, 0.0, 0.0, 0.0, 0.0, 1.0, 1.0, 1.0, 1.0, 0.0, 0.0, 0.0, 0.0, 0.0, 0.0, 0.0, 0.0, 0.0, 0.0, 1.0, 1.0, 1.0, 1.0, 1.0, 1.0, 1.0, 1.0, 1.0, 1.0, 1.0, 1.0, 1.0, 1.0, 1.0, 1.0, 1.0]",NGS-nonramp,False
68,ENTm2,-0.4508653940606625,29.81029985574058,39.747066474320775,51.47494190450026,1.5,3,False,,,,,,21,15,3.1531531531531556,8.0,-32.0,-0.4508653940606625,0.23935392685091172,0.027897899240343853,0.02620349317957161,-3740.5318510880247,3872.218344457073,4427.5240864129255,32.0,345.0,0.011414368391791057,11.196927617272202,12.660380644923176,9.490393212552537,OF1,NG,83.33333333333333,54.54545454545455,44.44444444444444,38.23529411764706,"[1.0, 1.0, 1.0, 1.0, 1.0, 1.0, 1.0, 1.0, 1.0, 1.0, 1.0, 1.0, 1.0, 1.0, 1.0, 0.0, 0.0, 0.0, 0.0, 0.0, 0.0, 0.0, 0.0, 0.0, 0.0, 0.0, 0.0, 0.0, 0.0, 0.0, 0.0, 0.0, 0.0, 0.0, 0.0, 0.0, 0.0, 0.0, 0.0, 0.0, 0.0, 0.0, 0.0, 0.0, 0.0, 0.0, 0.0, 0.0, 0.0, 0.0, 0.0, 0.0, 0.0, 0.0, 0.0, 0.0, 0.0, 0.0, 0.0, 1.0, 1.0, 0.0, 0.0, 1.0, 1.0, 1.0, 1.0, 1.0, 1.0, 0.0, 0.0, 0.0, 0.0, 0.0, 0.0, 0.0, 0.0, 0.0, 0.0, 0.0, 0.0, 0.0, 0.0, 0.0]",NGS-nonramp,False
70,ENTm2,-0.5488873087197315,31.674478632139675,42.232638176186235,55.71706719902838,1.5,3,False,,,,,,21,15,3.1531531531531556,-32.0,-28.0,-0.5488873087197315,-0.506759159004141,0.09409931607827758,0.08279921157701185,-3740.5318510880247,3872.218344457073,4427.5240864129255,0.0,345.0,-0.00026275670405550016,2.899107611928202,3.6126719214671703,2.7089223749045255,OF1,NG,71.42857142857143,66.66666666666667,48.0,40.476190476190474,"[1.0, 1.0, 1.0, 1.0, 1.0, 1.0, 1.0, 1.0, 1.0, 0.0, 0.0, 0.0, 0.0, 0.0, 0.0, 0.0, 0.0, 0.0, 0.0, 0.0, 0.0, 0.0, 0.0, 0.0, 0.0, 0.0, 0.0, 0.0, 0.0, 0.0, 0.0, 0.0, 0.0, 0.0, 0.0, 0.0, 0.0, 0.0, 0.0, 1.0, 1.0, 1.0, 1.0, 1.0, 1.0, 1.0, 1.0, 0.0, 0.0, 0.0, 0.0, 0.0, 0.0, 0.0, 0.0, 0.0, 0.0, 0.0, 0.0, 0.0, 0.0, 0.0, 0.0, 0.0, 0.0, 0.0, 0.0, 0.0, 0.0, 0.0, 0.0, 0.0, 0.0, 0.0, 0.0, 0.0, 0.0, 0.0, 0.0, 0.0, 0.0, 0.0, 0.0, 0.0]",NGS-nonramp,False
71,ENTm2,-0.6683530957006438,33.592765511367105,44.79035401515614,34.91931946357231,1.5,3,False,,,,,,21,15,3.1531531531531556,0.0,-6.0,-0.6683530957006438,-0.09905791822508579,0.2098964496323552,0.23990174851315513,-3740.330616872815,3887.150792074982,4428.931748634145,0.0,330.0,0.03629099564801258,1.3654789777161225,1.6472797566826414,1.1631091763481805,OF1,NG,73.33333333333333,33.333333333333336,45.833333333333336,45.45454545454545,"[1.0, 1.0, 1.0, 1.0, 1.0, 1.0, 1.0, 1.0, 1.0, 1.0, 1.0, 1.0, 1.0, 1.0, 1.0, 0.0, 0.0, 0.0, 0.0, 0.0, 0.0, 0.0, 0.0, 0.0, 0.0, 0.0, 0.0, 0.0, 0.0, 0.0, 0.0, 0.0, 0.0, 0.0, 0.0, 0.0, 0.0, 0.0, 0.0, 0.0, 0.0, 1.0, 1.0, 1.0, 1.0, 0.0, 0.0, 0.0, 0.0, 0.0, 0.0, 0.0, 0.0, 1.0, 1.0, 1.0, 1.0, 0.0, 0.0, 0.0, 0.0, 0.0, 0.0, 0.0, 0.0, 1.0, 1.0, 1.0, 1.0, 0.0, 0.0, 0.0, 0.0, 0.0, 0.0, 0.0, 0.0, 0.0, 0.0, 0.0, 0.0, 0.0, 0.0, 0.0]",NGS-nonramp,False
75,ENTm2,-0.4444358914421658,29.949478847648567,39.93263846353142,36.94042258429055,1.5,3,False,,,,,,21,15,3.1531531531531556,-10.0,-34.0,-0.4444358914421658,-0.32840413085250536,0.11958750485377939,0.12493786130447145,-3740.330616872815,3887.150792074982,4428.931748634145,0.0,330.0,0.03632294827911878,2.9224551799409646,3.081662578744123,2.3378827713703396,OF1,NG,58.62068965517241,42.857142857142854,50.0,41.666666666666664,"[1.0, 1.0, 1.0, 1.0, 1.0, 1.0, 1.0, 1.0, 1.0, 1.0, 1.0, 1.0, 1.0, 1.0, 1.0, 1.0, 1.0, 1.0, 1.0, 1.0, 1.0, 1.0, 1.0, 0.0, 0.0, 1.0, 1.0, 0.0, 0.0, 0.0, 0.0, 0.0, 0.0, 0.0, 0.0, 0.0, 0.0, 1.0, 1.0, 1.0, 1.0, 1.0, 1.0, 1.0, 1.0, 1.0, 1.0, 1.0, 1.0, 0.0, 0.0, 0.0, 0.0, 0.0, 0.0, 0.0, 0.0, 0.0, 0.0, 0.0, 0.0, 0.0, 0.0, 0.0, 0.0, 0.0, 0.0, 0.0, 0.0, 0.0, 0.0, 1.0, 1.0, 1.0, 1.0, 1.0, 1.0, 1.0, 1.0, 1.0, 1.0, 1.0, 1.0, 1.0]",NGS-nonramp,False
76,ENTm2,-0.3318452869023321,33.64159940796005,44.85546587728007,48.113427980032164,1.5,3,False,,,,,,21,15,3.1531531531531556,7.0,-45.0,-0.3318452869023321,-0.16078590107063018,0.24820016202714684,0.24849280649038533,-3740.330616872815,3887.150792074982,4428.931748634145,32.0,330.0,0.055124318831792384,3.9848874415318334,2.4150239147373256,5.952741663287226,OF1,NG,66.66666666666667,50.0,33.333333333333336,34.78260869565217,"[1.0, 1.0, 1.0, 1.0, 1.0, 1.0, 1.0, 1.0, 1.0, 1.0, 1.0, 1.0, 1.0, 1.0, 1.0, 1.0, 1.0, 0.0, 0.0, 0.0, 0.0, 1.0, 1.0, 0.0, 0.0, 0.0, 0.0, 0.0, 0.0, 1.0, 1.0, 1.0, 1.0, 1.0, 1.0, 1.0, 1.0, 1.0, 1.0, 1.0, 1.0, 1.0, 1.0, 1.0, 1.0, 1.0, 1.0, 1.0, 1.0, 1.0, 1.0, 1.0, 1.0, 1.0, 1.0, 0.0, 0.0, 1.0, 1.0, 1.0, 1.0, 0.0, 0.0, 0.0, 0.0, 0.0, 0.0, 0.0, 0.0, 0.0, 0.0, 0.0, 0.0, 0.0, 0.0, 0.0, 0.0, 0.0, 0.0, 0.0, 0.0, 0.0, 0.0, 0.0]",NGS-nonramp,False
79,ENTm2,-0.42601210041614934,35.17213625618958,46.89618167491945,14.063716913659864,1.5,3,False,,,,,,21,15,3.1531531531531556,-6.0,-22.0,-0.42601210041614934,-0.42222887995828884,0.025957300720623397,0.028564452966285778,-3740.934319518444,3842.353449221256,4424.708761970487,32.0,375.0,0.04794714565884409,13.889680461410835,16.20236092014548,10.748484083817402,OF1,NG,58.333333333333336,50.0,55.55555555555556,40.0,"[0.0, 0.0, 0.0, 0.0, 0.0, 0.0, 0.0, 0.0, 0.0, 0.0, 0.0, 1.0, 1.0, 0.0, 0.0, 0.0, 0.0, 0.0, 0.0, 0.0, 0.0, 0.0, 0.0, 0.0, 0.0, 1.0, 1.0, 0.0, 0.0, 0.0, 0.0, 0.0, 0.0, 0.0, 0.0, 1.0, 1.0, 0.0, 0.0, 1.0, 1.0, 1.0, 1.0, 1.0, 1.0, 1.0, 1.0, 1.0, 1.0, 1.0, 1.0, 1.0, 1.0, 1.0, 1.0, 0.0, 0.0, 0.0, 0.0, 0.0, 0.0, 0.0, 0.0, 0.0, 0.0, 0.0, 0.0, 0.0, 0.0, 0.0, 0.0, 0.0, 0.0, 0.0, 0.0, 0.0, 0.0, 0.0, 0.0, 0.0, 0.0, 0.0, 0.0, 0.0]",NGS-nonramp,False
81,ENTm2,-0.41999262118986125,45.94689330455048,61.26252440606731,30.470777322165098,1.5,3,False,,,,,,21,15,3.1531531531531556,11.0,-30.0,-0.41999262118986125,-0.3354233063079789,0.2556601480578753,0.22221299529120936,-3741.538022164073,3797.556106367531,4420.485775306828,0.0,420.0,0.009328107475370105,1.2454394613676756,0.9970810104072076,1.6357958568984676,OF1,NG,50.0,45.0,57.57575757575758,40.0,"[0.0, 0.0, 0.0, 0.0, 0.0, 0.0, 0.0, 0.0, 0.0, 0.0, 0.0, 0.0, 0.0, 0.0, 0.0, 0.0, 0.0, 0.0, 0.0, 0.0, 0.0, 0.0, 0.0, 0.0, 0.0, 1.0, 1.0, 1.0, 1.0, 1.0, 1.0, 1.0, 1.0, 1.0, 1.0, 1.0, 1.0, 0.0, 0.0, 0.0, 0.0, 0.0, 0.0, 0.0, 0.0, 0.0, 0.0, 0.0, 0.0, 0.0, 0.0, 0.0, 0.0, 0.0, 0.0, 0.0, 0.0, 1.0, 1.0, 1.0, 1.0, 1.0, 1.0, 1.0, 1.0, 1.0, 1.0, 0.0, 0.0, 1.0, 1.0, 1.0, 1.0, 0.0, 0.0, 0.0, 0.0, 0.0, 0.0, 0.0, 0.0, 0.0, 0.0, 0.0]",NGS-nonramp,False
82,ENTm2,-0.1391318395527208,33.44033525044915,44.587113667265534,23.609933991054834,1.5,3,False,,,,,,21,15,3.1531531531531556,5.0,-34.0,-0.1391318395527208,-0.2927269625453435,0.22772634608949424,0.2351381973071603,-3741.1355537336535,3827.421001603348,4423.301099749267,0.0,390.0,0.032437753863635725,3.755420939749832,3.817348897222648,4.284174344399959,OF1,NG,56.25,40.0,57.142857142857146,60.0,"[1.0, 1.0, 1.0, 1.0, 1.0, 1.0, 1.0, 1.0, 1.0, 1.0, 1.0, 1.0, 1.0, 1.0, 1.0, 0.0, 0.0, 1.0, 1.0, 1.0, 1.0, 1.0, 1.0, 1.0, 1.0, 1.0, 1.0, 1.0, 1.0, 1.0, 1.0, 1.0, 1.0, 0.0, 0.0, 1.0, 1.0, 0.0, 0.0, 0.0, 0.0, 1.0, 1.0, 1.0, 1.0, 1.0, 1.0, 1.0, 1.0, 1.0, 1.0, 1.0, 1.0, 1.0, 1.0, 0.0, 0.0, 1.0, 1.0, 0.0, 0.0, 1.0, 1.0, 1.0, 1.0, 1.0, 1.0, 1.0, 1.0, 1.0, 1.0, 1.0, 1.0, 1.0, 1.0, 1.0, 1.0, 1.0, 1.0, 1.0, 1.0, 1.0, 1.0, 1.0]",NGS-nonramp,False
86,ENTm2,-0.4423129252451614,41.63216835506694,55.50955780675591,58.48455838425055,1.5,3,False,,,,,,21,15,3.1531531531531556,5.0,-48.0,-0.4423129252451614,-0.591370911386497,0.11044869512340685,0.10530469544538631,-3741.1355537336535,3827.421001603348,4423.301099749267,0.0,390.0,0.029651755766697246,2.492529760877668,2.8745196153289405,2.0290534007640417,OF1,NG,45.45454545454545,31.25,60.714285714285715,48.275862068965516,"[0.0, 0.0, 0.0, 0.0, 0.0, 0.0, 0.0, 0.0, 0.0, 0.0, 0.0, 0.0, 0.0, 1.0, 1.0, 1.0, 1.0, 1.0, 1.0, 1.0, 1.0, 1.0, 1.0, 1.0, 1.0, 1.0, 1.0, 0.0, 0.0, 0.0, 0.0, 0.0, 0.0, 0.0, 0.0, 0.0, 0.0, 0.0, 0.0, 0.0, 0.0, 0.0, 0.0, 0.0, 0.0, 0.0, 0.0, 0.0, 0.0, 0.0, 0.0, 0.0, 0.0, 0.0, 0.0, 0.0, 0.0, 0.0, 0.0, 0.0, 0.0, 0.0, 0.0, 0.0, 0.0, 0.0, 0.0, 0.0, 0.0, 0.0, 0.0, 1.0, 1.0, 1.0, 1.0, 1.0, 1.0, 1.0, 1.0, 1.0, 1.0, 1.0, 1.0, 1.0]",NGS-nonramp,False
88,ENTm2,0.18296706167125013,50.4116825227304,67.21557669697388,5.995924261387483,1.5,3,False,,,,,,21,15,3.1531531531531556,15.0,30.0,0.18296706167125013,-0.5165402485962818,0.06810744740847266,0.06961833411206379,-3741.3367879488633,3812.48855398544,4421.893437528048,32.0,405.0,0.0022570224944220793,9.937573948705,10.926791320150874,9.048256199957908,OF1,NG,78.57142857142857,46.15384615384615,44.0,40.625,"[1.0, 1.0, 1.0, 1.0, 1.0, 1.0, 1.0, 1.0, 1.0, 1.0, 1.0, 1.0, 1.0, 1.0, 1.0, 0.0, 0.0, 0.0, 0.0, 1.0, 1.0, 0.0, 0.0, 0.0, 0.0, 0.0, 0.0, 0.0, 0.0, 0.0, 0.0, 0.0, 0.0, 1.0, 1.0, 1.0, 1.0, 1.0, 1.0, 0.0, 0.0, 1.0, 1.0, 0.0, 0.0, 0.0, 0.0, 0.0, 0.0, 0.0, 0.0, 0.0, 0.0, 0.0, 0.0, 0.0, 0.0, 0.0, 0.0, 0.0, 0.0, 0.0, 0.0, 0.0, 0.0, 1.0, 1.0, 0.0, 0.0, 0.0, 0.0, 0.0, 0.0, 0.0, 0.0, 0.0, 0.0, 0.0, 0.0, 0.0, 0.0, 0.0, 0.0, 0.0]",NGS-nonramp,False
89,ENTm2,-0.9627660466062242,55.298870529288955,73.73182737238527,2.0091631079409322,1.5,3,False,,,,,,21,15,3.1531531531531556,1.0,-45.0,-0.9627660466062242,-0.32494093230135174,0.19622801039349955,0.16930571574626432,-3741.538022164073,3797.556106367531,4420.485775306828,32.0,420.0,0.060522659227322306,2.489935586654027,2.349264243811871,2.2484555615365016,OF1,NG,63.1578947368421,38.70967741935484,50.0,50.0,"[0.0, 0.0, 0.0, 0.0, 0.0, 0.0, 0.0, 0.0, 0.0, 1.0, 1.0, 1.0, 1.0, 1.0, 1.0, 1.0, 1.0, 1.0, 1.0, 1.0, 1.0, 1.0, 1.0, 1.0, 1.0, 1.0, 1.0, 1.0, 1.0, 1.0, 1.0, 0.0, 0.0, 0.0, 0.0, 0.0, 0.0, 0.0, 0.0, 1.0, 1.0, 1.0, 1.0, 1.0, 1.0, 1.0, 1.0, 1.0, 1.0, 1.0, 1.0, 1.0, 1.0, 1.0, 1.0, 0.0, 0.0, 1.0, 1.0, 0.0, 0.0, 0.0, 0.0, 0.0, 0.0, 1.0, 1.0, 1.0, 1.0, 1.0, 1.0, 1.0, 1.0, 1.0, 1.0, 0.0, 0.0, 0.0, 0.0, 0.0, 0.0, 0.0, 0.0, 0.0]",NGS-nonramp,False
90,ENTm2,-0.3366903826114481,31.33833819385025,41.78445092513367,39.82228572720332,1.5,3,False,,,,,,21,15,3.1531531531531556,-35.0,-45.0,-0.3366903826114481,-0.24969737694904842,0.06298287167993248,0.07302484461076963,-3740.1293826576057,3902.08323969289,4430.339410855364,32.0,315.0,0.060388228926254894,2.2208489694564286,2.9065774549050998,1.518596221650394,OF2,NG,,,56.41025641025641,42.22222222222222,"[0.0, 0.0, 0.0, 0.0, 0.0, 0.0, 0.0, 0.0, 0.0, 0.0, 0.0, 0.0, 0.0, 0.0, 0.0, 0.0, 0.0, 0.0, 0.0, 0.0, 0.0, 0.0, 0.0, 0.0, 0.0, 0.0, 0.0, 0.0, 0.0, 0.0, 0.0, 0.0, 0.0, 0.0, 0.0, 0.0, 0.0, 0.0, 0.0, 0.0, 0.0, 0.0, 0.0, 0.0, 0.0, 0.0, 0.0, 0.0, 0.0, 0.0, 0.0, 0.0, 0.0, 0.0, 0.0, 0.0, 0.0, 0.0, 0.0, 0.0, 0.0, 0.0, 0.0, 0.0, 0.0, 0.0, 0.0, 0.0, 0.0, 0.0, 0.0, 0.0, 0.0, 0.0, 0.0, 0.0, 0.0, 0.0, 0.0, 0.0, 0.0, 0.0, 0.0, 0.0]",NGS-nonramp,False
91,ENTm2,-0.2552159748352622,27.263739489764607,36.35165265301948,47.54327547820455,1.5,3,False,,,,,,21,15,3.1531531531531556,8.0,47.0,-0.2552159748352622,-0.37173723287460336,0.035512697841493066,0.033836064511401476,-3741.538022164073,3797.556106367531,4420.485775306828,32.0,420.0,0.0231100395960746,12.63457180520959,13.860494639312725,11.006767640169791,OF1,NG,66.66666666666667,75.0,53.333333333333336,35.13513513513514,"[1.0, 1.0, 1.0, 1.0, 1.0, 1.0, 1.0, 1.0, 1.0, 0.0, 0.0, 0.0, 0.0, 0.0, 0.0, 0.0, 0.0, 0.0, 0.0, 0.0, 0.0, 0.0, 0.0, 0.0, 0.0, 0.0, 0.0, 0.0, 0.0, 0.0, 0.0, 0.0, 0.0, 0.0, 0.0, 0.0, 0.0, 0.0, 0.0, 0.0, 0.0, 0.0, 0.0, 0.0, 0.0, 0.0, 0.0, 0.0, 0.0, 0.0, 0.0, 0.0, 0.0, 0.0, 0.0, 0.0, 0.0, 0.0, 0.0, 1.0, 1.0, 1.0, 1.0, 1.0, 1.0, 1.0, 1.0, 0.0, 0.0, 0.0, 0.0, 0.0, 0.0, 0.0, 0.0, 0.0, 0.0, 0.0, 0.0, 0.0, 0.0, 0.0, 0.0, 0.0]",NGS-nonramp,False
93,ENTm2,-0.12673517083650543,30.73507123475459,40.980094979672785,23.93473896717958,1.5,3,False,,,,,,21,15,3.1531531531531556,8.0,-50.0,-0.12673517083650543,-0.17955032007062582,0.0408886537595371,0.036991857909770984,-3742.141724809702,3752.758763513805,4416.26278864317,32.0,465.0,0.012360424942180587,14.144852871408908,14.842779723761705,13.352426690656117,OF1,NG,60.0,52.63157894736842,54.166666666666664,34.61538461538461,"[0.0, 0.0, 0.0, 0.0, 0.0, 0.0, 0.0, 0.0, 0.0, 0.0, 0.0, 1.0, 1.0, 1.0, 1.0, 1.0, 1.0, 1.0, 1.0, 0.0, 0.0, 1.0, 1.0, 0.0, 0.0, 0.0, 0.0, 0.0, 0.0, 0.0, 0.0, 0.0, 0.0, 0.0, 0.0, 0.0, 0.0, 0.0, 0.0, 0.0, 0.0, 1.0, 1.0, 1.0, 1.0, 1.0, 1.0, 1.0, 1.0, 1.0, 1.0, 1.0, 1.0, 0.0, 0.0, 0.0, 0.0, 0.0, 0.0, 0.0, 0.0, 0.0, 0.0, 1.0, 1.0, 1.0, 1.0, 1.0, 1.0, 1.0, 1.0, 1.0, 1.0, 1.0, 1.0, 0.0, 0.0, 0.0, 0.0, 0.0, 0.0, 0.0, 0.0, 0.0]",NGS-nonramp,False
94,ENTm2,-0.36738347576493974,32.333087977952005,43.11078397060267,59.324110514562896,1.5,3,False,,,,,,21,15,3.1531531531531556,5.0,-25.0,-0.36738347576493974,-0.21430990737413974,0.37169068117081605,0.3578375772100611,-3742.141724809702,3752.758763513805,4416.26278864317,32.0,465.0,-0.029617907950332693,2.1897188787727453,2.581889079710667,2.0212771216480556,OF1,NG,81.25,52.17391304347826,39.130434782608695,31.818181818181817,"[1.0, 1.0, 1.0, 1.0, 1.0, 1.0, 1.0, 1.0, 1.0, 1.0, 1.0, 1.0, 1.0, 1.0, 1.0, 1.0, 1.0, 1.0, 1.0, 1.0, 1.0, 1.0, 1.0, 1.0, 1.0, 1.0, 1.0, 1.0, 1.0, 0.0, 0.0, 0.0, 0.0, 0.0, 0.0, 0.0, 0.0, 1.0, 1.0, 0.0, 0.0, 0.0, 0.0, 1.0, 1.0, 0.0, 0.0, 0.0, 0.0, 0.0, 0.0, 0.0, 0.0, 0.0, 0.0, 0.0, 0.0, 0.0, 0.0, 0.0, 0.0, 0.0, 0.0, 1.0, 1.0, 1.0, 1.0, 1.0, 1.0, 0.0, 0.0, 0.0, 0.0, 0.0, 0.0, 0.0, 0.0, 0.0, 0.0, 0.0, 0.0, 0.0, 0.0, 0.0]",NGS-nonramp,False
95,ENTm2,-0.27850913293969387,32.94642388261461,43.92856517681948,41.0523539119187,1.5,3,False,,,,,,21,15,3.1531531531531556,7.0,-12.0,-0.27850913293969387,-0.45476974230399003,0.07604456315913377,0.062424798220432315,-3742.141724809702,3752.758763513805,4416.26278864317,0.0,465.0,0.018350454380046618,7.632296399970097,8.043229750069683,7.2386049599663265,OF1,NG,85.71428571428571,40.0,50.0,42.5,"[0.0, 0.0, 0.0, 0.0, 0.0, 0.0, 0.0, 0.0, 0.0, 0.0, 0.0, 0.0, 0.0, 1.0, 1.0, 0.0, 0.0, 0.0, 0.0, 0.0, 0.0, 0.0, 0.0, 0.0, 0.0, 0.0, 0.0, 0.0, 0.0, 0.0, 0.0, 1.0, 1.0, 1.0, 1.0, 1.0, 1.0, 0.0, 0.0, 1.0, 1.0, 1.0, 1.0, 0.0, 0.0, 0.0, 0.0, 0.0, 0.0, 0.0, 0.0, 0.0, 0.0, 0.0, 0.0, 0.0, 0.0, 0.0, 0.0, 0.0, 0.0, 0.0, 0.0, 0.0, 0.0, 0.0, 0.0, 0.0, 0.0, 0.0, 0.0, 0.0, 0.0, 0.0, 0.0, 0.0, 0.0, 0.0, 0.0, 0.0, 0.0, 0.0, 0.0, 0.0]",NGS-nonramp,False
96,ENTm2,-0.5019749459231638,33.28453624556439,44.379381660752514,42.537096221126816,1.5,3,False,,,,,,21,15,3.1531531531531556,5.0,23.0,-0.5019749459231638,-0.3354553883212522,0.07612566735709755,0.06726927107422294,-3740.1293826576057,3902.08323969289,4430.339410855364,32.0,315.0,0.04788406683586821,2.0854802417864717,2.7323143269526446,1.280308811596254,OF1,NG,75.0,33.333333333333336,54.285714285714285,43.58974358974359,"[0.0, 0.0, 0.0, 0.0, 0.0, 0.0, 0.0, 0.0, 0.0, 0.0, 0.0, 0.0, 0.0, 0.0, 0.0, 1.0, 1.0, 1.0, 1.0, 1.0, 1.0, 0.0, 0.0, 1.0, 1.0, 0.0, 0.0, 0.0, 0.0, 0.0, 0.0, 0.0, 0.0, 0.0, 0.0, 0.0, 0.0, 0.0, 0.0, 0.0, 0.0, 0.0, 0.0, 0.0, 0.0, 1.0, 1.0, 0.0, 0.0, 0.0, 0.0, 0.0, 0.0, 0.0, 0.0, 0.0, 0.0, 0.0, 0.0, 0.0, 0.0, 0.0, 0.0, 0.0, 0.0, 0.0, 0.0, 0.0, 0.0, 0.0, 0.0, 0.0, 0.0, 0.0, 0.0, 0.0, 0.0, 0.0, 0.0, 0.0, 0.0, 0.0, 0.0, 0.0]",NGS-nonramp,False
99,ENTm2,-0.451576141428661,27.337520636962658,36.45002751595022,54.38977032065773,1.5,3,False,,,,,,21,15,3.1531531531531556,-1.0,-41.0,-0.451576141428661,-0.16138629751637348,0.2156584624294499,0.2017504317178369,-3742.544193240121,3722.893868277989,4413.447464200732,32.0,495.0,0.009990171102763264,3.171024237369772,3.3504552336519193,3.308806763852011,OF1,NG,54.83870967741935,44.44444444444444,62.5,38.888888888888886,"[1.0, 1.0, 1.0, 1.0, 1.0, 1.0, 1.0, 1.0, 1.0, 0.0, 0.0, 0.0, 0.0, 1.0, 1.0, 0.0, 0.0, 0.0, 0.0, 0.0, 0.0, 0.0, 0.0, 0.0, 0.0, 0.0, 0.0, 0.0, 0.0, 0.0, 0.0, 1.0, 1.0, 1.0, 1.0, 1.0, 1.0, 1.0, 1.0, 1.0, 1.0, 1.0, 1.0, 1.0, 1.0, 1.0, 1.0, 1.0, 1.0, 1.0, 1.0, 1.0, 1.0, 0.0, 0.0, 0.0, 0.0, 1.0, 1.0, 1.0, 1.0, 1.0, 1.0, 1.0, 1.0, 1.0, 1.0, 1.0, 1.0, 1.0, 1.0, 1.0, 1.0, 0.0, 0.0, 1.0, 1.0, 1.0, 1.0, 1.0, 1.0, 1.0, 1.0, 1.0]",NGS-nonramp,False
101,ENTm2,0.022747094321707698,41.782322130709005,55.709762840945345,50.22895253791245,1.5,3,False,,,,,,21,15,3.1531531531531556,3.0,-36.0,0.022747094321707698,-0.361901210949251,0.36436459760089346,0.31145375859272995,-3743.1478958857497,3678.096525424263,4409.224477537074,32.0,540.0,-0.007480751253136794,1.7201733442938507,1.9695021442173697,1.40250748341889,OF1,NG,80.0,40.0,41.666666666666664,42.857142857142854,"[1.0, 1.0, 1.0, 1.0, 1.0, 1.0, 1.0, 1.0, 1.0, 1.0, 1.0, 1.0, 1.0, 1.0, 1.0, 0.0, 0.0, 0.0, 0.0, 0.0, 0.0, 0.0, 0.0, 0.0, 0.0, 0.0, 0.0, 0.0, 0.0, 0.0, 0.0, 1.0, 1.0, 1.0, 1.0, 1.0, 1.0, 0.0, 0.0, 0.0, 0.0, 0.0, 0.0, 0.0, 0.0, 0.0, 0.0, 0.0, 0.0, 0.0, 0.0, 0.0, 0.0, 0.0, 0.0, 0.0, 0.0, 0.0, 0.0, 1.0, 1.0, 1.0, 1.0, 0.0, 0.0, 0.0, 0.0, 0.0, 0.0, 0.0, 0.0, 0.0, 0.0, 0.0, 0.0, 0.0, 0.0, 0.0, 0.0, 0.0, 0.0, 0.0, 0.0, 0.0]",NGS-nonramp,False
106,ENTm2,-0.43008772982251153,40.29596462723543,53.7279528363139,31.80387815823761,1.5,3,False,,,,,,21,15,3.1531531531531556,-34.0,41.0,-0.43008772982251153,-0.4850310668417989,0.045737977741809224,0.04266627269988503,-3742.94666167054,3693.0289730421714,4410.632139758292,32.0,525.0,-0.02099447636902126,15.857243693031837,17.571806067168076,13.467959980379337,OF1,NG,53.125,36.111111111111114,71.42857142857143,66.66666666666667,"[1.0, 1.0, 1.0, 1.0, 1.0, 1.0, 1.0, 1.0, 1.0, 1.0, 1.0, 0.0, 0.0, 0.0, 0.0, 0.0, 0.0, 0.0, 0.0, 1.0, 1.0, 1.0, 1.0, 1.0, 1.0, 1.0, 1.0, 1.0, 1.0, 1.0, 1.0, 1.0, 1.0, 1.0, 1.0, 1.0, 1.0, 1.0, 1.0, 1.0, 1.0, 1.0, 1.0, 1.0, 1.0, 1.0, 1.0, 1.0, 1.0, 1.0, 1.0, 1.0, 1.0, 1.0, 1.0, 1.0, 1.0, 1.0, 1.0, 0.0, 0.0, 0.0, 0.0, 0.0, 0.0, 1.0, 1.0, 0.0, 0.0, 1.0, 1.0, 1.0, 1.0, 1.0, 1.0, 1.0, 1.0, 1.0, 1.0, 1.0, 1.0, 1.0, 1.0, 1.0]",NGS-ramp,False
107,ENTm2,-0.40957598214313257,37.701512778716825,50.26868370495577,51.197052546507855,1.5,3,False,,,,,,21,15,3.1531531531531556,3.0,-39.0,-0.40957598214313257,-0.5067490688316743,0.31864377534762295,0.26670954940246683,-3743.34913010096,3663.164077806354,4407.816815315854,32.0,555.0,0.017834020188804506,1.901765539948672,2.358306198564121,1.799097718334172,OF1,NG,68.18181818181819,52.94117647058823,41.1764705882353,35.714285714285715,"[1.0, 1.0, 1.0, 1.0, 1.0, 1.0, 1.0, 1.0, 1.0, 1.0, 1.0, 1.0, 1.0, 1.0, 1.0, 0.0, 0.0, 0.0, 0.0, 0.0, 0.0, 1.0, 1.0, 1.0, 1.0, 0.0, 0.0, 1.0, 1.0, 1.0, 1.0, 0.0, 0.0, 1.0, 1.0, 1.0, 1.0, 1.0, 1.0, 1.0, 1.0, 1.0, 1.0, 1.0, 1.0, 1.0, 1.0, 1.0, 1.0, 0.0, 0.0, 0.0, 0.0, 0.0, 0.0, 0.0, 0.0, 0.0, 0.0, 0.0, 0.0, 0.0, 0.0, 0.0, 0.0, 0.0, 0.0, 0.0, 0.0, 0.0, 0.0, 0.0, 0.0, 0.0, 0.0, 0.0, 0.0, 0.0, 0.0, 0.0, 0.0, 0.0, 0.0, 0.0]",NGS-nonramp,False
108,ENTm2,-0.4850852059127061,26.19674567286995,34.92899423049327,16.474113926644076,1.5,3,False,,,,,,21,15,3.1531531531531556,12.0,-29.0,-0.4850852059127061,-0.5637731281572695,0.057373118914895084,0.06183873945294542,-3743.34913010096,3663.164077806354,4407.816815315854,32.0,555.0,-0.007011782949485231,13.405277383651091,11.946066219495423,16.947844884783038,OF1,NG,51.851851851851855,37.5,66.66666666666667,53.84615384615385,"[0.0, 0.0, 0.0, 0.0, 0.0, 0.0, 0.0, 0.0, 0.0, 1.0, 1.0, 1.0, 1.0, 1.0, 1.0, 1.0, 1.0, 1.0, 1.0, 1.0, 1.0, 1.0, 1.0, 1.0, 1.0, 1.0, 1.0, 1.0, 1.0, 1.0, 1.0, 1.0, 1.0, 1.0, 1.0, 1.0, 1.0, 1.0, 1.0, 1.0, 1.0, 1.0, 1.0, 1.0, 1.0, 1.0, 1.0, 1.0, 1.0, 0.0, 0.0, 1.0, 1.0, 1.0, 1.0, 0.0, 0.0, 0.0, 0.0, 0.0, 0.0, 0.0, 0.0, 0.0, 0.0, 0.0, 0.0, 0.0, 0.0, 1.0, 1.0, 1.0, 1.0, 1.0, 1.0, 1.0, 1.0, 1.0, 1.0, 1.0, 1.0, 1.0, 1.0, 1.0]",NGS-nonramp,False
113,ENTm2,-0.13689521230528412,26.07883406693837,34.77177875591783,1.6318076667539851,1.5,3,False,,,,,,21,15,3.1531531531531556,-4.0,13.0,-0.13689521230528412,-0.40657265982539315,0.0670486134801411,0.05346225943559307,-3740.1293826576057,3902.08323969289,4430.339410855364,32.0,315.0,0.0424257647853713,2.445127122791149,3.514032415078988,1.429169011816556,OF1,NG,40.0,0.0,62.06896551724138,45.23809523809524,"[0.0, 0.0, 0.0, 0.0, 0.0, 0.0, 0.0, 0.0, 0.0, 0.0, 0.0, 0.0, 0.0, 0.0, 0.0, 0.0, 0.0, 0.0, 0.0, 0.0, 0.0, 0.0, 0.0, 0.0, 0.0, 0.0, 0.0, 0.0, 0.0, 0.0, 0.0, 0.0, 0.0, 0.0, 0.0, 0.0, 0.0, 0.0, 0.0, 1.0, 1.0, 0.0, 0.0, 0.0, 0.0, 0.0, 0.0, 0.0, 0.0, 0.0, 0.0, 0.0, 0.0, 0.0, 0.0, 0.0, 0.0, 0.0, 0.0, 0.0, 0.0, 0.0, 0.0, 0.0, 0.0, 0.0, 0.0, 0.0, 0.0, 0.0, 0.0, 0.0, 0.0, 1.0, 1.0, 1.0, 1.0, 1.0, 1.0, 1.0, 1.0, 1.0, 1.0, 1.0]",NGS-nonramp,False
114,ENTm2,-0.38532796317797496,22.242192445309907,29.65625659374654,14.69899577636225,1.5,3,False,,,,,,21,15,3.1531531531531556,1.0,-28.0,-0.38532796317797496,-0.3224414122837676,0.2617361036856856,0.2599018576007932,-3743.550364316169,3648.2316301884457,4406.409153094634,32.0,570.0,-0.02357828186999089,1.9399706512422836,2.430641836582121,1.7302221033068683,OF1,NG,50.0,37.5,69.23076923076923,47.61904761904762,"[1.0, 1.0, 1.0, 1.0, 1.0, 1.0, 1.0, 1.0, 1.0, 1.0, 1.0, 0.0, 0.0, 0.0, 0.0, 0.0, 0.0, 1.0, 1.0, 0.0, 0.0, 0.0, 0.0, 0.0, 0.0, 0.0, 0.0, 0.0, 0.0, 0.0, 0.0, 0.0, 0.0, 0.0, 0.0, 0.0, 0.0, 0.0, 0.0, 0.0, 0.0, 1.0, 1.0, 0.0, 0.0, 1.0, 1.0, 1.0, 1.0, 1.0, 1.0, 1.0, 1.0, 1.0, 1.0, 1.0, 1.0, 0.0, 0.0, 0.0, 0.0, 1.0, 1.0, 1.0, 1.0, 1.0, 1.0, 1.0, 1.0, 1.0, 1.0, 1.0, 1.0, 1.0, 1.0, 1.0, 1.0, 1.0, 1.0, 1.0, 1.0, 1.0, 1.0, 1.0]",NGS-nonramp,False
117,ENTm2,-0.6165881903973478,33.54042831477536,44.720571086367144,52.009682819276975,1.5,3,False,,,,,,21,15,3.1531531531531556,-6.0,-49.0,-0.6165881903973478,-0.250648132004478,0.05238487561679677,0.05160231213244513,-3743.550364316169,3648.2316301884457,4406.409153094634,32.0,570.0,-0.01231989603046966,8.438848749501899,8.033365799430866,7.484668649136452,OF1,NG,76.19047619047619,47.05882352941177,33.333333333333336,27.272727272727273,"[1.0, 1.0, 1.0, 1.0, 1.0, 1.0, 1.0, 1.0, 1.0, 1.0, 1.0, 1.0, 1.0, 1.0, 1.0, 1.0, 1.0, 1.0, 1.0, 1.0, 1.0, 1.0, 1.0, 1.0, 1.0, 1.0, 1.0, 1.0, 1.0, 1.0, 1.0, 1.0, 1.0, 1.0, 1.0, 1.0, 1.0, 1.0, 1.0, 0.0, 0.0, 0.0, 0.0, 0.0, 0.0, 0.0, 0.0, 0.0, 0.0, 1.0, 1.0, 0.0, 0.0, 0.0, 0.0, 0.0, 0.0, 1.0, 1.0, 1.0, 1.0, 1.0, 1.0, 1.0, 1.0, 1.0, 1.0, 1.0, 1.0, 1.0, 1.0, 0.0, 0.0, 0.0, 0.0, 0.0, 0.0, 0.0, 0.0, 0.0, 0.0, 0.0, 0.0, 0.0]",NGS-nonramp,False
118,ENTm3,-0.43677966871764096,35.17263781259412,46.89685041679216,54.890026267780975,1.5,3,False,,,,,,21,15,3.1531531531531556,-6.0,24.0,-0.43677966871764096,-0.25635486732544926,0.16688188849812513,0.16831553280579806,-3743.7515985313785,3633.2991825705376,4405.001490873415,32.0,585.0,-0.022473939237337467,4.071910195033949,4.768398137982038,3.6870671979938976,OF1,NG,70.0,36.36363636363637,42.10526315789474,47.82608695652174,"[1.0, 1.0, 1.0, 1.0, 1.0, 1.0, 1.0, 1.0, 1.0, 1.0, 1.0, 1.0, 1.0, 1.0, 1.0, 1.0, 1.0, 1.0, 1.0, 1.0, 1.0, 1.0, 1.0, 1.0, 1.0, 1.0, 1.0, 1.0, 1.0, 0.0, 0.0, 0.0, 0.0, 1.0, 1.0, 0.0, 0.0, 0.0, 0.0, 0.0, 0.0, 0.0, 0.0, 0.0, 0.0, 0.0, 0.0, 0.0, 0.0, 0.0, 0.0, 0.0, 0.0, 0.0, 0.0, 0.0, 0.0, 0.0, 0.0, 0.0, 0.0, 0.0, 0.0, 0.0, 0.0, 0.0, 0.0, 1.0, 1.0, 0.0, 0.0, 0.0, 0.0, 0.0, 0.0, 1.0, 1.0, 1.0, 1.0, 1.0, 1.0, 1.0, 1.0, 1.0]",NGS-nonramp,False
119,ENTm3,-0.2680224158474388,29.92529225653894,39.90038967538525,45.31563569265689,1.5,3,False,,,,,,21,15,3.1531531531531556,-1.0,9.0,-0.2680224158474388,-0.3401858091679065,0.11659353106015594,0.11424360431448241,-3743.7515985313785,3633.2991825705376,4405.001490873415,0.0,585.0,0.011175841533413236,6.401006979822277,6.819277874969657,6.218246050247316,OF1,NG,55.55555555555556,37.5,57.142857142857146,47.61904761904762,"[1.0, 1.0, 1.0, 1.0, 1.0, 1.0, 1.0, 1.0, 1.0, 1.0, 1.0, 0.0, 0.0, 0.0, 0.0, 0.0, 0.0, 1.0, 1.0, 1.0, 1.0, 1.0, 1.0, 1.0, 1.0, 0.0, 0.0, 1.0, 1.0, 0.0, 0.0, 0.0, 0.0, 0.0, 0.0, 0.0, 0.0, 0.0, 0.0, 0.0, 0.0, 0.0, 0.0, 0.0, 0.0, 0.0, 0.0, 0.0, 0.0, 0.0, 0.0, 0.0, 0.0, 0.0, 0.0, 0.0, 0.0, 1.0, 1.0, 1.0, 1.0, 1.0, 1.0, 0.0, 0.0, 1.0, 1.0, 1.0, 1.0, 1.0, 1.0, 0.0, 0.0, 0.0, 0.0, 1.0, 1.0, 1.0, 1.0, 1.0, 1.0, 1.0, 1.0, 1.0]",NGS-nonramp,False
124,ENTm3,-0.36055894868620725,22.409515786976293,29.87935438263506,34.00485408172106,1.5,3,False,,,,,,21,15,3.1531531531531556,-1.0,46.0,-0.36055894868620725,-0.35373007152484626,0.06975971933624361,0.07158395118197164,-3744.3553011770073,3588.501839716812,4400.778504209757,32.0,630.0,-0.024405952208561846,8.910516790163772,9.00003296203505,9.659249559071087,OF1,NG,71.42857142857143,57.142857142857146,48.0,39.473684210526315,"[1.0, 1.0, 1.0, 1.0, 1.0, 1.0, 1.0, 1.0, 1.0, 0.0, 0.0, 0.0, 0.0, 0.0, 0.0, 0.0, 0.0, 0.0, 0.0, 0.0, 0.0, 0.0, 0.0, 0.0, 0.0, 0.0, 0.0, 1.0, 1.0, 1.0, 1.0, 1.0, 1.0, 0.0, 0.0, 0.0, 0.0, 0.0, 0.0, 1.0, 1.0, 1.0, 1.0, 1.0, 1.0, 0.0, 0.0, 0.0, 0.0, 0.0, 0.0, 0.0, 0.0, 0.0, 0.0, 0.0, 0.0, 0.0, 0.0, 0.0, 0.0, 0.0, 0.0, 0.0, 0.0, 0.0, 0.0, 0.0, 0.0, 0.0, 0.0, 0.0, 0.0, 0.0, 0.0, 0.0, 0.0, 0.0, 0.0, 0.0, 0.0, 0.0, 0.0, 0.0]",NGS-nonramp,False
125,ENTm3,-0.10935215305155527,27.467554460731954,36.6234059476426,23.170166771727114,1.5,3,False,,,,,,21,15,3.1531531531531556,3.0,-3.0,-0.10935215305155527,-0.18034439468068514,0.044913295194598496,0.04149101446432095,-3744.556535392217,3573.569392098904,4399.370841988537,32.0,645.0,-0.0029326468544099604,9.770131794270036,10.746774220992442,8.693880051672263,OF1,NG,35.0,34.48275862068966,78.94736842105263,56.25,"[0.0, 0.0, 0.0, 0.0, 0.0, 0.0, 0.0, 0.0, 0.0, 1.0, 1.0, 1.0, 1.0, 0.0, 0.0, 0.0, 0.0, 0.0, 0.0, 0.0, 0.0, 0.0, 0.0, 1.0, 1.0, 0.0, 0.0, 1.0, 1.0, 1.0, 1.0, 0.0, 0.0, 0.0, 0.0, 0.0, 0.0, 0.0, 0.0, 0.0, 0.0, 0.0, 0.0, 0.0, 0.0, 1.0, 1.0, 1.0, 1.0, 1.0, 1.0, 1.0, 1.0, 1.0, 1.0, 1.0, 1.0, 1.0, 1.0, 1.0, 1.0, 1.0, 1.0, 1.0, 1.0, 1.0, 1.0, 1.0, 1.0, 1.0, 1.0, 1.0, 1.0, 1.0, 1.0, 1.0, 1.0, 1.0, 1.0, 1.0, 1.0, 1.0, 1.0, 1.0]",NGS-nonramp,False
126,ENTm3,-0.4264177884926242,31.503891352760874,42.00518847034783,3.659648322814491,1.5,3,False,,,,,,21,15,3.1531531531531556,1.0,-15.0,-0.4264177884926242,-0.5316254550199658,0.1986106536555038,0.20171267634832418,-3744.3553011770073,3588.501839716812,4400.778504209757,32.0,630.0,-0.005344192480888318,2.653132728723035,3.1466002537830096,1.4530532976727986,OF1,NG,61.111111111111114,50.0,52.38095238095238,33.333333333333336,"[0.0, 0.0, 0.0, 0.0, 0.0, 0.0, 0.0, 0.0, 0.0, 0.0, 0.0, 1.0, 1.0, 1.0, 1.0, 1.0, 1.0, 0.0, 0.0, 1.0, 1.0, 1.0, 1.0, 1.0, 1.0, 1.0, 1.0, 1.0, 1.0, 1.0, 1.0, 1.0, 1.0, 1.0, 1.0, 1.0, 1.0, 1.0, 1.0, 1.0, 1.0, 1.0, 1.0, 1.0, 1.0, 1.0, 1.0, 1.0, 1.0, 1.0, 1.0, 1.0, 1.0, 1.0, 1.0, 0.0, 0.0, 0.0, 0.0, 0.0, 0.0, 0.0, 0.0, 0.0, 0.0, 0.0, 0.0, 0.0, 0.0, 0.0, 0.0, 0.0, 0.0, 0.0, 0.0, 0.0, 0.0, 0.0, 0.0, 0.0, 0.0, 0.0, 0.0, 0.0]",NGS-ramp,False
127,ENTm3,-0.16816026482648702,38.28838843331375,51.05118457775167,43.041304575619954,1.5,3,False,,,,,,21,15,3.1531531531531556,38.0,-23.0,-0.16816026482648702,-0.3173568656164668,0.08071212076780675,0.08559158275932231,-3744.3553011770073,3588.501839716812,4400.778504209757,32.0,630.0,-0.047782773329156945,4.831767408540227,5.241045772758743,4.899611291579418,OF1,NG,61.111111111111114,44.73684210526316,0.0,28.571428571428573,"[1.0, 1.0, 1.0, 1.0, 1.0, 1.0, 1.0, 1.0, 1.0, 1.0, 1.0, 1.0, 1.0, 1.0, 1.0, 1.0, 1.0, 1.0, 1.0, 1.0, 1.0, 1.0, 1.0, 1.0, 1.0, 1.0, 1.0, 1.0, 1.0, 1.0, 1.0, 1.0, 1.0, 1.0, 1.0, 1.0, 1.0, 1.0, 1.0, 1.0, 1.0, 1.0, 1.0, 1.0, 1.0, 1.0, 1.0, 1.0, 1.0, 1.0, 1.0, 1.0, 1.0, 1.0, 1.0, 0.0, 0.0, 0.0, 0.0, 0.0, 0.0, 0.0, 0.0, 1.0, 1.0, 1.0, 1.0, 1.0, 1.0, 1.0, 1.0, 0.0, 0.0, 1.0, 1.0, 1.0, 1.0, 1.0, 1.0, 1.0, 1.0, 1.0, 1.0, 1.0]",NGS-nonramp,False
128,ENTm3,0.0034688462055394997,32.78447625287517,43.71263500383356,26.295189116543458,1.5,3,False,,,,,,21,15,3.1531531531531556,38.0,48.0,0.0034688462055394997,-0.33271606533786857,0.03000802957488698,0.030766607444944274,-3744.556535392217,3573.569392098904,4399.370841988537,32.0,645.0,0.04424255992252836,21.786346798171916,24.793039930669575,18.138726486545455,OF2,NG,58.333333333333336,40.476190476190474,33.333333333333336,66.66666666666667,"[1.0, 1.0, 1.0, 1.0, 1.0, 1.0, 1.0, 1.0, 1.0, 1.0, 1.0, 1.0, 1.0, 1.0, 1.0, 1.0, 1.0, 1.0, 1.0, 1.0, 1.0, 0.0, 0.0, 1.0, 1.0, 1.0, 1.0, 1.0, 1.0, 1.0, 1.0, 1.0, 1.0, 1.0, 1.0, 1.0, 1.0, 1.0, 1.0, 1.0, 1.0, 1.0, 1.0, 0.0, 0.0, 1.0, 1.0, 1.0, 1.0, 1.0, 1.0, 1.0, 1.0, 1.0, 1.0, 0.0, 0.0, 1.0, 1.0, 1.0, 1.0, 1.0, 1.0, 1.0, 1.0, 1.0, 1.0, 1.0, 1.0, 1.0, 1.0, 1.0, 1.0, 1.0, 1.0, 1.0, 1.0, 1.0, 1.0, 1.0, 1.0, 1.0, 1.0, 1.0]",NGS-nonramp,False
130,ENTm3,0.14402291976883078,39.612032594165804,52.81604345888774,9.561590084691693,1.5,3,False,,,,,,21,15,3.1531531531531556,-39.0,-7.0,0.14402291976883078,0.43092225604347295,0.19213657170273282,0.1887097878431969,-3744.556535392217,3573.569392098904,4399.370841988537,0.0,645.0,0.012772438238690183,3.7389125583266662,2.8071159526303497,4.846288234784085,OF1,NG,81.81818181818181,41.1764705882353,23.529411764705884,42.857142857142854,"[1.0, 1.0, 1.0, 1.0, 1.0, 1.0, 1.0, 1.0, 1.0, 1.0, 1.0, 1.0, 1.0, 1.0, 1.0, 1.0, 1.0, 1.0, 1.0, 1.0, 1.0, 0.0, 0.0, 1.0, 1.0, 0.0, 0.0, 0.0, 0.0, 0.0, 0.0, 1.0, 1.0, 1.0, 1.0, 1.0, 1.0, 1.0, 1.0, 1.0, 1.0, 1.0, 1.0, 1.0, 1.0, 0.0, 0.0, 0.0, 0.0, 0.0, 0.0, 0.0, 0.0, 0.0, 0.0, 0.0, 0.0, 0.0, 0.0, 0.0, 0.0, 0.0, 0.0, 0.0, 0.0, 0.0, 0.0, 1.0, 1.0, 0.0, 0.0, 0.0, 0.0, 0.0, 0.0, 0.0, 0.0, 0.0, 0.0, 0.0, 0.0, 0.0, 0.0, 0.0]",NGS-nonramp,False
134,ENTm3,0.21483976314621703,34.2561932014315,45.67492426857533,51.80134205322539,1.5,3,False,,,,,,21,15,3.1531531531531556,-8.0,48.0,0.21483976314621703,-0.15150290529754268,0.046238471184813425,0.04932501075709639,-3744.757769607427,3558.636944480995,4397.963179767318,32.0,660.0,-0.0024857986862744414,12.172337125360954,14.47370357069259,9.73256876216467,OF1,NG,42.857142857142854,44.44444444444444,64.0,40.74074074074074,"[0.0, 0.0, 0.0, 0.0, 0.0, 0.0, 0.0, 0.0, 0.0, 0.0, 0.0, 0.0, 0.0, 0.0, 0.0, 0.0, 0.0, 0.0, 0.0, 0.0, 0.0, 0.0, 0.0, 1.0, 1.0, 1.0, 1.0, 1.0, 1.0, 1.0, 1.0, 1.0, 1.0, 1.0, 1.0, 1.0, 1.0, 1.0, 1.0, 0.0, 0.0, 0.0, 0.0, 1.0, 1.0, 1.0, 1.0, 0.0, 0.0, 1.0, 1.0, 1.0, 1.0, 0.0, 0.0, 1.0, 1.0, 1.0, 1.0, 1.0, 1.0, 1.0, 1.0, 0.0, 0.0, 0.0, 0.0, 0.0, 0.0, 0.0, 0.0, 0.0, 0.0, 0.0, 0.0, 0.0, 0.0, 0.0, 0.0, 0.0, 0.0, 0.0, 0.0, 0.0]",NGS-nonramp,False
135,ENTm3,-0.3721232334359157,39.75224767026453,53.002996893686046,0.2465167747450021,1.5,3,False,,,,,,21,15,3.1531531531531556,39.0,-22.0,-0.3721232334359157,-0.3482424794156164,0.047347923825228934,0.04672790587578712,-3744.757769607427,3558.636944480995,4397.963179767318,32.0,660.0,-0.010434586268381285,15.120734047538322,18.388869978416853,10.03584364768812,OF1,NG,67.74193548387096,47.05882352941177,12.5,27.272727272727273,"[1.0, 1.0, 1.0, 1.0, 1.0, 1.0, 1.0, 1.0, 1.0, 1.0, 1.0, 1.0, 1.0, 1.0, 1.0, 1.0, 1.0, 1.0, 1.0, 1.0, 1.0, 1.0, 1.0, 1.0, 1.0, 1.0, 1.0, 1.0, 1.0, 1.0, 1.0, 1.0, 1.0, 1.0, 1.0, 1.0, 1.0, 1.0, 1.0, 1.0, 1.0, 1.0, 1.0, 1.0, 1.0, 1.0, 1.0, 1.0, 1.0, 1.0, 1.0, 1.0, 1.0, 0.0, 0.0, 0.0, 0.0, 0.0, 0.0, 0.0, 0.0, 1.0, 1.0, 0.0, 0.0, 1.0, 1.0, 1.0, 1.0, 1.0, 1.0, 1.0, 1.0, 1.0, 1.0, 0.0, 0.0, 0.0, 0.0, 0.0, 0.0, 0.0, 0.0, 0.0]",NGS-nonramp,False
138,ENTm3,-0.602592550767697,26.988467908135092,35.98462387751346,33.45409219354591,1.5,3,False,,,,,,21,15,3.1531531531531556,31.0,32.0,-0.602592550767697,-0.22978474346616576,0.12557915408179354,0.14443375998843755,-3745.160238037846,3528.772049245178,4395.147855324879,32.0,690.0,-0.013050829332871638,2.746758834794417,3.44087478117442,1.4413888789988196,OF2,NG,75.0,0.0,54.285714285714285,46.34146341463415,"[0.0, 0.0, 0.0, 0.0, 0.0, 0.0, 0.0, 0.0, 0.0, 1.0, 1.0, 1.0, 1.0, 0.0, 0.0, 0.0, 0.0, 0.0, 0.0, 0.0, 0.0, 0.0, 0.0, 0.0, 0.0, 0.0, 0.0, 0.0, 0.0, 0.0, 0.0, 0.0, 0.0, 0.0, 0.0, 0.0, 0.0, 0.0, 0.0, 0.0, 0.0, 0.0, 0.0, 0.0, 0.0, 0.0, 0.0, 0.0, 0.0, 0.0, 0.0, 0.0, 0.0, 0.0, 0.0, 0.0, 0.0, 0.0, 0.0, 0.0, 0.0, 0.0, 0.0, 0.0, 0.0, 0.0, 0.0, 0.0, 0.0, 0.0, 0.0, 1.0, 1.0, 1.0, 1.0, 0.0, 0.0, 0.0, 0.0, 0.0, 0.0, 0.0, 0.0, 0.0]",NGS-nonramp,False
139,ENTm3,-0.12569801419743515,31.069641205034692,41.42618827337959,23.885720489745147,1.5,3,False,,,,,,21,15,3.1531531531531556,4.0,44.0,-0.12569801419743515,-0.3989056692164104,0.12154593347938956,0.11164560655501687,-3745.160238037846,3528.772049245178,4395.147855324879,0.0,690.0,-0.0054150334900681775,2.463993844417624,3.6463737528164657,1.3880658222034876,OF1,NG,69.23076923076923,48.148148148148145,30.76923076923077,33.333333333333336,"[1.0, 1.0, 1.0, 1.0, 1.0, 1.0, 1.0, 1.0, 1.0, 1.0, 1.0, 1.0, 1.0, 1.0, 1.0, 1.0, 1.0, 1.0, 1.0, 1.0, 1.0, 1.0, 1.0, 1.0, 1.0, 1.0, 1.0, 1.0, 1.0, 1.0, 1.0, 1.0, 1.0, 1.0, 1.0, 1.0, 1.0, 1.0, 1.0, 1.0, 1.0, 1.0, 1.0, 1.0, 1.0, 1.0, 1.0, 1.0, 1.0, 0.0, 0.0, 0.0, 0.0, 1.0, 1.0, 0.0, 0.0, 0.0, 0.0, 1.0, 1.0, 0.0, 0.0, 0.0, 0.0, 0.0, 0.0, 0.0, 0.0, 0.0, 0.0, 0.0, 0.0, 0.0, 0.0, 0.0, 0.0, 0.0, 0.0, 0.0, 0.0, 0.0, 0.0, 0.0]",NGS-nonramp,False
140,ENTm3,-0.13084985726833576,31.924125117069927,42.565500156093236,39.904117957195375,1.5,3,False,,,,,,21,15,3.1531531531531556,32.0,5.0,-0.13084985726833576,0.19920983850091945,0.03847062742246807,0.03630635912752762,-3745.361472253056,3513.839601627269,4393.74019310366,0.0,705.0,0.062212447171341015,6.390630282927717,9.005786933241028,3.03385975225108,OF1,NG,100.0,20.0,55.26315789473684,45.0,"[0.0, 0.0, 0.0, 0.0, 0.0, 0.0, 0.0, 0.0, 0.0, 0.0, 0.0, 1.0, 1.0, 0.0, 0.0, 0.0, 0.0, 0.0, 0.0, 1.0, 1.0, 0.0, 0.0, 0.0, 0.0, 0.0, 0.0, 0.0, 0.0, 0.0, 0.0, 0.0, 0.0, 0.0, 0.0, 0.0, 0.0, 0.0, 0.0, 0.0, 0.0, 0.0, 0.0, 0.0, 0.0, 0.0, 0.0, 0.0, 0.0, 0.0, 0.0, 0.0, 0.0, 1.0, 1.0, 0.0, 0.0, 0.0, 0.0, 0.0, 0.0, 0.0, 0.0, 0.0, 0.0, 0.0, 0.0, 0.0, 0.0, 0.0, 0.0, 0.0, 0.0, 0.0, 0.0, 0.0, 0.0, 0.0, 0.0, 0.0, 0.0, 0.0, 0.0, 0.0]",NGS-nonramp,False
141,ENTm3,-0.18507977563348194,25.485241620625835,33.98032216083445,58.96692124429361,1.5,3,False,,,,,,21,15,3.1531531531531556,4.0,37.0,-0.18507977563348194,-0.2574316353735429,0.04422847792026015,0.04259638675639989,-3745.361472253056,3513.839601627269,4393.74019310366,32.0,705.0,0.00033687464140892573,20.46661962039999,23.97186603998796,18.244817151627835,OF1,NG,62.96296296296296,44.827586206896555,41.666666666666664,37.5,"[1.0, 1.0, 1.0, 1.0, 1.0, 1.0, 1.0, 1.0, 1.0, 1.0, 1.0, 1.0, 1.0, 1.0, 1.0, 1.0, 1.0, 1.0, 1.0, 1.0, 1.0, 1.0, 1.0, 1.0, 1.0, 1.0, 1.0, 1.0, 1.0, 1.0, 1.0, 1.0, 1.0, 1.0, 1.0, 1.0, 1.0, 1.0, 1.0, 1.0, 1.0, 0.0, 0.0, 0.0, 0.0, 0.0, 0.0, 0.0, 0.0, 0.0, 0.0, 0.0, 0.0, 0.0, 0.0, 0.0, 0.0, 0.0, 0.0, 1.0, 1.0, 1.0, 1.0, 0.0, 0.0, 1.0, 1.0, 0.0, 0.0, 0.0, 0.0, 0.0, 0.0, 0.0, 0.0, 1.0, 1.0, 1.0, 1.0, 1.0, 1.0, 1.0, 1.0, 1.0]",NGS-ramp,False
147,ENTm2,-0.7480081476346371,24.978456474572994,33.30460863276399,36.85744768379868,1.5,3,False,,,,,,21,15,3.1531531531531556,36.0,-7.0,-0.7480081476346371,-0.2725602254067675,0.13977378953979389,0.15216087247470533,-3605.848548748005,4320.071796658865,4186.053950345857,250.0,90.0,0.0526616010943844,2.749824677058719,2.341044284946189,2.314553934022382,OF2,NG,53.333333333333336,52.94117647058823,58.333333333333336,35.714285714285715,"[0.0, 0.0, 0.0, 0.0, 0.0, 0.0, 0.0, 0.0, 0.0, 0.0, 0.0, 0.0, 0.0, 0.0, 0.0, 0.0, 0.0, 0.0, 0.0, 0.0, 0.0, 1.0, 1.0, 1.0, 1.0, 1.0, 1.0, 1.0, 1.0, 1.0, 1.0, 1.0, 1.0, 1.0, 1.0, 1.0, 1.0, 1.0, 1.0, 1.0, 1.0, 1.0, 1.0, 1.0, 1.0, 1.0, 1.0, 1.0, 1.0, 1.0, 1.0, 0.0, 0.0, 0.0, 0.0, 1.0, 1.0, 0.0, 0.0, 0.0, 0.0, 0.0, 0.0, 0.0, 0.0, 0.0, 0.0, 0.0, 0.0, 0.0, 0.0, 0.0, 0.0, 0.0, 0.0, 0.0, 0.0, 0.0, 0.0, 0.0, 0.0, 0.0, 0.0, 0.0]",NGS-ramp,False
148,ENTm2,0.25984641702529404,29.145172738083218,38.86023031744429,22.04081839739623,1.5,3,False,,,,,,21,15,3.1531531531531556,14.0,-38.0,0.25984641702529404,-0.2701228612066823,0.3613310192520054,0.3138049494123568,-3605.848548748005,4320.071796658865,4186.053950345857,250.0,90.0,0.0587505486550443,2.643227699869136,2.1922630294773477,3.3899022460615784,OF1,NG,54.054054054054056,44.18604651162791,100.0,0.0,"[1.0, 1.0, 1.0, 1.0, 1.0, 1.0, 1.0, 1.0, 1.0, 0.0, 0.0, 1.0, 1.0, 1.0, 1.0, 1.0, 1.0, 1.0, 1.0, 1.0, 1.0, 1.0, 1.0, 1.0, 1.0, 1.0, 1.0, 1.0, 1.0, 1.0, 1.0, 1.0, 1.0, 1.0, 1.0, 1.0, 1.0, 1.0, 1.0, 1.0, 1.0, 1.0, 1.0, 1.0, 1.0, 1.0, 1.0, 1.0, 1.0, 0.0, 0.0, 1.0, 1.0, 1.0, 1.0, 1.0, 1.0, 1.0, 1.0, 1.0, 1.0, 1.0, 1.0, 1.0, 1.0, 1.0, 1.0, 1.0, 1.0, 1.0, 1.0, 1.0, 1.0, 1.0, 1.0, 1.0, 1.0, 1.0, 1.0, 1.0, 1.0, 1.0, 1.0, 1.0]",NGS-nonramp,False
151,ENTm2,-0.002573753857224484,27.547288411592177,36.729717882122905,59.27030977042748,1.5,3,False,,,,,,21,15,3.1531531531531556,6.0,-50.0,-0.002573753857224484,0.08071854137067577,0.16308040717213182,0.14731810922961772,-3605.8401345416873,4335.037475807213,4187.068039508524,250.0,75.0,0.0148388355896511,2.3357001373575947,2.0993774942951426,2.267340810818182,OF1,NG,43.47826086956522,34.61538461538461,75.0,52.63157894736842,"[0.0, 0.0, 0.0, 0.0, 0.0, 0.0, 0.0, 0.0, 0.0, 0.0, 0.0, 0.0, 0.0, 0.0, 0.0, 0.0, 0.0, 0.0, 0.0, 0.0, 0.0, 1.0, 1.0, 1.0, 1.0, 1.0, 1.0, 1.0, 1.0, 1.0, 1.0, 1.0, 1.0, 1.0, 1.0, 1.0, 1.0, 1.0, 1.0, 1.0, 1.0, 1.0, 1.0, 1.0, 1.0, 1.0, 1.0, 1.0, 1.0, 1.0, 1.0, 0.0, 0.0, 1.0, 1.0, 1.0, 1.0, 1.0, 1.0, 0.0, 0.0, 0.0, 0.0, 0.0, 0.0, 0.0, 0.0, 0.0, 0.0, 0.0, 0.0, 1.0, 1.0, 1.0, 1.0, 1.0, 1.0, 1.0, 1.0, 1.0, 1.0, 1.0, 1.0, 1.0]",NGS-nonramp,False
152,ENTm2,-0.2494318940298733,27.05765266925131,36.076870225668415,2.847949126804314,1.5,3,False,,,,,,21,15,3.1531531531531556,-2.0,24.0,-0.2494318940298733,-0.7397402677807688,0.048533696686395365,0.04815273445675969,-3605.848548748005,4320.071796658865,4186.053950345857,282.0,90.0,0.016633461235959084,11.18348507811334,11.356695168826034,11.509448540167453,OF1,NG,58.62068965517241,44.44444444444444,50.0,38.888888888888886,"[1.0, 1.0, 1.0, 1.0, 1.0, 1.0, 1.0, 1.0, 1.0, 1.0, 1.0, 1.0, 1.0, 1.0, 1.0, 1.0, 1.0, 1.0, 1.0, 1.0, 1.0, 1.0, 1.0, 1.0, 1.0, 1.0, 1.0, 1.0, 1.0, 1.0, 1.0, 1.0, 1.0, 0.0, 0.0, 1.0, 1.0, 0.0, 0.0, 0.0, 0.0, 1.0, 1.0, 0.0, 0.0, 1.0, 1.0, 1.0, 1.0, 1.0, 1.0, 1.0, 1.0, 0.0, 0.0, 0.0, 0.0, 0.0, 0.0, 0.0, 0.0, 0.0, 0.0, 0.0, 0.0, 0.0, 0.0, 0.0, 0.0, 0.0, 0.0, 0.0, 0.0, 1.0, 1.0, 1.0, 1.0, 1.0, 1.0, 1.0, 1.0, 1.0, 1.0, 1.0]",NGS-ramp,False
156,ENTm2,-0.42905492657377126,32.01394925212896,42.68526566950528,41.59838910163366,1.5,3,False,,,,,,21,15,3.1531531531531556,43.0,-39.0,-0.42905492657377126,-0.4787026126978461,0.07933889640260908,0.06914001216570208,-3605.865377160641,4290.140438362169,4184.025772020524,282.0,120.0,0.04811990765067851,3.270310359929096,4.579339084071355,1.8363127683892477,OF1,NG,60.0,47.61904761904762,54.166666666666664,37.5,"[0.0, 0.0, 0.0, 0.0, 0.0, 0.0, 0.0, 0.0, 0.0, 0.0, 0.0, 0.0, 0.0, 1.0, 1.0, 0.0, 0.0, 1.0, 1.0, 1.0, 1.0, 1.0, 1.0, 1.0, 1.0, 1.0, 1.0, 1.0, 1.0, 1.0, 1.0, 1.0, 1.0, 1.0, 1.0, 1.0, 1.0, 1.0, 1.0, 1.0, 1.0, 1.0, 1.0, 1.0, 1.0, 1.0, 1.0, 0.0, 0.0, 0.0, 0.0, 1.0, 1.0, 1.0, 1.0, 0.0, 0.0, 0.0, 0.0, 0.0, 0.0, 0.0, 0.0, 0.0, 0.0, 0.0, 0.0, 0.0, 0.0, 0.0, 0.0, 0.0, 0.0, 0.0, 0.0, 0.0, 0.0, 0.0, 0.0, 0.0, 0.0, 0.0, 0.0, 0.0]",NGS-nonramp,False
164,ENTm2,-0.32716984941954924,31.66199372322193,42.21599163096257,59.503892180717514,1.5,3,False,,,,,,21,15,3.1531531531531556,12.0,45.0,-0.32716984941954924,-0.41071159657390144,0.15000667425833994,0.15025756755548067,-3605.882205573276,4260.209080065473,4181.997593695191,282.0,150.0,0.058620809612182176,3.2160685352529805,3.9258523542496486,2.228459415238252,OF1,NG,66.66666666666667,,54.54545454545455,42.22222222222222,"[0.0, 0.0, 0.0, 0.0, 0.0, 0.0, 0.0, 0.0, 0.0, 0.0, 0.0, 0.0, 0.0, 0.0, 0.0, 0.0, 0.0, 0.0, 0.0, 0.0, 0.0, 0.0, 0.0, 0.0, 0.0, 0.0, 0.0, 0.0, 0.0, 0.0, 0.0, 0.0, 0.0, 0.0, 0.0, 0.0, 0.0, 0.0, 0.0, 1.0, 1.0, 0.0, 0.0, 1.0, 1.0, 1.0, 1.0, 0.0, 0.0, 0.0, 0.0, 0.0, 0.0, 0.0, 0.0, 0.0, 0.0, 0.0, 0.0, 0.0, 0.0, 0.0, 0.0, 0.0, 0.0, 0.0, 0.0, 0.0, 0.0, 0.0, 0.0, 0.0, 0.0, 0.0, 0.0, 0.0, 0.0, 0.0, 0.0, 0.0, 0.0, 0.0, 0.0, 0.0]",NGS-nonramp,False
170,ENTm2,-0.27965010189825557,31.480134143317837,41.97351219109045,40.27458021666559,1.5,3,False,,,,,,21,15,3.1531531531531556,14.0,-41.0,-0.27965010189825557,-0.6487105440156145,0.22859309673972966,0.21423591450857418,-3605.899033985912,4230.277721768778,4179.969415369857,282.0,180.0,0.08642724899860144,2.175097169512227,2.5350353141762807,1.92740632374794,OF1,NG,56.25,41.1764705882353,57.142857142857146,45.45454545454545,"[1.0, 1.0, 1.0, 1.0, 1.0, 1.0, 1.0, 1.0, 1.0, 1.0, 1.0, 1.0, 1.0, 1.0, 1.0, 0.0, 0.0, 0.0, 0.0, 0.0, 0.0, 1.0, 1.0, 1.0, 1.0, 1.0, 1.0, 1.0, 1.0, 1.0, 1.0, 1.0, 1.0, 1.0, 1.0, 1.0, 1.0, 1.0, 1.0, 1.0, 1.0, 1.0, 1.0, 1.0, 1.0, 0.0, 0.0, 1.0, 1.0, 0.0, 0.0, 0.0, 0.0, 1.0, 1.0, 1.0, 1.0, 0.0, 0.0, 0.0, 0.0, 1.0, 1.0, 1.0, 1.0, 0.0, 0.0, 1.0, 1.0, 1.0, 1.0, 1.0, 1.0, 1.0, 1.0, 1.0, 1.0, 1.0, 1.0, 1.0, 1.0, 1.0, 1.0, 1.0]",NGS-ramp,False
172,ENTm2,-0.48911573022197474,21.60311914224332,28.804158856324428,35.1933117294915,1.5,3,False,,,,,,21,15,3.1531531531531556,16.0,40.0,-0.48911573022197474,-0.7224366724470543,0.036020220802686805,0.03718094363469359,-3605.899033985912,4230.277721768778,4179.969415369857,250.0,180.0,0.04554801510125711,11.04528634219941,13.385381016876314,6.052722394778473,OF2,NG,50.0,100.0,58.62068965517241,36.58536585365854,"[0.0, 0.0, 0.0, 0.0, 0.0, 0.0, 0.0, 0.0, 0.0, 0.0, 0.0, 0.0, 0.0, 0.0, 0.0, 0.0, 0.0, 0.0, 0.0, 0.0, 0.0, 0.0, 0.0, 0.0, 0.0, 0.0, 0.0, 0.0, 0.0, 0.0, 0.0, 0.0, 0.0, 0.0, 0.0, 1.0, 1.0, 1.0, 1.0, 1.0, 1.0, 1.0, 1.0, 1.0, 1.0, 1.0, 1.0, 1.0, 1.0, 0.0, 0.0, 0.0, 0.0, 0.0, 0.0, 0.0, 0.0, 0.0, 0.0, 0.0, 0.0, 0.0, 0.0, 0.0, 0.0, 0.0, 0.0, 0.0, 0.0, 0.0, 0.0, 0.0, 0.0, 0.0, 0.0, 0.0, 0.0, 0.0, 0.0, 0.0, 0.0, 0.0, 0.0, 0.0]",NGS-nonramp,False
175,ENTm3,-0.44840007832502593,46.05104681750017,61.4013957566669,13.683469122589246,1.5,3,False,,,,,,21,15,3.1531531531531556,-1.0,-22.0,-0.44840007832502593,-0.5437223161394897,0.037011412347424257,0.03759835767175772,-3605.9242766048656,4185.380684323734,4176.927147881858,250.0,225.0,0.2806117403032198,20.841831546746512,27.99800189239893,7.051418812674379,OF1,NG,72.72727272727273,42.10526315789474,35.294117647058826,42.30769230769231,"[1.0, 1.0, 1.0, 1.0, 1.0, 1.0, 1.0, 1.0, 1.0, 1.0, 1.0, 1.0, 1.0, 1.0, 1.0, 0.0, 0.0, 0.0, 0.0, 0.0, 0.0, 1.0, 1.0, 1.0, 1.0, 0.0, 0.0, 1.0, 1.0, 1.0, 1.0, 1.0, 1.0, 1.0, 1.0, 1.0, 1.0, 1.0, 1.0, 1.0, 1.0, 1.0, 1.0, 1.0, 1.0, 1.0, 1.0, 0.0, 0.0, 0.0, 0.0, 0.0, 0.0, 1.0, 1.0, 0.0, 0.0, 0.0, 0.0, 0.0, 0.0, 0.0, 0.0, 0.0, 0.0, 0.0, 0.0, 0.0, 0.0, 0.0, 0.0, 0.0, 0.0, 0.0, 0.0, 0.0, 0.0, 0.0, 0.0, 0.0, 0.0, 0.0, 0.0, 0.0]",NGS-nonramp,False
176,ENTm3,-0.4061614073065526,32.30629781494204,43.07506375325605,36.00493783589204,1.5,3,False,,,,,,21,15,3.1531531531531556,27.0,-49.0,-0.4061614073065526,-0.4510957113206887,0.11317823802343958,0.1260308110519112,-3605.915862398548,4200.346363472082,4177.941237044524,250.0,210.0,0.004941084722427042,3.3771431711390103,4.609752931874378,1.984617520101265,OF1,NG,71.42857142857143,45.45454545454545,38.888888888888886,39.130434782608695,"[1.0, 1.0, 1.0, 1.0, 1.0, 1.0, 1.0, 1.0, 1.0, 1.0, 1.0, 1.0, 1.0, 1.0, 1.0, 1.0, 1.0, 1.0, 1.0, 1.0, 1.0, 1.0, 1.0, 1.0, 1.0, 0.0, 0.0, 1.0, 1.0, 0.0, 0.0, 0.0, 0.0, 0.0, 0.0, 1.0, 1.0, 1.0, 1.0, 1.0, 1.0, 1.0, 1.0, 1.0, 1.0, 0.0, 0.0, 0.0, 0.0, 0.0, 0.0, 1.0, 1.0, 1.0, 1.0, 1.0, 1.0, 0.0, 0.0, 0.0, 0.0, 0.0, 0.0, 0.0, 0.0, 0.0, 0.0, 0.0, 0.0, 0.0, 0.0, 0.0, 0.0, 0.0, 0.0, 0.0, 0.0, 0.0, 0.0, 0.0, 0.0, 0.0, 0.0, 0.0]",NGS-nonramp,False
177,ENTm3,-0.46176515329065015,38.28042547329241,51.040567297723214,34.81503143138543,1.5,3,False,,,,,,21,15,3.1531531531531556,8.0,31.0,-0.46176515329065015,-0.35000204773030497,0.6327158368196215,0.5725804431210999,-3605.915862398548,4200.346363472082,4177.941237044524,282.0,210.0,0.06286006961790187,2.0444451222488884,1.7278353535663236,2.1956879532494544,OF1,NG,58.8235294117647,14.285714285714286,54.54545454545455,47.36842105263158,"[1.0, 1.0, 1.0, 1.0, 1.0, 1.0, 1.0, 1.0, 1.0, 1.0, 1.0, 1.0, 1.0, 0.0, 0.0, 0.0, 0.0, 0.0, 0.0, 0.0, 0.0, 0.0, 0.0, 0.0, 0.0, 0.0, 0.0, 0.0, 0.0, 0.0, 0.0, 0.0, 0.0, 0.0, 0.0, 0.0, 0.0, 0.0, 0.0, 0.0, 0.0, 0.0, 0.0, 0.0, 0.0, 1.0, 1.0, 0.0, 0.0, 0.0, 0.0, 0.0, 0.0, 0.0, 0.0, 0.0, 0.0, 0.0, 0.0, 0.0, 0.0, 0.0, 0.0, 0.0, 0.0, 0.0, 0.0, 0.0, 0.0, 0.0, 0.0, 0.0, 0.0, 0.0, 0.0, 1.0, 1.0, 1.0, 1.0, 1.0, 1.0, 1.0, 1.0, 1.0]",NGS-nonramp,False
181,ENTm3,-0.4381224618858779,28.848509061303893,38.46467874840519,1.9800390511687576,1.5,3,False,,,,,,21,15,3.1531531531531556,11.0,-46.0,-0.4381224618858779,-0.32010424504289,0.3803974233634682,0.39515445126973814,-3605.941105017501,4155.449326027038,4174.898969556525,282.0,255.0,0.09684010631353258,2.5385173948422,3.830500831407739,1.5985808068433922,OF1,NG,55.55555555555556,42.857142857142854,57.142857142857146,41.935483870967744,"[1.0, 1.0, 1.0, 1.0, 1.0, 1.0, 1.0, 1.0, 1.0, 0.0, 0.0, 0.0, 0.0, 0.0, 0.0, 0.0, 0.0, 0.0, 0.0, 1.0, 1.0, 1.0, 1.0, 1.0, 1.0, 1.0, 1.0, 0.0, 0.0, 0.0, 0.0, 0.0, 0.0, 0.0, 0.0, 0.0, 0.0, 1.0, 1.0, 1.0, 1.0, 0.0, 0.0, 0.0, 0.0, 0.0, 0.0, 0.0, 0.0, 0.0, 0.0, 0.0, 0.0, 0.0, 0.0, 0.0, 0.0, 0.0, 0.0, 0.0, 0.0, 0.0, 0.0, 0.0, 0.0, 0.0, 0.0, 0.0, 0.0, 0.0, 0.0, 0.0, 0.0, 1.0, 1.0, 1.0, 1.0, 1.0, 1.0, 1.0, 1.0, 1.0, 1.0, 1.0]",NGS-nonramp,False
182,ENTm3,-0.5204440109623945,47.20720908402672,62.94294544536897,23.351295590195484,1.5,3,False,,,,,,21,15,3.1531531531531556,1.0,-33.0,-0.5204440109623945,-0.3845248340334062,0.11183395844361814,0.10222683834995092,-3605.941105017501,4155.449326027038,4174.898969556525,250.0,255.0,0.03277543801582008,8.680578620341109,9.962590145206395,6.941440008034007,OF1,NG,75.0,,54.285714285714285,42.22222222222222,"[0.0, 0.0, 0.0, 0.0, 0.0, 0.0, 0.0, 0.0, 0.0, 0.0, 0.0, 0.0, 0.0, 0.0, 0.0, 0.0, 0.0, 0.0, 0.0, 0.0, 0.0, 0.0, 0.0, 0.0, 0.0, 0.0, 0.0, 0.0, 0.0, 0.0, 0.0, 0.0, 0.0, 0.0, 0.0, 0.0, 0.0, 0.0, 0.0, 1.0, 1.0, 0.0, 0.0, 0.0, 0.0, 0.0, 0.0, 0.0, 0.0, 0.0, 0.0, 0.0, 0.0, 0.0, 0.0, 0.0, 0.0, 0.0, 0.0, 0.0, 0.0, 0.0, 0.0, 0.0, 0.0, 0.0, 0.0, 0.0, 0.0, 0.0, 0.0, 0.0, 0.0, 1.0, 1.0, 0.0, 0.0, 0.0, 0.0, 0.0, 0.0, 0.0, 0.0, 0.0]",NGS-nonramp,False
183,ENTm3,-0.6743660524942713,31.69308246048788,42.257443280650506,0.09721181518131532,1.5,3,False,,,,,,21,15,3.1531531531531556,2.0,-22.0,-0.6743660524942713,-0.66632875991067,0.023565126311896174,0.024111877825577686,-3605.932690811184,4170.415005175387,4175.913058719191,282.0,240.0,0.3563323820289568,35.46330497324424,43.29452334554627,23.359942464421717,OF1,NG,66.66666666666667,45.45454545454545,22.22222222222222,33.333333333333336,"[1.0, 1.0, 1.0, 1.0, 1.0, 1.0, 1.0, 1.0, 1.0, 1.0, 1.0, 1.0, 1.0, 1.0, 1.0, 1.0, 1.0, 1.0, 1.0, 1.0, 1.0, 1.0, 1.0, 1.0, 1.0, 1.0, 1.0, 1.0, 1.0, 1.0, 1.0, 1.0, 1.0, 1.0, 1.0, 1.0, 1.0, 1.0, 1.0, 1.0, 1.0, 1.0, 1.0, 1.0, 1.0, 1.0, 1.0, 1.0, 1.0, 1.0, 1.0, 1.0, 1.0, 1.0, 1.0, 1.0, 1.0, 0.0, 0.0, 0.0, 0.0, 0.0, 0.0, 1.0, 1.0, 0.0, 0.0, 0.0, 0.0, 0.0, 0.0, 1.0, 1.0, 1.0, 1.0, 0.0, 0.0, 0.0, 0.0, 0.0, 0.0, 0.0, 0.0, 0.0]",NGS-ramp,False
184,ENTm3,-0.696224170767303,32.58687943855792,43.4491725847439,4.86669120941824,1.5,3,False,,,,,,21,15,3.1531531531531556,-35.0,47.0,-0.696224170767303,-0.03595755043760569,0.2170228134966143,0.24852864272655756,-3605.932690811184,4170.415005175387,4175.913058719191,250.0,240.0,0.04322866895459191,2.003881670751967,1.1113384386401852,3.0732965963392944,OF2,NG,76.92307692307692,48.148148148148145,46.15384615384615,33.333333333333336,"[0.0, 0.0, 0.0, 0.0, 0.0, 0.0, 0.0, 0.0, 0.0, 1.0, 1.0, 1.0, 1.0, 1.0, 1.0, 1.0, 1.0, 1.0, 1.0, 1.0, 1.0, 1.0, 1.0, 1.0, 1.0, 1.0, 1.0, 1.0, 1.0, 1.0, 1.0, 1.0, 1.0, 1.0, 1.0, 1.0, 1.0, 0.0, 0.0, 0.0, 0.0, 0.0, 0.0, 0.0, 0.0, 1.0, 1.0, 0.0, 0.0, 0.0, 0.0, 0.0, 0.0, 0.0, 0.0, 0.0, 0.0, 0.0, 0.0, 0.0, 0.0, 1.0, 1.0, 1.0, 1.0, 1.0, 1.0, 1.0, 1.0, 1.0, 1.0, 0.0, 0.0, 0.0, 0.0, 0.0, 0.0, 0.0, 0.0, 0.0, 0.0, 0.0, 0.0, 0.0]",NGS-nonramp,False
185,ENTm3,-0.6442513582024962,35.469523208107944,47.29269761081059,51.98503037326798,1.5,3,False,,,,,,21,15,3.1531531531531556,2.0,18.0,-0.6442513582024962,-0.6041229745142308,0.7369628439904703,0.5078396506976324,-3605.941105017501,4155.449326027038,4174.898969556525,282.0,255.0,0.010377565640446555,0.5610491343672979,0.507993457899138,0.557114853809563,OF1,NG,80.0,40.0,48.275862068965516,42.5,"[1.0, 1.0, 1.0, 1.0, 1.0, 1.0, 1.0, 1.0, 1.0, 1.0, 1.0, 0.0, 0.0, 0.0, 0.0, 0.0, 0.0, 0.0, 0.0, 0.0, 0.0, 0.0, 0.0, 0.0, 0.0, 0.0, 0.0, 0.0, 0.0, 0.0, 0.0, 0.0, 0.0, 0.0, 0.0, 0.0, 0.0, 0.0, 0.0, 0.0, 0.0, 0.0, 0.0, 0.0, 0.0, 0.0, 0.0, 0.0, 0.0, 1.0, 1.0, 1.0, 1.0, 0.0, 0.0, 0.0, 0.0, 0.0, 0.0, 0.0, 0.0, 0.0, 0.0, 0.0, 0.0, 0.0, 0.0, 0.0, 0.0, 0.0, 0.0, 0.0, 0.0, 0.0, 0.0, 0.0, 0.0, 0.0, 0.0, 0.0, 0.0, 0.0, 0.0, 0.0]",NGS-nonramp,False
186,ENTm3,0.07932929378263567,37.453423167750685,49.937897557000916,48.01760804521401,1.5,3,False,,,,,,21,15,3.1531531531531556,38.0,-12.0,0.07932929378263567,0.26008589868422144,0.18776923643122434,0.2088231964143521,-3605.941105017501,4155.449326027038,4174.898969556525,282.0,255.0,0.06329406868860546,3.828057818011761,3.1416682784636007,4.671877403182687,OF1,NG,60.0,50.0,55.172413793103445,40.0,"[0.0, 0.0, 0.0, 0.0, 0.0, 0.0, 0.0, 0.0, 0.0, 0.0, 0.0, 0.0, 0.0, 0.0, 0.0, 0.0, 0.0, 0.0, 0.0, 0.0, 0.0, 0.0, 0.0, 0.0, 0.0, 0.0, 0.0, 0.0, 0.0, 0.0, 0.0, 0.0, 0.0, 1.0, 1.0, 1.0, 1.0, 1.0, 1.0, 1.0, 1.0, 1.0, 1.0, 1.0, 1.0, 0.0, 0.0, 0.0, 0.0, 0.0, 0.0, 0.0, 0.0, 0.0, 0.0, 0.0, 0.0, 0.0, 0.0, 0.0, 0.0, 0.0, 0.0, 1.0, 1.0, 0.0, 0.0, 0.0, 0.0, 1.0, 1.0, 1.0, 1.0, 1.0, 1.0, 0.0, 0.0, 0.0, 0.0, 0.0, 0.0, 0.0, 0.0, 0.0]",NGS-ramp,False
187,ENTm3,-0.5355590421531421,34.73619846532279,46.31493128709706,7.504049990631057,1.5,3,False,,,,,,21,15,3.1531531531531556,-39.0,8.0,-0.5355590421531421,-0.2131531493929075,0.4279565126491326,0.4865181657363242,-3605.957933430137,4125.517967730343,4172.870791231192,282.0,285.0,0.05408616798161547,0.5624641384892834,0.7414402896845023,0.16719000099369738,OF1,NG,81.81818181818181,41.666666666666664,46.42857142857143,42.42424242424242,"[1.0, 1.0, 1.0, 1.0, 1.0, 1.0, 1.0, 1.0, 1.0, 0.0, 0.0, 1.0, 1.0, 1.0, 1.0, 0.0, 0.0, 0.0, 0.0, 0.0, 0.0, 1.0, 1.0, 1.0, 1.0, 1.0, 1.0, 1.0, 1.0, 0.0, 0.0, 0.0, 0.0, 0.0, 0.0, 0.0, 0.0, 0.0, 0.0, 0.0, 0.0, 0.0, 0.0, 0.0, 0.0, 1.0, 1.0, 0.0, 0.0, 0.0, 0.0, 0.0, 0.0, 0.0, 0.0, 0.0, 0.0, 0.0, 0.0, 0.0, 0.0, 0.0, 0.0, 0.0, 0.0, 0.0, 0.0, 0.0, 0.0, 0.0, 0.0, 0.0, 0.0, 0.0, 0.0, 0.0, 0.0, 0.0, 0.0, 0.0, 0.0, 0.0, 0.0, 0.0]",NGS-nonramp,False
189,ENTm3,-0.2868990496286708,28.26116708731916,37.68155611642554,14.567789107095871,1.5,3,False,,,,,,21,15,3.1531531531531556,33.0,-42.0,-0.2868990496286708,-0.18053843258500138,0.1912920998555266,0.18468078782245886,-3605.941105017501,4155.449326027038,4174.898969556525,282.0,255.0,0.0607023665192661,2.9934412200605767,4.127241346458853,2.27067350186789,OF1,NG,73.6842105263158,40.90909090909091,40.0,43.47826086956522,"[1.0, 1.0, 1.0, 1.0, 1.0, 1.0, 1.0, 1.0, 1.0, 1.0, 1.0, 1.0, 1.0, 1.0, 1.0, 1.0, 1.0, 1.0, 1.0, 1.0, 1.0, 1.0, 1.0, 1.0, 1.0, 1.0, 1.0, 1.0, 1.0, 0.0, 0.0, 0.0, 0.0, 0.0, 0.0, 0.0, 0.0, 0.0, 0.0, 0.0, 0.0, 0.0, 0.0, 1.0, 1.0, 1.0, 1.0, 1.0, 1.0, 1.0, 1.0, 1.0, 1.0, 1.0, 1.0, 0.0, 0.0, 0.0, 0.0, 0.0, 0.0, 0.0, 0.0, 0.0, 0.0, 0.0, 0.0, 0.0, 0.0, 0.0, 0.0, 0.0, 0.0, 0.0, 0.0, 0.0, 0.0, 0.0, 0.0, 0.0, 0.0, 0.0, 0.0, 0.0]",NGS-nonramp,False
192,ENTm3,0.1734924051868341,42.91132119193943,57.215094922585905,38.17255672313318,1.5,3,False,,,,,,21,15,3.1531531531531556,0.0,23.0,0.1734924051868341,0.38311571521754195,0.051570699153680274,0.05688670419847708,-3605.949519223819,4140.483646878691,4173.884880393858,250.0,270.0,0.05893127965514722,8.31527172284849,10.76568012638351,6.549848809693287,OF1,NG,100.0,33.333333333333336,51.42857142857143,43.58974358974359,"[0.0, 0.0, 0.0, 0.0, 0.0, 0.0, 0.0, 0.0, 0.0, 0.0, 0.0, 1.0, 1.0, 1.0, 1.0, 1.0, 1.0, 1.0, 1.0, 1.0, 1.0, 0.0, 0.0, 0.0, 0.0, 0.0, 0.0, 0.0, 0.0, 0.0, 0.0, 0.0, 0.0, 0.0, 0.0, 0.0, 0.0, 0.0, 0.0, 0.0, 0.0, 0.0, 0.0, 0.0, 0.0, 0.0, 0.0, 0.0, 0.0, 0.0, 0.0, 0.0, 0.0, 0.0, 0.0, 0.0, 0.0, 0.0, 0.0, 0.0, 0.0, 0.0, 0.0, 0.0, 0.0, 0.0, 0.0, 0.0, 0.0, 0.0, 0.0, 0.0, 0.0, 0.0, 0.0, 0.0, 0.0, 0.0, 0.0, 0.0, 0.0, 0.0, 0.0, 0.0]",NGS-nonramp,False
195,ENTm3,-0.5043236499885204,38.64967648962508,51.53290198616677,32.403566984791865,1.5,3,False,,,,,,21,15,3.1531531531531556,-39.0,28.0,-0.5043236499885204,-0.2193806619404923,0.19936435876154468,0.19018541455182772,-3605.966347636455,4110.552288581995,4171.856702068525,250.0,300.0,0.07752140863292863,2.4111670238634946,2.3640601697700983,2.287892405624716,OF1,NG,66.66666666666667,33.333333333333336,44.44444444444444,45.45454545454545,"[1.0, 1.0, 1.0, 1.0, 1.0, 1.0, 1.0, 1.0, 1.0, 1.0, 1.0, 1.0, 1.0, 1.0, 1.0, 0.0, 0.0, 0.0, 0.0, 0.0, 0.0, 0.0, 0.0, 0.0, 0.0, 0.0, 0.0, 0.0, 0.0, 0.0, 0.0, 0.0, 0.0, 0.0, 0.0, 0.0, 0.0, 0.0, 0.0, 1.0, 1.0, 1.0, 1.0, 1.0, 1.0, 1.0, 1.0, 1.0, 1.0, 1.0, 1.0, 1.0, 1.0, 1.0, 1.0, 1.0, 1.0, 0.0, 0.0, 0.0, 0.0, 0.0, 0.0, 0.0, 0.0, 0.0, 0.0, 0.0, 0.0, 0.0, 0.0, 0.0, 0.0, 0.0, 0.0, 0.0, 0.0, 0.0, 0.0, 0.0, 0.0, 0.0, 0.0, 0.0]",NGS-nonramp,False
196,ENTm3,-0.2671234576130525,42.52502881491668,56.700038419888905,33.52060269622579,1.5,3,False,,,,,,21,15,3.1531531531531556,4.0,23.0,-0.2671234576130525,-0.2599492538513576,0.02731863185692196,0.02510935823315747,-3605.9747618427728,4095.586609433647,4170.842612905858,282.0,315.0,0.06532948426402682,18.39151607550808,17.012026868415145,18.923019780243465,OF1,NG,50.0,40.90909090909091,58.62068965517241,43.47826086956522,"[0.0, 0.0, 0.0, 0.0, 0.0, 0.0, 0.0, 0.0, 0.0, 0.0, 0.0, 1.0, 1.0, 0.0, 0.0, 0.0, 0.0, 0.0, 0.0, 0.0, 0.0, 0.0, 0.0, 1.0, 1.0, 1.0, 1.0, 1.0, 1.0, 1.0, 1.0, 1.0, 1.0, 1.0, 1.0, 1.0, 1.0, 0.0, 0.0, 0.0, 0.0, 0.0, 0.0, 0.0, 0.0, 0.0, 0.0, 0.0, 0.0, 1.0, 1.0, 1.0, 1.0, 1.0, 1.0, 1.0, 1.0, 1.0, 1.0, 1.0, 1.0, 1.0, 1.0, 1.0, 1.0, 0.0, 0.0, 0.0, 0.0, 0.0, 0.0, 0.0, 0.0, 0.0, 0.0, 0.0, 0.0, 0.0, 0.0, 0.0, 0.0, 0.0, 0.0, 0.0]",NGS-ramp,False
198,ENTm3,-0.19059949871170534,29.224623551158892,38.96616473487852,50.280427771716695,1.5,3,False,,,,,,21,15,3.1531531531531556,-32.0,-8.0,-0.19059949871170534,-0.38050155486294135,0.0602325759571779,0.06627788169894851,-3605.966347636455,4110.552288581995,4171.856702068525,250.0,300.0,0.0353048529543691,5.306972959507063,4.593313014143014,6.319893127263418,OF1,NG,58.064516129032256,33.333333333333336,50.0,50.0,"[1.0, 1.0, 1.0, 1.0, 1.0, 1.0, 1.0, 1.0, 1.0, 1.0, 1.0, 1.0, 1.0, 1.0, 1.0, 0.0, 0.0, 0.0, 0.0, 0.0, 0.0, 0.0, 0.0, 0.0, 0.0, 0.0, 0.0, 0.0, 0.0, 0.0, 0.0, 0.0, 0.0, 1.0, 1.0, 1.0, 1.0, 1.0, 1.0, 1.0, 1.0, 1.0, 1.0, 1.0, 1.0, 1.0, 1.0, 1.0, 1.0, 1.0, 1.0, 1.0, 1.0, 0.0, 0.0, 0.0, 0.0, 0.0, 0.0, 0.0, 0.0, 0.0, 0.0, 0.0, 0.0, 1.0, 1.0, 0.0, 0.0, 1.0, 1.0, 1.0, 1.0, 1.0, 1.0, 1.0, 1.0, 1.0, 1.0, 1.0, 1.0, 1.0, 1.0, 1.0]",NGS-nonramp,False
199,ENTm3,-0.4522708954966952,34.57305939115945,46.09741252154593,31.62802918589451,1.5,3,False,,,,,,21,15,3.1531531531531556,24.0,-23.0,-0.4522708954966952,-0.2841773979723087,0.14502839989391103,0.14603821947189083,-3605.9747618427728,4095.586609433647,4170.842612905858,282.0,315.0,0.03176318183127976,4.217419785578137,4.006407951133331,4.075881153793194,OF1,NG,55.55555555555556,37.142857142857146,58.333333333333336,60.0,"[1.0, 1.0, 1.0, 1.0, 1.0, 1.0, 1.0, 1.0, 1.0, 1.0, 1.0, 1.0, 1.0, 1.0, 1.0, 1.0, 1.0, 1.0, 1.0, 1.0, 1.0, 1.0, 1.0, 1.0, 1.0, 0.0, 0.0, 0.0, 0.0, 1.0, 1.0, 0.0, 0.0, 1.0, 1.0, 0.0, 0.0, 0.0, 0.0, 0.0, 0.0, 0.0, 0.0, 0.0, 0.0, 0.0, 0.0, 0.0, 0.0, 0.0, 0.0, 1.0, 1.0, 1.0, 1.0, 1.0, 1.0, 1.0, 1.0, 1.0, 1.0, 1.0, 1.0, 1.0, 1.0, 1.0, 1.0, 1.0, 1.0, 1.0, 1.0, 1.0, 1.0, 1.0, 1.0, 1.0, 1.0, 1.0, 1.0, 1.0, 1.0, 1.0, 1.0, 1.0]",NGS-nonramp,False
202,ENTm3,-0.004241477773649929,39.939766045403,53.25302139387066,26.784205628456217,1.5,3,False,,,,,,21,15,3.1531531531531556,2.0,-10.0,-0.004241477773649929,-0.1963470967181561,0.3546074580382795,0.33208472239603765,-3605.991590255409,4065.655251136952,4168.814434580525,282.0,345.0,0.11713228895646327,2.4161195382904443,2.955897208099191,1.700227883859494,OF1,NG,35.714285714285715,45.0,68.0,40.0,"[0.0, 0.0, 0.0, 0.0, 0.0, 0.0, 0.0, 0.0, 0.0, 0.0, 0.0, 0.0, 0.0, 0.0, 0.0, 0.0, 0.0, 0.0, 0.0, 0.0, 0.0, 0.0, 0.0, 0.0, 0.0, 0.0, 0.0, 0.0, 0.0, 0.0, 0.0, 0.0, 0.0, 0.0, 0.0, 0.0, 0.0, 0.0, 0.0, 0.0, 0.0, 1.0, 1.0, 1.0, 1.0, 1.0, 1.0, 1.0, 1.0, 1.0, 1.0, 1.0, 1.0, 1.0, 1.0, 1.0, 1.0, 1.0, 1.0, 1.0, 1.0, 1.0, 1.0, 1.0, 1.0, 1.0, 1.0, 1.0, 1.0, 1.0, 1.0, 1.0, 1.0, 1.0, 1.0, 0.0, 0.0, 0.0, 0.0, 0.0, 0.0, 0.0, 0.0, 0.0]",NGS-nonramp,False
203,ENTm3,-0.14865838449465196,37.98108128737921,50.64144171650562,30.36088781962911,1.5,3,False,,,,,,21,15,3.1531531531531556,1.0,-42.0,-0.14865838449465196,-0.12316243892428828,0.03519884260321817,0.03686051929943877,-3605.991590255409,4065.655251136952,4168.814434580525,282.0,345.0,0.0362628623880195,20.42039615241513,20.325492287171496,21.254237169514386,OF1,NG,45.0,41.1764705882353,68.42105263157895,42.857142857142854,"[0.0, 0.0, 0.0, 0.0, 0.0, 0.0, 0.0, 0.0, 0.0, 0.0, 0.0, 0.0, 0.0, 0.0, 0.0, 0.0, 0.0, 0.0, 0.0, 1.0, 1.0, 0.0, 0.0, 0.0, 0.0, 0.0, 0.0, 0.0, 0.0, 0.0, 0.0, 0.0, 0.0, 0.0, 0.0, 1.0, 1.0, 1.0, 1.0, 1.0, 1.0, 1.0, 1.0, 1.0, 1.0, 1.0, 1.0, 1.0, 1.0, 1.0, 1.0, 0.0, 0.0, 0.0, 0.0, 0.0, 0.0, 0.0, 0.0, 0.0, 0.0, 0.0, 0.0, 0.0, 0.0, 1.0, 1.0, 1.0, 1.0, 1.0, 1.0, 1.0, 1.0, 1.0, 1.0, 1.0, 1.0, 1.0, 1.0, 1.0, 1.0, 1.0, 1.0, 1.0]",NGS-nonramp,False
205,ENTm3,-0.6222839532690845,37.04861182794503,49.398149103926706,26.10612731683209,1.5,3,False,,,,,,21,15,3.1531531531531556,7.0,-12.0,-0.6222839532690845,-0.5812543233373957,0.028802096275862405,0.028276770284923234,-3606.008418668044,4035.723892840256,4166.786256255192,282.0,375.0,0.03419299449325344,8.546860730813469,11.468486609399308,6.694265421847311,OF1,NG,72.72727272727273,60.0,50.0,37.142857142857146,"[1.0, 1.0, 1.0, 1.0, 1.0, 1.0, 1.0, 1.0, 1.0, 0.0, 0.0, 0.0, 0.0, 0.0, 0.0, 0.0, 0.0, 1.0, 1.0, 0.0, 0.0, 0.0, 0.0, 0.0, 0.0, 0.0, 0.0, 0.0, 0.0, 0.0, 0.0, 0.0, 0.0, 0.0, 0.0, 1.0, 1.0, 0.0, 0.0, 0.0, 0.0, 0.0, 0.0, 0.0, 0.0, 0.0, 0.0, 0.0, 0.0, 0.0, 0.0, 0.0, 0.0, 0.0, 0.0, 0.0, 0.0, 1.0, 1.0, 1.0, 1.0, 1.0, 1.0, 1.0, 1.0, 0.0, 0.0, 0.0, 0.0, 0.0, 0.0, 0.0, 0.0, 0.0, 0.0, 0.0, 0.0, 0.0, 0.0, 0.0, 0.0, 0.0, 0.0, 0.0]",NGS-nonramp,False
206,ENTm3,-0.2830255450671129,44.36175993756423,59.14901325008565,45.76719812913071,1.5,3,False,,,,,,21,15,3.1531531531531556,3.0,-16.0,-0.2830255450671129,-0.46891502972267507,0.04455109509202155,0.04194178670995184,-3606.008418668044,4035.723892840256,4166.786256255192,250.0,375.0,0.02409437214875667,12.223041439732109,12.239518751000265,11.948808310220658,OF1,NG,57.142857142857146,63.63636363636363,56.25,35.294117647058826,"[0.0, 0.0, 0.0, 0.0, 0.0, 0.0, 0.0, 0.0, 0.0, 0.0, 0.0, 0.0, 0.0, 0.0, 0.0, 0.0, 0.0, 1.0, 1.0, 0.0, 0.0, 1.0, 1.0, 0.0, 0.0, 0.0, 0.0, 0.0, 0.0, 0.0, 0.0, 0.0, 0.0, 0.0, 0.0, 1.0, 1.0, 1.0, 1.0, 1.0, 1.0, 0.0, 0.0, 0.0, 0.0, 0.0, 0.0, 0.0, 0.0, 0.0, 0.0, 0.0, 0.0, 0.0, 0.0, 0.0, 0.0, 1.0, 1.0, 1.0, 1.0, 1.0, 1.0, 0.0, 0.0, 1.0, 1.0, 0.0, 0.0, 0.0, 0.0, 0.0, 0.0, 0.0, 0.0, 0.0, 0.0, 0.0, 0.0, 0.0, 0.0, 0.0, 0.0, 0.0]",NGS-nonramp,False
207,ENTm3,-0.48763296108785836,26.232683794825718,34.976911726434295,45.110336725595644,1.5,3,False,,,,,,21,15,3.1531531531531556,-6.0,-3.0,-0.48763296108785836,-0.24915664472172594,0.18318744339274665,0.17418756962040205,-3606.008418668044,4035.723892840256,4166.786256255192,250.0,375.0,0.10166498707521897,1.659092333028138,1.694955518103596,1.4230590782254242,OF2,NG,68.0,50.0,35.714285714285715,26.666666666666668,"[1.0, 1.0, 1.0, 1.0, 1.0, 1.0, 1.0, 1.0, 1.0, 1.0, 1.0, 1.0, 1.0, 1.0, 1.0, 1.0, 1.0, 1.0, 1.0, 1.0, 1.0, 1.0, 1.0, 1.0, 1.0, 1.0, 1.0, 1.0, 1.0, 1.0, 1.0, 0.0, 0.0, 1.0, 1.0, 0.0, 0.0, 0.0, 0.0, 1.0, 1.0, 1.0, 1.0, 1.0, 1.0, 1.0, 1.0, 0.0, 0.0, 0.0, 0.0, 0.0, 0.0, 0.0, 0.0, 1.0, 1.0, 1.0, 1.0, 1.0, 1.0, 1.0, 1.0, 1.0, 1.0, 1.0, 1.0, 1.0, 1.0, 0.0, 0.0, 0.0, 0.0, 0.0, 0.0, 0.0, 0.0, 0.0, 0.0, 0.0, 0.0, 0.0, 0.0, 0.0]",NGS-nonramp,False
209,ENTm3,-0.42989850315765843,49.09152650236685,65.45536866982246,11.045267794313482,1.5,3,False,,,,,,21,15,3.1531531531531556,-6.0,36.0,-0.42989850315765843,-0.3350126234922305,0.18402773386143562,0.19409046157640197,-3606.0000044617263,4050.6895719886033,4167.800345417859,282.0,360.0,0.025690670824507687,4.424482055428699,5.892066514920745,3.36768430573019,OF1,NG,60.714285714285715,54.285714285714285,45.45454545454545,0.0,"[1.0, 1.0, 1.0, 1.0, 1.0, 1.0, 1.0, 1.0, 1.0, 0.0, 0.0, 0.0, 0.0, 0.0, 0.0, 1.0, 1.0, 1.0, 1.0, 1.0, 1.0, 1.0, 1.0, 1.0, 1.0, 1.0, 1.0, 1.0, 1.0, 1.0, 1.0, 1.0, 1.0, 1.0, 1.0, 1.0, 1.0, 1.0, 1.0, 1.0, 1.0, 1.0, 1.0, 1.0, 1.0, 1.0, 1.0, 1.0, 1.0, 1.0, 1.0, 1.0, 1.0, 1.0, 1.0, 1.0, 1.0, 1.0, 1.0, 1.0, 1.0, 1.0, 1.0, 1.0, 1.0, 1.0, 1.0, 1.0, 1.0, 0.0, 0.0, 0.0, 0.0, 0.0, 0.0, 0.0, 0.0, 0.0, 0.0, 0.0, 0.0, 0.0, 0.0, 0.0]",NGS-nonramp,False
210,ENTm3,-0.16701719186246175,32.357747368750424,43.1436631583339,38.04596527821889,1.5,3,False,,,,,,21,15,3.1531531531531556,36.0,-20.0,-0.16701719186246175,-0.3467580885352249,0.04727677463151576,0.04454245556246295,-3606.016832874362,4020.758213691908,4165.772167092526,250.0,390.0,0.010743263611275864,3.62641973062881,5.24679974396472,2.9566524095995055,OF1,NG,68.96551724137932,34.48275862068966,20.0,56.25,"[1.0, 1.0, 1.0, 1.0, 1.0, 1.0, 1.0, 1.0, 1.0, 1.0, 1.0, 1.0, 1.0, 1.0, 1.0, 1.0, 1.0, 1.0, 1.0, 1.0, 1.0, 1.0, 1.0, 1.0, 1.0, 1.0, 1.0, 1.0, 1.0, 1.0, 1.0, 1.0, 1.0, 1.0, 1.0, 1.0, 1.0, 0.0, 0.0, 1.0, 1.0, 0.0, 0.0, 0.0, 0.0, 1.0, 1.0, 0.0, 0.0, 0.0, 0.0, 0.0, 0.0, 0.0, 0.0, 0.0, 0.0, 0.0, 0.0, 0.0, 0.0, 0.0, 0.0, 0.0, 0.0, 0.0, 0.0, 1.0, 1.0, 1.0, 1.0, 1.0, 1.0, 1.0, 1.0, 1.0, 1.0, 1.0, 1.0, 1.0, 1.0, 1.0, 1.0, 1.0]",NGS-ramp,False
211,ENTm3,-0.27122780231458166,29.576130560278145,39.434840747037526,19.21181584587257,1.5,3,False,,,,,,21,15,3.1531531531531556,9.0,-46.0,-0.27122780231458166,-0.3243912590994276,0.24533045670725973,0.23007059494956406,-3606.016832874362,4020.758213691908,4165.772167092526,282.0,390.0,0.05280191704165411,3.343183072211356,4.964855154871834,1.0775701060723353,OF1,NG,28.571428571428573,63.63636363636363,62.5,35.294117647058826,"[0.0, 0.0, 0.0, 0.0, 0.0, 0.0, 0.0, 0.0, 0.0, 0.0, 0.0, 0.0, 0.0, 0.0, 0.0, 0.0, 0.0, 0.0, 0.0, 0.0, 0.0, 1.0, 1.0, 0.0, 0.0, 1.0, 1.0, 0.0, 0.0, 0.0, 0.0, 0.0, 0.0, 0.0, 0.0, 0.0, 0.0, 1.0, 1.0, 0.0, 0.0, 0.0, 0.0, 1.0, 1.0, 0.0, 0.0, 1.0, 1.0, 1.0, 1.0, 0.0, 0.0, 0.0, 0.0, 0.0, 0.0, 1.0, 1.0, 1.0, 1.0, 1.0, 1.0, 0.0, 0.0, 0.0, 0.0, 0.0, 0.0, 0.0, 0.0, 0.0, 0.0, 0.0, 0.0, 0.0, 0.0, 0.0, 0.0, 0.0, 0.0, 0.0, 0.0, 0.0]",NGS-nonramp,False
212,ENTm3,-0.6347069232819491,25.770149088641404,34.36019878485521,38.673861979359145,1.5,3,False,,,,,,21,15,3.1531531531531556,8.0,-35.0,-0.6347069232819491,-0.3544201301874707,0.03888826758495956,0.04763617546995124,-3606.02524708068,4005.79253454356,4164.758077929859,282.0,405.0,0.03763177316162159,6.962291948209907,8.782204052094482,5.803326014558639,OF1,NG,48.275862068965516,44.73684210526316,80.0,28.571428571428573,"[0.0, 0.0, 0.0, 0.0, 0.0, 0.0, 0.0, 0.0, 0.0, 0.0, 0.0, 1.0, 1.0, 0.0, 0.0, 1.0, 1.0, 1.0, 1.0, 1.0, 1.0, 1.0, 1.0, 1.0, 1.0, 1.0, 1.0, 1.0, 1.0, 1.0, 1.0, 1.0, 1.0, 1.0, 1.0, 1.0, 1.0, 1.0, 1.0, 1.0, 1.0, 1.0, 1.0, 1.0, 1.0, 1.0, 1.0, 1.0, 1.0, 1.0, 1.0, 1.0, 1.0, 1.0, 1.0, 1.0, 1.0, 0.0, 0.0, 0.0, 0.0, 1.0, 1.0, 1.0, 1.0, 1.0, 1.0, 1.0, 1.0, 1.0, 1.0, 1.0, 1.0, 1.0, 1.0, 1.0, 1.0, 1.0, 1.0, 1.0, 1.0, 1.0, 1.0, 1.0]",NGS-nonramp,False
213,ENTm3,-0.46102437606378466,33.95545279815582,45.27393706420776,37.68860450892457,1.5,3,False,,,,,,21,15,3.1531531531531556,15.0,-33.0,-0.46102437606378466,-0.57662129105442,0.04346586947855054,0.03926871783817356,-3606.016832874362,4020.758213691908,4165.772167092526,282.0,390.0,0.012715802414880182,2.826706567686605,4.232456819939581,1.5135971850758319,OF2,NG,40.0,100.0,58.8235294117647,40.90909090909091,"[0.0, 0.0, 0.0, 0.0, 0.0, 0.0, 0.0, 0.0, 0.0, 0.0, 0.0, 0.0, 0.0, 0.0, 0.0, 0.0, 0.0, 0.0, 0.0, 0.0, 0.0, 0.0, 0.0, 0.0, 0.0, 0.0, 0.0, 0.0, 0.0, 0.0, 0.0, 0.0, 0.0, 0.0, 0.0, 0.0, 0.0, 0.0, 0.0, 0.0, 0.0, 0.0, 0.0, 1.0, 1.0, 1.0, 1.0, 1.0, 1.0, 0.0, 0.0, 0.0, 0.0, 0.0, 0.0, 0.0, 0.0, 0.0, 0.0, 0.0, 0.0, 0.0, 0.0, 0.0, 0.0, 0.0, 0.0, 0.0, 0.0, 0.0, 0.0, 0.0, 0.0, 0.0, 0.0, 0.0, 0.0, 0.0, 0.0, 0.0, 0.0, 0.0, 0.0, 0.0]",NGS-nonramp,False
215,ENTm3,-0.15389371689259435,33.586953148949675,44.782604198599564,20.754927508963114,1.5,3,False,,,,,,21,15,3.1531531531531556,4.0,-23.0,-0.15389371689259435,-0.26809622701340313,0.10688651107463752,0.10034915820938316,-3606.02524708068,4005.79253454356,4164.758077929859,250.0,405.0,0.03133150786687842,14.093912723017423,15.504486412449094,13.590158652201973,OF1,NG,58.8235294117647,23.076923076923077,54.54545454545455,50.0,"[1.0, 1.0, 1.0, 1.0, 1.0, 1.0, 1.0, 1.0, 1.0, 1.0, 1.0, 0.0, 0.0, 0.0, 0.0, 0.0, 0.0, 0.0, 0.0, 0.0, 0.0, 0.0, 0.0, 0.0, 0.0, 0.0, 0.0, 0.0, 0.0, 0.0, 0.0, 0.0, 0.0, 0.0, 0.0, 0.0, 0.0, 0.0, 0.0, 0.0, 0.0, 0.0, 0.0, 0.0, 0.0, 0.0, 0.0, 0.0, 0.0, 0.0, 0.0, 0.0, 0.0, 0.0, 0.0, 0.0, 0.0, 0.0, 0.0, 0.0, 0.0, 0.0, 0.0, 0.0, 0.0, 1.0, 1.0, 1.0, 1.0, 1.0, 1.0, 1.0, 1.0, 1.0, 1.0, 1.0, 1.0, 1.0, 1.0, 1.0, 1.0, 1.0, 1.0, 1.0]",NGS-nonramp,False
216,ENTm3,-0.27564031541431244,22.513581031368588,30.01810804182478,44.61617693992843,1.5,3,False,,,,,,21,15,3.1531531531531556,15.0,-39.0,-0.27564031541431244,-0.278372317047779,0.08187188743132447,0.07044245690382069,-3605.991590255409,4065.655251136952,4168.814434580525,282.0,345.0,0.05883290793560159,2.0576518273874207,3.044672763848555,1.0159153216527326,OF1,NG,,,56.41025641025641,42.22222222222222,"[0.0, 0.0, 0.0, 0.0, 0.0, 0.0, 0.0, 0.0, 0.0, 0.0, 0.0, 0.0, 0.0, 0.0, 0.0, 0.0, 0.0, 0.0, 0.0, 0.0, 0.0, 0.0, 0.0, 0.0, 0.0, 0.0, 0.0, 0.0, 0.0, 0.0, 0.0, 0.0, 0.0, 0.0, 0.0, 0.0, 0.0, 0.0, 0.0, 0.0, 0.0, 0.0, 0.0, 0.0, 0.0, 0.0, 0.0, 0.0, 0.0, 0.0, 0.0, 0.0, 0.0, 0.0, 0.0, 0.0, 0.0, 0.0, 0.0, 0.0, 0.0, 0.0, 0.0, 0.0, 0.0, 0.0, 0.0, 0.0, 0.0, 0.0, 0.0, 0.0, 0.0, 0.0, 0.0, 0.0, 0.0, 0.0, 0.0, 0.0, 0.0, 0.0, 0.0, 0.0]",NGS-nonramp,False
217,ENTm3,-0.5372341155882205,38.23299655949046,50.97732874598728,22.53292432291441,1.5,3,False,,,,,,21,15,3.1531531531531556,4.0,40.0,-0.5372341155882205,-0.34205520177506094,0.059150875840475015,0.05537971507568108,-3606.033661286998,3990.826855395212,4163.743988767193,250.0,420.0,0.033149231689862536,12.454630447697086,13.928720297897884,9.684800190452185,OF1,NG,75.0,52.38095238095238,43.47826086956522,33.333333333333336,"[1.0, 1.0, 1.0, 1.0, 1.0, 1.0, 1.0, 1.0, 1.0, 0.0, 0.0, 0.0, 0.0, 1.0, 1.0, 1.0, 1.0, 1.0, 1.0, 1.0, 1.0, 1.0, 1.0, 1.0, 1.0, 1.0, 1.0, 1.0, 1.0, 0.0, 0.0, 1.0, 1.0, 1.0, 1.0, 1.0, 1.0, 1.0, 1.0, 0.0, 0.0, 0.0, 0.0, 0.0, 0.0, 0.0, 0.0, 0.0, 0.0, 0.0, 0.0, 0.0, 0.0, 0.0, 0.0, 0.0, 0.0, 0.0, 0.0, 1.0, 1.0, 1.0, 1.0, 0.0, 0.0, 0.0, 0.0, 0.0, 0.0, 0.0, 0.0, 0.0, 0.0, 0.0, 0.0, 0.0, 0.0, 0.0, 0.0, 0.0, 0.0, 0.0, 0.0, 0.0]",NGS-nonramp,False
218,ENTm3,-0.6172656129475917,40.842736712693025,54.45698228359071,47.35606891240809,1.5,3,False,,,,,,21,15,3.1531531531531556,9.0,-39.0,-0.6172656129475917,-0.6740693338991413,0.04590797291952206,0.045863307756610926,-3606.042075493315,3975.861176246864,4162.729899604526,282.0,435.0,0.020635393362222615,8.563133278216304,8.565197138040482,7.1014091784200035,OF1,NG,45.45454545454545,25.0,60.714285714285715,51.724137931034484,"[0.0, 0.0, 0.0, 0.0, 0.0, 0.0, 0.0, 0.0, 0.0, 0.0, 0.0, 0.0, 0.0, 1.0, 1.0, 1.0, 1.0, 1.0, 1.0, 1.0, 1.0, 1.0, 1.0, 1.0, 1.0, 0.0, 0.0, 0.0, 0.0, 0.0, 0.0, 0.0, 0.0, 0.0, 0.0, 0.0, 0.0, 0.0, 0.0, 0.0, 0.0, 0.0, 0.0, 0.0, 0.0, 0.0, 0.0, 0.0, 0.0, 0.0, 0.0, 0.0, 0.0, 1.0, 1.0, 0.0, 0.0, 0.0, 0.0, 0.0, 0.0, 0.0, 0.0, 0.0, 0.0, 0.0, 0.0, 0.0, 0.0, 0.0, 0.0, 1.0, 1.0, 1.0, 1.0, 1.0, 1.0, 1.0, 1.0, 1.0, 1.0, 1.0, 1.0, 1.0]",NGS-nonramp,False
220,ENTm3,0.17199310565830178,32.675947165588134,43.56792955411751,9.96878582712907,1.5,3,False,,,,,,21,15,3.1531531531531556,-1.0,48.0,0.17199310565830178,-0.4681513242989168,0.09750778832597089,0.08983676843974944,-3606.050489699633,3960.895497098517,4161.71581044186,250.0,450.0,0.0257721860662303,4.111294476429215,5.521346370078494,4.001451053683043,OF1,NG,56.41025641025641,42.22222222222222,,,"[1.0, 1.0, 1.0, 1.0, 1.0, 1.0, 1.0, 1.0, 1.0, 1.0, 1.0, 1.0, 1.0, 1.0, 1.0, 1.0, 1.0, 1.0, 1.0, 1.0, 1.0, 1.0, 1.0, 1.0, 1.0, 1.0, 1.0, 1.0, 1.0, 1.0, 1.0, 1.0, 1.0, 1.0, 1.0, 1.0, 1.0, 1.0, 1.0, 1.0, 1.0, 1.0, 1.0, 1.0, 1.0, 1.0, 1.0, 1.0, 1.0, 1.0, 1.0, 1.0, 1.0, 1.0, 1.0, 1.0, 1.0, 1.0, 1.0, 1.0, 1.0, 1.0, 1.0, 1.0, 1.0, 1.0, 1.0, 1.0, 1.0, 1.0, 1.0, 1.0, 1.0, 1.0, 1.0, 1.0, 1.0, 1.0, 1.0, 1.0, 1.0, 1.0, 1.0, 1.0]",NGS-nonramp,False
221,ENTm3,-0.08543758563131443,54.55315729140722,72.73754305520963,15.846979034997497,1.5,3,False,,,,,,21,15,3.1531531531531556,-8.0,-29.0,-0.08543758563131443,-0.5946785466431052,0.3422872366549602,0.32533068505191987,-3606.050489699633,3960.895497098517,4161.71581044186,250.0,450.0,0.022756706817678097,1.9107272327212472,2.457767700838871,1.581917351594851,OF1,NG,30.0,30.76923076923077,65.51724137931035,46.875,"[0.0, 0.0, 0.0, 0.0, 0.0, 0.0, 0.0, 0.0, 0.0, 0.0, 0.0, 0.0, 0.0, 0.0, 0.0, 0.0, 0.0, 0.0, 0.0, 0.0, 0.0, 0.0, 0.0, 0.0, 0.0, 0.0, 0.0, 0.0, 0.0, 0.0, 0.0, 0.0, 0.0, 0.0, 0.0, 0.0, 0.0, 0.0, 0.0, 0.0, 0.0, 0.0, 0.0, 0.0, 0.0, 1.0, 1.0, 0.0, 0.0, 0.0, 0.0, 0.0, 0.0, 0.0, 0.0, 1.0, 1.0, 0.0, 0.0, 0.0, 0.0, 0.0, 0.0, 1.0, 1.0, 1.0, 1.0, 1.0, 1.0, 1.0, 1.0, 1.0, 1.0, 0.0, 0.0, 1.0, 1.0, 1.0, 1.0, 1.0, 1.0, 1.0, 1.0, 1.0]",NGS-ramp,False
225,ENTm3,-0.602945890459533,42.517044653098885,56.689392870798514,24.368835882893833,1.5,3,False,,,,,,21,15,3.1531531531531556,-6.0,43.0,-0.602945890459533,-0.6000050182399599,0.055563592701012764,0.05275912319997237,-3606.058903905951,3945.929817950168,4160.7017212791925,282.0,465.0,0.08970609635945444,12.211957240776552,12.883141530183153,11.052869866357423,OF1,NG,50.0,50.0,56.75675675675676,40.0,"[0.0, 0.0, 0.0, 0.0, 0.0, 0.0, 0.0, 0.0, 0.0, 0.0, 0.0, 0.0, 0.0, 0.0, 0.0, 0.0, 0.0, 0.0, 0.0, 1.0, 1.0, 0.0, 0.0, 0.0, 0.0, 1.0, 1.0, 0.0, 0.0, 0.0, 0.0, 0.0, 0.0, 0.0, 0.0, 0.0, 0.0, 0.0, 0.0, 0.0, 0.0, 0.0, 0.0, 0.0, 0.0, 0.0, 0.0, 0.0, 0.0, 0.0, 0.0, 0.0, 0.0, 0.0, 0.0, 0.0, 0.0, 0.0, 0.0, 0.0, 0.0, 1.0, 1.0, 0.0, 0.0, 1.0, 1.0, 1.0, 1.0, 1.0, 1.0, 0.0, 0.0, 0.0, 0.0, 0.0, 0.0, 0.0, 0.0, 0.0, 0.0, 0.0, 0.0, 0.0]",NGS-ramp,False
226,ENTm3,-0.46731014220913925,37.344377759913044,49.79250367988406,0.8066484779207015,1.5,3,False,,,,,,21,15,3.1531531531531556,-6.0,28.0,-0.46731014220913925,-0.5987053826794329,0.03022463428023023,0.03248886210424293,-3606.058903905951,3945.929817950168,4160.7017212791925,250.0,465.0,0.008342846045307719,13.978589887075598,17.473166560779894,11.069533321605963,OF1,NG,47.61904761904762,45.945945945945944,66.66666666666667,25.0,"[0.0, 0.0, 0.0, 0.0, 0.0, 0.0, 0.0, 0.0, 0.0, 1.0, 1.0, 1.0, 1.0, 0.0, 0.0, 0.0, 0.0, 0.0, 0.0, 1.0, 1.0, 1.0, 1.0, 1.0, 1.0, 1.0, 1.0, 1.0, 1.0, 1.0, 1.0, 1.0, 1.0, 1.0, 1.0, 1.0, 1.0, 1.0, 1.0, 0.0, 0.0, 1.0, 1.0, 1.0, 1.0, 1.0, 1.0, 1.0, 1.0, 1.0, 1.0, 1.0, 1.0, 1.0, 1.0, 1.0, 1.0, 1.0, 1.0, 1.0, 1.0, 1.0, 1.0, 1.0, 1.0, 1.0, 1.0, 1.0, 1.0, 1.0, 1.0, 1.0, 1.0, 1.0, 1.0, 0.0, 0.0, 0.0, 0.0, 0.0, 0.0, 0.0, 0.0, 0.0]",NGS-nonramp,False
227,ENTm3,-0.24819795205675663,50.8572913446384,67.8097217928512,51.635521939577444,1.5,3,False,,,,,,21,15,3.1531531531531556,1.0,-22.0,-0.24819795205675663,,0.13244684319011743,0.1516525964572015,-3606.075732318586,3915.9984596534728,4158.673542953859,250.0,495.0,0.019608758786312675,3.9110713931682506,4.603998960668401,4.019780854456438,OF1,NG,58.333333333333336,40.90909090909091,33.333333333333336,100.0,"[1.0, 1.0, 1.0, 1.0, 1.0, 1.0, 1.0, 1.0, 1.0, 1.0, 1.0, 1.0, 1.0, 1.0, 1.0, 1.0, 1.0, 1.0, 1.0, 1.0, 1.0, 1.0, 1.0, 1.0, 1.0, 1.0, 1.0, 1.0, 1.0, 1.0, 1.0, 1.0, 1.0, 1.0, 1.0, 1.0, 1.0, 1.0, 1.0, 1.0, 1.0, 1.0, 1.0, 1.0, 1.0, 0.0, 0.0, 0.0, 0.0, 1.0, 1.0, 1.0, 1.0, 1.0, 1.0, 1.0, 1.0, 1.0, 1.0, 1.0, 1.0, 1.0, 1.0, 1.0, 1.0, 1.0, 1.0, 1.0, 1.0, 1.0, 1.0, 1.0, 1.0, 1.0, 1.0, 1.0, 1.0, 1.0, 1.0, 1.0, 1.0, 1.0, 1.0, 1.0]",NGS-nonramp,False
229,ENTm3,-0.2013453105004894,35.345581867988145,47.127442490650864,39.530790609850435,1.5,3,False,,,,,,21,15,3.1531531531531556,-6.0,-26.0,-0.2013453105004894,-0.14406314881826177,0.03286663881401436,0.03139076116617932,-3606.075732318586,3915.9984596534728,4158.673542953859,250.0,495.0,0.028399859729298194,14.071744325106318,15.916306351619754,12.936951206459154,OF1,NG,52.17391304347826,45.16129032258065,62.5,35.714285714285715,"[1.0, 1.0, 1.0, 1.0, 1.0, 1.0, 1.0, 1.0, 1.0, 0.0, 0.0, 0.0, 0.0, 0.0, 0.0, 0.0, 0.0, 1.0, 1.0, 1.0, 1.0, 1.0, 1.0, 1.0, 1.0, 1.0, 1.0, 1.0, 1.0, 1.0, 1.0, 1.0, 1.0, 1.0, 1.0, 0.0, 0.0, 1.0, 1.0, 0.0, 0.0, 1.0, 1.0, 0.0, 0.0, 0.0, 0.0, 0.0, 0.0, 0.0, 0.0, 0.0, 0.0, 0.0, 0.0, 0.0, 0.0, 0.0, 0.0, 0.0, 0.0, 1.0, 1.0, 1.0, 1.0, 1.0, 1.0, 1.0, 1.0, 1.0, 1.0, 1.0, 1.0, 1.0, 1.0, 1.0, 1.0, 1.0, 1.0, 1.0, 1.0, 1.0, 1.0, 1.0]",NGS-nonramp,False
231,ENTm3,-0.625505306865674,31.713958029940258,42.28527737325368,2.739284691091707,1.5,3,False,,,,,,21,15,3.1531531531531556,8.0,-48.0,-0.625505306865674,-0.6327106308839834,0.052045502578838956,0.04684802153118345,-3606.0925607312224,3886.067101356777,4156.645364628526,250.0,525.0,0.008801414681340328,14.194613849698737,13.914746367826224,14.21726001805541,OF1,NG,47.82608695652174,35.0,68.75,48.0,"[0.0, 0.0, 0.0, 0.0, 0.0, 0.0, 0.0, 0.0, 0.0, 0.0, 0.0, 1.0, 1.0, 0.0, 0.0, 0.0, 0.0, 0.0, 0.0, 0.0, 0.0, 0.0, 0.0, 0.0, 0.0, 1.0, 1.0, 1.0, 1.0, 1.0, 1.0, 1.0, 1.0, 1.0, 1.0, 1.0, 1.0, 0.0, 0.0, 1.0, 1.0, 1.0, 1.0, 1.0, 1.0, 1.0, 1.0, 1.0, 1.0, 1.0, 1.0, 1.0, 1.0, 0.0, 0.0, 0.0, 0.0, 0.0, 0.0, 0.0, 0.0, 0.0, 0.0, 0.0, 0.0, 0.0, 0.0, 0.0, 0.0, 1.0, 1.0, 1.0, 1.0, 1.0, 1.0, 1.0, 1.0, 1.0, 1.0, 1.0, 1.0, 1.0, 1.0, 1.0]",NGS-ramp,False
234,ENTm3,-0.4380580530132187,27.170865913890452,36.2278212185206,57.318937457583814,1.5,3,False,,,,,,21,15,3.1531531531531556,9.0,46.0,-0.4380580530132187,-0.6245109838940521,0.05384079469918966,0.05408961398158161,-3606.084146524905,3901.0327805051247,4157.659453791193,250.0,510.0,0.0261978762936901,7.870724594524674,9.887788519528689,5.4489498662729945,OF1,NG,75.0,50.0,48.148148148148145,36.0,"[0.0, 0.0, 0.0, 0.0, 0.0, 0.0, 0.0, 0.0, 0.0, 1.0, 1.0, 1.0, 1.0, 0.0, 0.0, 0.0, 0.0, 1.0, 1.0, 1.0, 1.0, 1.0, 1.0, 1.0, 1.0, 1.0, 1.0, 1.0, 1.0, 1.0, 1.0, 1.0, 1.0, 1.0, 1.0, 1.0, 1.0, 0.0, 0.0, 1.0, 1.0, 0.0, 0.0, 0.0, 0.0, 1.0, 1.0, 1.0, 1.0, 0.0, 0.0, 0.0, 0.0, 0.0, 0.0, 0.0, 0.0, 0.0, 0.0, 0.0, 0.0, 0.0, 0.0, 1.0, 1.0, 0.0, 0.0, 0.0, 0.0, 0.0, 0.0, 0.0, 0.0, 0.0, 0.0, 0.0, 0.0, 0.0, 0.0, 0.0, 0.0, 0.0, 0.0, 0.0]",NGS-nonramp,False
235,ENTm3,-0.7253525008463428,28.54742964589032,38.06323952785375,50.484388197818724,1.5,3,False,,,,,,21,15,3.1531531531531556,1.0,-36.0,-0.7253525008463428,-0.589230654281206,0.04871574504852729,0.054519504620108135,-3606.084146524905,3901.0327805051247,4157.659453791193,282.0,510.0,0.0393128665375484,9.51425188221097,10.967891114479285,7.757949315212529,OF1,NG,52.77777777777778,40.625,100.0,46.15384615384615,"[1.0, 1.0, 1.0, 1.0, 1.0, 1.0, 1.0, 1.0, 1.0, 1.0, 1.0, 0.0, 0.0, 0.0, 0.0, 0.0, 0.0, 1.0, 1.0, 0.0, 0.0, 0.0, 0.0, 0.0, 0.0, 0.0, 0.0, 0.0, 0.0, 1.0, 1.0, 1.0, 1.0, 1.0, 1.0, 1.0, 1.0, 1.0, 1.0, 1.0, 1.0, 1.0, 1.0, 1.0, 1.0, 1.0, 1.0, 1.0, 1.0, 1.0, 1.0, 1.0, 1.0, 1.0, 1.0, 1.0, 1.0, 1.0, 1.0, 1.0, 1.0, 1.0, 1.0, 1.0, 1.0, 1.0, 1.0, 1.0, 1.0, 1.0, 1.0, 1.0, 1.0, 1.0, 1.0, 1.0, 1.0, 1.0, 1.0, 1.0, 1.0, 1.0, 1.0, 1.0]",NGS-nonramp,False
237,ENTm3,-0.3483957225046242,28.49203702225494,37.989382696339916,1.5695051771397919,1.5,3,False,,,,,,21,15,3.1531531531531556,-4.0,20.0,-0.3483957225046242,-0.40612205870398643,0.08043371640018161,0.08097372969969308,-3605.991590255409,4065.655251136952,4168.814434580525,282.0,345.0,0.02786703553893917,1.6767798845529582,2.4331078242418256,0.7581872138086276,OF1,NG,,,56.41025641025641,42.22222222222222,"[0.0, 0.0, 0.0, 0.0, 0.0, 0.0, 0.0, 0.0, 0.0, 0.0, 0.0, 0.0, 0.0, 0.0, 0.0, 0.0, 0.0, 0.0, 0.0, 0.0, 0.0, 0.0, 0.0, 0.0, 0.0, 0.0, 0.0, 0.0, 0.0, 0.0, 0.0, 0.0, 0.0, 0.0, 0.0, 0.0, 0.0, 0.0, 0.0, 0.0, 0.0, 0.0, 0.0, 0.0, 0.0, 0.0, 0.0, 0.0, 0.0, 0.0, 0.0, 0.0, 0.0, 0.0, 0.0, 0.0, 0.0, 0.0, 0.0, 0.0, 0.0, 0.0, 0.0, 0.0, 0.0, 0.0, 0.0, 0.0, 0.0, 0.0, 0.0, 0.0, 0.0, 0.0, 0.0, 0.0, 0.0, 0.0, 0.0, 0.0, 0.0, 0.0, 0.0, 0.0]",NGS-nonramp,False
239,ENTm3,-0.3585479010817986,31.986431952535433,42.64857593671391,0.8053109894416421,1.5,3,False,,,,,,21,15,3.1531531531531556,-6.0,23.0,-0.3585479010817986,-0.3484927369862558,0.04058387328190537,0.04006270280708496,-3606.10097493754,3871.101422208429,4155.63127546586,250.0,540.0,0.2052823033220344,13.615169661745623,23.07671251951521,3.1860526435210903,OF1,NG,65.0,50.0,47.36842105263158,26.666666666666668,"[0.0, 0.0, 0.0, 0.0, 0.0, 0.0, 0.0, 0.0, 0.0, 1.0, 1.0, 1.0, 1.0, 1.0, 1.0, 1.0, 1.0, 1.0, 1.0, 1.0, 1.0, 1.0, 1.0, 1.0, 1.0, 1.0, 1.0, 1.0, 1.0, 1.0, 1.0, 1.0, 1.0, 1.0, 1.0, 1.0, 1.0, 1.0, 1.0, 1.0, 1.0, 1.0, 1.0, 1.0, 1.0, 1.0, 1.0, 1.0, 1.0, 1.0, 1.0, 1.0, 1.0, 1.0, 1.0, 0.0, 0.0, 0.0, 0.0, 0.0, 0.0, 0.0, 0.0, 1.0, 1.0, 1.0, 1.0, 0.0, 0.0, 0.0, 0.0, 0.0, 0.0, 0.0, 0.0, 0.0, 0.0, 0.0, 0.0, 0.0, 0.0, 0.0, 0.0, 0.0]",NGS-nonramp,False
240,ENTm3,-0.6378032799337315,41.71519813662469,55.62026418216626,40.38920800774416,1.5,3,False,,,,,,21,15,3.1531531531531556,5.0,-45.0,-0.6378032799337315,-0.5652770012048267,0.26341934997415545,0.24397843586544407,-3606.109389143858,3856.135743060081,4154.617186303193,282.0,555.0,0.06875215076154187,3.3056854629787367,3.6225358721059884,2.9199928080527147,OF1,NG,60.60606060606061,40.0,33.333333333333336,50.0,"[1.0, 1.0, 1.0, 1.0, 1.0, 1.0, 1.0, 1.0, 1.0, 1.0, 1.0, 1.0, 1.0, 1.0, 1.0, 0.0, 0.0, 1.0, 1.0, 1.0, 1.0, 1.0, 1.0, 1.0, 1.0, 1.0, 1.0, 0.0, 0.0, 0.0, 0.0, 1.0, 1.0, 1.0, 1.0, 1.0, 1.0, 1.0, 1.0, 1.0, 1.0, 1.0, 1.0, 1.0, 1.0, 1.0, 1.0, 1.0, 1.0, 1.0, 1.0, 0.0, 0.0, 1.0, 1.0, 1.0, 1.0, 1.0, 1.0, 1.0, 1.0, 0.0, 0.0, 1.0, 1.0, 1.0, 1.0, 1.0, 1.0, 0.0, 0.0, 0.0, 0.0, 0.0, 0.0, 1.0, 1.0, 1.0, 1.0, 1.0, 1.0, 1.0, 1.0, 1.0]",NGS-nonramp,False
242,ENTm3,-0.40691826496652683,32.29882514844109,43.06510019792145,23.07827828423436,1.5,3,False,,,,,,21,15,3.1531531531531556,14.0,35.0,-0.40691826496652683,-0.19102647304454584,0.12907536138658302,0.12715963919295353,-3606.109389143858,3856.135743060081,4154.617186303193,250.0,555.0,0.021470951188151118,3.2974312722671537,3.3603191842907374,2.840563671368001,OF1,NG,56.41025641025641,42.22222222222222,,,"[1.0, 1.0, 1.0, 1.0, 1.0, 1.0, 1.0, 1.0, 1.0, 1.0, 1.0, 1.0, 1.0, 1.0, 1.0, 1.0, 1.0, 1.0, 1.0, 1.0, 1.0, 1.0, 1.0, 1.0, 1.0, 1.0, 1.0, 1.0, 1.0, 1.0, 1.0, 1.0, 1.0, 1.0, 1.0, 1.0, 1.0, 1.0, 1.0, 1.0, 1.0, 1.0, 1.0, 1.0, 1.0, 1.0, 1.0, 1.0, 1.0, 1.0, 1.0, 1.0, 1.0, 1.0, 1.0, 1.0, 1.0, 1.0, 1.0, 1.0, 1.0, 1.0, 1.0, 1.0, 1.0, 1.0, 1.0, 1.0, 1.0, 1.0, 1.0, 1.0, 1.0, 1.0, 1.0, 1.0, 1.0, 1.0, 1.0, 1.0, 1.0, 1.0, 1.0, 1.0]",NGS-nonramp,False
244,ENTm3,0.005191834632070028,30.33537901276247,40.44717201701663,14.912518160990945,1.5,3,False,,,,,,21,15,3.1531531531531556,-6.0,-25.0,0.005191834632070028,-0.5742239953912396,0.030325111025556694,0.0304649143037842,-3606.10097493754,3871.101422208429,4155.63127546586,282.0,540.0,0.05834632548203685,11.031843803040546,12.533793278391675,10.071947800726626,OF1,NG,60.0,46.875,52.63157894736842,30.76923076923077,"[0.0, 0.0, 0.0, 0.0, 0.0, 0.0, 0.0, 0.0, 0.0, 1.0, 1.0, 1.0, 1.0, 1.0, 1.0, 1.0, 1.0, 1.0, 1.0, 1.0, 1.0, 1.0, 1.0, 1.0, 1.0, 1.0, 1.0, 1.0, 1.0, 1.0, 1.0, 1.0, 1.0, 1.0, 1.0, 1.0, 1.0, 1.0, 1.0, 1.0, 1.0, 1.0, 1.0, 0.0, 0.0, 1.0, 1.0, 1.0, 1.0, 1.0, 1.0, 0.0, 0.0, 1.0, 1.0, 1.0, 1.0, 1.0, 1.0, 1.0, 1.0, 1.0, 1.0, 1.0, 1.0, 0.0, 0.0, 0.0, 0.0, 0.0, 0.0, 0.0, 0.0, 0.0, 0.0, 0.0, 0.0, 0.0, 0.0, 0.0, 0.0, 0.0, 0.0, 0.0]",NGS-nonramp,False
245,ENTm3,-0.18383104142412815,42.512889490274155,56.68385265369888,23.482805539758672,1.5,3,False,,,,,,21,15,3.1531531531531556,-1.0,-38.0,-0.18383104142412815,0.19210775565188565,0.08659789156687647,0.08242354315501425,-3606.109389143858,3856.135743060081,4154.617186303193,282.0,555.0,0.039792272645040365,4.15775377843441,4.774152109188015,3.4026775617521268,OF1,NG,66.66666666666667,47.05882352941177,40.0,39.285714285714285,"[1.0, 1.0, 1.0, 1.0, 1.0, 1.0, 1.0, 1.0, 1.0, 1.0, 1.0, 0.0, 0.0, 1.0, 1.0, 0.0, 0.0, 0.0, 0.0, 0.0, 0.0, 0.0, 0.0, 0.0, 0.0, 0.0, 0.0, 1.0, 1.0, 1.0, 1.0, 1.0, 1.0, 1.0, 1.0, 1.0, 1.0, 1.0, 1.0, 1.0, 1.0, 0.0, 0.0, 1.0, 1.0, 1.0, 1.0, 1.0, 1.0, 1.0, 1.0, 1.0, 1.0, 1.0, 1.0, 0.0, 0.0, 0.0, 0.0, 1.0, 1.0, 0.0, 0.0, 0.0, 0.0, 0.0, 0.0, 0.0, 0.0, 0.0, 0.0, 0.0, 0.0, 0.0, 0.0, 0.0, 0.0, 0.0, 0.0, 0.0, 0.0, 0.0, 0.0, 0.0]",NGS-ramp,False
246,ENTm3,-0.25094194228999167,28.05528344645735,37.40704459527646,6.40590983902704,1.5,3,False,,,,,,21,15,3.1531531531531556,25.0,-33.0,-0.25094194228999167,-0.4184488367786815,0.16850958692417567,0.14449311428265105,-3606.10097493754,3871.101422208429,4155.63127546586,250.0,540.0,0.01241810987966668,4.0466759548585385,4.114911408160331,3.913690189374059,OF1,NG,55.55555555555556,47.61904761904762,56.666666666666664,37.5,"[0.0, 0.0, 0.0, 0.0, 0.0, 0.0, 0.0, 0.0, 0.0, 1.0, 1.0, 0.0, 0.0, 1.0, 1.0, 1.0, 1.0, 0.0, 0.0, 0.0, 0.0, 0.0, 0.0, 1.0, 1.0, 1.0, 1.0, 1.0, 1.0, 1.0, 1.0, 0.0, 0.0, 1.0, 1.0, 0.0, 0.0, 0.0, 0.0, 0.0, 0.0, 0.0, 0.0, 0.0, 0.0, 0.0, 0.0, 0.0, 0.0, 0.0, 0.0, 0.0, 0.0, 1.0, 1.0, 1.0, 1.0, 0.0, 0.0, 1.0, 1.0, 1.0, 1.0, 1.0, 1.0, 1.0, 1.0, 1.0, 1.0, 0.0, 0.0, 0.0, 0.0, 0.0, 0.0, 0.0, 0.0, 0.0, 0.0, 0.0, 0.0, 0.0, 0.0, 0.0]",NGS-nonramp,False
247,ENTm5,-0.31197029221411654,45.67899493781914,60.90532658375884,20.205535634433446,1.5,3,False,,,,,,21,15,3.1531531531531556,-10.0,-22.0,-0.31197029221411654,-0.04467881789906698,0.247237502720821,0.24129007285717335,-3606.117803350176,3841.1700639117335,4153.603097140527,282.0,570.0,0.01920678296011231,3.017732124154663,3.2435957683980554,2.8416745683845708,OF1,NG,28.571428571428573,26.08695652173913,72.0,59.09090909090909,"[0.0, 0.0, 0.0, 0.0, 0.0, 0.0, 0.0, 0.0, 0.0, 0.0, 0.0, 0.0, 0.0, 0.0, 0.0, 0.0, 0.0, 0.0, 0.0, 0.0, 0.0, 0.0, 0.0, 1.0, 1.0, 1.0, 1.0, 0.0, 0.0, 0.0, 0.0, 0.0, 0.0, 0.0, 0.0, 0.0, 0.0, 0.0, 0.0, 0.0, 0.0, 0.0, 0.0, 0.0, 0.0, 0.0, 0.0, 1.0, 1.0, 1.0, 1.0, 1.0, 1.0, 1.0, 1.0, 1.0, 1.0, 1.0, 1.0, 1.0, 1.0, 0.0, 0.0, 0.0, 0.0, 1.0, 1.0, 1.0, 1.0, 1.0, 1.0, 1.0, 1.0, 1.0, 1.0, 1.0, 1.0, 1.0, 1.0, 1.0, 1.0, 1.0, 1.0, 1.0]",NGS-nonramp,False
248,ENTm5,-0.07681439713931273,34.54143853294975,46.05525137726633,8.216701246951093,1.5,3,False,,,,,,21,15,3.1531531531531556,8.0,-47.0,-0.07681439713931273,-0.09202824607011985,0.09940773938809143,0.1227561851308744,-3606.126217556494,3826.2043847633854,4152.58900797786,250.0,585.0,-0.0032521162173746385,4.622346798486355,4.989515031468879,4.073659359760055,OF1,NG,56.41025641025641,42.22222222222222,,,"[1.0, 1.0, 1.0, 1.0, 1.0, 1.0, 1.0, 1.0, 1.0, 1.0, 1.0, 1.0, 1.0, 1.0, 1.0, 1.0, 1.0, 1.0, 1.0, 1.0, 1.0, 1.0, 1.0, 1.0, 1.0, 1.0, 1.0, 1.0, 1.0, 1.0, 1.0, 1.0, 1.0, 1.0, 1.0, 1.0, 1.0, 1.0, 1.0, 1.0, 1.0, 1.0, 1.0, 1.0, 1.0, 1.0, 1.0, 1.0, 1.0, 1.0, 1.0, 1.0, 1.0, 1.0, 1.0, 1.0, 1.0, 1.0, 1.0, 1.0, 1.0, 1.0, 1.0, 1.0, 1.0, 1.0, 1.0, 1.0, 1.0, 1.0, 1.0, 1.0, 1.0, 1.0, 1.0, 1.0, 1.0, 1.0, 1.0, 1.0, 1.0, 1.0, 1.0, 1.0]",NGS-nonramp,False
249,ENTm5,-0.2377611927896694,29.23577569563438,38.98103426084584,17.70016802547967,1.5,3,False,,,,,,21,15,3.1531531531531556,-4.0,41.0,-0.2377611927896694,-0.5464744014570312,0.0512403734981819,0.06045535029511743,-3606.117803350176,3841.1700639117335,4153.603097140527,282.0,570.0,0.005459546513406351,4.119076999100137,4.588381038823605,3.1988279592116386,OF1,NG,80.0,66.66666666666667,48.275862068965516,36.111111111111114,"[1.0, 1.0, 1.0, 1.0, 1.0, 1.0, 1.0, 1.0, 1.0, 0.0, 0.0, 0.0, 0.0, 0.0, 0.0, 0.0, 0.0, 0.0, 0.0, 0.0, 0.0, 0.0, 0.0, 0.0, 0.0, 0.0, 0.0, 0.0, 0.0, 0.0, 0.0, 0.0, 0.0, 1.0, 1.0, 1.0, 1.0, 1.0, 1.0, 0.0, 0.0, 0.0, 0.0, 0.0, 0.0, 0.0, 0.0, 0.0, 0.0, 0.0, 0.0, 0.0, 0.0, 0.0, 0.0, 0.0, 0.0, 0.0, 0.0, 0.0, 0.0, 0.0, 0.0, 1.0, 1.0, 1.0, 1.0, 0.0, 0.0, 0.0, 0.0, 0.0, 0.0, 0.0, 0.0, 0.0, 0.0, 0.0, 0.0, 0.0, 0.0, 0.0, 0.0, 0.0]",NGS-nonramp,False
251,ENTm5,-0.493472022027055,26.68400039360432,35.57866719147243,32.90822877018925,1.5,3,False,,,,,,21,15,3.1531531531531556,29.0,-23.0,-0.493472022027055,-0.3627064130480845,0.1045151374806854,0.1123808507760766,-3606.126217556494,3826.2043847633854,4152.58900797786,250.0,585.0,0.01556793539563185,5.093307337087235,4.959101183665856,4.760193715999955,OF1,NG,59.25925925925926,39.130434782608695,50.0,45.45454545454545,"[1.0, 1.0, 1.0, 1.0, 1.0, 1.0, 1.0, 1.0, 1.0, 1.0, 1.0, 1.0, 1.0, 0.0, 0.0, 0.0, 0.0, 0.0, 0.0, 0.0, 0.0, 0.0, 0.0, 0.0, 0.0, 0.0, 0.0, 1.0, 1.0, 1.0, 1.0, 1.0, 1.0, 1.0, 1.0, 1.0, 1.0, 1.0, 1.0, 1.0, 1.0, 1.0, 1.0, 0.0, 0.0, 0.0, 0.0, 0.0, 0.0, 0.0, 0.0, 0.0, 0.0, 0.0, 0.0, 0.0, 0.0, 1.0, 1.0, 1.0, 1.0, 0.0, 0.0, 0.0, 0.0, 1.0, 1.0, 1.0, 1.0, 0.0, 0.0, 1.0, 1.0, 1.0, 1.0, 1.0, 1.0, 1.0, 1.0, 1.0, 1.0, 1.0, 1.0, 1.0]",NGS-ramp,False
252,ENTm5,-0.14715039731944335,28.91636373648156,38.55515164864208,47.72609380784784,1.5,3,False,,,,,,21,15,3.1531531531531556,4.0,-42.0,-0.14715039731944335,-0.3358704287469504,0.05521082469891449,0.05210996036337035,-3606.117803350176,3841.1700639117335,4153.603097140527,282.0,570.0,0.15262639047896243,6.339690134536234,10.454965681260736,2.0090572544657923,OF1,NG,56.41025641025641,44.18604651162791,,0.0,"[1.0, 1.0, 1.0, 1.0, 1.0, 1.0, 1.0, 1.0, 1.0, 1.0, 1.0, 1.0, 1.0, 1.0, 1.0, 1.0, 1.0, 1.0, 1.0, 1.0, 1.0, 1.0, 1.0, 1.0, 1.0, 1.0, 1.0, 1.0, 1.0, 1.0, 1.0, 1.0, 1.0, 1.0, 1.0, 1.0, 1.0, 1.0, 1.0, 1.0, 1.0, 1.0, 1.0, 1.0, 1.0, 1.0, 1.0, 1.0, 1.0, 1.0, 1.0, 1.0, 1.0, 1.0, 1.0, 1.0, 1.0, 0.0, 0.0, 1.0, 1.0, 1.0, 1.0, 1.0, 1.0, 1.0, 1.0, 1.0, 1.0, 1.0, 1.0, 1.0, 1.0, 1.0, 1.0, 1.0, 1.0, 1.0, 1.0, 1.0, 1.0, 1.0, 1.0, 1.0]",NGS-nonramp,False
253,ENTm5,-0.39195874415080395,24.978216246367477,33.30428832848997,38.383336030725346,1.5,3,False,,,,,,21,15,3.1531531531531556,9.0,37.0,-0.39195874415080395,-0.2683842164663721,0.1583457829570703,0.16775167913974137,-3606.134631762812,3811.238705615037,4151.574918815194,282.0,600.0,0.031144034908997205,2.550073261838416,2.6517587300689627,3.0310825097096563,OF1,NG,53.333333333333336,53.333333333333336,58.333333333333336,36.666666666666664,"[0.0, 0.0, 0.0, 0.0, 0.0, 0.0, 0.0, 0.0, 0.0, 0.0, 0.0, 0.0, 0.0, 0.0, 0.0, 0.0, 0.0, 0.0, 0.0, 0.0, 0.0, 0.0, 0.0, 0.0, 0.0, 1.0, 1.0, 0.0, 0.0, 0.0, 0.0, 0.0, 0.0, 0.0, 0.0, 1.0, 1.0, 1.0, 1.0, 1.0, 1.0, 1.0, 1.0, 1.0, 1.0, 1.0, 1.0, 1.0, 1.0, 1.0, 1.0, 1.0, 1.0, 0.0, 0.0, 0.0, 0.0, 0.0, 0.0, 0.0, 0.0, 0.0, 0.0, 0.0, 0.0, 1.0, 1.0, 1.0, 1.0, 1.0, 1.0, 1.0, 1.0, 1.0, 1.0, 0.0, 0.0, 0.0, 0.0, 0.0, 0.0, 0.0, 0.0, 0.0]",NGS-ramp,False
254,ENTm5,-0.3883149669920594,38.59266434521355,51.45688579361807,52.44222017827504,1.5,3,False,,,,,,21,15,3.1531531531531556,12.0,-50.0,-0.3883149669920594,-0.3198631701868989,0.09301307496064665,0.09098001657474179,-3606.134631762812,3811.238705615037,4151.574918815194,282.0,600.0,0.0379386842365665,4.074268535237258,4.354934207038241,4.349161819869271,OF1,NG,55.55555555555556,37.5,57.142857142857146,43.24324324324324,"[1.0, 1.0, 1.0, 1.0, 1.0, 1.0, 1.0, 1.0, 1.0, 1.0, 1.0, 0.0, 0.0, 0.0, 0.0, 0.0, 0.0, 0.0, 0.0, 0.0, 0.0, 0.0, 0.0, 0.0, 0.0, 0.0, 0.0, 0.0, 0.0, 0.0, 0.0, 0.0, 0.0, 0.0, 0.0, 0.0, 0.0, 1.0, 1.0, 1.0, 1.0, 1.0, 1.0, 0.0, 0.0, 0.0, 0.0, 0.0, 0.0, 0.0, 0.0, 0.0, 0.0, 0.0, 0.0, 0.0, 0.0, 0.0, 0.0, 0.0, 0.0, 0.0, 0.0, 0.0, 0.0, 0.0, 0.0, 0.0, 0.0, 0.0, 0.0, 0.0, 0.0, 0.0, 0.0, 1.0, 1.0, 1.0, 1.0, 1.0, 1.0, 1.0, 1.0, 1.0]",NGS-nonramp,False
255,ENTm5,-0.5994227646920687,27.493132812246117,36.65751041632816,16.014933424178533,1.5,3,False,,,,,,21,15,3.1531531531531556,-8.0,11.0,-0.5994227646920687,-0.4616040889150894,0.13360627392787297,0.12170055123366497,-3606.1430459691296,3796.2730264666898,4150.560829652527,250.0,615.0,-0.028050901469625578,4.0304034074557045,3.472932620750579,4.018114508931585,OF1,NG,57.57575757575758,41.37931034482759,50.0,43.75,"[1.0, 1.0, 1.0, 1.0, 1.0, 1.0, 1.0, 1.0, 1.0, 1.0, 1.0, 1.0, 1.0, 1.0, 1.0, 0.0, 0.0, 0.0, 0.0, 1.0, 1.0, 0.0, 0.0, 0.0, 0.0, 0.0, 0.0, 0.0, 0.0, 0.0, 0.0, 1.0, 1.0, 1.0, 1.0, 1.0, 1.0, 1.0, 1.0, 1.0, 1.0, 1.0, 1.0, 1.0, 1.0, 1.0, 1.0, 1.0, 1.0, 0.0, 0.0, 1.0, 1.0, 1.0, 1.0, 0.0, 0.0, 0.0, 0.0, 0.0, 0.0, 1.0, 1.0, 1.0, 1.0, 1.0, 1.0, 1.0, 1.0, 1.0, 1.0, 1.0, 1.0, 1.0, 1.0, 1.0, 1.0, 1.0, 1.0, 1.0, 1.0, 1.0, 1.0, 1.0]",NGS-ramp,False
257,ENTm5,-0.6777304382481604,43.934227862589836,58.57897048345311,35.50903186080837,1.5,3,False,,,,,,21,15,3.1531531531531556,1.0,-33.0,-0.6777304382481604,-0.6270190992559486,0.13525517841843118,0.13650947346613432,-3606.134631762812,3811.238705615037,4151.574918815194,282.0,600.0,0.05682500851030796,3.767684308807041,5.716159395195154,2.2179058935808427,OF1,NG,66.66666666666667,51.851851851851855,44.44444444444444,27.77777777777778,"[0.0, 0.0, 0.0, 0.0, 0.0, 0.0, 0.0, 0.0, 0.0, 1.0, 1.0, 1.0, 1.0, 1.0, 1.0, 1.0, 1.0, 1.0, 1.0, 1.0, 1.0, 1.0, 1.0, 1.0, 1.0, 1.0, 1.0, 1.0, 1.0, 1.0, 1.0, 1.0, 1.0, 1.0, 1.0, 1.0, 1.0, 1.0, 1.0, 1.0, 1.0, 1.0, 1.0, 1.0, 1.0, 1.0, 1.0, 1.0, 1.0, 1.0, 1.0, 1.0, 1.0, 0.0, 0.0, 0.0, 0.0, 0.0, 0.0, 0.0, 0.0, 0.0, 0.0, 0.0, 0.0, 1.0, 1.0, 1.0, 1.0, 0.0, 0.0, 0.0, 0.0, 0.0, 0.0, 0.0, 0.0, 0.0, 0.0, 0.0, 0.0, 0.0, 0.0, 0.0]",NGS-nonramp,False
258,ENTm5,-0.6113539362092391,34.503661657880514,46.004882210507354,12.041217153130653,1.5,3,False,,,,,,21,15,3.1531531531531556,8.0,-33.0,-0.6113539362092391,-0.4802260118601437,0.05216789114511116,0.05000732175882215,-3606.1430459691296,3796.2730264666898,4150.560829652527,282.0,615.0,0.01719127601503834,13.196564275658211,13.50950239574811,11.62942541795695,OF1,NG,80.0,50.0,41.666666666666664,37.03703703703704,"[1.0, 1.0, 1.0, 1.0, 1.0, 1.0, 1.0, 1.0, 1.0, 1.0, 1.0, 1.0, 1.0, 1.0, 1.0, 0.0, 0.0, 0.0, 0.0, 1.0, 1.0, 1.0, 1.0, 1.0, 1.0, 1.0, 1.0, 1.0, 1.0, 0.0, 0.0, 0.0, 0.0, 0.0, 0.0, 1.0, 1.0, 1.0, 1.0, 1.0, 1.0, 1.0, 1.0, 0.0, 0.0, 0.0, 0.0, 0.0, 0.0, 0.0, 0.0, 0.0, 0.0, 0.0, 0.0, 0.0, 0.0, 0.0, 0.0, 0.0, 0.0, 0.0, 0.0, 0.0, 0.0, 0.0, 0.0, 0.0, 0.0, 0.0, 0.0, 0.0, 0.0, 0.0, 0.0, 0.0, 0.0, 0.0, 0.0, 0.0, 0.0, 0.0, 0.0, 0.0]",NGS-nonramp,False
259,ENTm5,-0.08316217673750619,33.43784853900782,44.58379805201042,24.58846626995029,1.5,3,False,,,,,,21,15,3.1531531531531556,-38.0,32.0,-0.08316217673750619,-0.21103955669189822,0.031528074236880914,0.03093121258832653,-3606.151460175448,3781.3073473183417,4149.546740489861,282.0,630.0,0.0402844018541982,16.22773893897174,17.85046267271469,14.663840618716316,OF1,NG,57.142857142857146,53.333333333333336,56.25,36.666666666666664,"[0.0, 0.0, 0.0, 0.0, 0.0, 0.0, 0.0, 0.0, 0.0, 1.0, 1.0, 0.0, 0.0, 0.0, 0.0, 0.0, 0.0, 0.0, 0.0, 0.0, 0.0, 0.0, 0.0, 0.0, 0.0, 0.0, 0.0, 0.0, 0.0, 0.0, 0.0, 0.0, 0.0, 1.0, 1.0, 1.0, 1.0, 1.0, 1.0, 0.0, 0.0, 0.0, 0.0, 0.0, 0.0, 0.0, 0.0, 0.0, 0.0, 0.0, 0.0, 0.0, 0.0, 0.0, 0.0, 0.0, 0.0, 0.0, 0.0, 1.0, 1.0, 1.0, 1.0, 1.0, 1.0, 1.0, 1.0, 1.0, 1.0, 1.0, 1.0, 1.0, 1.0, 0.0, 0.0, 0.0, 0.0, 0.0, 0.0, 0.0, 0.0, 0.0, 0.0, 0.0]",NGS-nonramp,False
260,ENTm5,-0.41993741476079577,48.52627346715123,64.70169795620163,43.931760775328485,1.5,3,False,,,,,,21,15,3.1531531531531556,12.0,-41.0,-0.41993741476079577,-0.5004848046451826,0.089366240526505,0.08575306156200341,-3606.151460175448,3781.3073473183417,4149.546740489861,282.0,630.0,-0.0006706111857390575,11.23914190691144,14.862507625039342,6.188251830799942,OF1,NG,61.53846153846154,56.52173913043478,53.84615384615385,27.272727272727273,"[0.0, 0.0, 0.0, 0.0, 0.0, 0.0, 0.0, 0.0, 0.0, 1.0, 1.0, 1.0, 1.0, 0.0, 0.0, 0.0, 0.0, 1.0, 1.0, 1.0, 1.0, 1.0, 1.0, 1.0, 1.0, 1.0, 1.0, 1.0, 1.0, 0.0, 0.0, 0.0, 0.0, 1.0, 1.0, 1.0, 1.0, 1.0, 1.0, 1.0, 1.0, 1.0, 1.0, 1.0, 1.0, 0.0, 0.0, 0.0, 0.0, 0.0, 0.0, 0.0, 0.0, 0.0, 0.0, 0.0, 0.0, 0.0, 0.0, 1.0, 1.0, 1.0, 1.0, 1.0, 1.0, 1.0, 1.0, 0.0, 0.0, 0.0, 0.0, 0.0, 0.0, 0.0, 0.0, 0.0, 0.0, 0.0, 0.0, 0.0, 0.0, 0.0, 0.0, 0.0]",NGS-ramp,False
261,ENTm3,-0.19076190825018827,31.182836774826995,41.57711569976933,28.75652489943854,1.5,3,False,,,,,,21,15,3.1531531531531556,-6.0,-24.0,-0.19076190825018827,-0.40441792847415,0.04147596285636297,0.04551316891796087,-3606.0000044617263,4050.6895719886033,4167.800345417859,282.0,360.0,0.03125293271302242,6.881636713256726,9.411030905319143,3.77816075335259,OF1,NG,33.333333333333336,42.857142857142854,58.333333333333336,42.10526315789474,"[0.0, 0.0, 0.0, 0.0, 0.0, 0.0, 0.0, 0.0, 0.0, 0.0, 0.0, 0.0, 0.0, 0.0, 0.0, 0.0, 0.0, 0.0, 0.0, 0.0, 0.0, 0.0, 0.0, 0.0, 0.0, 1.0, 1.0, 1.0, 1.0, 1.0, 1.0, 1.0, 1.0, 0.0, 0.0, 0.0, 0.0, 0.0, 0.0, 0.0, 0.0, 0.0, 0.0, 0.0, 0.0, 0.0, 0.0, 0.0, 0.0, 0.0, 0.0, 0.0, 0.0, 0.0, 0.0, 1.0, 1.0, 0.0, 0.0, 0.0, 0.0, 0.0, 0.0, 0.0, 0.0, 0.0, 0.0, 0.0, 0.0, 0.0, 0.0, 0.0, 0.0, 0.0, 0.0, 0.0, 0.0, 0.0, 0.0, 0.0, 0.0, 0.0, 0.0, 0.0]",NGS-nonramp,False
262,ENTm5,-0.25291614735958945,37.46040646485448,49.94720861980597,43.17096659396074,1.5,3,False,,,,,,21,15,3.1531531531531556,8.0,-34.0,-0.25291614735958945,-0.2556615970284653,0.03161468006212434,0.02938426764789337,-3606.168288588083,3751.375989021646,4147.518562164528,282.0,660.0,0.0025318134815327975,16.692803627064347,17.244651704313938,16.267975910642555,OF1,NG,48.38709677419355,39.473684210526315,87.5,57.142857142857146,"[0.0, 0.0, 0.0, 0.0, 0.0, 0.0, 0.0, 0.0, 0.0, 0.0, 0.0, 1.0, 1.0, 1.0, 1.0, 1.0, 1.0, 1.0, 1.0, 1.0, 1.0, 1.0, 1.0, 1.0, 1.0, 1.0, 1.0, 1.0, 1.0, 1.0, 1.0, 1.0, 1.0, 1.0, 1.0, 1.0, 1.0, 1.0, 1.0, 1.0, 1.0, 1.0, 1.0, 1.0, 1.0, 1.0, 1.0, 1.0, 1.0, 1.0, 1.0, 1.0, 1.0, 1.0, 1.0, 1.0, 1.0, 1.0, 1.0, 1.0, 1.0, 1.0, 1.0, 0.0, 0.0, 0.0, 0.0, 1.0, 1.0, 1.0, 1.0, 1.0, 1.0, 1.0, 1.0, 1.0, 1.0, 1.0, 1.0, 1.0, 1.0, 1.0, 1.0, 1.0]",NGS-nonramp,False
263,ENTm5,-0.4454610443112811,53.230876126582615,70.97450150211014,10.304000370345028,1.5,3,False,,,,,,21,15,3.1531531531531556,9.0,-43.0,-0.4454610443112811,-0.4576910072654905,0.3154654564791642,0.3294456711530672,-3606.193531207037,3706.4789515766015,4144.476294676528,282.0,705.0,0.031147918149067852,5.020670458825307,4.821005874722402,4.80907318472901,OF1,NG,57.142857142857146,28.571428571428573,56.25,44.73684210526316,"[0.0, 0.0, 0.0, 0.0, 0.0, 0.0, 0.0, 0.0, 0.0, 0.0, 0.0, 0.0, 0.0, 0.0, 0.0, 0.0, 0.0, 0.0, 0.0, 0.0, 0.0, 0.0, 0.0, 0.0, 0.0, 0.0, 0.0, 0.0, 0.0, 0.0, 0.0, 0.0, 0.0, 0.0, 0.0, 0.0, 0.0, 0.0, 0.0, 0.0, 0.0, 0.0, 0.0, 1.0, 1.0, 1.0, 1.0, 0.0, 0.0, 1.0, 1.0, 1.0, 1.0, 0.0, 0.0, 0.0, 0.0, 0.0, 0.0, 0.0, 0.0, 0.0, 0.0, 0.0, 0.0, 0.0, 0.0, 1.0, 1.0, 1.0, 1.0, 1.0, 1.0, 0.0, 0.0, 0.0, 0.0, 0.0, 0.0, 0.0, 0.0, 0.0, 0.0, 0.0]",NGS-nonramp,False
265,ENTm5,-0.23640779417660723,35.015043329344586,46.68672443912612,6.834846147383723,1.5,3,False,,,,,,21,15,3.1531531531531556,-6.0,29.0,-0.23640779417660723,-0.5539807715357414,0.03290123538738748,0.031116474726990175,-3606.193531207037,3706.4789515766015,4144.476294676528,250.0,705.0,0.01943550071813963,15.026164605385617,17.002984913662893,8.282292707033294,OF1,NG,,,56.41025641025641,42.22222222222222,"[0.0, 0.0, 0.0, 0.0, 0.0, 0.0, 0.0, 0.0, 0.0, 0.0, 0.0, 0.0, 0.0, 0.0, 0.0, 0.0, 0.0, 0.0, 0.0, 0.0, 0.0, 0.0, 0.0, 0.0, 0.0, 0.0, 0.0, 0.0, 0.0, 0.0, 0.0, 0.0, 0.0, 0.0, 0.0, 0.0, 0.0, 0.0, 0.0, 0.0, 0.0, 0.0, 0.0, 0.0, 0.0, 0.0, 0.0, 0.0, 0.0, 0.0, 0.0, 0.0, 0.0, 0.0, 0.0, 0.0, 0.0, 0.0, 0.0, 0.0, 0.0, 0.0, 0.0, 0.0, 0.0, 0.0, 0.0, 0.0, 0.0, 0.0, 0.0, 0.0, 0.0, 0.0, 0.0, 0.0, 0.0, 0.0, 0.0, 0.0, 0.0, 0.0, 0.0, 0.0]",NGS-nonramp,False
275,ENTm5,-0.7657217175881615,52.4926492661548,69.99019902153972,41.24514413872185,1.5,3,False,,,,,,21,15,3.1531531531531556,16.0,-39.0,-0.7657217175881615,-0.39681370496442686,0.4273730352160112,0.42596546013517744,-3488.6548659233345,4252.440970735519,3983.6591101446497,500.0,180.0,0.13628758526007342,4.227088980411705,4.796345998125355,3.0649648687150237,OF1,NG,56.41025641025641,42.22222222222222,,,"[1.0, 1.0, 1.0, 1.0, 1.0, 1.0, 1.0, 1.0, 1.0, 1.0, 1.0, 1.0, 1.0, 1.0, 1.0, 1.0, 1.0, 1.0, 1.0, 1.0, 1.0, 1.0, 1.0, 1.0, 1.0, 1.0, 1.0, 1.0, 1.0, 1.0, 1.0, 1.0, 1.0, 1.0, 1.0, 1.0, 1.0, 1.0, 1.0, 1.0, 1.0, 1.0, 1.0, 1.0, 1.0, 1.0, 1.0, 1.0, 1.0, 1.0, 1.0, 1.0, 1.0, 1.0, 1.0, 1.0, 1.0, 1.0, 1.0, 1.0, 1.0, 1.0, 1.0, 1.0, 1.0, 1.0, 1.0, 1.0, 1.0, 1.0, 1.0, 1.0, 1.0, 1.0, 1.0, 1.0, 1.0, 1.0, 1.0, 1.0, 1.0, 1.0, 1.0, 1.0]",NGS-ramp,False
286,ENTm5,-0.1154377399190275,33.133925392523395,44.17856719003119,47.98915152906133,1.5,3,False,,,,,,21,15,3.1531531531531556,29.0,-29.0,-0.1154377399190275,-0.12221031508176657,0.05095750415534192,0.05613964090101308,-3487.225004940943,4147.66044945306,3977.026022074444,532.0,285.0,0.09956288357685425,5.620632206547209,6.760916167023316,4.3408300922450005,OF2,NG,62.96296296296296,50.0,41.666666666666664,36.0,"[1.0, 1.0, 1.0, 1.0, 1.0, 1.0, 1.0, 1.0, 1.0, 1.0, 1.0, 1.0, 1.0, 1.0, 1.0, 1.0, 1.0, 0.0, 0.0, 0.0, 0.0, 0.0, 0.0, 0.0, 0.0, 0.0, 0.0, 0.0, 0.0, 0.0, 0.0, 1.0, 1.0, 1.0, 1.0, 0.0, 0.0, 1.0, 1.0, 1.0, 1.0, 1.0, 1.0, 1.0, 1.0, 1.0, 1.0, 1.0, 1.0, 1.0, 1.0, 1.0, 1.0, 0.0, 0.0, 1.0, 1.0, 1.0, 1.0, 1.0, 1.0, 1.0, 1.0, 1.0, 1.0, 0.0, 0.0, 0.0, 0.0, 0.0, 0.0, 0.0, 0.0, 0.0, 0.0, 0.0, 0.0, 0.0, 0.0, 0.0, 0.0, 0.0, 0.0, 0.0]",NGS-nonramp,False
290,ENTm5,-0.14105214808877126,27.92674318068287,37.23565757424383,24.323001989961636,1.5,3,False,,,,,,21,15,3.1531531531531556,35.0,30.0,-0.14105214808877126,-0.34112448013730734,0.40928049352932167,0.382692912065755,-3486.8164732316886,4117.723157658072,3975.1308540543846,500.0,315.0,0.023739080167949154,0.8346165979511841,0.7693881498278206,0.7681852869577525,OF1,NG,65.51724137931035,46.875,30.0,30.76923076923077,"[1.0, 1.0, 1.0, 1.0, 1.0, 1.0, 1.0, 1.0, 1.0, 1.0, 1.0, 1.0, 1.0, 1.0, 1.0, 1.0, 1.0, 1.0, 1.0, 0.0, 0.0, 0.0, 0.0, 0.0, 0.0, 1.0, 1.0, 1.0, 1.0, 0.0, 0.0, 0.0, 0.0, 1.0, 1.0, 1.0, 1.0, 1.0, 1.0, 1.0, 1.0, 1.0, 1.0, 1.0, 1.0, 1.0, 1.0, 1.0, 1.0, 1.0, 1.0, 1.0, 1.0, 1.0, 1.0, 1.0, 1.0, 1.0, 1.0, 1.0, 1.0, 1.0, 1.0, 1.0, 1.0, 1.0, 1.0, 1.0, 1.0, 1.0, 1.0, 0.0, 0.0, 0.0, 0.0, 0.0, 0.0, 0.0, 0.0, 0.0, 0.0, 0.0, 0.0, 0.0]",NGS-ramp,False
297,ENTm5,-0.32466472963481796,34.91767188909324,46.55689585212432,18.723248487884884,1.5,3,False,,,,,,21,15,3.1531531531531556,8.0,-3.0,-0.32466472963481796,-0.10903481252200567,0.5504462890034075,0.5658245945833913,-3486.6122073770616,4102.754511760578,3974.183270044355,532.0,330.0,0.06454532834476859,1.1086557295757324,1.2592976982224584,0.7254157518198299,OF1,NG,71.42857142857143,60.0,48.0,40.0,"[1.0, 1.0, 1.0, 1.0, 1.0, 1.0, 1.0, 1.0, 1.0, 1.0, 1.0, 0.0, 0.0, 0.0, 0.0, 0.0, 0.0, 0.0, 0.0, 0.0, 0.0, 0.0, 0.0, 0.0, 0.0, 0.0, 0.0, 0.0, 0.0, 0.0, 0.0, 0.0, 0.0, 0.0, 0.0, 0.0, 0.0, 1.0, 1.0, 1.0, 1.0, 1.0, 1.0, 1.0, 1.0, 0.0, 0.0, 0.0, 0.0, 0.0, 0.0, 0.0, 0.0, 0.0, 0.0, 0.0, 0.0, 0.0, 0.0, 0.0, 0.0, 0.0, 0.0, 0.0, 0.0, 0.0, 0.0, 0.0, 0.0, 0.0, 0.0, 0.0, 0.0, 0.0, 0.0, 0.0, 0.0, 0.0, 0.0, 0.0, 0.0, 0.0, 0.0, 0.0]",NGS-nonramp,False
302,ENTm5,-0.07995030534640875,40.777011772003874,54.369349029338494,7.957565102865497,1.5,3,False,,,,,,21,15,3.1531531531531556,14.0,6.0,-0.07995030534640875,0.6284097264952653,0.22181749669849704,0.23362598294939918,-3486.6122073770616,4102.754511760578,3974.183270044355,500.0,330.0,0.07953736456672045,2.8632608408379,3.3956650074131693,1.932960808830787,OF1,NG,81.81818181818181,75.0,46.42857142857143,35.13513513513514,"[1.0, 1.0, 1.0, 1.0, 1.0, 1.0, 1.0, 1.0, 1.0, 0.0, 0.0, 0.0, 0.0, 0.0, 0.0, 0.0, 0.0, 0.0, 0.0, 0.0, 0.0, 0.0, 0.0, 0.0, 0.0, 0.0, 0.0, 0.0, 0.0, 0.0, 0.0, 0.0, 0.0, 0.0, 0.0, 0.0, 0.0, 0.0, 0.0, 1.0, 1.0, 0.0, 0.0, 0.0, 0.0, 0.0, 0.0, 0.0, 0.0, 0.0, 0.0, 0.0, 0.0, 0.0, 0.0, 0.0, 0.0, 0.0, 0.0, 0.0, 0.0, 1.0, 1.0, 1.0, 1.0, 1.0, 1.0, 1.0, 1.0, 0.0, 0.0, 0.0, 0.0, 0.0, 0.0, 0.0, 0.0, 0.0, 0.0, 0.0, 0.0, 0.0, 0.0, 0.0]",NGS-nonramp,False
310,ENTm5,-0.109582261418917,30.06154381832587,40.08205842443449,15.441687343805853,1.5,3,False,,,,,,21,15,3.1531531531531556,12.0,-35.0,-0.109582261418917,-0.18601763637514573,0.7980523166846757,0.7639377933427174,-3485.795143958552,4042.8799281706006,3970.392934004237,500.0,390.0,0.13237197206479778,1.8470520472318943,3.140024286690464,0.36604056695962317,OF1,NG,40.0,50.0,62.06896551724138,40.0,"[0.0, 0.0, 0.0, 0.0, 0.0, 0.0, 0.0, 0.0, 0.0, 0.0, 0.0, 0.0, 0.0, 0.0, 0.0, 0.0, 0.0, 0.0, 0.0, 0.0, 0.0, 0.0, 0.0, 1.0, 1.0, 0.0, 0.0, 0.0, 0.0, 0.0, 0.0, 0.0, 0.0, 0.0, 0.0, 0.0, 0.0, 0.0, 0.0, 1.0, 1.0, 1.0, 1.0, 0.0, 0.0, 1.0, 1.0, 1.0, 1.0, 1.0, 1.0, 1.0, 1.0, 0.0, 0.0, 0.0, 0.0, 1.0, 1.0, 1.0, 1.0, 1.0, 1.0, 0.0, 0.0, 0.0, 0.0, 0.0, 0.0, 0.0, 0.0, 0.0, 0.0, 0.0, 0.0, 0.0, 0.0, 0.0, 0.0, 0.0, 0.0, 0.0, 0.0, 0.0]",NGS-nonramp,False
314,ENTm5,-0.5006365466779614,29.311939876531802,39.0825865020424,22.91627948794653,1.5,3,False,,,,,,21,15,3.1531531531531556,-3.0,19.0,-0.5006365466779614,-0.2395107284795407,0.17602446309704378,0.16192537355092965,-3485.1823463946703,3997.973990478118,3967.550181974149,532.0,435.0,0.00589029173510804,0.656797746621658,0.660062696914252,0.6126597046380339,OF2,NG,75.0,42.857142857142854,48.148148148148145,42.10526315789474,"[1.0, 1.0, 1.0, 1.0, 1.0, 1.0, 1.0, 1.0, 1.0, 1.0, 1.0, 0.0, 0.0, 0.0, 0.0, 0.0, 0.0, 0.0, 0.0, 0.0, 0.0, 0.0, 0.0, 0.0, 0.0, 0.0, 0.0, 0.0, 0.0, 0.0, 0.0, 0.0, 0.0, 0.0, 0.0, 0.0, 0.0, 1.0, 1.0, 1.0, 1.0, 0.0, 0.0, 0.0, 0.0, 0.0, 0.0, 0.0, 0.0, 0.0, 0.0, 1.0, 1.0, 0.0, 0.0, 0.0, 0.0, 0.0, 0.0, 0.0, 0.0, 0.0, 0.0, 0.0, 0.0, 0.0, 0.0, 0.0, 0.0, 0.0, 0.0, 1.0, 1.0, 0.0, 0.0, 0.0, 0.0, 0.0, 0.0, 0.0, 0.0, 0.0, 0.0, 0.0]",NGS-ramp,False
315,ENTm5,-0.5018054277955686,30.890804498754786,41.18773933167305,45.70074088096066,1.5,3,False,,,,,,21,15,3.1531531531531556,-13.0,-2.0,-0.5018054277955686,-0.04807240796651578,0.1434672372123164,0.13936437377911626,-3485.1823463946703,3997.973990478118,3967.550181974149,532.0,435.0,0.08233780928295209,2.461635504214315,3.441696777060988,1.3114139280601977,OF1,NG,40.74074074074074,41.666666666666664,91.66666666666667,44.44444444444444,"[0.0, 0.0, 0.0, 0.0, 0.0, 0.0, 0.0, 0.0, 0.0, 0.0, 0.0, 0.0, 0.0, 0.0, 0.0, 0.0, 0.0, 0.0, 0.0, 1.0, 1.0, 0.0, 0.0, 1.0, 1.0, 1.0, 1.0, 1.0, 1.0, 1.0, 1.0, 1.0, 1.0, 1.0, 1.0, 1.0, 1.0, 1.0, 1.0, 1.0, 1.0, 1.0, 1.0, 1.0, 1.0, 1.0, 1.0, 1.0, 1.0, 1.0, 1.0, 1.0, 1.0, 1.0, 1.0, 1.0, 1.0, 1.0, 1.0, 1.0, 1.0, 1.0, 1.0, 1.0, 1.0, 1.0, 1.0, 1.0, 1.0, 1.0, 1.0, 1.0, 1.0, 1.0, 1.0, 1.0, 1.0, 1.0, 1.0, 1.0, 1.0, 1.0, 1.0, 1.0]",NGS-nonramp,False
316,ENTm5,-0.1057940990353177,30.427474561843205,40.569966082457604,57.48358501893295,1.5,3,False,,,,,,21,15,3.1531531531531556,11.0,-28.0,-0.1057940990353177,-0.5287599217260837,0.05216533306701057,0.04425122494349862,-3485.3866122492977,4012.942636375612,3968.497765984178,500.0,420.0,0.034896615036651195,7.584422093842915,7.700457465370751,6.635943328477417,OF1,NG,83.33333333333333,33.333333333333336,51.515151515151516,43.58974358974359,"[0.0, 0.0, 0.0, 0.0, 0.0, 0.0, 0.0, 0.0, 0.0, 1.0, 1.0, 1.0, 1.0, 1.0, 1.0, 1.0, 1.0, 1.0, 1.0, 0.0, 0.0, 0.0, 0.0, 0.0, 0.0, 0.0, 0.0, 0.0, 0.0, 0.0, 0.0, 0.0, 0.0, 0.0, 0.0, 0.0, 0.0, 0.0, 0.0, 0.0, 0.0, 0.0, 0.0, 0.0, 0.0, 0.0, 0.0, 1.0, 1.0, 0.0, 0.0, 0.0, 0.0, 0.0, 0.0, 0.0, 0.0, 0.0, 0.0, 0.0, 0.0, 0.0, 0.0, 0.0, 0.0, 0.0, 0.0, 0.0, 0.0, 0.0, 0.0, 0.0, 0.0, 0.0, 0.0, 0.0, 0.0, 0.0, 0.0, 0.0, 0.0, 0.0, 0.0, 0.0]",NGS-nonramp,False
317,ENTm5,-0.46644082369462375,43.620878261777456,58.161171015703275,59.14234826119403,1.5,3,False,,,,,,21,15,3.1531531531531556,13.0,-32.0,-0.46644082369462375,-0.41699321554451085,0.15496433243098365,0.15594617742516478,-3485.1823463946703,3997.973990478118,3967.550181974149,532.0,435.0,0.11760586002112018,2.8823633964847057,4.290818527885922,1.6763435980032515,OF1,NG,75.0,80.0,48.148148148148145,37.5,"[1.0, 1.0, 1.0, 1.0, 1.0, 1.0, 1.0, 1.0, 1.0, 0.0, 0.0, 0.0, 0.0, 0.0, 0.0, 0.0, 0.0, 0.0, 0.0, 0.0, 0.0, 0.0, 0.0, 0.0, 0.0, 0.0, 0.0, 0.0, 0.0, 0.0, 0.0, 0.0, 0.0, 0.0, 0.0, 1.0, 1.0, 1.0, 1.0, 1.0, 1.0, 0.0, 0.0, 0.0, 0.0, 0.0, 0.0, 1.0, 1.0, 0.0, 0.0, 0.0, 0.0, 0.0, 0.0, 0.0, 0.0, 0.0, 0.0, 0.0, 0.0, 0.0, 0.0, 0.0, 0.0, 0.0, 0.0, 0.0, 0.0, 0.0, 0.0, 0.0, 0.0, 0.0, 0.0, 0.0, 0.0, 0.0, 0.0, 0.0, 0.0, 0.0, 0.0, 0.0]",NGS-nonramp,False
318,ENTm5,-0.3091945833986643,38.02645095471516,50.70193460628688,47.91463127313401,1.5,3,False,,,,,,21,15,3.1531531531531556,-10.0,-36.0,-0.3091945833986643,-0.5388370293945889,0.21935564772959984,0.23669544460788886,-3484.773814685416,3968.0366986831295,3965.6550139540896,532.0,465.0,0.04380817827645031,3.1026323714738,3.7261073538135796,1.6324631658487594,OF1,NG,84.61538461538461,44.44444444444444,42.30769230769231,40.74074074074074,"[1.0, 1.0, 1.0, 1.0, 1.0, 1.0, 1.0, 1.0, 1.0, 0.0, 0.0, 0.0, 0.0, 1.0, 1.0, 1.0, 1.0, 1.0, 1.0, 1.0, 1.0, 1.0, 1.0, 1.0, 1.0, 1.0, 1.0, 1.0, 1.0, 0.0, 0.0, 1.0, 1.0, 1.0, 1.0, 0.0, 0.0, 0.0, 0.0, 0.0, 0.0, 0.0, 0.0, 0.0, 0.0, 0.0, 0.0, 0.0, 0.0, 0.0, 0.0, 0.0, 0.0, 0.0, 0.0, 0.0, 0.0, 0.0, 0.0, 0.0, 0.0, 1.0, 1.0, 0.0, 0.0, 0.0, 0.0, 0.0, 0.0, 0.0, 0.0, 0.0, 0.0, 0.0, 0.0, 0.0, 0.0, 0.0, 0.0, 0.0, 0.0, 0.0, 0.0, 0.0]",NGS-nonramp,False
321,ENTm5,-0.7045007953482358,27.726572489060104,36.9687633187468,30.110017705171767,1.5,3,False,,,,,,21,15,3.1531531531531556,-16.0,-18.0,-0.7045007953482358,-0.5488054854806451,0.09904533292796434,0.10333947700385467,-3484.978080540043,3983.005344580624,3966.602597964119,500.0,450.0,0.09373775225358268,7.778749326595609,8.61944886655398,6.872564393006703,OF1,NG,71.42857142857143,40.0,48.0,42.5,"[1.0, 1.0, 1.0, 1.0, 1.0, 1.0, 1.0, 1.0, 1.0, 1.0, 1.0, 0.0, 0.0, 0.0, 0.0, 0.0, 0.0, 0.0, 0.0, 0.0, 0.0, 0.0, 0.0, 0.0, 0.0, 0.0, 0.0, 0.0, 0.0, 0.0, 0.0, 0.0, 0.0, 0.0, 0.0, 0.0, 0.0, 0.0, 0.0, 0.0, 0.0, 0.0, 0.0, 1.0, 1.0, 1.0, 1.0, 1.0, 1.0, 1.0, 1.0, 0.0, 0.0, 0.0, 0.0, 0.0, 0.0, 0.0, 0.0, 0.0, 0.0, 0.0, 0.0, 0.0, 0.0, 0.0, 0.0, 0.0, 0.0, 0.0, 0.0, 0.0, 0.0, 0.0, 0.0, 0.0, 0.0, 0.0, 0.0, 0.0, 0.0, 0.0, 0.0, 0.0]",NGS-nonramp,False
323,ENTm5,-0.5628991591660197,26.742089933025895,35.65611991070119,3.4597871449816346,1.5,3,False,,,,,,21,15,3.1531531531531556,13.0,-42.0,-0.5628991591660197,-0.588275695863335,0.10670140718757387,0.1087886881946628,-3484.365282976161,3938.099406888141,3963.759845934031,532.0,495.0,0.05162906901961803,4.824692387930298,4.326986346894922,5.715565150249654,OF1,NG,60.0,56.52173913043478,54.166666666666664,27.272727272727273,"[0.0, 0.0, 0.0, 0.0, 0.0, 0.0, 0.0, 0.0, 0.0, 0.0, 0.0, 1.0, 1.0, 1.0, 1.0, 1.0, 1.0, 1.0, 1.0, 1.0, 1.0, 0.0, 0.0, 0.0, 0.0, 1.0, 1.0, 1.0, 1.0, 1.0, 1.0, 1.0, 1.0, 1.0, 1.0, 1.0, 1.0, 1.0, 1.0, 0.0, 0.0, 1.0, 1.0, 1.0, 1.0, 0.0, 0.0, 0.0, 0.0, 0.0, 0.0, 0.0, 0.0, 0.0, 0.0, 0.0, 0.0, 0.0, 0.0, 1.0, 1.0, 1.0, 1.0, 1.0, 1.0, 0.0, 0.0, 1.0, 1.0, 1.0, 1.0, 0.0, 0.0, 0.0, 0.0, 0.0, 0.0, 0.0, 0.0, 0.0, 0.0, 0.0, 0.0, 0.0]",NGS-nonramp,False
327,ENTm5,-0.13205200288804825,32.64349430710221,43.52465907613628,44.33567486199969,1.5,3,False,,,,,,21,15,3.1531531531531556,12.0,-39.0,-0.13205200288804825,-0.2100244473685829,0.03718915100477283,0.03907549404827992,-3484.365282976161,3938.099406888141,3963.759845934031,532.0,495.0,0.006237789020096358,9.87177625703267,10.302074446359054,9.495392249127098,OF1,NG,60.0,37.5,52.63157894736842,44.827586206896555,"[1.0, 1.0, 1.0, 1.0, 1.0, 1.0, 1.0, 1.0, 1.0, 0.0, 0.0, 0.0, 0.0, 0.0, 0.0, 0.0, 0.0, 0.0, 0.0, 0.0, 0.0, 0.0, 0.0, 1.0, 1.0, 1.0, 1.0, 1.0, 1.0, 1.0, 1.0, 1.0, 1.0, 1.0, 1.0, 1.0, 1.0, 0.0, 0.0, 0.0, 0.0, 0.0, 0.0, 0.0, 0.0, 0.0, 0.0, 0.0, 0.0, 0.0, 0.0, 0.0, 0.0, 0.0, 0.0, 0.0, 0.0, 0.0, 0.0, 0.0, 0.0, 0.0, 0.0, 0.0, 0.0, 0.0, 0.0, 1.0, 1.0, 0.0, 0.0, 0.0, 0.0, 1.0, 1.0, 1.0, 1.0, 1.0, 1.0, 1.0, 1.0, 1.0, 1.0, 1.0]",NGS-ramp,False
328,ENTm5,-0.37723920762192786,29.166848579378694,38.88913143917159,57.60890534599968,1.5,3,False,,,,,,21,15,3.1531531531531556,32.0,11.0,-0.37723920762192786,-0.2811898137073401,0.1765593232395803,0.17003755961672476,-3484.5695488307883,3953.068052785636,3964.70742994406,500.0,480.0,0.08961309326310939,3.0212696344596277,2.5490092442479395,3.8953603886006634,OF1,NG,63.63636363636363,27.77777777777778,47.05882352941177,51.851851851851855,"[1.0, 1.0, 1.0, 1.0, 1.0, 1.0, 1.0, 1.0, 1.0, 1.0, 1.0, 1.0, 1.0, 0.0, 0.0, 0.0, 0.0, 0.0, 0.0, 0.0, 0.0, 0.0, 0.0, 0.0, 0.0, 0.0, 0.0, 1.0, 1.0, 1.0, 1.0, 1.0, 1.0, 1.0, 1.0, 1.0, 1.0, 0.0, 0.0, 0.0, 0.0, 0.0, 0.0, 0.0, 0.0, 0.0, 0.0, 0.0, 0.0, 0.0, 0.0, 0.0, 0.0, 0.0, 0.0, 0.0, 0.0, 0.0, 0.0, 0.0, 0.0, 0.0, 0.0, 0.0, 0.0, 0.0, 0.0, 1.0, 1.0, 1.0, 1.0, 1.0, 1.0, 1.0, 1.0, 1.0, 1.0, 1.0, 1.0, 1.0, 1.0, 1.0, 1.0, 1.0]",NGS-nonramp,False
329,ENTm5,-0.2879567120970316,34.01261405741775,45.350152076556995,39.71090750178823,1.5,3,False,,,,,,21,15,3.1531531531531556,12.0,-17.0,-0.2879567120970316,-0.23129815882897908,0.2076738548187629,0.19679286975431448,-3484.5695488307883,3953.068052785636,3964.70742994406,500.0,480.0,0.1224978468299796,2.7300146193509205,4.066413650852808,1.9623995797698766,OF1,NG,57.89473684210526,38.095238095238095,0.0,100.0,"[1.0, 1.0, 1.0, 1.0, 1.0, 1.0, 1.0, 1.0, 1.0, 1.0, 1.0, 1.0, 1.0, 1.0, 1.0, 1.0, 1.0, 1.0, 1.0, 1.0, 1.0, 1.0, 1.0, 1.0, 1.0, 1.0, 1.0, 1.0, 1.0, 1.0, 1.0, 1.0, 1.0, 1.0, 1.0, 1.0, 1.0, 1.0, 1.0, 1.0, 1.0, 1.0, 1.0, 1.0, 1.0, 1.0, 1.0, 1.0, 1.0, 1.0, 1.0, 1.0, 1.0, 1.0, 1.0, 1.0, 1.0, 1.0, 1.0, 1.0, 1.0, 0.0, 0.0, 0.0, 0.0, 1.0, 1.0, 1.0, 1.0, 1.0, 1.0, 1.0, 1.0, 1.0, 1.0, 1.0, 1.0, 1.0, 1.0, 1.0, 1.0, 1.0, 1.0, 1.0]",NGS-ramp,False
330,ENTm5,-0.29111062268347865,50.6449992103639,67.52666561381854,38.43837218595873,1.5,3,False,,,,,,21,15,3.1531531531531556,3.0,5.0,-0.29111062268347865,-0.6290239920238215,0.4027057488305603,0.3706423332021906,-3484.365282976161,3938.099406888141,3963.759845934031,532.0,495.0,0.10179257240631889,2.3953661445013217,2.3829660751611663,2.234013900321099,OF1,NG,62.06896551724138,38.70967741935484,40.0,50.0,"[1.0, 1.0, 1.0, 1.0, 1.0, 1.0, 1.0, 1.0, 1.0, 1.0, 1.0, 1.0, 1.0, 1.0, 1.0, 1.0, 1.0, 1.0, 1.0, 1.0, 1.0, 1.0, 1.0, 1.0, 1.0, 1.0, 1.0, 1.0, 1.0, 1.0, 1.0, 1.0, 1.0, 1.0, 1.0, 1.0, 1.0, 1.0, 1.0, 1.0, 1.0, 1.0, 1.0, 0.0, 0.0, 0.0, 0.0, 0.0, 0.0, 0.0, 0.0, 1.0, 1.0, 0.0, 0.0, 0.0, 0.0, 0.0, 0.0, 0.0, 0.0, 0.0, 0.0, 0.0, 0.0, 0.0, 0.0, 0.0, 0.0, 1.0, 1.0, 1.0, 1.0, 1.0, 1.0, 1.0, 1.0, 1.0, 1.0, 1.0, 1.0, 1.0, 1.0, 1.0]",NGS-nonramp,False
331,ENTm5,-0.22689137479526503,36.06139499313189,48.081859990842524,16.262746101660657,1.5,3,False,,,,,,21,15,3.1531531531531556,21.0,-22.0,-0.22689137479526503,-0.12491470007084865,0.09018280756632645,0.08729312166449191,-3484.773814685416,3968.0366986831295,3965.6550139540896,500.0,465.0,0.14436036978294353,5.5567211870375255,6.457599684879656,5.109570827711037,OF1,NG,73.6842105263158,40.0,40.0,42.857142857142854,"[1.0, 1.0, 1.0, 1.0, 1.0, 1.0, 1.0, 1.0, 1.0, 1.0, 1.0, 1.0, 1.0, 1.0, 1.0, 0.0, 0.0, 0.0, 0.0, 0.0, 0.0, 0.0, 0.0, 0.0, 0.0, 0.0, 0.0, 0.0, 0.0, 1.0, 1.0, 1.0, 1.0, 1.0, 1.0, 1.0, 1.0, 0.0, 0.0, 0.0, 0.0, 1.0, 1.0, 1.0, 1.0, 1.0, 1.0, 0.0, 0.0, 0.0, 0.0, 0.0, 0.0, 0.0, 0.0, 0.0, 0.0, 0.0, 0.0, 0.0, 0.0, 0.0, 0.0, 0.0, 0.0, 0.0, 0.0, 0.0, 0.0, 0.0, 0.0, 0.0, 0.0, 0.0, 0.0, 0.0, 0.0, 0.0, 0.0, 0.0, 0.0, 0.0, 0.0, 0.0]",NGS-ramp,False
332,ENTm5,0.23891717461332426,27.916582127709965,37.22210950361328,33.460957434529156,1.5,3,False,,,,,,21,15,3.1531531531531556,12.0,-25.0,0.23891717461332426,-0.32915541839238094,0.04189938881806817,0.04843886445108995,-3484.5695488307883,3953.068052785636,3964.70742994406,500.0,480.0,0.07801309897132888,7.976378235632933,9.060860657641095,6.689821833781034,OF1,NG,87.5,42.857142857142854,34.78260869565217,41.666666666666664,"[1.0, 1.0, 1.0, 1.0, 1.0, 1.0, 1.0, 1.0, 1.0, 1.0, 1.0, 1.0, 1.0, 1.0, 1.0, 1.0, 1.0, 1.0, 1.0, 1.0, 1.0, 1.0, 1.0, 1.0, 1.0, 1.0, 1.0, 1.0, 1.0, 1.0, 1.0, 1.0, 1.0, 1.0, 1.0, 1.0, 1.0, 0.0, 0.0, 0.0, 0.0, 0.0, 0.0, 0.0, 0.0, 0.0, 0.0, 0.0, 0.0, 0.0, 0.0, 0.0, 0.0, 0.0, 0.0, 0.0, 0.0, 0.0, 0.0, 0.0, 0.0, 0.0, 0.0, 0.0, 0.0, 0.0, 0.0, 0.0, 0.0, 0.0, 0.0, 0.0, 0.0, 0.0, 0.0, 0.0, 0.0, 0.0, 0.0, 0.0, 0.0, 0.0, 0.0, 0.0]",NGS-nonramp,False
334,ENTm5,-0.43572814286890177,40.83242341028878,54.44323121371838,9.12611648879117,1.5,3,False,,,,,,21,15,3.1531531531531556,11.0,39.0,-0.43572814286890177,-0.4663604804598556,0.07433956873173796,0.07469805822819993,-3483.9567512669064,3908.162115093153,3961.8646779139713,532.0,525.0,0.11113765772023929,11.429224127298172,12.192664985465878,9.94141740127972,OF1,NG,62.96296296296296,36.36363636363637,41.666666666666664,58.333333333333336,"[1.0, 1.0, 1.0, 1.0, 1.0, 1.0, 1.0, 1.0, 1.0, 1.0, 1.0, 1.0, 1.0, 1.0, 1.0, 1.0, 1.0, 1.0, 1.0, 1.0, 1.0, 1.0, 1.0, 1.0, 1.0, 1.0, 1.0, 1.0, 1.0, 1.0, 1.0, 1.0, 1.0, 1.0, 1.0, 1.0, 1.0, 0.0, 0.0, 0.0, 0.0, 1.0, 1.0, 0.0, 0.0, 0.0, 0.0, 0.0, 0.0, 0.0, 0.0, 0.0, 0.0, 0.0, 0.0, 1.0, 1.0, 0.0, 0.0, 0.0, 0.0, 0.0, 0.0, 0.0, 0.0, 1.0, 1.0, 1.0, 1.0, 1.0, 1.0, 1.0, 1.0, 1.0, 1.0, 1.0, 1.0, 1.0, 1.0, 1.0, 1.0, 1.0, 1.0, 1.0]",NGS-ramp,False
335,ENTm5,-0.35842764052559506,36.13953895721246,48.186051942949945,13.93037236799239,1.5,3,False,,,,,,21,15,3.1531531531531556,-8.0,20.0,-0.35842764052559506,-0.33775656005979265,0.02871075524259258,0.0289616214754088,-3483.9567512669064,3908.162115093153,3961.8646779139713,500.0,525.0,0.09708990275133876,18.83394069764892,21.609449861991,15.005996899819696,OF1,NG,40.0,62.5,62.06896551724138,37.83783783783784,"[0.0, 0.0, 0.0, 0.0, 0.0, 0.0, 0.0, 0.0, 0.0, 0.0, 0.0, 0.0, 0.0, 0.0, 0.0, 0.0, 0.0, 0.0, 0.0, 0.0, 0.0, 0.0, 0.0, 0.0, 0.0, 1.0, 1.0, 0.0, 0.0, 0.0, 0.0, 0.0, 0.0, 1.0, 1.0, 1.0, 1.0, 1.0, 1.0, 0.0, 0.0, 1.0, 1.0, 1.0, 1.0, 1.0, 1.0, 0.0, 0.0, 0.0, 0.0, 1.0, 1.0, 0.0, 0.0, 1.0, 1.0, 0.0, 0.0, 0.0, 0.0, 0.0, 0.0, 0.0, 0.0, 0.0, 0.0, 0.0, 0.0, 0.0, 0.0, 0.0, 0.0, 0.0, 0.0, 0.0, 0.0, 0.0, 0.0, 0.0, 0.0, 0.0, 0.0, 0.0]",NGS-nonramp,False
337,ENTm5,-0.33400428378270863,41.60417566198403,55.47223421597871,23.044536618665436,1.5,3,False,,,,,,21,15,3.1531531531531556,-4.0,31.0,-0.33400428378270863,-0.4150797002138719,0.0500200032373607,0.054055906829297555,-3483.7524854122794,3893.1934691956585,3960.917093903942,532.0,540.0,0.027985709010434474,6.013531684418549,6.3359442936675645,4.7335321876022896,OF1,NG,,50.0,56.41025641025641,41.02564102564103,"[0.0, 0.0, 0.0, 0.0, 0.0, 0.0, 0.0, 0.0, 0.0, 0.0, 0.0, 0.0, 0.0, 0.0, 0.0, 0.0, 0.0, 0.0, 0.0, 0.0, 0.0, 1.0, 1.0, 1.0, 1.0, 1.0, 1.0, 0.0, 0.0, 0.0, 0.0, 0.0, 0.0, 0.0, 0.0, 0.0, 0.0, 0.0, 0.0, 0.0, 0.0, 0.0, 0.0, 0.0, 0.0, 0.0, 0.0, 0.0, 0.0, 0.0, 0.0, 0.0, 0.0, 0.0, 0.0, 0.0, 0.0, 0.0, 0.0, 0.0, 0.0, 0.0, 0.0, 0.0, 0.0, 0.0, 0.0, 0.0, 0.0, 0.0, 0.0, 0.0, 0.0, 0.0, 0.0, 0.0, 0.0, 0.0, 0.0, 0.0, 0.0, 0.0, 0.0, 0.0]",NGS-ramp,False
338,ENTm5,-0.2535894249037325,40.115301823061394,53.487069097415194,40.120722855833954,1.5,3,False,,,,,,21,15,3.1531531531531556,10.0,-48.0,-0.2535894249037325,-0.14880385022952933,0.17147999889501372,0.1583164997270193,-3483.548219557652,3878.2248232981647,3959.969509893912,532.0,555.0,0.04939422793812289,4.144075405255216,3.969418136237762,4.528016239536947,OF1,NG,64.28571428571429,68.75,52.0,27.586206896551722,"[0.0, 0.0, 0.0, 0.0, 0.0, 0.0, 0.0, 0.0, 0.0, 0.0, 0.0, 0.0, 0.0, 0.0, 0.0, 1.0, 1.0, 1.0, 1.0, 1.0, 1.0, 1.0, 1.0, 0.0, 0.0, 0.0, 0.0, 0.0, 0.0, 0.0, 0.0, 1.0, 1.0, 1.0, 1.0, 1.0, 1.0, 1.0, 1.0, 1.0, 1.0, 1.0, 1.0, 1.0, 1.0, 1.0, 1.0, 0.0, 0.0, 0.0, 0.0, 0.0, 0.0, 0.0, 0.0, 0.0, 0.0, 0.0, 0.0, 0.0, 0.0, 1.0, 1.0, 1.0, 1.0, 1.0, 1.0, 0.0, 0.0, 0.0, 0.0, 0.0, 0.0, 0.0, 0.0, 0.0, 0.0, 0.0, 0.0, 0.0, 0.0, 0.0, 0.0, 0.0]",NGS-nonramp,False
339,ENTm5,-0.33116877028206826,37.808017128342556,50.41068950445674,46.24155923992488,1.5,3,False,,,,,,21,15,3.1531531531531556,-2.0,-20.0,-0.33116877028206826,-0.2737156088726325,0.028239684319498037,0.028839357001371156,-3483.3439537030245,3863.2561774006704,3959.021925883883,532.0,570.0,0.2722243344407415,27.743514151731365,32.45897356880447,23.635444924530933,OF1,NG,75.0,47.82608695652174,26.666666666666668,36.36363636363637,"[1.0, 1.0, 1.0, 1.0, 1.0, 1.0, 1.0, 1.0, 1.0, 1.0, 1.0, 1.0, 1.0, 1.0, 1.0, 1.0, 1.0, 1.0, 1.0, 1.0, 1.0, 1.0, 1.0, 1.0, 1.0, 1.0, 1.0, 1.0, 1.0, 1.0, 1.0, 1.0, 1.0, 1.0, 1.0, 1.0, 1.0, 1.0, 1.0, 1.0, 1.0, 1.0, 1.0, 1.0, 1.0, 1.0, 1.0, 0.0, 0.0, 0.0, 0.0, 0.0, 0.0, 0.0, 0.0, 0.0, 0.0, 0.0, 0.0, 0.0, 0.0, 0.0, 0.0, 0.0, 0.0, 0.0, 0.0, 0.0, 0.0, 0.0, 0.0, 0.0, 0.0, 0.0, 0.0, 0.0, 0.0, 0.0, 0.0, 0.0, 0.0, 0.0, 0.0, 0.0]",NGS-nonramp,False
340,ENTm5,-0.7634684961886284,40.82329366141191,54.43105821521588,11.423974289930383,1.5,3,False,,,,,,21,15,3.1531531531531556,-3.0,38.0,-0.7634684961886284,-0.15296020981983635,0.04241705082170998,0.0413137313920713,-3483.7524854122794,3893.1934691956585,3960.917093903942,500.0,540.0,0.0475612500764208,13.2239210220166,13.969820092226293,11.402246978068504,OF1,NG,56.52173913043478,50.0,56.25,37.03703703703704,"[1.0, 1.0, 1.0, 1.0, 1.0, 1.0, 1.0, 1.0, 1.0, 1.0, 1.0, 0.0, 0.0, 0.0, 0.0, 0.0, 0.0, 0.0, 0.0, 0.0, 0.0, 0.0, 0.0, 0.0, 0.0, 0.0, 0.0, 0.0, 0.0, 0.0, 0.0, 1.0, 1.0, 0.0, 0.0, 1.0, 1.0, 1.0, 1.0, 0.0, 0.0, 1.0, 1.0, 1.0, 1.0, 1.0, 1.0, 1.0, 1.0, 1.0, 1.0, 1.0, 1.0, 1.0, 1.0, 1.0, 1.0, 1.0, 1.0, 1.0, 1.0, 1.0, 1.0, 0.0, 0.0, 0.0, 0.0, 1.0, 1.0, 0.0, 0.0, 0.0, 0.0, 0.0, 0.0, 0.0, 0.0, 0.0, 0.0, 0.0, 0.0, 0.0, 0.0, 0.0]",NGS-nonramp,False
343,ENTm5,-0.26525364394165996,31.143631203793557,41.52484160505808,50.65524798732204,1.5,3,False,,,,,,21,15,3.1531531531531556,-6.0,-35.0,-0.26525364394165996,-0.40469631712022724,0.03185165260542046,0.03608469467159444,-3483.139687848397,3848.287531503176,3958.074341873853,500.0,585.0,0.06139633779954624,11.854668699975184,13.741305235760338,9.118798160510066,OF1,NG,52.63157894736842,42.857142857142854,60.0,41.935483870967744,"[0.0, 0.0, 0.0, 0.0, 0.0, 0.0, 0.0, 0.0, 0.0, 0.0, 0.0, 0.0, 0.0, 1.0, 1.0, 1.0, 1.0, 0.0, 0.0, 0.0, 0.0, 0.0, 0.0, 0.0, 0.0, 0.0, 0.0, 0.0, 0.0, 0.0, 0.0, 1.0, 1.0, 1.0, 1.0, 1.0, 1.0, 1.0, 1.0, 1.0, 1.0, 0.0, 0.0, 1.0, 1.0, 0.0, 0.0, 0.0, 0.0, 0.0, 0.0, 0.0, 0.0, 0.0, 0.0, 0.0, 0.0, 0.0, 0.0, 0.0, 0.0, 1.0, 1.0, 1.0, 1.0, 0.0, 0.0, 0.0, 0.0, 0.0, 0.0, 1.0, 1.0, 1.0, 1.0, 1.0, 1.0, 1.0, 1.0, 1.0, 1.0, 1.0, 1.0, 1.0]",NGS-nonramp,False
344,ENTm5,-0.30635147527388573,49.18430578894739,65.5790743852632,19.070719943238025,1.5,3,False,,,,,,21,15,3.1531531531531556,20.0,-20.0,-0.30635147527388573,-0.5640373033520457,0.16301266908395373,0.16849931675896665,-3483.3439537030245,3863.2561774006704,3959.021925883883,500.0,570.0,0.10791245755800678,4.8808208847690615,4.417405894417422,5.520602723841722,OF1,NG,80.0,40.0,52.94117647058823,42.5,"[0.0, 0.0, 0.0, 0.0, 0.0, 0.0, 0.0, 0.0, 0.0, 1.0, 1.0, 1.0, 1.0, 0.0, 0.0, 0.0, 0.0, 0.0, 0.0, 0.0, 0.0, 0.0, 0.0, 0.0, 0.0, 0.0, 0.0, 0.0, 0.0, 0.0, 0.0, 0.0, 0.0, 1.0, 1.0, 1.0, 1.0, 0.0, 0.0, 0.0, 0.0, 0.0, 0.0, 0.0, 0.0, 0.0, 0.0, 1.0, 1.0, 0.0, 0.0, 0.0, 0.0, 0.0, 0.0, 0.0, 0.0, 0.0, 0.0, 0.0, 0.0, 0.0, 0.0, 0.0, 0.0, 0.0, 0.0, 0.0, 0.0, 0.0, 0.0, 0.0, 0.0, 0.0, 0.0, 0.0, 0.0, 0.0, 0.0, 0.0, 0.0, 0.0, 0.0, 0.0]",NGS-nonramp,False
346,ENTm5,-0.10861689516383065,28.657039535759772,38.20938604767969,18.448404122677942,1.5,3,False,,,,,,21,15,3.1531531531531556,37.0,-2.0,-0.10861689516383065,-0.06100159423090819,0.1652274148351652,0.18198572399559826,-3483.139687848397,3848.287531503176,3958.074341873853,532.0,585.0,0.0767871608576018,2.653368562743366,3.477864596069988,2.001836423858091,OF1,NG,39.130434782608695,40.90909090909091,81.25,43.47826086956522,"[0.0, 0.0, 0.0, 0.0, 0.0, 0.0, 0.0, 0.0, 0.0, 0.0, 0.0, 0.0, 0.0, 0.0, 0.0, 1.0, 1.0, 1.0, 1.0, 0.0, 0.0, 0.0, 0.0, 0.0, 0.0, 0.0, 0.0, 0.0, 0.0, 0.0, 0.0, 1.0, 1.0, 1.0, 1.0, 0.0, 0.0, 1.0, 1.0, 0.0, 0.0, 0.0, 0.0, 1.0, 1.0, 1.0, 1.0, 1.0, 1.0, 1.0, 1.0, 1.0, 1.0, 1.0, 1.0, 1.0, 1.0, 0.0, 0.0, 1.0, 1.0, 1.0, 1.0, 1.0, 1.0, 1.0, 1.0, 0.0, 0.0, 1.0, 1.0, 0.0, 0.0, 1.0, 1.0, 1.0, 1.0, 1.0, 1.0, 1.0, 1.0, 1.0, 1.0, 1.0]",NGS-nonramp,False
347,ENTm5,-0.3726689404984623,31.957062591440668,42.60941678858755,45.731978918402,1.5,3,False,,,,,,21,15,3.1531531531531556,32.0,-33.0,-0.3726689404984623,-0.0820021418962994,0.03921870491185738,0.0385081203437572,-3483.139687848397,3848.287531503176,3958.074341873853,532.0,585.0,0.02943048521701485,10.750022148745076,13.327841304816541,9.170454871780544,OF1,NG,80.0,31.25,41.666666666666664,48.275862068965516,"[1.0, 1.0, 1.0, 1.0, 1.0, 1.0, 1.0, 1.0, 1.0, 1.0, 1.0, 1.0, 1.0, 1.0, 1.0, 1.0, 1.0, 1.0, 1.0, 1.0, 1.0, 0.0, 0.0, 0.0, 0.0, 0.0, 0.0, 0.0, 0.0, 0.0, 0.0, 0.0, 0.0, 0.0, 0.0, 0.0, 0.0, 0.0, 0.0, 0.0, 0.0, 0.0, 0.0, 0.0, 0.0, 0.0, 0.0, 0.0, 0.0, 1.0, 1.0, 1.0, 1.0, 1.0, 1.0, 0.0, 0.0, 1.0, 1.0, 1.0, 1.0, 0.0, 0.0, 0.0, 0.0, 0.0, 0.0, 0.0, 0.0, 0.0, 0.0, 0.0, 0.0, 0.0, 0.0, 0.0, 0.0, 0.0, 0.0, 0.0, 0.0, 0.0, 0.0, 0.0]",NGS-nonramp,False
348,ENTm5,-0.5214070054335518,35.1281584215755,46.83754456210066,12.667788440388385,1.5,3,False,,,,,,21,15,3.1531531531531556,3.0,49.0,-0.5214070054335518,-0.4673348874963301,0.1086605652902416,0.09301425980351415,-3483.3439537030245,3863.2561774006704,3959.021925883883,500.0,570.0,-0.0015991828856248653,5.055338059813955,5.846034745272927,3.5787547388783794,OF1,NG,52.63157894736842,38.46153846153846,60.0,43.75,"[1.0, 1.0, 1.0, 1.0, 1.0, 1.0, 1.0, 1.0, 1.0, 1.0, 1.0, 1.0, 1.0, 0.0, 0.0, 0.0, 0.0, 0.0, 0.0, 0.0, 0.0, 0.0, 0.0, 0.0, 0.0, 0.0, 0.0, 0.0, 0.0, 0.0, 0.0, 0.0, 0.0, 0.0, 0.0, 0.0, 0.0, 1.0, 1.0, 0.0, 0.0, 0.0, 0.0, 0.0, 0.0, 0.0, 0.0, 0.0, 0.0, 0.0, 0.0, 0.0, 0.0, 0.0, 0.0, 0.0, 0.0, 1.0, 1.0, 1.0, 1.0, 0.0, 0.0, 1.0, 1.0, 0.0, 0.0, 0.0, 0.0, 0.0, 0.0, 0.0, 0.0, 1.0, 1.0, 1.0, 1.0, 1.0, 1.0, 1.0, 1.0, 1.0, 1.0, 1.0]",NGS-nonramp,False
349,ENTm5,-0.09849517413910677,33.58230877263031,44.77641169684042,16.07119112217868,1.5,3,False,,,,,,21,15,3.1531531531531556,2.0,-7.0,-0.09849517413910677,-0.09728238066055823,0.03261509054745715,0.03446215299932811,-3483.3439537030245,3863.2561774006704,3959.021925883883,532.0,570.0,0.06510585548857595,15.410338224504711,18.735752242548624,11.375585449670838,OF1,NG,87.5,50.0,48.38709677419355,37.93103448275862,"[0.0, 0.0, 0.0, 0.0, 0.0, 0.0, 0.0, 0.0, 0.0, 1.0, 1.0, 1.0, 1.0, 1.0, 1.0, 1.0, 1.0, 1.0, 1.0, 1.0, 1.0, 0.0, 0.0, 0.0, 0.0, 0.0, 0.0, 0.0, 0.0, 0.0, 0.0, 0.0, 0.0, 0.0, 0.0, 1.0, 1.0, 1.0, 1.0, 0.0, 0.0, 0.0, 0.0, 0.0, 0.0, 0.0, 0.0, 0.0, 0.0, 0.0, 0.0, 0.0, 0.0, 0.0, 0.0, 0.0, 0.0, 0.0, 0.0, 0.0, 0.0, 0.0, 0.0, 1.0, 1.0, 1.0, 1.0, 1.0, 1.0, 1.0, 1.0, 0.0, 0.0, 0.0, 0.0, 0.0, 0.0, 0.0, 0.0, 0.0, 0.0, 0.0, 0.0, 0.0]",NGS-nonramp,False
350,ENTm5,-0.5244775796154542,30.23628589931119,40.315047865748255,17.023160112715455,1.5,3,False,,,,,,21,15,3.1531531531531556,2.0,-49.0,-0.5244775796154542,-0.5162754042675436,0.18185057562023915,0.19986611594832523,-3483.139687848397,3848.287531503176,3958.074341873853,532.0,585.0,0.022819078469191068,1.2166677108873012,1.5946720199422777,0.23939830707070953,OF1,NG,,,56.41025641025641,42.22222222222222,"[0.0, 0.0, 0.0, 0.0, 0.0, 0.0, 0.0, 0.0, 0.0, 0.0, 0.0, 0.0, 0.0, 0.0, 0.0, 0.0, 0.0, 0.0, 0.0, 0.0, 0.0, 0.0, 0.0, 0.0, 0.0, 0.0, 0.0, 0.0, 0.0, 0.0, 0.0, 0.0, 0.0, 0.0, 0.0, 0.0, 0.0, 0.0, 0.0, 0.0, 0.0, 0.0, 0.0, 0.0, 0.0, 0.0, 0.0, 0.0, 0.0, 0.0, 0.0, 0.0, 0.0, 0.0, 0.0, 0.0, 0.0, 0.0, 0.0, 0.0, 0.0, 0.0, 0.0, 0.0, 0.0, 0.0, 0.0, 0.0, 0.0, 0.0, 0.0, 0.0, 0.0, 0.0, 0.0, 0.0, 0.0, 0.0, 0.0, 0.0, 0.0, 0.0, 0.0, 0.0]",NGS-nonramp,False
351,ENTm5,-0.5269651831804375,29.043712406518615,38.72494987535815,34.267223202801965,1.5,3,False,,,,,,21,15,3.1531531531531556,20.0,-28.0,-0.5269651831804375,-0.6167052688419532,0.15387721366944895,0.14963417303885113,-3483.3439537030245,3863.2561774006704,3959.021925883883,500.0,570.0,0.018811474470676232,3.6764165429389686,3.8370767985002847,3.507101881309652,OF1,NG,60.0,34.285714285714285,25.0,70.0,"[1.0, 1.0, 1.0, 1.0, 1.0, 1.0, 1.0, 1.0, 1.0, 1.0, 1.0, 1.0, 1.0, 1.0, 1.0, 1.0, 1.0, 1.0, 1.0, 0.0, 0.0, 1.0, 1.0, 1.0, 1.0, 1.0, 1.0, 0.0, 0.0, 1.0, 1.0, 1.0, 1.0, 1.0, 1.0, 1.0, 1.0, 1.0, 1.0, 1.0, 1.0, 1.0, 1.0, 1.0, 1.0, 1.0, 1.0, 1.0, 1.0, 1.0, 1.0, 1.0, 1.0, 1.0, 1.0, 1.0, 1.0, 1.0, 1.0, 0.0, 0.0, 0.0, 0.0, 0.0, 0.0, 0.0, 0.0, 1.0, 1.0, 1.0, 1.0, 1.0, 1.0, 0.0, 0.0, 1.0, 1.0, 1.0, 1.0, 1.0, 1.0, 1.0, 1.0, 1.0]",NGS-nonramp,False
352,ENTm5,-0.25315599832591906,45.56256481981255,60.750086426416736,3.5546335851480855,1.5,3,False,,,,,,21,15,3.1531531531531556,7.0,6.0,-0.25315599832591906,-0.19963827818370966,0.2827275400844936,0.2909781660931987,-3483.139687848397,3848.287531503176,3958.074341873853,532.0,585.0,0.07838417821965893,2.108356141758572,3.068510644559032,0.6909779443061779,OF1,NG,53.84615384615385,39.285714285714285,61.53846153846154,47.05882352941177,"[1.0, 1.0, 1.0, 1.0, 1.0, 1.0, 1.0, 1.0, 1.0, 1.0, 1.0, 1.0, 1.0, 1.0, 1.0, 1.0, 1.0, 0.0, 0.0, 0.0, 0.0, 1.0, 1.0, 0.0, 0.0, 0.0, 0.0, 0.0, 0.0, 0.0, 0.0, 0.0, 0.0, 0.0, 0.0, 0.0, 0.0, 0.0, 0.0, 0.0, 0.0, 1.0, 1.0, 1.0, 1.0, 0.0, 0.0, 1.0, 1.0, 0.0, 0.0, 0.0, 0.0, 1.0, 1.0, 1.0, 1.0, 1.0, 1.0, 0.0, 0.0, 1.0, 1.0, 1.0, 1.0, 1.0, 1.0, 1.0, 1.0, 1.0, 1.0, 1.0, 1.0, 1.0, 1.0, 1.0, 1.0, 1.0, 1.0, 1.0, 1.0, 1.0, 1.0, 1.0]",NGS-nonramp,False
353,ENTm5,-0.6994647891350998,37.00318184130299,49.33757578840399,42.720487612212196,1.5,3,False,,,,,,21,15,3.1531531531531556,-6.0,-45.0,-0.6994647891350998,-0.5053762866399943,0.03039479357557969,0.03071421094399536,-3482.7311561391425,3818.350239708188,3956.1791738537945,532.0,615.0,0.022854012263988647,21.18732838653133,26.707468350486877,13.786231975626475,OF1,NG,72.72727272727273,45.45454545454545,50.0,41.1764705882353,"[0.0, 0.0, 0.0, 0.0, 0.0, 0.0, 0.0, 0.0, 0.0, 1.0, 1.0, 1.0, 1.0, 1.0, 1.0, 0.0, 0.0, 0.0, 0.0, 0.0, 0.0, 0.0, 0.0, 0.0, 0.0, 0.0, 0.0, 1.0, 1.0, 1.0, 1.0, 1.0, 1.0, 1.0, 1.0, 1.0, 1.0, 1.0, 1.0, 1.0, 1.0, 1.0, 1.0, 0.0, 0.0, 0.0, 0.0, 0.0, 0.0, 0.0, 0.0, 0.0, 0.0, 0.0, 0.0, 0.0, 0.0, 0.0, 0.0, 0.0, 0.0, 0.0, 0.0, 0.0, 0.0, 0.0, 0.0, 0.0, 0.0, 0.0, 0.0, 0.0, 0.0, 0.0, 0.0, 0.0, 0.0, 0.0, 0.0, 0.0, 0.0, 0.0, 0.0, 0.0]",NGS-ramp,False
355,ENTm5,-0.15704978081243423,42.646283658280794,56.86171154437438,5.4849332085698554,1.5,3,False,,,,,,21,15,3.1531531531531556,-33.0,13.0,-0.15704978081243423,-0.14633780910081556,0.13798444781256614,0.13815882122042375,-3482.7311561391425,3818.350239708188,3956.1791738537945,500.0,615.0,0.10449782906688944,5.480782632490963,5.589572028663653,5.1317887680424255,OF1,NG,56.41025641025641,42.22222222222222,,,"[1.0, 1.0, 1.0, 1.0, 1.0, 1.0, 1.0, 1.0, 1.0, 1.0, 1.0, 1.0, 1.0, 1.0, 1.0, 1.0, 1.0, 1.0, 1.0, 1.0, 1.0, 1.0, 1.0, 1.0, 1.0, 1.0, 1.0, 1.0, 1.0, 1.0, 1.0, 1.0, 1.0, 1.0, 1.0, 1.0, 1.0, 1.0, 1.0, 1.0, 1.0, 1.0, 1.0, 1.0, 1.0, 1.0, 1.0, 1.0, 1.0, 1.0, 1.0, 1.0, 1.0, 1.0, 1.0, 1.0, 1.0, 1.0, 1.0, 1.0, 1.0, 1.0, 1.0, 1.0, 1.0, 1.0, 1.0, 1.0, 1.0, 1.0, 1.0, 1.0, 1.0, 1.0, 1.0, 1.0, 1.0, 1.0, 1.0, 1.0, 1.0, 1.0, 1.0, 1.0]",NGS-ramp,False
356,ENTm5,0.023845646319494554,24.0797709626389,32.10636128351853,54.74711990952894,1.5,3,False,,,,,,21,15,3.1531531531531556,-45.0,0.0,0.023845646319494554,0.44322198458946543,0.130040121895842,0.11788281587948311,-3482.7311561391425,3818.350239708188,3956.1791738537945,500.0,615.0,0.04790191953780463,3.2731403681730677,2.613124923400258,3.78760337799343,OF1,NG,64.0,50.0,42.857142857142854,29.41176470588235,"[1.0, 1.0, 1.0, 1.0, 1.0, 1.0, 1.0, 1.0, 1.0, 0.0, 0.0, 0.0, 0.0, 1.0, 1.0, 1.0, 1.0, 1.0, 1.0, 1.0, 1.0, 1.0, 1.0, 0.0, 0.0, 1.0, 1.0, 0.0, 0.0, 1.0, 1.0, 0.0, 0.0, 0.0, 0.0, 1.0, 1.0, 1.0, 1.0, 1.0, 1.0, 1.0, 1.0, 1.0, 1.0, 1.0, 1.0, 1.0, 1.0, 1.0, 1.0, 0.0, 0.0, 1.0, 1.0, 1.0, 1.0, 1.0, 1.0, 1.0, 1.0, 0.0, 0.0, 0.0, 0.0, 1.0, 1.0, 1.0, 1.0, 1.0, 1.0, 0.0, 0.0, 0.0, 0.0, 0.0, 0.0, 0.0, 0.0, 0.0, 0.0, 0.0, 0.0, 0.0]",NGS-nonramp,False
357,ENTm5,-0.05611103909715012,56.056690814175205,74.74225441890027,6.890384463533055,1.5,3,False,,,,,,21,15,3.1531531531531556,-3.0,-49.0,-0.05611103909715012,-0.16109048776365564,0.34969731973235624,0.3562879530693446,-3482.7311561391425,3818.350239708188,3956.1791738537945,532.0,615.0,0.09547890360306037,2.758550535810964,3.152354224988987,2.8461181564508484,OF1,NG,53.84615384615385,61.904761904761905,57.69230769230769,25.0,"[0.0, 0.0, 0.0, 0.0, 0.0, 0.0, 0.0, 0.0, 0.0, 0.0, 0.0, 1.0, 1.0, 1.0, 1.0, 1.0, 1.0, 1.0, 1.0, 1.0, 1.0, 1.0, 1.0, 0.0, 0.0, 0.0, 0.0, 0.0, 0.0, 0.0, 0.0, 0.0, 0.0, 0.0, 0.0, 0.0, 0.0, 1.0, 1.0, 0.0, 0.0, 1.0, 1.0, 1.0, 1.0, 0.0, 0.0, 0.0, 0.0, 1.0, 1.0, 1.0, 1.0, 0.0, 0.0, 0.0, 0.0, 1.0, 1.0, 1.0, 1.0, 1.0, 1.0, 1.0, 1.0, 1.0, 1.0, 1.0, 1.0, 0.0, 0.0, 0.0, 0.0, 0.0, 0.0, 0.0, 0.0, 0.0, 0.0, 0.0, 0.0, 0.0, 0.0, 0.0]",NGS-ramp,False
360,ENTm5,-0.6264867548738005,38.68600888281112,51.5813451770815,15.664811026208561,1.5,3,False,,,,,,21,15,3.1531531531531556,4.0,-42.0,-0.6264867548738005,-0.5423965395889153,0.03426577291328277,0.03360309853233611,-3482.322624429888,3788.4129479131993,3954.284005833736,532.0,645.0,0.015205324066178045,17.352431381929975,19.86517459069331,14.474988125899515,OF1,NG,60.60606060606061,37.93103448275862,33.333333333333336,50.0,"[1.0, 1.0, 1.0, 1.0, 1.0, 1.0, 1.0, 1.0, 1.0, 1.0, 1.0, 1.0, 1.0, 0.0, 0.0, 1.0, 1.0, 1.0, 1.0, 0.0, 0.0, 1.0, 1.0, 1.0, 1.0, 1.0, 1.0, 1.0, 1.0, 1.0, 1.0, 1.0, 1.0, 1.0, 1.0, 1.0, 1.0, 1.0, 1.0, 1.0, 1.0, 1.0, 1.0, 1.0, 1.0, 1.0, 1.0, 1.0, 1.0, 1.0, 1.0, 0.0, 0.0, 0.0, 0.0, 0.0, 0.0, 0.0, 0.0, 0.0, 0.0, 0.0, 0.0, 0.0, 0.0, 0.0, 0.0, 0.0, 0.0, 1.0, 1.0, 1.0, 1.0, 1.0, 1.0, 1.0, 1.0, 1.0, 1.0, 1.0, 1.0, 1.0, 1.0, 1.0]",NGS-nonramp,False
361,ENTm5,-0.32689124938102776,45.61478653347496,60.81971537796662,14.711751037077992,1.5,3,False,,,,,,21,15,3.1531531531531556,20.0,-19.0,-0.32689124938102776,-0.2123875105290003,0.22261374918807497,0.2122644594130829,-3482.118358575261,3773.444302015705,3953.336421823706,500.0,660.0,0.05359420033084078,2.536630722679553,2.545721260701667,2.4356417088284488,OF1,NG,56.25,36.666666666666664,57.142857142857146,53.333333333333336,"[1.0, 1.0, 1.0, 1.0, 1.0, 1.0, 1.0, 1.0, 1.0, 1.0, 1.0, 1.0, 1.0, 1.0, 1.0, 1.0, 1.0, 1.0, 1.0, 1.0, 1.0, 1.0, 1.0, 1.0, 1.0, 1.0, 1.0, 1.0, 1.0, 1.0, 1.0, 1.0, 1.0, 1.0, 1.0, 0.0, 0.0, 0.0, 0.0, 0.0, 0.0, 1.0, 1.0, 1.0, 1.0, 1.0, 1.0, 1.0, 1.0, 1.0, 1.0, 1.0, 1.0, 1.0, 1.0, 1.0, 1.0, 0.0, 0.0, 0.0, 0.0, 0.0, 0.0, 0.0, 0.0, 0.0, 0.0, 0.0, 0.0, 0.0, 0.0, 0.0, 0.0, 1.0, 1.0, 1.0, 1.0, 1.0, 1.0, 1.0, 1.0, 1.0, 1.0, 1.0]",NGS-nonramp,False
362,ENTm6,0.3250560856115618,35.85148327216994,47.801977696226594,23.86998203789533,1.5,3,True,,,,,,21,15,3.1531531531531556,-36.0,-11.0,0.3250560856115618,0.3487635552607087,0.03210963846261289,0.02746576029307002,-3481.9140927206336,3758.475656118211,3952.3888378136767,532.0,675.0,0.04214305541384424,11.597845451834791,13.701027437318496,9.410964075867822,OF1,NG,40.0,41.666666666666664,62.06896551724138,42.857142857142854,"[0.0, 0.0, 0.0, 0.0, 0.0, 0.0, 0.0, 0.0, 0.0, 0.0, 0.0, 0.0, 0.0, 0.0, 0.0, 0.0, 0.0, 0.0, 0.0, 0.0, 0.0, 0.0, 0.0, 0.0, 0.0, 1.0, 1.0, 0.0, 0.0, 1.0, 1.0, 1.0, 1.0, 1.0, 1.0, 0.0, 0.0, 0.0, 0.0, 0.0, 0.0, 0.0, 0.0, 0.0, 0.0, 0.0, 0.0, 1.0, 1.0, 1.0, 1.0, 1.0, 1.0, 1.0, 1.0, 1.0, 1.0, 1.0, 1.0, 1.0, 1.0, 1.0, 1.0, 1.0, 1.0, 1.0, 1.0, 1.0, 1.0, 1.0, 1.0, 1.0, 1.0, 0.0, 0.0, 0.0, 0.0, 0.0, 0.0, 0.0, 0.0, 0.0, 0.0, 0.0]",NGS-ramp,False
365,ENTm6,-0.11426000064806506,36.28360688621568,48.37814251495424,43.627113821868534,1.5,3,False,,,,,,21,15,3.1531531531531556,1.0,-8.0,-0.11426000064806506,-0.32456014726778815,0.2360582451040798,0.22377424665094145,-3481.9140927206336,3758.475656118211,3952.3888378136767,500.0,675.0,0.046498847711704656,2.5583274525499986,3.158108196194964,2.024609812697764,OF1,NG,69.56521739130434,53.333333333333336,37.5,20.0,"[1.0, 1.0, 1.0, 1.0, 1.0, 1.0, 1.0, 1.0, 1.0, 1.0, 1.0, 1.0, 1.0, 1.0, 1.0, 1.0, 1.0, 1.0, 1.0, 1.0, 1.0, 1.0, 1.0, 1.0, 1.0, 1.0, 1.0, 1.0, 1.0, 1.0, 1.0, 1.0, 1.0, 0.0, 0.0, 1.0, 1.0, 1.0, 1.0, 1.0, 1.0, 1.0, 1.0, 0.0, 0.0, 0.0, 0.0, 0.0, 0.0, 0.0, 0.0, 0.0, 0.0, 0.0, 0.0, 1.0, 1.0, 1.0, 1.0, 1.0, 1.0, 1.0, 1.0, 1.0, 1.0, 0.0, 0.0, 1.0, 1.0, 0.0, 0.0, 0.0, 0.0, 0.0, 0.0, 0.0, 0.0, 0.0, 0.0, 0.0, 0.0, 0.0, 0.0, 0.0]",NGS-nonramp,False
366,ENTm5,-0.31347438908537834,37.57721027987623,50.10294703983498,34.43725717728723,1.5,3,False,,,,,,21,15,3.1531531531531556,-14.0,-6.0,-0.31347438908537834,-0.27321809069029807,0.05769090059414844,0.06524422327894315,-3482.118358575261,3773.444302015705,3953.336421823706,500.0,660.0,0.014630997699037552,3.935833965302999,4.508647437826491,3.4887720805362568,OF1,NG,45.45454545454545,31.25,60.714285714285715,48.275862068965516,"[0.0, 0.0, 0.0, 0.0, 0.0, 0.0, 0.0, 0.0, 0.0, 0.0, 0.0, 0.0, 0.0, 1.0, 1.0, 1.0, 1.0, 1.0, 1.0, 1.0, 1.0, 1.0, 1.0, 1.0, 1.0, 0.0, 0.0, 0.0, 0.0, 0.0, 0.0, 0.0, 0.0, 0.0, 0.0, 0.0, 0.0, 0.0, 0.0, 0.0, 0.0, 0.0, 0.0, 0.0, 0.0, 0.0, 0.0, 0.0, 0.0, 0.0, 0.0, 0.0, 0.0, 0.0, 0.0, 0.0, 0.0, 0.0, 0.0, 0.0, 0.0, 0.0, 0.0, 0.0, 0.0, 1.0, 1.0, 0.0, 0.0, 0.0, 0.0, 1.0, 1.0, 1.0, 1.0, 1.0, 1.0, 1.0, 1.0, 1.0, 1.0, 1.0, 1.0, 1.0]",NGS-nonramp,False
367,ENTm5,-0.5935783663794126,30.319699013166993,40.426265350889324,49.251770102584175,1.5,3,False,,,,,,21,15,3.1531531531531556,41.0,31.0,-0.5935783663794126,-0.42088316870027626,0.04938903662516468,0.05330653649450919,-3482.118358575261,3773.444302015705,3953.336421823706,532.0,660.0,0.04031239058121698,5.447530035624301,6.615422895100748,4.260290058543717,OF2,NG,56.41025641025641,42.22222222222222,,,"[1.0, 1.0, 1.0, 1.0, 1.0, 1.0, 1.0, 1.0, 1.0, 1.0, 1.0, 1.0, 1.0, 1.0, 1.0, 1.0, 1.0, 1.0, 1.0, 1.0, 1.0, 1.0, 1.0, 1.0, 1.0, 1.0, 1.0, 1.0, 1.0, 1.0, 1.0, 1.0, 1.0, 1.0, 1.0, 1.0, 1.0, 1.0, 1.0, 1.0, 1.0, 1.0, 1.0, 1.0, 1.0, 1.0, 1.0, 1.0, 1.0, 1.0, 1.0, 1.0, 1.0, 1.0, 1.0, 1.0, 1.0, 1.0, 1.0, 1.0, 1.0, 1.0, 1.0, 1.0, 1.0, 1.0, 1.0, 1.0, 1.0, 1.0, 1.0, 1.0, 1.0, 1.0, 1.0, 1.0, 1.0, 1.0, 1.0, 1.0, 1.0, 1.0, 1.0, 1.0]",NGS-ramp,False
368,ENTm6,-0.15508323584337108,26.32032167272648,35.09376223030198,10.015199482994399,1.5,3,False,,,,,,21,15,3.1531531531531556,3.0,39.0,-0.15508323584337108,0.1371539795170354,0.04138940705106684,0.03508107948506206,-3481.709826866006,3743.507010220717,3951.441253803647,500.0,690.0,0.031913991796260845,7.281847045758325,7.5467442345825,6.14437139864545,OF1,NG,75.0,52.63157894736842,36.8421052631579,34.61538461538461,"[1.0, 1.0, 1.0, 1.0, 1.0, 1.0, 1.0, 1.0, 1.0, 1.0, 1.0, 1.0, 1.0, 1.0, 1.0, 1.0, 1.0, 1.0, 1.0, 1.0, 1.0, 0.0, 0.0, 0.0, 0.0, 0.0, 0.0, 0.0, 0.0, 0.0, 0.0, 0.0, 0.0, 0.0, 0.0, 1.0, 1.0, 1.0, 1.0, 1.0, 1.0, 0.0, 0.0, 0.0, 0.0, 0.0, 0.0, 1.0, 1.0, 1.0, 1.0, 1.0, 1.0, 1.0, 1.0, 0.0, 0.0, 0.0, 0.0, 0.0, 0.0, 1.0, 1.0, 1.0, 1.0, 0.0, 0.0, 0.0, 0.0, 0.0, 0.0, 0.0, 0.0, 0.0, 0.0, 0.0, 0.0, 0.0, 0.0, 0.0, 0.0, 0.0, 0.0, 0.0]",NGS-nonramp,False
370,ENTm6,0.03365731352347484,27.07340607798369,36.09787477064492,28.198568816721906,1.5,3,False,,,,,,21,15,3.1531531531531556,1.0,40.0,0.03365731352347484,0.0736025605093704,0.1872784577916359,0.19046725630775202,-3481.709826866006,3743.507010220717,3951.441253803647,500.0,690.0,0.02543360203200003,2.2208489694564286,2.2136349225281204,2.2678962593264664,OF1,NG,54.285714285714285,45.714285714285715,75.0,30.0,"[1.0, 1.0, 1.0, 1.0, 1.0, 1.0, 1.0, 1.0, 1.0, 1.0, 1.0, 1.0, 1.0, 1.0, 1.0, 1.0, 1.0, 1.0, 1.0, 0.0, 0.0, 1.0, 1.0, 1.0, 1.0, 1.0, 1.0, 1.0, 1.0, 1.0, 1.0, 0.0, 0.0, 0.0, 0.0, 0.0, 0.0, 1.0, 1.0, 1.0, 1.0, 1.0, 1.0, 1.0, 1.0, 1.0, 1.0, 1.0, 1.0, 1.0, 1.0, 1.0, 1.0, 0.0, 0.0, 1.0, 1.0, 0.0, 0.0, 0.0, 0.0, 1.0, 1.0, 1.0, 1.0, 1.0, 1.0, 1.0, 1.0, 1.0, 1.0, 1.0, 1.0, 1.0, 1.0, 1.0, 1.0, 1.0, 1.0, 1.0, 1.0, 1.0, 1.0, 1.0]",NGS-nonramp,False
371,ENTm6,-0.2357412096251097,29.121202480102344,38.828269973469794,28.443376375313694,1.5,3,False,,,,,,21,15,3.1531531531531556,9.0,40.0,-0.2357412096251097,-0.18772844583464807,0.32887247688901083,0.29954838756504654,-3481.505561011379,3728.538364323223,3950.493669793617,532.0,705.0,0.012095754383051677,2.198208903504659,2.7413562817048946,1.30697033999392,OF1,NG,68.42105263157895,42.30769230769231,45.0,42.10526315789474,"[1.0, 1.0, 1.0, 1.0, 1.0, 1.0, 1.0, 1.0, 1.0, 1.0, 1.0, 1.0, 1.0, 1.0, 1.0, 0.0, 0.0, 1.0, 1.0, 1.0, 1.0, 0.0, 0.0, 0.0, 0.0, 0.0, 0.0, 0.0, 0.0, 0.0, 0.0, 0.0, 0.0, 0.0, 0.0, 1.0, 1.0, 0.0, 0.0, 0.0, 0.0, 0.0, 0.0, 0.0, 0.0, 0.0, 0.0, 1.0, 1.0, 1.0, 1.0, 1.0, 1.0, 1.0, 1.0, 1.0, 1.0, 1.0, 1.0, 1.0, 1.0, 1.0, 1.0, 1.0, 1.0, 1.0, 1.0, 1.0, 1.0, 1.0, 1.0, 0.0, 0.0, 0.0, 0.0, 0.0, 0.0, 0.0, 0.0, 0.0, 0.0, 0.0, 0.0, 0.0]",NGS-nonramp,False
372,ENTm5,-0.23921006818550555,20.607452197711172,27.47660293028156,53.87476675009358,1.5,3,False,,,,,,21,15,3.1531531531531556,4.0,-42.0,-0.23921006818550555,-0.11030743408397162,0.0533906906808999,0.058423107688171466,-3486.407941522434,4087.785865863083,3973.235686034325,500.0,345.0,0.015807356652508698,5.374421489321711,7.498246477274978,2.839452774351432,OF1,NG,44.44444444444444,30.76923076923077,66.66666666666667,46.875,"[0.0, 0.0, 0.0, 0.0, 0.0, 0.0, 0.0, 0.0, 0.0, 0.0, 0.0, 0.0, 0.0, 0.0, 0.0, 0.0, 0.0, 1.0, 1.0, 0.0, 0.0, 0.0, 0.0, 0.0, 0.0, 1.0, 1.0, 1.0, 1.0, 0.0, 0.0, 1.0, 1.0, 0.0, 0.0, 0.0, 0.0, 1.0, 1.0, 1.0, 1.0, 1.0, 1.0, 1.0, 1.0, 1.0, 1.0, 0.0, 0.0, 0.0, 0.0, 0.0, 0.0, 0.0, 0.0, 0.0, 0.0, 0.0, 0.0, 0.0, 0.0, 0.0, 0.0, 0.0, 0.0, 0.0, 0.0, 0.0, 0.0, 0.0, 0.0, 1.0, 1.0, 1.0, 1.0, 1.0, 1.0, 1.0, 1.0, 1.0, 1.0, 1.0, 1.0, 1.0]",NGS-nonramp,False
317,ENTm5,-0.46644082369462375,43.620878261777456,58.161171015703275,59.14234826119403,1.5,3,False,,,,,,21,15,3.1531531531531556,13.0,-32.0,-0.46644082369462375,-0.41699321554451085,0.15496433243098365,0.15594617742516478,-3485.1823463946703,3997.973990478118,3967.550181974149,532.0,435.0,0.11760586002112018,2.8823633964847057,4.290818527885922,1.6763435980032515,,Other,75.0,80.0,48.148148148148145,37.5,"[1.0, 1.0, 1.0, 1.0, 1.0, 1.0, 1.0, 1.0, 1.0, 0.0, 0.0, 0.0, 0.0, 0.0, 0.0, 0.0, 0.0, 0.0, 0.0, 0.0, 0.0, 0.0, 0.0, 0.0, 0.0, 0.0, 0.0, 0.0, 0.0, 0.0, 0.0, 0.0, 0.0, 0.0, 0.0, 1.0, 1.0, 1.0, 1.0, 1.0, 1.0, 0.0, 0.0, 0.0, 0.0, 0.0, 0.0, 1.0, 1.0, 0.0, 0.0, 0.0, 0.0, 0.0, 0.0, 0.0, 0.0, 0.0, 0.0, 0.0, 0.0, 0.0, 0.0, 0.0, 0.0, 0.0, 0.0, 0.0, 0.0, 0.0, 0.0, 0.0, 0.0, 0.0, 0.0, 0.0, 0.0, 0.0, 0.0, 0.0, 0.0, 0.0, 0.0, 0.0]",NS,False
318,ENTm5,-0.3091945833986643,38.02645095471516,50.70193460628688,47.91463127313401,1.5,3,False,,,,,,21,15,3.1531531531531556,-10.0,-36.0,-0.3091945833986643,-0.5388370293945889,0.21935564772959984,0.23669544460788886,-3484.773814685416,3968.0366986831295,3965.6550139540896,532.0,465.0,0.04380817827645031,3.1026323714738,3.7261073538135796,1.6324631658487594,,Other,84.61538461538461,44.44444444444444,42.30769230769231,40.74074074074074,"[1.0, 1.0, 1.0, 1.0, 1.0, 1.0, 1.0, 1.0, 1.0, 0.0, 0.0, 0.0, 0.0, 1.0, 1.0, 1.0, 1.0, 1.0, 1.0, 1.0, 1.0, 1.0, 1.0, 1.0, 1.0, 1.0, 1.0, 1.0, 1.0, 0.0, 0.0, 1.0, 1.0, 1.0, 1.0, 0.0, 0.0, 0.0, 0.0, 0.0, 0.0, 0.0, 0.0, 0.0, 0.0, 0.0, 0.0, 0.0, 0.0, 0.0, 0.0, 0.0, 0.0, 0.0, 0.0, 0.0, 0.0, 0.0, 0.0, 0.0, 0.0, 1.0, 1.0, 0.0, 0.0, 0.0, 0.0, 0.0, 0.0, 0.0, 0.0, 0.0, 0.0, 0.0, 0.0, 0.0, 0.0, 0.0, 0.0, 0.0, 0.0, 0.0, 0.0, 0.0]",NS,False
321,ENTm5,-0.7045007953482358,27.726572489060104,36.9687633187468,30.110017705171767,1.5,3,False,,,,,,21,15,3.1531531531531556,-16.0,-18.0,-0.7045007953482358,-0.5488054854806451,0.09904533292796434,0.10333947700385467,-3484.978080540043,3983.005344580624,3966.602597964119,500.0,450.0,0.09373775225358268,7.778749326595609,8.61944886655398,6.872564393006703,,Other,71.42857142857143,40.0,48.0,42.5,"[1.0, 1.0, 1.0, 1.0, 1.0, 1.0, 1.0, 1.0, 1.0, 1.0, 1.0, 0.0, 0.0, 0.0, 0.0, 0.0, 0.0, 0.0, 0.0, 0.0, 0.0, 0.0, 0.0, 0.0, 0.0, 0.0, 0.0, 0.0, 0.0, 0.0, 0.0, 0.0, 0.0, 0.0, 0.0, 0.0, 0.0, 0.0, 0.0, 0.0, 0.0, 0.0, 0.0, 1.0, 1.0, 1.0, 1.0, 1.0, 1.0, 1.0, 1.0, 0.0, 0.0, 0.0, 0.0, 0.0, 0.0, 0.0, 0.0, 0.0, 0.0, 0.0, 0.0, 0.0, 0.0, 0.0, 0.0, 0.0, 0.0, 0.0, 0.0, 0.0, 0.0, 0.0, 0.0, 0.0, 0.0, 0.0, 0.0, 0.0, 0.0, 0.0, 0.0, 0.0]",NS,False
322,ENTm5,-0.11761878740497639,26.384154354795626,35.178872473060835,20.45217945885203,1.5,3,False,,,,,,21,15,3.1531531531531556,30.0,-9.0,-0.11761878740497639,-0.5178383820633105,0.034822459285098,0.03658940165875951,-3484.773814685416,3968.0366986831295,3965.6550139540896,532.0,465.0,0.043904602394514394,10.300286671973982,9.519534362346143,11.461124519946683,,Other,60.60606060606061,40.54054054054054,33.333333333333336,50.0,"[1.0, 1.0, 1.0, 1.0, 1.0, 1.0, 1.0, 1.0, 1.0, 1.0, 1.0, 1.0, 1.0, 1.0, 1.0, 1.0, 1.0, 1.0, 1.0, 1.0, 1.0, 1.0, 1.0, 1.0, 1.0, 1.0, 1.0, 1.0, 1.0, 1.0, 1.0, 1.0, 1.0, 0.0, 0.0, 0.0, 0.0, 0.0, 0.0, 1.0, 1.0, 1.0, 1.0, 1.0, 1.0, 1.0, 1.0, 1.0, 1.0, 1.0, 1.0, 1.0, 1.0, 1.0, 1.0, 0.0, 0.0, 0.0, 0.0, 0.0, 0.0, 0.0, 0.0, 1.0, 1.0, 1.0, 1.0, 1.0, 1.0, 1.0, 1.0, 1.0, 1.0, 1.0, 1.0, 1.0, 1.0, 1.0, 1.0, 1.0, 1.0, 1.0, 1.0, 1.0]",NS,False
323,ENTm5,-0.5628991591660197,26.742089933025895,35.65611991070119,3.4597871449816346,1.5,3,False,,,,,,21,15,3.1531531531531556,13.0,-42.0,-0.5628991591660197,-0.588275695863335,0.10670140718757387,0.1087886881946628,-3484.365282976161,3938.099406888141,3963.759845934031,532.0,495.0,0.05162906901961803,4.824692387930298,4.326986346894922,5.715565150249654,,Other,60.0,56.52173913043478,54.166666666666664,27.272727272727273,"[0.0, 0.0, 0.0, 0.0, 0.0, 0.0, 0.0, 0.0, 0.0, 0.0, 0.0, 1.0, 1.0, 1.0, 1.0, 1.0, 1.0, 1.0, 1.0, 1.0, 1.0, 0.0, 0.0, 0.0, 0.0, 1.0, 1.0, 1.0, 1.0, 1.0, 1.0, 1.0, 1.0, 1.0, 1.0, 1.0, 1.0, 1.0, 1.0, 0.0, 0.0, 1.0, 1.0, 1.0, 1.0, 0.0, 0.0, 0.0, 0.0, 0.0, 0.0, 0.0, 0.0, 0.0, 0.0, 0.0, 0.0, 0.0, 0.0, 1.0, 1.0, 1.0, 1.0, 1.0, 1.0, 0.0, 0.0, 1.0, 1.0, 1.0, 1.0, 0.0, 0.0, 0.0, 0.0, 0.0, 0.0, 0.0, 0.0, 0.0, 0.0, 0.0, 0.0, 0.0]",NS,False
327,ENTm5,-0.13205200288804825,32.64349430710221,43.52465907613628,44.33567486199969,1.5,3,False,,,,,,21,15,3.1531531531531556,12.0,-39.0,-0.13205200288804825,-0.2100244473685829,0.03718915100477283,0.03907549404827992,-3484.365282976161,3938.099406888141,3963.759845934031,532.0,495.0,0.006237789020096358,9.87177625703267,10.302074446359054,9.495392249127098,,Other,60.0,37.5,52.63157894736842,44.827586206896555,"[1.0, 1.0, 1.0, 1.0, 1.0, 1.0, 1.0, 1.0, 1.0, 0.0, 0.0, 0.0, 0.0, 0.0, 0.0, 0.0, 0.0, 0.0, 0.0, 0.0, 0.0, 0.0, 0.0, 1.0, 1.0, 1.0, 1.0, 1.0, 1.0, 1.0, 1.0, 1.0, 1.0, 1.0, 1.0, 1.0, 1.0, 0.0, 0.0, 0.0, 0.0, 0.0, 0.0, 0.0, 0.0, 0.0, 0.0, 0.0, 0.0, 0.0, 0.0, 0.0, 0.0, 0.0, 0.0, 0.0, 0.0, 0.0, 0.0, 0.0, 0.0, 0.0, 0.0, 0.0, 0.0, 0.0, 0.0, 1.0, 1.0, 0.0, 0.0, 0.0, 0.0, 1.0, 1.0, 1.0, 1.0, 1.0, 1.0, 1.0, 1.0, 1.0, 1.0, 1.0]",NS,False
328,ENTm5,-0.37723920762192786,29.166848579378694,38.88913143917159,57.60890534599968,1.5,3,False,,,,,,21,15,3.1531531531531556,32.0,11.0,-0.37723920762192786,-0.2811898137073401,0.1765593232395803,0.17003755961672476,-3484.5695488307883,3953.068052785636,3964.70742994406,500.0,480.0,0.08961309326310939,3.0212696344596277,2.5490092442479395,3.8953603886006634,,Other,63.63636363636363,27.77777777777778,47.05882352941177,51.851851851851855,"[1.0, 1.0, 1.0, 1.0, 1.0, 1.0, 1.0, 1.0, 1.0, 1.0, 1.0, 1.0, 1.0, 0.0, 0.0, 0.0, 0.0, 0.0, 0.0, 0.0, 0.0, 0.0, 0.0, 0.0, 0.0, 0.0, 0.0, 1.0, 1.0, 1.0, 1.0, 1.0, 1.0, 1.0, 1.0, 1.0, 1.0, 0.0, 0.0, 0.0, 0.0, 0.0, 0.0, 0.0, 0.0, 0.0, 0.0, 0.0, 0.0, 0.0, 0.0, 0.0, 0.0, 0.0, 0.0, 0.0, 0.0, 0.0, 0.0, 0.0, 0.0, 0.0, 0.0, 0.0, 0.0, 0.0, 0.0, 1.0, 1.0, 1.0, 1.0, 1.0, 1.0, 1.0, 1.0, 1.0, 1.0, 1.0, 1.0, 1.0, 1.0, 1.0, 1.0, 1.0]",NS,False
329,ENTm5,-0.2879567120970316,34.01261405741775,45.350152076556995,39.71090750178823,1.5,3,False,,,,,,21,15,3.1531531531531556,12.0,-17.0,-0.2879567120970316,-0.23129815882897908,0.2076738548187629,0.19679286975431448,-3484.5695488307883,3953.068052785636,3964.70742994406,500.0,480.0,0.1224978468299796,2.7300146193509205,4.066413650852808,1.9623995797698766,,Other,57.89473684210526,38.095238095238095,0.0,100.0,"[1.0, 1.0, 1.0, 1.0, 1.0, 1.0, 1.0, 1.0, 1.0, 1.0, 1.0, 1.0, 1.0, 1.0, 1.0, 1.0, 1.0, 1.0, 1.0, 1.0, 1.0, 1.0, 1.0, 1.0, 1.0, 1.0, 1.0, 1.0, 1.0, 1.0, 1.0, 1.0, 1.0, 1.0, 1.0, 1.0, 1.0, 1.0, 1.0, 1.0, 1.0, 1.0, 1.0, 1.0, 1.0, 1.0, 1.0, 1.0, 1.0, 1.0, 1.0, 1.0, 1.0, 1.0, 1.0, 1.0, 1.0, 1.0, 1.0, 1.0, 1.0, 0.0, 0.0, 0.0, 0.0, 1.0, 1.0, 1.0, 1.0, 1.0, 1.0, 1.0, 1.0, 1.0, 1.0, 1.0, 1.0, 1.0, 1.0, 1.0, 1.0, 1.0, 1.0, 1.0]",NS,False
330,ENTm5,-0.29111062268347865,50.6449992103639,67.52666561381854,38.43837218595873,1.5,3,False,,,,,,21,15,3.1531531531531556,3.0,5.0,-0.29111062268347865,-0.6290239920238215,0.4027057488305603,0.3706423332021906,-3484.365282976161,3938.099406888141,3963.759845934031,532.0,495.0,0.10179257240631889,2.3953661445013217,2.3829660751611663,2.234013900321099,,Other,62.06896551724138,38.70967741935484,40.0,50.0,"[1.0, 1.0, 1.0, 1.0, 1.0, 1.0, 1.0, 1.0, 1.0, 1.0, 1.0, 1.0, 1.0, 1.0, 1.0, 1.0, 1.0, 1.0, 1.0, 1.0, 1.0, 1.0, 1.0, 1.0, 1.0, 1.0, 1.0, 1.0, 1.0, 1.0, 1.0, 1.0, 1.0, 1.0, 1.0, 1.0, 1.0, 1.0, 1.0, 1.0, 1.0, 1.0, 1.0, 0.0, 0.0, 0.0, 0.0, 0.0, 0.0, 0.0, 0.0, 1.0, 1.0, 0.0, 0.0, 0.0, 0.0, 0.0, 0.0, 0.0, 0.0, 0.0, 0.0, 0.0, 0.0, 0.0, 0.0, 0.0, 0.0, 1.0, 1.0, 1.0, 1.0, 1.0, 1.0, 1.0, 1.0, 1.0, 1.0, 1.0, 1.0, 1.0, 1.0, 1.0]",NS,False
331,ENTm5,-0.22689137479526503,36.06139499313189,48.081859990842524,16.262746101660657,1.5,3,False,,,,,,21,15,3.1531531531531556,21.0,-22.0,-0.22689137479526503,-0.12491470007084865,0.09018280756632645,0.08729312166449191,-3484.773814685416,3968.0366986831295,3965.6550139540896,500.0,465.0,0.14436036978294353,5.5567211870375255,6.457599684879656,5.109570827711037,,Other,73.6842105263158,40.0,40.0,42.857142857142854,"[1.0, 1.0, 1.0, 1.0, 1.0, 1.0, 1.0, 1.0, 1.0, 1.0, 1.0, 1.0, 1.0, 1.0, 1.0, 0.0, 0.0, 0.0, 0.0, 0.0, 0.0, 0.0, 0.0, 0.0, 0.0, 0.0, 0.0, 0.0, 0.0, 1.0, 1.0, 1.0, 1.0, 1.0, 1.0, 1.0, 1.0, 0.0, 0.0, 0.0, 0.0, 1.0, 1.0, 1.0, 1.0, 1.0, 1.0, 0.0, 0.0, 0.0, 0.0, 0.0, 0.0, 0.0, 0.0, 0.0, 0.0, 0.0, 0.0, 0.0, 0.0, 0.0, 0.0, 0.0, 0.0, 0.0, 0.0, 0.0, 0.0, 0.0, 0.0, 0.0, 0.0, 0.0, 0.0, 0.0, 0.0, 0.0, 0.0, 0.0, 0.0, 0.0, 0.0, 0.0]",NS,False
332,ENTm5,0.23891717461332426,27.916582127709965,37.22210950361328,33.460957434529156,1.5,3,False,,,,,,21,15,3.1531531531531556,12.0,-25.0,0.23891717461332426,-0.32915541839238094,0.04189938881806817,0.04843886445108995,-3484.5695488307883,3953.068052785636,3964.70742994406,500.0,480.0,0.07801309897132888,7.976378235632933,9.060860657641095,6.689821833781034,,Other,87.5,42.857142857142854,34.78260869565217,41.666666666666664,"[1.0, 1.0, 1.0, 1.0, 1.0, 1.0, 1.0, 1.0, 1.0, 1.0, 1.0, 1.0, 1.0, 1.0, 1.0, 1.0, 1.0, 1.0, 1.0, 1.0, 1.0, 1.0, 1.0, 1.0, 1.0, 1.0, 1.0, 1.0, 1.0, 1.0, 1.0, 1.0, 1.0, 1.0, 1.0, 1.0, 1.0, 0.0, 0.0, 0.0, 0.0, 0.0, 0.0, 0.0, 0.0, 0.0, 0.0, 0.0, 0.0, 0.0, 0.0, 0.0, 0.0, 0.0, 0.0, 0.0, 0.0, 0.0, 0.0, 0.0, 0.0, 0.0, 0.0, 0.0, 0.0, 0.0, 0.0, 0.0, 0.0, 0.0, 0.0, 0.0, 0.0, 0.0, 0.0, 0.0, 0.0, 0.0, 0.0, 0.0, 0.0, 0.0, 0.0, 0.0]",NS,False
334,ENTm5,-0.43572814286890177,40.83242341028878,54.44323121371838,9.12611648879117,1.5,3,False,,,,,,21,15,3.1531531531531556,11.0,39.0,-0.43572814286890177,-0.4663604804598556,0.07433956873173796,0.07469805822819993,-3483.9567512669064,3908.162115093153,3961.8646779139713,532.0,525.0,0.11113765772023929,11.429224127298172,12.192664985465878,9.94141740127972,,Other,62.96296296296296,36.36363636363637,41.666666666666664,58.333333333333336,"[1.0, 1.0, 1.0, 1.0, 1.0, 1.0, 1.0, 1.0, 1.0, 1.0, 1.0, 1.0, 1.0, 1.0, 1.0, 1.0, 1.0, 1.0, 1.0, 1.0, 1.0, 1.0, 1.0, 1.0, 1.0, 1.0, 1.0, 1.0, 1.0, 1.0, 1.0, 1.0, 1.0, 1.0, 1.0, 1.0, 1.0, 0.0, 0.0, 0.0, 0.0, 1.0, 1.0, 0.0, 0.0, 0.0, 0.0, 0.0, 0.0, 0.0, 0.0, 0.0, 0.0, 0.0, 0.0, 1.0, 1.0, 0.0, 0.0, 0.0, 0.0, 0.0, 0.0, 0.0, 0.0, 1.0, 1.0, 1.0, 1.0, 1.0, 1.0, 1.0, 1.0, 1.0, 1.0, 1.0, 1.0, 1.0, 1.0, 1.0, 1.0, 1.0, 1.0, 1.0]",NS,False
335,ENTm5,-0.35842764052559506,36.13953895721246,48.186051942949945,13.93037236799239,1.5,3,False,,,,,,21,15,3.1531531531531556,-8.0,20.0,-0.35842764052559506,-0.33775656005979265,0.02871075524259258,0.0289616214754088,-3483.9567512669064,3908.162115093153,3961.8646779139713,500.0,525.0,0.09708990275133876,18.83394069764892,21.609449861991,15.005996899819696,,Other,40.0,62.5,62.06896551724138,37.83783783783784,"[0.0, 0.0, 0.0, 0.0, 0.0, 0.0, 0.0, 0.0, 0.0, 0.0, 0.0, 0.0, 0.0, 0.0, 0.0, 0.0, 0.0, 0.0, 0.0, 0.0, 0.0, 0.0, 0.0, 0.0, 0.0, 1.0, 1.0, 0.0, 0.0, 0.0, 0.0, 0.0, 0.0, 1.0, 1.0, 1.0, 1.0, 1.0, 1.0, 0.0, 0.0, 1.0, 1.0, 1.0, 1.0, 1.0, 1.0, 0.0, 0.0, 0.0, 0.0, 1.0, 1.0, 0.0, 0.0, 1.0, 1.0, 0.0, 0.0, 0.0, 0.0, 0.0, 0.0, 0.0, 0.0, 0.0, 0.0, 0.0, 0.0, 0.0, 0.0, 0.0, 0.0, 0.0, 0.0, 0.0, 0.0, 0.0, 0.0, 0.0, 0.0, 0.0, 0.0, 0.0]",NS,False
337,ENTm5,-0.33400428378270863,41.60417566198403,55.47223421597871,23.044536618665436,1.5,3,False,,,,,,21,15,3.1531531531531556,-4.0,31.0,-0.33400428378270863,-0.4150797002138719,0.0500200032373607,0.054055906829297555,-3483.7524854122794,3893.1934691956585,3960.917093903942,532.0,540.0,0.027985709010434474,6.013531684418549,6.3359442936675645,4.7335321876022896,,Other,,50.0,56.41025641025641,41.02564102564103,"[0.0, 0.0, 0.0, 0.0, 0.0, 0.0, 0.0, 0.0, 0.0, 0.0, 0.0, 0.0, 0.0, 0.0, 0.0, 0.0, 0.0, 0.0, 0.0, 0.0, 0.0, 1.0, 1.0, 1.0, 1.0, 1.0, 1.0, 0.0, 0.0, 0.0, 0.0, 0.0, 0.0, 0.0, 0.0, 0.0, 0.0, 0.0, 0.0, 0.0, 0.0, 0.0, 0.0, 0.0, 0.0, 0.0, 0.0, 0.0, 0.0, 0.0, 0.0, 0.0, 0.0, 0.0, 0.0, 0.0, 0.0, 0.0, 0.0, 0.0, 0.0, 0.0, 0.0, 0.0, 0.0, 0.0, 0.0, 0.0, 0.0, 0.0, 0.0, 0.0, 0.0, 0.0, 0.0, 0.0, 0.0, 0.0, 0.0, 0.0, 0.0, 0.0, 0.0, 0.0]",NS,False
338,ENTm5,-0.2535894249037325,40.115301823061394,53.487069097415194,40.120722855833954,1.5,3,False,,,,,,21,15,3.1531531531531556,10.0,-48.0,-0.2535894249037325,-0.14880385022952933,0.17147999889501372,0.1583164997270193,-3483.548219557652,3878.2248232981647,3959.969509893912,532.0,555.0,0.04939422793812289,4.144075405255216,3.969418136237762,4.528016239536947,,Other,64.28571428571429,68.75,52.0,27.586206896551722,"[0.0, 0.0, 0.0, 0.0, 0.0, 0.0, 0.0, 0.0, 0.0, 0.0, 0.0, 0.0, 0.0, 0.0, 0.0, 1.0, 1.0, 1.0, 1.0, 1.0, 1.0, 1.0, 1.0, 0.0, 0.0, 0.0, 0.0, 0.0, 0.0, 0.0, 0.0, 1.0, 1.0, 1.0, 1.0, 1.0, 1.0, 1.0, 1.0, 1.0, 1.0, 1.0, 1.0, 1.0, 1.0, 1.0, 1.0, 0.0, 0.0, 0.0, 0.0, 0.0, 0.0, 0.0, 0.0, 0.0, 0.0, 0.0, 0.0, 0.0, 0.0, 1.0, 1.0, 1.0, 1.0, 1.0, 1.0, 0.0, 0.0, 0.0, 0.0, 0.0, 0.0, 0.0, 0.0, 0.0, 0.0, 0.0, 0.0, 0.0, 0.0, 0.0, 0.0, 0.0]",NS,False
339,ENTm5,-0.33116877028206826,37.808017128342556,50.41068950445674,46.24155923992488,1.5,3,False,,,,,,21,15,3.1531531531531556,-2.0,-20.0,-0.33116877028206826,-0.2737156088726325,0.028239684319498037,0.028839357001371156,-3483.3439537030245,3863.2561774006704,3959.021925883883,532.0,570.0,0.2722243344407415,27.743514151731365,32.45897356880447,23.635444924530933,,Other,75.0,47.82608695652174,26.666666666666668,36.36363636363637,"[1.0, 1.0, 1.0, 1.0, 1.0, 1.0, 1.0, 1.0, 1.0, 1.0, 1.0, 1.0, 1.0, 1.0, 1.0, 1.0, 1.0, 1.0, 1.0, 1.0, 1.0, 1.0, 1.0, 1.0, 1.0, 1.0, 1.0, 1.0, 1.0, 1.0, 1.0, 1.0, 1.0, 1.0, 1.0, 1.0, 1.0, 1.0, 1.0, 1.0, 1.0, 1.0, 1.0, 1.0, 1.0, 1.0, 1.0, 0.0, 0.0, 0.0, 0.0, 0.0, 0.0, 0.0, 0.0, 0.0, 0.0, 0.0, 0.0, 0.0, 0.0, 0.0, 0.0, 0.0, 0.0, 0.0, 0.0, 0.0, 0.0, 0.0, 0.0, 0.0, 0.0, 0.0, 0.0, 0.0, 0.0, 0.0, 0.0, 0.0, 0.0, 0.0, 0.0, 0.0]",NS,False
340,ENTm5,-0.7634684961886284,40.82329366141191,54.43105821521588,11.423974289930383,1.5,3,False,,,,,,21,15,3.1531531531531556,-3.0,38.0,-0.7634684961886284,-0.15296020981983635,0.04241705082170998,0.0413137313920713,-3483.7524854122794,3893.1934691956585,3960.917093903942,500.0,540.0,0.0475612500764208,13.2239210220166,13.969820092226293,11.402246978068504,,Other,56.52173913043478,50.0,56.25,37.03703703703704,"[1.0, 1.0, 1.0, 1.0, 1.0, 1.0, 1.0, 1.0, 1.0, 1.0, 1.0, 0.0, 0.0, 0.0, 0.0, 0.0, 0.0, 0.0, 0.0, 0.0, 0.0, 0.0, 0.0, 0.0, 0.0, 0.0, 0.0, 0.0, 0.0, 0.0, 0.0, 1.0, 1.0, 0.0, 0.0, 1.0, 1.0, 1.0, 1.0, 0.0, 0.0, 1.0, 1.0, 1.0, 1.0, 1.0, 1.0, 1.0, 1.0, 1.0, 1.0, 1.0, 1.0, 1.0, 1.0, 1.0, 1.0, 1.0, 1.0, 1.0, 1.0, 1.0, 1.0, 0.0, 0.0, 0.0, 0.0, 1.0, 1.0, 0.0, 0.0, 0.0, 0.0, 0.0, 0.0, 0.0, 0.0, 0.0, 0.0, 0.0, 0.0, 0.0, 0.0, 0.0]",NS,False
342,ENTm5,0.06419813429707301,34.216612275768384,45.62214970102451,42.05883933437554,1.5,3,False,,,,,,21,15,3.1531531531531556,-3.0,5.0,0.06419813429707301,-0.11194772210416505,0.05024938532847266,0.05752804548244976,-3483.3439537030245,3863.2561774006704,3959.021925883883,500.0,570.0,0.01757181781131522,3.028108821049224,3.7088454401956477,2.0023918723663754,,Other,75.0,66.66666666666667,51.61290322580645,40.476190476190474,"[1.0, 1.0, 1.0, 1.0, 1.0, 1.0, 1.0, 1.0, 1.0, 0.0, 0.0, 0.0, 0.0, 0.0, 0.0, 0.0, 0.0, 0.0, 0.0, 0.0, 0.0, 0.0, 0.0, 0.0, 0.0, 0.0, 0.0, 0.0, 0.0, 0.0, 0.0, 0.0, 0.0, 0.0, 0.0, 0.0, 0.0, 1.0, 1.0, 0.0, 0.0, 0.0, 0.0, 0.0, 0.0, 0.0, 0.0, 0.0, 0.0, 0.0, 0.0, 0.0, 0.0, 0.0, 0.0, 0.0, 0.0, 0.0, 0.0, 0.0, 0.0, 0.0, 0.0, 0.0, 0.0, 0.0, 0.0, 0.0, 0.0, 0.0, 0.0, 0.0, 0.0, 0.0, 0.0, 0.0, 0.0, 0.0, 0.0, 0.0, 0.0, 0.0, 0.0, 0.0]",NS,False
343,ENTm5,-0.26525364394165996,31.143631203793557,41.52484160505808,50.65524798732204,1.5,3,False,,,,,,21,15,3.1531531531531556,-6.0,-35.0,-0.26525364394165996,-0.40469631712022724,0.03185165260542046,0.03608469467159444,-3483.139687848397,3848.287531503176,3958.074341873853,500.0,585.0,0.06139633779954624,11.854668699975184,13.741305235760338,9.118798160510066,,Other,52.63157894736842,42.857142857142854,60.0,41.935483870967744,"[0.0, 0.0, 0.0, 0.0, 0.0, 0.0, 0.0, 0.0, 0.0, 0.0, 0.0, 0.0, 0.0, 1.0, 1.0, 1.0, 1.0, 0.0, 0.0, 0.0, 0.0, 0.0, 0.0, 0.0, 0.0, 0.0, 0.0, 0.0, 0.0, 0.0, 0.0, 1.0, 1.0, 1.0, 1.0, 1.0, 1.0, 1.0, 1.0, 1.0, 1.0, 0.0, 0.0, 1.0, 1.0, 0.0, 0.0, 0.0, 0.0, 0.0, 0.0, 0.0, 0.0, 0.0, 0.0, 0.0, 0.0, 0.0, 0.0, 0.0, 0.0, 1.0, 1.0, 1.0, 1.0, 0.0, 0.0, 0.0, 0.0, 0.0, 0.0, 1.0, 1.0, 1.0, 1.0, 1.0, 1.0, 1.0, 1.0, 1.0, 1.0, 1.0, 1.0, 1.0]",NS,False
344,ENTm5,-0.30635147527388573,49.18430578894739,65.5790743852632,19.070719943238025,1.5,3,False,,,,,,21,15,3.1531531531531556,20.0,-20.0,-0.30635147527388573,-0.5640373033520457,0.16301266908395373,0.16849931675896665,-3483.3439537030245,3863.2561774006704,3959.021925883883,500.0,570.0,0.10791245755800678,4.8808208847690615,4.417405894417422,5.520602723841722,,Other,80.0,40.0,52.94117647058823,42.5,"[0.0, 0.0, 0.0, 0.0, 0.0, 0.0, 0.0, 0.0, 0.0, 1.0, 1.0, 1.0, 1.0, 0.0, 0.0, 0.0, 0.0, 0.0, 0.0, 0.0, 0.0, 0.0, 0.0, 0.0, 0.0, 0.0, 0.0, 0.0, 0.0, 0.0, 0.0, 0.0, 0.0, 1.0, 1.0, 1.0, 1.0, 0.0, 0.0, 0.0, 0.0, 0.0, 0.0, 0.0, 0.0, 0.0, 0.0, 1.0, 1.0, 0.0, 0.0, 0.0, 0.0, 0.0, 0.0, 0.0, 0.0, 0.0, 0.0, 0.0, 0.0, 0.0, 0.0, 0.0, 0.0, 0.0, 0.0, 0.0, 0.0, 0.0, 0.0, 0.0, 0.0, 0.0, 0.0, 0.0, 0.0, 0.0, 0.0, 0.0, 0.0, 0.0, 0.0, 0.0]",NS,False
346,ENTm5,-0.10861689516383065,28.657039535759772,38.20938604767969,18.448404122677942,1.5,3,False,,,,,,21,15,3.1531531531531556,37.0,-2.0,-0.10861689516383065,-0.06100159423090819,0.1652274148351652,0.18198572399559826,-3483.139687848397,3848.287531503176,3958.074341873853,532.0,585.0,0.0767871608576018,2.653368562743366,3.477864596069988,2.001836423858091,,Other,39.130434782608695,40.90909090909091,81.25,43.47826086956522,"[0.0, 0.0, 0.0, 0.0, 0.0, 0.0, 0.0, 0.0, 0.0, 0.0, 0.0, 0.0, 0.0, 0.0, 0.0, 1.0, 1.0, 1.0, 1.0, 0.0, 0.0, 0.0, 0.0, 0.0, 0.0, 0.0, 0.0, 0.0, 0.0, 0.0, 0.0, 1.0, 1.0, 1.0, 1.0, 0.0, 0.0, 1.0, 1.0, 0.0, 0.0, 0.0, 0.0, 1.0, 1.0, 1.0, 1.0, 1.0, 1.0, 1.0, 1.0, 1.0, 1.0, 1.0, 1.0, 1.0, 1.0, 0.0, 0.0, 1.0, 1.0, 1.0, 1.0, 1.0, 1.0, 1.0, 1.0, 0.0, 0.0, 1.0, 1.0, 0.0, 0.0, 1.0, 1.0, 1.0, 1.0, 1.0, 1.0, 1.0, 1.0, 1.0, 1.0, 1.0]",NS,False
347,ENTm5,-0.3726689404984623,31.957062591440668,42.60941678858755,45.731978918402,1.5,3,False,,,,,,21,15,3.1531531531531556,32.0,-33.0,-0.3726689404984623,-0.0820021418962994,0.03921870491185738,0.0385081203437572,-3483.139687848397,3848.287531503176,3958.074341873853,532.0,585.0,0.02943048521701485,10.750022148745076,13.327841304816541,9.170454871780544,,Other,80.0,31.25,41.666666666666664,48.275862068965516,"[1.0, 1.0, 1.0, 1.0, 1.0, 1.0, 1.0, 1.0, 1.0, 1.0, 1.0, 1.0, 1.0, 1.0, 1.0, 1.0, 1.0, 1.0, 1.0, 1.0, 1.0, 0.0, 0.0, 0.0, 0.0, 0.0, 0.0, 0.0, 0.0, 0.0, 0.0, 0.0, 0.0, 0.0, 0.0, 0.0, 0.0, 0.0, 0.0, 0.0, 0.0, 0.0, 0.0, 0.0, 0.0, 0.0, 0.0, 0.0, 0.0, 1.0, 1.0, 1.0, 1.0, 1.0, 1.0, 0.0, 0.0, 1.0, 1.0, 1.0, 1.0, 0.0, 0.0, 0.0, 0.0, 0.0, 0.0, 0.0, 0.0, 0.0, 0.0, 0.0, 0.0, 0.0, 0.0, 0.0, 0.0, 0.0, 0.0, 0.0, 0.0, 0.0, 0.0, 0.0]",NS,False
348,ENTm5,-0.5214070054335518,35.1281584215755,46.83754456210066,12.667788440388385,1.5,3,False,,,,,,21,15,3.1531531531531556,3.0,49.0,-0.5214070054335518,-0.4673348874963301,0.1086605652902416,0.09301425980351415,-3483.3439537030245,3863.2561774006704,3959.021925883883,500.0,570.0,-0.0015991828856248653,5.055338059813955,5.846034745272927,3.5787547388783794,,Other,52.63157894736842,38.46153846153846,60.0,43.75,"[1.0, 1.0, 1.0, 1.0, 1.0, 1.0, 1.0, 1.0, 1.0, 1.0, 1.0, 1.0, 1.0, 0.0, 0.0, 0.0, 0.0, 0.0, 0.0, 0.0, 0.0, 0.0, 0.0, 0.0, 0.0, 0.0, 0.0, 0.0, 0.0, 0.0, 0.0, 0.0, 0.0, 0.0, 0.0, 0.0, 0.0, 1.0, 1.0, 0.0, 0.0, 0.0, 0.0, 0.0, 0.0, 0.0, 0.0, 0.0, 0.0, 0.0, 0.0, 0.0, 0.0, 0.0, 0.0, 0.0, 0.0, 1.0, 1.0, 1.0, 1.0, 0.0, 0.0, 1.0, 1.0, 0.0, 0.0, 0.0, 0.0, 0.0, 0.0, 0.0, 0.0, 1.0, 1.0, 1.0, 1.0, 1.0, 1.0, 1.0, 1.0, 1.0, 1.0, 1.0]",NS,False
349,ENTm5,-0.09849517413910677,33.58230877263031,44.77641169684042,16.07119112217868,1.5,3,False,,,,,,21,15,3.1531531531531556,2.0,-7.0,-0.09849517413910677,-0.09728238066055823,0.03261509054745715,0.03446215299932811,-3483.3439537030245,3863.2561774006704,3959.021925883883,532.0,570.0,0.06510585548857595,15.410338224504711,18.735752242548624,11.375585449670838,,Other,87.5,50.0,48.38709677419355,37.93103448275862,"[0.0, 0.0, 0.0, 0.0, 0.0, 0.0, 0.0, 0.0, 0.0, 1.0, 1.0, 1.0, 1.0, 1.0, 1.0, 1.0, 1.0, 1.0, 1.0, 1.0, 1.0, 0.0, 0.0, 0.0, 0.0, 0.0, 0.0, 0.0, 0.0, 0.0, 0.0, 0.0, 0.0, 0.0, 0.0, 1.0, 1.0, 1.0, 1.0, 0.0, 0.0, 0.0, 0.0, 0.0, 0.0, 0.0, 0.0, 0.0, 0.0, 0.0, 0.0, 0.0, 0.0, 0.0, 0.0, 0.0, 0.0, 0.0, 0.0, 0.0, 0.0, 0.0, 0.0, 1.0, 1.0, 1.0, 1.0, 1.0, 1.0, 1.0, 1.0, 0.0, 0.0, 0.0, 0.0, 0.0, 0.0, 0.0, 0.0, 0.0, 0.0, 0.0, 0.0, 0.0]",NS,False
350,ENTm5,-0.5244775796154542,30.23628589931119,40.315047865748255,17.023160112715455,1.5,3,False,,,,,,21,15,3.1531531531531556,2.0,-49.0,-0.5244775796154542,-0.5162754042675436,0.18185057562023915,0.19986611594832523,-3483.139687848397,3848.287531503176,3958.074341873853,532.0,585.0,0.022819078469191068,1.2166677108873012,1.5946720199422777,0.23939830707070953,,Other,,,56.41025641025641,42.22222222222222,"[0.0, 0.0, 0.0, 0.0, 0.0, 0.0, 0.0, 0.0, 0.0, 0.0, 0.0, 0.0, 0.0, 0.0, 0.0, 0.0, 0.0, 0.0, 0.0, 0.0, 0.0, 0.0, 0.0, 0.0, 0.0, 0.0, 0.0, 0.0, 0.0, 0.0, 0.0, 0.0, 0.0, 0.0, 0.0, 0.0, 0.0, 0.0, 0.0, 0.0, 0.0, 0.0, 0.0, 0.0, 0.0, 0.0, 0.0, 0.0, 0.0, 0.0, 0.0, 0.0, 0.0, 0.0, 0.0, 0.0, 0.0, 0.0, 0.0, 0.0, 0.0, 0.0, 0.0, 0.0, 0.0, 0.0, 0.0, 0.0, 0.0, 0.0, 0.0, 0.0, 0.0, 0.0, 0.0, 0.0, 0.0, 0.0, 0.0, 0.0, 0.0, 0.0, 0.0, 0.0]",NS,False
351,ENTm5,-0.5269651831804375,29.043712406518615,38.72494987535815,34.267223202801965,1.5,3,False,,,,,,21,15,3.1531531531531556,20.0,-28.0,-0.5269651831804375,-0.6167052688419532,0.15387721366944895,0.14963417303885113,-3483.3439537030245,3863.2561774006704,3959.021925883883,500.0,570.0,0.018811474470676232,3.6764165429389686,3.8370767985002847,3.507101881309652,,Other,60.0,34.285714285714285,25.0,70.0,"[1.0, 1.0, 1.0, 1.0, 1.0, 1.0, 1.0, 1.0, 1.0, 1.0, 1.0, 1.0, 1.0, 1.0, 1.0, 1.0, 1.0, 1.0, 1.0, 0.0, 0.0, 1.0, 1.0, 1.0, 1.0, 1.0, 1.0, 0.0, 0.0, 1.0, 1.0, 1.0, 1.0, 1.0, 1.0, 1.0, 1.0, 1.0, 1.0, 1.0, 1.0, 1.0, 1.0, 1.0, 1.0, 1.0, 1.0, 1.0, 1.0, 1.0, 1.0, 1.0, 1.0, 1.0, 1.0, 1.0, 1.0, 1.0, 1.0, 0.0, 0.0, 0.0, 0.0, 0.0, 0.0, 0.0, 0.0, 1.0, 1.0, 1.0, 1.0, 1.0, 1.0, 0.0, 0.0, 1.0, 1.0, 1.0, 1.0, 1.0, 1.0, 1.0, 1.0, 1.0]",NS,False
352,ENTm5,-0.25315599832591906,45.56256481981255,60.750086426416736,3.5546335851480855,1.5,3,False,,,,,,21,15,3.1531531531531556,7.0,6.0,-0.25315599832591906,-0.19963827818370966,0.2827275400844936,0.2909781660931987,-3483.139687848397,3848.287531503176,3958.074341873853,532.0,585.0,0.07838417821965893,2.108356141758572,3.068510644559032,0.6909779443061779,,Other,53.84615384615385,39.285714285714285,61.53846153846154,47.05882352941177,"[1.0, 1.0, 1.0, 1.0, 1.0, 1.0, 1.0, 1.0, 1.0, 1.0, 1.0, 1.0, 1.0, 1.0, 1.0, 1.0, 1.0, 0.0, 0.0, 0.0, 0.0, 1.0, 1.0, 0.0, 0.0, 0.0, 0.0, 0.0, 0.0, 0.0, 0.0, 0.0, 0.0, 0.0, 0.0, 0.0, 0.0, 0.0, 0.0, 0.0, 0.0, 1.0, 1.0, 1.0, 1.0, 0.0, 0.0, 1.0, 1.0, 0.0, 0.0, 0.0, 0.0, 1.0, 1.0, 1.0, 1.0, 1.0, 1.0, 0.0, 0.0, 1.0, 1.0, 1.0, 1.0, 1.0, 1.0, 1.0, 1.0, 1.0, 1.0, 1.0, 1.0, 1.0, 1.0, 1.0, 1.0, 1.0, 1.0, 1.0, 1.0, 1.0, 1.0, 1.0]",NS,False
353,ENTm5,-0.6994647891350998,37.00318184130299,49.33757578840399,42.720487612212196,1.5,3,False,,,,,,21,15,3.1531531531531556,-6.0,-45.0,-0.6994647891350998,-0.5053762866399943,0.03039479357557969,0.03071421094399536,-3482.7311561391425,3818.350239708188,3956.1791738537945,532.0,615.0,0.022854012263988647,21.18732838653133,26.707468350486877,13.786231975626475,,Other,72.72727272727273,45.45454545454545,50.0,41.1764705882353,"[0.0, 0.0, 0.0, 0.0, 0.0, 0.0, 0.0, 0.0, 0.0, 1.0, 1.0, 1.0, 1.0, 1.0, 1.0, 0.0, 0.0, 0.0, 0.0, 0.0, 0.0, 0.0, 0.0, 0.0, 0.0, 0.0, 0.0, 1.0, 1.0, 1.0, 1.0, 1.0, 1.0, 1.0, 1.0, 1.0, 1.0, 1.0, 1.0, 1.0, 1.0, 1.0, 1.0, 0.0, 0.0, 0.0, 0.0, 0.0, 0.0, 0.0, 0.0, 0.0, 0.0, 0.0, 0.0, 0.0, 0.0, 0.0, 0.0, 0.0, 0.0, 0.0, 0.0, 0.0, 0.0, 0.0, 0.0, 0.0, 0.0, 0.0, 0.0, 0.0, 0.0, 0.0, 0.0, 0.0, 0.0, 0.0, 0.0, 0.0, 0.0, 0.0, 0.0, 0.0]",NS,False
355,ENTm5,-0.15704978081243423,42.646283658280794,56.86171154437438,5.4849332085698554,1.5,3,False,,,,,,21,15,3.1531531531531556,-33.0,13.0,-0.15704978081243423,-0.14633780910081556,0.13798444781256614,0.13815882122042375,-3482.7311561391425,3818.350239708188,3956.1791738537945,500.0,615.0,0.10449782906688944,5.480782632490963,5.589572028663653,5.1317887680424255,,Other,56.41025641025641,42.22222222222222,,,"[1.0, 1.0, 1.0, 1.0, 1.0, 1.0, 1.0, 1.0, 1.0, 1.0, 1.0, 1.0, 1.0, 1.0, 1.0, 1.0, 1.0, 1.0, 1.0, 1.0, 1.0, 1.0, 1.0, 1.0, 1.0, 1.0, 1.0, 1.0, 1.0, 1.0, 1.0, 1.0, 1.0, 1.0, 1.0, 1.0, 1.0, 1.0, 1.0, 1.0, 1.0, 1.0, 1.0, 1.0, 1.0, 1.0, 1.0, 1.0, 1.0, 1.0, 1.0, 1.0, 1.0, 1.0, 1.0, 1.0, 1.0, 1.0, 1.0, 1.0, 1.0, 1.0, 1.0, 1.0, 1.0, 1.0, 1.0, 1.0, 1.0, 1.0, 1.0, 1.0, 1.0, 1.0, 1.0, 1.0, 1.0, 1.0, 1.0, 1.0, 1.0, 1.0, 1.0, 1.0]",NS,False
356,ENTm5,0.023845646319494554,24.0797709626389,32.10636128351853,54.74711990952894,1.5,3,False,,,,,,21,15,3.1531531531531556,-45.0,0.0,0.023845646319494554,0.44322198458946543,0.130040121895842,0.11788281587948311,-3482.7311561391425,3818.350239708188,3956.1791738537945,500.0,615.0,0.04790191953780463,3.2731403681730677,2.613124923400258,3.78760337799343,,Other,64.0,50.0,42.857142857142854,29.41176470588235,"[1.0, 1.0, 1.0, 1.0, 1.0, 1.0, 1.0, 1.0, 1.0, 0.0, 0.0, 0.0, 0.0, 1.0, 1.0, 1.0, 1.0, 1.0, 1.0, 1.0, 1.0, 1.0, 1.0, 0.0, 0.0, 1.0, 1.0, 0.0, 0.0, 1.0, 1.0, 0.0, 0.0, 0.0, 0.0, 1.0, 1.0, 1.0, 1.0, 1.0, 1.0, 1.0, 1.0, 1.0, 1.0, 1.0, 1.0, 1.0, 1.0, 1.0, 1.0, 0.0, 0.0, 1.0, 1.0, 1.0, 1.0, 1.0, 1.0, 1.0, 1.0, 0.0, 0.0, 0.0, 0.0, 1.0, 1.0, 1.0, 1.0, 1.0, 1.0, 0.0, 0.0, 0.0, 0.0, 0.0, 0.0, 0.0, 0.0, 0.0, 0.0, 0.0, 0.0, 0.0]",NS,False
357,ENTm5,-0.05611103909715012,56.056690814175205,74.74225441890027,6.890384463533055,1.5,3,False,,,,,,21,15,3.1531531531531556,-3.0,-49.0,-0.05611103909715012,-0.16109048776365564,0.34969731973235624,0.3562879530693446,-3482.7311561391425,3818.350239708188,3956.1791738537945,532.0,615.0,0.09547890360306037,2.758550535810964,3.152354224988987,2.8461181564508484,,Other,53.84615384615385,61.904761904761905,57.69230769230769,25.0,"[0.0, 0.0, 0.0, 0.0, 0.0, 0.0, 0.0, 0.0, 0.0, 0.0, 0.0, 1.0, 1.0, 1.0, 1.0, 1.0, 1.0, 1.0, 1.0, 1.0, 1.0, 1.0, 1.0, 0.0, 0.0, 0.0, 0.0, 0.0, 0.0, 0.0, 0.0, 0.0, 0.0, 0.0, 0.0, 0.0, 0.0, 1.0, 1.0, 0.0, 0.0, 1.0, 1.0, 1.0, 1.0, 0.0, 0.0, 0.0, 0.0, 1.0, 1.0, 1.0, 1.0, 0.0, 0.0, 0.0, 0.0, 1.0, 1.0, 1.0, 1.0, 1.0, 1.0, 1.0, 1.0, 1.0, 1.0, 1.0, 1.0, 0.0, 0.0, 0.0, 0.0, 0.0, 0.0, 0.0, 0.0, 0.0, 0.0, 0.0, 0.0, 0.0, 0.0, 0.0]",NS,False
358,ENTm5,-0.12357904257389367,32.42205158461035,43.2294021128138,16.51596147813717,1.5,3,False,,,,,,21,15,3.1531531531531556,-32.0,11.0,-0.12357904257389367,-0.3186195550834534,0.027601211387413907,0.028506488193612522,-3482.322624429888,3788.4129479131993,3954.284005833736,500.0,645.0,0.04180907214919095,18.40472278064661,20.58606498321361,17.020608639368334,,Other,67.85714285714286,44.827586206896555,27.272727272727273,37.5,"[1.0, 1.0, 1.0, 1.0, 1.0, 1.0, 1.0, 1.0, 1.0, 1.0, 1.0, 1.0, 1.0, 1.0, 1.0, 1.0, 1.0, 1.0, 1.0, 1.0, 1.0, 1.0, 1.0, 1.0, 1.0, 1.0, 1.0, 1.0, 1.0, 1.0, 1.0, 1.0, 1.0, 1.0, 1.0, 1.0, 1.0, 1.0, 1.0, 1.0, 1.0, 1.0, 1.0, 1.0, 1.0, 1.0, 1.0, 1.0, 1.0, 1.0, 1.0, 1.0, 1.0, 1.0, 1.0, 1.0, 1.0, 0.0, 0.0, 0.0, 0.0, 0.0, 0.0, 0.0, 0.0, 0.0, 0.0, 0.0, 0.0, 0.0, 0.0, 0.0, 0.0, 0.0, 0.0, 0.0, 0.0, 0.0, 0.0, 0.0, 0.0, 0.0, 0.0, 0.0]",NS,False
360,ENTm5,-0.6264867548738005,38.68600888281112,51.5813451770815,15.664811026208561,1.5,3,False,,,,,,21,15,3.1531531531531556,4.0,-42.0,-0.6264867548738005,-0.5423965395889153,0.03426577291328277,0.03360309853233611,-3482.322624429888,3788.4129479131993,3954.284005833736,532.0,645.0,0.015205324066178045,17.352431381929975,19.86517459069331,14.474988125899515,,Other,60.60606060606061,37.93103448275862,33.333333333333336,50.0,"[1.0, 1.0, 1.0, 1.0, 1.0, 1.0, 1.0, 1.0, 1.0, 1.0, 1.0, 1.0, 1.0, 0.0, 0.0, 1.0, 1.0, 1.0, 1.0, 0.0, 0.0, 1.0, 1.0, 1.0, 1.0, 1.0, 1.0, 1.0, 1.0, 1.0, 1.0, 1.0, 1.0, 1.0, 1.0, 1.0, 1.0, 1.0, 1.0, 1.0, 1.0, 1.0, 1.0, 1.0, 1.0, 1.0, 1.0, 1.0, 1.0, 1.0, 1.0, 0.0, 0.0, 0.0, 0.0, 0.0, 0.0, 0.0, 0.0, 0.0, 0.0, 0.0, 0.0, 0.0, 0.0, 0.0, 0.0, 0.0, 0.0, 1.0, 1.0, 1.0, 1.0, 1.0, 1.0, 1.0, 1.0, 1.0, 1.0, 1.0, 1.0, 1.0, 1.0, 1.0]",NS,False
361,ENTm5,-0.32689124938102776,45.61478653347496,60.81971537796662,14.711751037077992,1.5,3,False,,,,,,21,15,3.1531531531531556,20.0,-19.0,-0.32689124938102776,-0.2123875105290003,0.22261374918807497,0.2122644594130829,-3482.118358575261,3773.444302015705,3953.336421823706,500.0,660.0,0.05359420033084078,2.536630722679553,2.545721260701667,2.4356417088284488,,Other,56.25,36.666666666666664,57.142857142857146,53.333333333333336,"[1.0, 1.0, 1.0, 1.0, 1.0, 1.0, 1.0, 1.0, 1.0, 1.0, 1.0, 1.0, 1.0, 1.0, 1.0, 1.0, 1.0, 1.0, 1.0, 1.0, 1.0, 1.0, 1.0, 1.0, 1.0, 1.0, 1.0, 1.0, 1.0, 1.0, 1.0, 1.0, 1.0, 1.0, 1.0, 0.0, 0.0, 0.0, 0.0, 0.0, 0.0, 1.0, 1.0, 1.0, 1.0, 1.0, 1.0, 1.0, 1.0, 1.0, 1.0, 1.0, 1.0, 1.0, 1.0, 1.0, 1.0, 0.0, 0.0, 0.0, 0.0, 0.0, 0.0, 0.0, 0.0, 0.0, 0.0, 0.0, 0.0, 0.0, 0.0, 0.0, 0.0, 1.0, 1.0, 1.0, 1.0, 1.0, 1.0, 1.0, 1.0, 1.0, 1.0, 1.0]",NS,False
362,ENTm6,0.3250560856115618,35.85148327216994,47.801977696226594,23.86998203789533,1.5,3,True,,,,,,21,15,3.1531531531531556,-36.0,-11.0,0.3250560856115618,0.3487635552607087,0.03210963846261289,0.02746576029307002,-3481.9140927206336,3758.475656118211,3952.3888378136767,532.0,675.0,0.04214305541384424,11.597845451834791,13.701027437318496,9.410964075867822,,Other,40.0,41.666666666666664,62.06896551724138,42.857142857142854,"[0.0, 0.0, 0.0, 0.0, 0.0, 0.0, 0.0, 0.0, 0.0, 0.0, 0.0, 0.0, 0.0, 0.0, 0.0, 0.0, 0.0, 0.0, 0.0, 0.0, 0.0, 0.0, 0.0, 0.0, 0.0, 1.0, 1.0, 0.0, 0.0, 1.0, 1.0, 1.0, 1.0, 1.0, 1.0, 0.0, 0.0, 0.0, 0.0, 0.0, 0.0, 0.0, 0.0, 0.0, 0.0, 0.0, 0.0, 1.0, 1.0, 1.0, 1.0, 1.0, 1.0, 1.0, 1.0, 1.0, 1.0, 1.0, 1.0, 1.0, 1.0, 1.0, 1.0, 1.0, 1.0, 1.0, 1.0, 1.0, 1.0, 1.0, 1.0, 1.0, 1.0, 0.0, 0.0, 0.0, 0.0, 0.0, 0.0, 0.0, 0.0, 0.0, 0.0, 0.0]",NS,False
363,ENTm6,0.23298651966016246,55.614987517048,74.15331668939734,20.212291400623368,1.5,3,True,,,,,,21,15,3.1531531531531556,0.0,-11.0,0.23298651966016246,-0.2735606139528984,0.24012415669580386,0.2868946761985214,-3481.9140927206336,3758.475656118211,3952.3888378136767,532.0,675.0,0.06648818760315327,3.58609211315222,4.1880690420649,3.6209688255080175,,Other,41.1764705882353,35.0,68.18181818181819,48.0,"[0.0, 0.0, 0.0, 0.0, 0.0, 0.0, 0.0, 0.0, 0.0, 0.0, 0.0, 0.0, 0.0, 0.0, 0.0, 0.0, 0.0, 0.0, 0.0, 0.0, 0.0, 0.0, 0.0, 0.0, 0.0, 0.0, 0.0, 0.0, 0.0, 0.0, 0.0, 1.0, 1.0, 1.0, 1.0, 1.0, 1.0, 1.0, 1.0, 0.0, 0.0, 0.0, 0.0, 1.0, 1.0, 0.0, 0.0, 0.0, 0.0, 0.0, 0.0, 0.0, 0.0, 0.0, 0.0, 1.0, 1.0, 1.0, 1.0, 1.0, 1.0, 0.0, 0.0, 1.0, 1.0, 1.0, 1.0, 1.0, 1.0, 1.0, 1.0, 1.0, 1.0, 1.0, 1.0, 1.0, 1.0, 1.0, 1.0, 1.0, 1.0, 1.0, 1.0, 1.0]",NS,False
365,ENTm6,-0.11426000064806506,36.28360688621568,48.37814251495424,43.627113821868534,1.5,3,False,,,,,,21,15,3.1531531531531556,1.0,-8.0,-0.11426000064806506,-0.32456014726778815,0.2360582451040798,0.22377424665094145,-3481.9140927206336,3758.475656118211,3952.3888378136767,500.0,675.0,0.046498847711704656,2.5583274525499986,3.158108196194964,2.024609812697764,,Other,69.56521739130434,53.333333333333336,37.5,20.0,"[1.0, 1.0, 1.0, 1.0, 1.0, 1.0, 1.0, 1.0, 1.0, 1.0, 1.0, 1.0, 1.0, 1.0, 1.0, 1.0, 1.0, 1.0, 1.0, 1.0, 1.0, 1.0, 1.0, 1.0, 1.0, 1.0, 1.0, 1.0, 1.0, 1.0, 1.0, 1.0, 1.0, 0.0, 0.0, 1.0, 1.0, 1.0, 1.0, 1.0, 1.0, 1.0, 1.0, 0.0, 0.0, 0.0, 0.0, 0.0, 0.0, 0.0, 0.0, 0.0, 0.0, 0.0, 0.0, 1.0, 1.0, 1.0, 1.0, 1.0, 1.0, 1.0, 1.0, 1.0, 1.0, 0.0, 0.0, 1.0, 1.0, 0.0, 0.0, 0.0, 0.0, 0.0, 0.0, 0.0, 0.0, 0.0, 0.0, 0.0, 0.0, 0.0, 0.0, 0.0]",NS,False
366,ENTm5,-0.31347438908537834,37.57721027987623,50.10294703983498,34.43725717728723,1.5,3,False,,,,,,21,15,3.1531531531531556,-14.0,-6.0,-0.31347438908537834,-0.27321809069029807,0.05769090059414844,0.06524422327894315,-3482.118358575261,3773.444302015705,3953.336421823706,500.0,660.0,0.014630997699037552,3.935833965302999,4.508647437826491,3.4887720805362568,,Other,45.45454545454545,31.25,60.714285714285715,48.275862068965516,"[0.0, 0.0, 0.0, 0.0, 0.0, 0.0, 0.0, 0.0, 0.0, 0.0, 0.0, 0.0, 0.0, 1.0, 1.0, 1.0, 1.0, 1.0, 1.0, 1.0, 1.0, 1.0, 1.0, 1.0, 1.0, 0.0, 0.0, 0.0, 0.0, 0.0, 0.0, 0.0, 0.0, 0.0, 0.0, 0.0, 0.0, 0.0, 0.0, 0.0, 0.0, 0.0, 0.0, 0.0, 0.0, 0.0, 0.0, 0.0, 0.0, 0.0, 0.0, 0.0, 0.0, 0.0, 0.0, 0.0, 0.0, 0.0, 0.0, 0.0, 0.0, 0.0, 0.0, 0.0, 0.0, 1.0, 1.0, 0.0, 0.0, 0.0, 0.0, 1.0, 1.0, 1.0, 1.0, 1.0, 1.0, 1.0, 1.0, 1.0, 1.0, 1.0, 1.0, 1.0]",NS,False
367,ENTm5,-0.5935783663794126,30.319699013166993,40.426265350889324,49.251770102584175,1.5,3,False,,,,,,21,15,3.1531531531531556,41.0,31.0,-0.5935783663794126,-0.42088316870027626,0.04938903662516468,0.05330653649450919,-3482.118358575261,3773.444302015705,3953.336421823706,532.0,660.0,0.04031239058121698,5.447530035624301,6.615422895100748,4.260290058543717,,Other,56.41025641025641,42.22222222222222,,,"[1.0, 1.0, 1.0, 1.0, 1.0, 1.0, 1.0, 1.0, 1.0, 1.0, 1.0, 1.0, 1.0, 1.0, 1.0, 1.0, 1.0, 1.0, 1.0, 1.0, 1.0, 1.0, 1.0, 1.0, 1.0, 1.0, 1.0, 1.0, 1.0, 1.0, 1.0, 1.0, 1.0, 1.0, 1.0, 1.0, 1.0, 1.0, 1.0, 1.0, 1.0, 1.0, 1.0, 1.0, 1.0, 1.0, 1.0, 1.0, 1.0, 1.0, 1.0, 1.0, 1.0, 1.0, 1.0, 1.0, 1.0, 1.0, 1.0, 1.0, 1.0, 1.0, 1.0, 1.0, 1.0, 1.0, 1.0, 1.0, 1.0, 1.0, 1.0, 1.0, 1.0, 1.0, 1.0, 1.0, 1.0, 1.0, 1.0, 1.0, 1.0, 1.0, 1.0, 1.0]",NS,False
368,ENTm6,-0.15508323584337108,26.32032167272648,35.09376223030198,10.015199482994399,1.5,3,False,,,,,,21,15,3.1531531531531556,3.0,39.0,-0.15508323584337108,0.1371539795170354,0.04138940705106684,0.03508107948506206,-3481.709826866006,3743.507010220717,3951.441253803647,500.0,690.0,0.031913991796260845,7.281847045758325,7.5467442345825,6.14437139864545,,Other,75.0,52.63157894736842,36.8421052631579,34.61538461538461,"[1.0, 1.0, 1.0, 1.0, 1.0, 1.0, 1.0, 1.0, 1.0, 1.0, 1.0, 1.0, 1.0, 1.0, 1.0, 1.0, 1.0, 1.0, 1.0, 1.0, 1.0, 0.0, 0.0, 0.0, 0.0, 0.0, 0.0, 0.0, 0.0, 0.0, 0.0, 0.0, 0.0, 0.0, 0.0, 1.0, 1.0, 1.0, 1.0, 1.0, 1.0, 0.0, 0.0, 0.0, 0.0, 0.0, 0.0, 1.0, 1.0, 1.0, 1.0, 1.0, 1.0, 1.0, 1.0, 0.0, 0.0, 0.0, 0.0, 0.0, 0.0, 1.0, 1.0, 1.0, 1.0, 0.0, 0.0, 0.0, 0.0, 0.0, 0.0, 0.0, 0.0, 0.0, 0.0, 0.0, 0.0, 0.0, 0.0, 0.0, 0.0, 0.0, 0.0, 0.0]",NS,False
369,ENTm6,-0.09160340705302425,34.597892861647686,46.130523815530246,40.221518834837454,1.5,3,False,,,,,,21,15,3.1531531531531556,-34.0,-26.0,-0.09160340705302425,-0.42209116431182814,0.019936209148185283,0.020634624612190452,-3481.505561011379,3728.538364323223,3950.493669793617,532.0,705.0,0.08567102675114957,27.22184929875933,30.69414840034257,22.790052294921605,,Other,57.142857142857146,45.945945945945944,50.0,25.0,"[1.0, 1.0, 1.0, 1.0, 1.0, 1.0, 1.0, 1.0, 1.0, 1.0, 1.0, 1.0, 1.0, 1.0, 1.0, 1.0, 1.0, 1.0, 1.0, 0.0, 0.0, 1.0, 1.0, 1.0, 1.0, 1.0, 1.0, 1.0, 1.0, 1.0, 1.0, 1.0, 1.0, 1.0, 1.0, 1.0, 1.0, 1.0, 1.0, 0.0, 0.0, 1.0, 1.0, 1.0, 1.0, 1.0, 1.0, 1.0, 1.0, 1.0, 1.0, 0.0, 0.0, 0.0, 0.0, 0.0, 0.0, 0.0, 0.0, 1.0, 1.0, 1.0, 1.0, 1.0, 1.0, 1.0, 1.0, 1.0, 1.0, 1.0, 1.0, 1.0, 1.0, 1.0, 1.0, 1.0, 1.0, 1.0, 1.0, 1.0, 1.0, 1.0, 1.0, 1.0]",NS,False
370,ENTm6,0.03365731352347484,27.07340607798369,36.09787477064492,28.198568816721906,1.5,3,False,,,,,,21,15,3.1531531531531556,1.0,40.0,0.03365731352347484,0.0736025605093704,0.1872784577916359,0.19046725630775202,-3481.709826866006,3743.507010220717,3951.441253803647,500.0,690.0,0.02543360203200003,2.2208489694564286,2.2136349225281204,2.2678962593264664,,Other,54.285714285714285,45.714285714285715,75.0,30.0,"[1.0, 1.0, 1.0, 1.0, 1.0, 1.0, 1.0, 1.0, 1.0, 1.0, 1.0, 1.0, 1.0, 1.0, 1.0, 1.0, 1.0, 1.0, 1.0, 0.0, 0.0, 1.0, 1.0, 1.0, 1.0, 1.0, 1.0, 1.0, 1.0, 1.0, 1.0, 0.0, 0.0, 0.0, 0.0, 0.0, 0.0, 1.0, 1.0, 1.0, 1.0, 1.0, 1.0, 1.0, 1.0, 1.0, 1.0, 1.0, 1.0, 1.0, 1.0, 1.0, 1.0, 0.0, 0.0, 1.0, 1.0, 0.0, 0.0, 0.0, 0.0, 1.0, 1.0, 1.0, 1.0, 1.0, 1.0, 1.0, 1.0, 1.0, 1.0, 1.0, 1.0, 1.0, 1.0, 1.0, 1.0, 1.0, 1.0, 1.0, 1.0, 1.0, 1.0, 1.0]",NS,False
371,ENTm6,-0.2357412096251097,29.121202480102344,38.828269973469794,28.443376375313694,1.5,3,False,,,,,,21,15,3.1531531531531556,9.0,40.0,-0.2357412096251097,-0.18772844583464807,0.32887247688901083,0.29954838756504654,-3481.505561011379,3728.538364323223,3950.493669793617,532.0,705.0,0.012095754383051677,2.198208903504659,2.7413562817048946,1.30697033999392,,Other,68.42105263157895,42.30769230769231,45.0,42.10526315789474,"[1.0, 1.0, 1.0, 1.0, 1.0, 1.0, 1.0, 1.0, 1.0, 1.0, 1.0, 1.0, 1.0, 1.0, 1.0, 0.0, 0.0, 1.0, 1.0, 1.0, 1.0, 0.0, 0.0, 0.0, 0.0, 0.0, 0.0, 0.0, 0.0, 0.0, 0.0, 0.0, 0.0, 0.0, 0.0, 1.0, 1.0, 0.0, 0.0, 0.0, 0.0, 0.0, 0.0, 0.0, 0.0, 0.0, 0.0, 1.0, 1.0, 1.0, 1.0, 1.0, 1.0, 1.0, 1.0, 1.0, 1.0, 1.0, 1.0, 1.0, 1.0, 1.0, 1.0, 1.0, 1.0, 1.0, 1.0, 1.0, 1.0, 1.0, 1.0, 0.0, 0.0, 0.0, 0.0, 0.0, 0.0, 0.0, 0.0, 0.0, 0.0, 0.0, 0.0, 0.0]",NS,False
372,ENTm5,-0.23921006818550555,20.607452197711172,27.47660293028156,53.87476675009358,1.5,3,False,,,,,,21,15,3.1531531531531556,4.0,-42.0,-0.23921006818550555,-0.11030743408397162,0.0533906906808999,0.058423107688171466,-3486.407941522434,4087.785865863083,3973.235686034325,500.0,345.0,0.015807356652508698,5.374421489321711,7.498246477274978,2.839452774351432,,Other,44.44444444444444,30.76923076923077,66.66666666666667,46.875,"[0.0, 0.0, 0.0, 0.0, 0.0, 0.0, 0.0, 0.0, 0.0, 0.0, 0.0, 0.0, 0.0, 0.0, 0.0, 0.0, 0.0, 1.0, 1.0, 0.0, 0.0, 0.0, 0.0, 0.0, 0.0, 1.0, 1.0, 1.0, 1.0, 0.0, 0.0, 1.0, 1.0, 0.0, 0.0, 0.0, 0.0, 1.0, 1.0, 1.0, 1.0, 1.0, 1.0, 1.0, 1.0, 1.0, 1.0, 0.0, 0.0, 0.0, 0.0, 0.0, 0.0, 0.0, 0.0, 0.0, 0.0, 0.0, 0.0, 0.0, 0.0, 0.0, 0.0, 0.0, 0.0, 0.0, 0.0, 0.0, 0.0, 0.0, 0.0, 1.0, 1.0, 1.0, 1.0, 1.0, 1.0, 1.0, 1.0, 1.0, 1.0, 1.0, 1.0, 1.0]",NS,False
