cluster_id,brain_region,grid_score,field_size,field_spacing,orientation,_smooth_sigma,travel,sig,null_grid_score,null_field_size,null_field_spacing,null_orientation,null__smooth_sigma,null__skip_shuffles,mouse,day,session_travel_lag,optimal_travel_lag,optimal_travel_lag_grid_score,session_travel_lag_grid_score,zero_lag_grid_score,spatial_information_score,spatial_information_score_no_lag,SC_x,SC_y,SC_z,probe_x,probe_y,theta_index,firing_rate,firing_rate_OF1,firing_rate_VR,classified_by,cell_type,pct_b_1,pct_nb_1,pct_b_0,pct_nb_0,task_anchored_labels,cell_identity,shuffled
56,ENTm2,-0.2336989838622496,52.111629713841396,69.48217295178853,36.24114942130547,1.5,9,False,,,,,,,21,18,8.85885885885886,-27.0,35.0,-0.2336989838622496,-0.6688411832966114,0.058107175919032805,0.05481112909829068,-3739.525680011976,3946.880582546616,4434.562397519023,32.0,270.0,0.009077103871294014,33.930876059682,39.67409708384453,41.28330869838032,OF2,GC,,,84.21052631578948,76.71232876712328,"[0.0, 0.0, 0.0, 0.0, 0.0, 0.0, 0.0, 0.0, 0.0, 0.0, 0.0, 0.0, 0.0, 0.0, 0.0, 0.0, 0.0, 0.0, 0.0, 0.0, 0.0, 0.0, 0.0, 0.0, 0.0, 0.0, 0.0, 0.0, 0.0, 0.0, 0.0, 0.0, 0.0, 0.0, 0.0, 0.0, 0.0, 0.0, 0.0, 0.0, 0.0, 0.0, 0.0, 0.0, 0.0, 0.0, 0.0, 0.0, 0.0, 0.0, 0.0, 0.0, 0.0, 0.0, 0.0, 0.0, 0.0, 0.0, 0.0, 0.0, 0.0, 0.0, 0.0, 0.0, 0.0, 0.0, 0.0, 0.0, 0.0, 0.0, 0.0, 0.0, 0.0, 0.0, 0.0, 0.0, 0.0, 0.0, 0.0, 0.0, 0.0, 0.0, 0.0, 0.0, 0.0, 0.0, 0.0, 0.0, 0.0, 0.0, 0.0, 0.0, 0.0, 0.0, 0.0, 0.0, 0.0, 0.0, 0.0, 0.0, 0.0, 0.0, 0.0, 0.0, 0.0, 0.0, 0.0, 0.0, 0.0, 0.0, 0.0, 0.0, 0.0, 0.0, 0.0, 0.0, 0.0, 0.0, 0.0, 0.0, 0.0, 0.0, 0.0, 0.0, 0.0, 0.0, 0.0, 0.0, 0.0, 0.0]",GC,False
69,ENTm2,0.28134447793976003,41.91533773871434,55.88711698495246,10.911363213887642,1.5,9,True,,,,,,,21,18,8.85885885885886,-5.0,10.0,0.28134447793976003,-0.5885904929496397,0.03681654159717356,0.03267794858564564,-3740.5318510880247,3872.218344457073,4427.5240864129255,32.0,345.0,0.04329691415838805,7.465949248504163,7.023946858439756,7.178884859150902,OF1,GC,91.30434782608695,79.66101694915254,54.54545454545455,64.28571428571429,"[1.0, 1.0, 1.0, 1.0, 1.0, 1.0, 1.0, 1.0, 1.0, 1.0, 1.0, 1.0, 1.0, 0.0, 0.0, 1.0, 1.0, 0.0, 0.0, 0.0, 0.0, 0.0, 0.0, 1.0, 1.0, 1.0, 1.0, 1.0, 1.0, 1.0, 1.0, 1.0, 1.0, 1.0, 1.0, 1.0, 1.0, 1.0, 1.0, 1.0, 1.0, 1.0, 1.0, 1.0, 1.0, 1.0, 1.0, 1.0, 1.0, 1.0, 1.0, 1.0, 1.0, 1.0, 1.0, 1.0, 1.0, 1.0, 1.0, 1.0, 1.0, 1.0, 1.0, 1.0, 1.0, 1.0, 1.0, 0.0, 0.0, 0.0, 0.0, 1.0, 1.0, 1.0, 1.0, 1.0, 1.0, 1.0, 1.0, 1.0, 1.0, 1.0, 1.0, 1.0, 1.0, 1.0, 1.0, 1.0, 1.0, 1.0, 1.0, 1.0, 1.0, 0.0, 0.0, 1.0, 1.0, 1.0, 1.0, 1.0, 1.0, 1.0, 1.0, 1.0, 1.0, 1.0, 1.0, 1.0, 1.0, 1.0, 1.0, 1.0, 1.0, 1.0, 1.0, 1.0, 1.0, 1.0, 1.0, 0.0, 0.0, 0.0, 0.0, 0.0, 0.0, 0.0, 0.0, 0.0, 0.0, 0.0]",GC,False
218,ENTm3,0.4834457700304093,28.399115768689782,37.865487691586374,40.82954051016541,1.5,9,True,"[-0.29706375 -0.18379708 -0.37495639 -0.25797235 -0.57957904 -0.20404257
 -0.1240393  -0.07665732 -0.14005212 -0.3110372  -0.71206416 -0.26045181
 -0.24689201 -0.34933816  0.33341226  0.33133092  0.2761077  -0.37673538
  0.18186844 -0.14576707 -0.4283407  -0.72076536 -0.26180378 -0.38917383
 -0.63763105 -0.26611989  0.68816894  0.31381385  0.04592521  0.04969341
  0.03418879 -0.4439203  -0.12012505 -0.15420958 -0.41485349 -0.19066881
  0.21156725 -0.35713906 -0.31042488 -0.30271086 -0.38293865 -0.67704273
  0.10946324 -0.51442231 -0.68770933 -0.1670118  -0.15687512 -0.15897375
 -0.03309951 -0.34641583 -0.10506108 -0.16475272 -0.48277429 -0.28518407
  0.01535563 -0.02569617 -0.22259416 -0.2662936   0.09655624 -0.30800641
 -0.4093941  -0.3228805  -0.01968685 -0.18549546 -0.28985539 -0.55653955
  0.27277091 -0.54056972 -0.23693031 -0.51530829 -0.20177558 -0.22813977
  0.32702992 -0.31830652  0.5159252  -0.64868951 -0.26281497 -0.26140648
 -0.59348538 -0.29534195 -0.21490119 -0.69636423 -0.00488739 -0.0306011
 -0.5080649  -0.09057273 -0.18956023 -0.26050377 -0.44098878  0.31053852
 -0.07506194  0.03780041 -0.06030543 -0.11227583 -0.31208881 -0.47980358
  0.02128603  0.14227633  0.16485475  0.05281717 -0.60838817 -0.47935237
 -0.21666236  0.13536916 -0.4327387  -0.18656119  0.78850936 -0.07026121
 -0.32996479 -0.09372248  0.16269392 -0.63151844  0.14350214 -0.01475682
 -0.29245738 -0.24526017  0.44309295 -0.08329419 -0.32949193  0.09210231
 -0.16131881  0.02059025  0.02003015 -0.32801174 -0.02767649  0.22619879
  0.11858329 -0.43767624  0.42335786 -0.04525442 -0.2344009  -0.58519648
 -0.40660695 -0.65387683 -0.78177689  0.47726083 -0.26241716 -0.27851363
 -0.58840941 -0.44072735 -0.09600491 -0.06491207 -0.15042918 -0.36264578
 -0.55799753  0.36939493 -0.02646968  0.00235915  0.02484676  0.05498618
 -0.43950725  0.08286809 -0.25015633 -0.22831245 -0.49468215 -0.37782425
 -0.07449567 -0.33618637 -0.50791107 -0.46724062 -0.45176467 -0.48322821
 -0.43141214 -0.56304227 -0.40704086 -0.46626983 -0.4152992  -0.12919456
  0.10166573 -0.07484466 -0.35850436 -0.21949516  0.53476985 -0.46008166
 -0.37686589 -0.45498716 -0.29217885  0.14876735 -0.19462973  0.10862326
 -0.24200643 -0.21704996  0.10304459 -0.06092959 -0.0259187  -0.15418767
  0.31783262 -0.37849535 -0.36746659 -0.05276657  0.16740324 -0.22842666
  0.08306834 -0.29090873 -0.35996896 -0.56522082  0.12774039 -0.07986979
 -0.22438607 -0.3318654 ]","[44.09001997 21.37726392 30.84857367 24.67157276 30.0020705  32.16083177
 34.07144927 31.09709763 30.65160357 32.03876833 27.55794886 37.86161619
 28.96935393 22.9333524  23.71846673 29.84833811 29.21479808 30.74849564
 31.12039511 25.62108048 29.9490905  21.68757951 25.75769096 29.58139589
 23.34401615 34.5327791  27.17308743 27.04149422 25.0362896  29.61295413
 23.49156617 26.8897629  27.01799544 28.42314789 24.66616496 26.18358322
 27.6888188  33.10775348 37.84289543 35.20560777 22.54482387 26.79271894
 31.36681731 28.32656353 30.02128209 21.94002489 30.54457213 29.17358949
 27.57390507 22.40193451 28.359692   38.02705951 24.55361045 26.74580759
 27.81489163 31.11245303 27.41408241 31.04714722 26.46027778 21.10757408
 29.42573361 26.51397424 28.54541222 34.26061623 31.61840507 25.32298962
 28.81475092 22.2263959  27.64100836 21.54838624 25.77266134 27.86384105
 25.73422006 25.89482411 25.75351909 30.88655138 23.82682788 30.85529294
 31.21756707 21.7805528  24.13881391 22.83163714 23.05846005 32.04797484
 22.95218677 33.64107465 31.51788896 35.76258026 33.34979997 26.51587486
 27.76501868 36.60935863 33.40366063 31.94735527 18.47970026 24.86330468
 33.98689626 25.07402893 21.43110179 27.17323864 27.533551   24.18293152
 25.31757032 36.60936547 21.23095551 27.54637884 24.7253214  30.38029547
 20.75549583 36.27881009 34.67533929 27.82838966 22.00561431 35.23289742
 30.96937214 31.8187218  24.4861132  28.52235593 28.57959776 21.43666288
 37.87724242 29.63295146 28.38511824 23.12076017 18.67049526 32.49549582
 34.69233803 34.77701432 37.84057198 36.59073793 22.02963411 26.14243836
 29.34748972 30.06578944 31.91051359 29.8174276  36.8412624  29.63790249
 35.68282411 25.21402378 28.69451404 32.8153897  31.55447966 25.66067451
 34.22619804 39.23478276 26.96081668 25.8147846  29.55033284 31.59366773
 24.48051447 32.85712714 27.42994914 27.35331079 25.9481814  29.11744499
 25.02486339 28.73198731 19.60778241 31.21945031 24.20615713 32.4008955
 29.98200335 29.9500252  32.77590416 23.18855109 41.70557962 36.65295345
 34.54356345 30.40815782 25.07145572 38.09826624 37.99779118 31.83080106
 29.62955704 26.09716948 19.96099569 29.49212753 20.6609028  26.64747478
 27.54236404 21.98642353 35.70434229 31.88849469 38.65923579 26.75337268
 20.28288369 32.8046094  28.1501461  33.46222737 38.16212242 32.91899199
 26.61857188 32.4690369  27.7083974  26.06309132 38.15819528 41.17752744
 30.57991003 25.59602159]","[58.78669329 28.50301856 41.13143156 32.89543035 40.00276066 42.88110903
 45.42859903 41.46279683 40.86880476 42.71835777 36.74393181 50.48215492
 38.62580523 30.5778032  31.62462231 39.79778415 38.95306411 40.99799418
 41.49386015 34.16144064 39.93212067 28.91677268 34.34358794 39.44186119
 31.12535487 46.04370547 36.23078324 36.05532562 33.38171946 39.48393884
 31.32208822 35.8530172  36.02399392 37.89753052 32.88821995 34.91144429
 36.91842507 44.14367131 50.45719391 46.94081036 30.05976516 35.72362526
 41.82242308 37.76875138 40.02837612 29.25336652 40.72609618 38.89811933
 36.76520676 29.86924601 37.81292266 50.70274601 32.73814727 35.66107678
 37.08652217 41.48327071 36.55210988 41.3961963  35.28037037 28.14343211
 39.23431148 35.35196565 38.06054963 45.68082163 42.15787342 33.76398616
 38.41966789 29.63519454 36.85467781 28.73118165 34.36354845 37.15178806
 34.31229341 34.52643214 34.33802546 41.18206851 31.76910384 41.14039058
 41.62342276 29.04073707 32.18508521 30.44218285 30.7446134  42.73063312
 30.60291569 44.8547662  42.02385194 47.68344035 44.46639996 35.35449981
 37.02002491 48.81247817 44.53821417 42.5964737  24.63960035 33.15107291
 45.31586168 33.43203857 28.57480238 36.23098485 36.71140133 32.24390869
 33.75676042 48.81248729 28.30794067 36.72850512 32.9670952  40.50706063
 27.67399445 48.37174679 46.23378571 37.10451955 29.34081909 46.97719656
 41.29249618 42.42496239 32.64815093 38.0298079  38.10613035 28.58221717
 50.50298989 39.51060194 37.84682432 30.82768023 24.89399368 43.32732776
 46.25645071 46.36935243 50.45409598 48.78765057 29.37284549 34.85658448
 39.12998629 40.08771926 42.54735145 39.75657013 49.1216832  39.51720332
 47.57709882 33.61869838 38.25935205 43.75385294 42.07263955 34.21423268
 45.63493071 52.31304368 35.94775557 34.41971279 39.40044378 42.12489031
 32.64068597 43.80950286 36.57326552 36.47108105 34.5975752  38.82325998
 33.36648452 38.30931641 26.14370988 41.62593375 32.27487618 43.201194
 39.97600446 39.93336693 43.70120555 30.91806813 55.6074395  48.8706046
 46.05808459 40.54421043 33.42860763 50.79768832 50.66372158 42.44106808
 39.50607605 34.79622598 26.61466092 39.32283671 27.5478704  35.52996638
 36.72315205 29.31523137 47.60578972 42.51799292 51.54564772 35.67116358
 27.04384492 43.73947919 37.53352813 44.61630316 50.8828299  43.89198932
 35.49142917 43.29204919 36.94452986 34.75078843 50.8775937  54.90336992
 40.77321338 34.12802879]","[37.74953686 45.0388463  17.14478676  7.03235218 59.41341405 15.31743297
 52.0599667  44.66014794  5.90810134 15.7032205  12.56079321 16.80253935
 56.78485271 43.795321    3.08061471  6.71886987 25.84267569 17.35994785
 32.66562832 19.037067   14.53115848 33.36681789 55.52096272 38.06170697
 50.35252543 34.4120555  27.59785132  4.01751325 51.82637523 29.7472098
 23.70934938 43.90890483 40.89942126 10.26681372 51.95859138 38.86632088
 10.871053   35.0638775  12.42580319 46.23030097 30.91391413  7.41778777
 52.21214876  1.21514915 10.3333248  27.02607359 32.63591051 30.30217569
 49.64868106  5.02359919 26.90091433 41.17864823 46.66420186 44.97734527
  3.88568109 59.96170535 15.88037486 21.65604796 13.60731319 52.46735946
 32.4205507   5.57316271 58.10906677 52.14503758 21.67216175  8.5165099
  4.80262371 52.32312885 22.5001835  22.01058007 12.32459059 46.19890655
 37.94027265 28.9547427  37.13514067 55.21564148 31.78881541 41.81658241
 21.14117867  4.6624903  21.59395937 56.37875327 51.96598805 49.30551961
  3.70029538 22.70074661 11.05299561 36.48831794 59.82905274 26.96283243
 50.48600411 34.81175809 42.04223377 55.17260084 58.64448065 40.26019172
 39.57605278 36.0314083  43.98584701 39.54127859 56.30296313  1.92687086
 15.58050701 17.89863806 57.45395345 23.6676406   6.72070925 31.54653711
  3.72528626 18.65552803 23.95647365 39.1410348  34.36125321 37.17663993
 34.17543809 24.94622582 13.76450935 45.24926351 12.76131689 28.82734135
 52.68811245 44.99122598 15.65851321 22.59748082 16.21100655 56.6959626
 24.67177233 17.26231638 40.0409074  26.12342699 51.16091323 17.94604693
 12.49151391 57.91574593 49.76903803 52.03581712 55.23375978 31.05111198
 57.41824598 36.97562791 16.74405041 46.00088543 18.40586167 54.72233332
 59.30918946 23.56351025 36.56074288 19.63042189  9.26558901 17.39930217
 55.56188549  1.45208831 31.54275304 22.56721449 44.98831415 48.78628486
  7.1793737  16.6692514   7.87647557 14.26206361  6.74601238 38.01226579
 58.29921907 59.48836571 11.16661196 52.13619894 54.4904192  12.21538446
 21.27221189 30.16762935 33.20099316 34.63474902 30.60557092 56.40083662
  0.38687705 19.22322308 17.01379498 19.08176133 20.95382785  5.0406054
 58.1384076  25.02914867  5.79901811 10.04415261 15.66000621 44.82194677
 21.02436023 59.52319187 52.65037738 57.91034383 10.4474105  51.78203056
 35.7885185   9.47350053 45.39291118  2.06148107  8.10044345 45.0753347
  1.04813194 41.7163747 ]","[1.5 1.5 1.5 1.5 1.5 1.5 1.5 1.5 1.5 1.5 1.5 1.5 1.5 1.5 1.5 1.5 1.5 1.5
 1.5 1.5 1.5 1.5 1.5 1.5 1.5 1.5 1.5 1.5 1.5 1.5 1.5 1.5 1.5 1.5 1.5 1.5
 1.5 1.5 1.5 1.5 1.5 1.5 1.5 1.5 1.5 1.5 1.5 1.5 1.5 1.5 1.5 1.5 1.5 1.5
 1.5 1.5 1.5 1.5 1.5 1.5 1.5 1.5 1.5 1.5 1.5 1.5 1.5 1.5 1.5 1.5 1.5 1.5
 1.5 1.5 1.5 1.5 1.5 1.5 1.5 1.5 1.5 1.5 1.5 1.5 1.5 1.5 1.5 1.5 1.5 1.5
 1.5 1.5 1.5 1.5 1.5 1.5 1.5 1.5 1.5 1.5 1.5 1.5 1.5 1.5 1.5 1.5 1.5 1.5
 1.5 1.5 1.5 1.5 1.5 1.5 1.5 1.5 1.5 1.5 1.5 1.5 1.5 1.5 1.5 1.5 1.5 1.5
 1.5 1.5 1.5 1.5 1.5 1.5 1.5 1.5 1.5 1.5 1.5 1.5 1.5 1.5 1.5 1.5 1.5 1.5
 1.5 1.5 1.5 1.5 1.5 1.5 1.5 1.5 1.5 1.5 1.5 1.5 1.5 1.5 1.5 1.5 1.5 1.5
 1.5 1.5 1.5 1.5 1.5 1.5 1.5 1.5 1.5 1.5 1.5 1.5 1.5 1.5 1.5 1.5 1.5 1.5
 1.5 1.5 1.5 1.5 1.5 1.5 1.5 1.5 1.5 1.5 1.5 1.5 1.5 1.5 1.5 1.5 1.5 1.5
 1.5 1.5]",,21,18,8.85885885885886,34.0,9.0,0.4834457700304093,-0.2881099422634834,0.011412435949247839,0.009145372322061293,-3606.0000044617263,4050.6895719886033,4167.800345417859,250.0,360.0,0.27872621624081734,16.39634203864454,16.5641208554241,14.742094979212558,OF1,GC,83.92857142857143,77.94117647058823,100.0,60.0,"[1.0, 1.0, 1.0, 1.0, 1.0, 1.0, 1.0, 1.0, 1.0, 1.0, 1.0, 1.0, 1.0, 1.0, 1.0, 1.0, 1.0, 0.0, 0.0, 1.0, 1.0, 1.0, 1.0, 1.0, 1.0, 1.0, 1.0, 1.0, 1.0, 1.0, 1.0, 1.0, 1.0, 1.0, 1.0, 1.0, 1.0, 1.0, 1.0, 1.0, 1.0, 1.0, 1.0, 1.0, 1.0, 1.0, 1.0, 1.0, 1.0, 1.0, 1.0, 1.0, 1.0, 1.0, 1.0, 1.0, 1.0, 1.0, 1.0, 1.0, 1.0, 1.0, 1.0, 1.0, 1.0, 1.0, 1.0, 0.0, 0.0, 1.0, 1.0, 1.0, 1.0, 1.0, 1.0, 1.0, 1.0, 1.0, 1.0, 1.0, 1.0, 1.0, 1.0, 1.0, 1.0, 0.0, 0.0, 1.0, 1.0, 1.0, 1.0, 1.0, 1.0, 1.0, 1.0, 1.0, 1.0, 1.0, 1.0, 1.0, 1.0, 1.0, 1.0, 1.0, 1.0, 1.0, 1.0, 1.0, 1.0, 1.0, 1.0, 1.0, 1.0, 1.0, 1.0, 1.0, 1.0, 1.0, 1.0, 1.0, 1.0, 1.0, 1.0, 1.0, 1.0, 1.0, 1.0, 1.0, 1.0, 1.0]",GC,False
253,ENTm3,,,,,,9,False,,,,,,,21,18,8.85885885885886,15.0,-48.0,,,0.05517638291782857,0.060232401364255846,-3606.109389143858,3856.135743060081,4154.617186303193,282.0,555.0,0.037595754410963425,11.21938895962344,10.806200230214325,10.934386902905999,OF2,GC,80.0,81.13207547169812,90.9090909090909,65.0,"[1.0, 1.0, 1.0, 1.0, 1.0, 1.0, 1.0, 1.0, 1.0, 1.0, 1.0, 1.0, 1.0, 1.0, 1.0, 1.0, 1.0, 1.0, 1.0, 1.0, 1.0, 1.0, 1.0, 1.0, 1.0, 1.0, 1.0, 1.0, 1.0, 1.0, 1.0, 1.0, 1.0, 1.0, 1.0, 1.0, 1.0, 1.0, 1.0, 1.0, 1.0, 1.0, 1.0, 1.0, 1.0, 1.0, 1.0, 0.0, 0.0, 0.0, 0.0, 0.0, 0.0, 1.0, 1.0, 1.0, 1.0, 0.0, 0.0, 0.0, 0.0, 0.0, 0.0, 0.0, 0.0, 0.0, 0.0, 0.0, 0.0, 0.0, 0.0, 0.0, 0.0, 0.0, 0.0, 1.0, 1.0, 0.0, 0.0, 0.0, 0.0, 0.0, 0.0, 0.0, 0.0, 0.0, 0.0, 0.0, 0.0, 1.0, 1.0, 1.0, 1.0, 1.0, 1.0, 1.0, 1.0, 0.0, 0.0, 0.0, 0.0, 0.0, 0.0, 1.0, 1.0, 1.0, 1.0, 1.0, 1.0, 1.0, 1.0, 1.0, 1.0, 1.0, 1.0, 1.0, 1.0, 1.0, 1.0, 1.0, 1.0, 1.0, 1.0, 1.0, 1.0, 1.0, 1.0, 1.0, 1.0, 1.0]",GC,False
330,ENTm5,0.6295313346398603,58.91926545179697,78.55902060239596,46.97668784613496,1.5,9,True,"[-0.22642281 -0.17519727 -0.22920938 -0.32093559  0.18600932 -0.18446993
 -0.1414983  -0.21687281 -0.01429737 -0.27738443  0.52771425  0.01113446
 -0.15708935 -0.27828573 -0.38168064 -0.36933086 -0.14994375  0.2039712
 -0.38984869  0.08043125 -0.27274363  0.09693008 -0.21593735 -0.04148929
 -0.23264541 -0.21854876 -0.38452629  0.34132069 -0.1346995  -0.08981997
 -0.32209266  0.07405766 -0.91069716 -0.11115687  0.12244864 -0.33040129
  0.01451823 -0.35341485 -0.40826716 -0.44015204 -0.50382549  0.62248355
  0.04411642 -0.52981412 -0.11323897 -0.44128774 -0.05799887  0.26491986
 -0.22571605 -0.0986442  -0.32313155 -0.52561542 -0.22528728  0.01732746
 -0.43050392 -0.47085008 -0.29921473 -0.05107293 -0.09662314 -0.13956412
 -0.66099202 -0.18496978 -0.16004741 -0.26953126 -0.29073116 -0.05261188
 -0.21502351 -0.4203252  -0.26990784 -0.11771593 -0.23075916 -0.15300604
 -0.43782128 -0.17998801 -0.05816242 -0.54603688 -0.61717551  0.27591627
  0.04453587 -0.3276148  -0.42758558  0.07762786 -0.30860955  0.22604707
 -0.28403385  0.06910977 -0.13633663 -0.15582501 -0.24429295 -0.0447002
 -0.13510324 -0.19970945 -0.25558409 -0.70828384 -0.43355934  0.01260016
 -0.38193847 -0.24080543 -0.30029379 -0.24038002 -0.1026039  -0.12221785
 -0.19045384 -0.17696391 -0.2410509  -0.34379063 -0.25503883 -0.36929569
 -0.00774893 -0.33044993  0.11960553 -0.25133178  0.12010016 -0.39352366
 -0.24418086 -0.63934401  0.15839104  0.21695398  0.34329869 -0.37482579
  0.14817556 -0.5199365  -0.60095169 -0.55545532 -0.59617812 -0.69075648
 -0.15685589  0.0393351   0.05501553 -0.3726087  -0.11380507 -0.63791739
 -0.07902458 -0.57055119 -0.33140764 -0.38343466  0.08136519 -0.6658918
 -0.69269706 -0.12643687  0.28401835 -0.33748244 -0.3679877  -0.04922611
 -0.14885782 -0.49995496 -0.17681163 -0.50445195 -0.23722126 -0.34083781
 -0.00340653  0.51445138  0.42999986 -0.44196256 -0.41667467 -0.32715978
 -0.61325928 -0.28915467 -0.4270176  -0.45370078 -0.45905809 -0.57935437
 -0.37858008 -0.26673454 -0.24641827 -0.43357902  0.15652549  0.09661047
  0.53411317 -0.48462125 -0.55580546  0.63221434 -0.31916266 -0.15388177
  0.19870512  0.36036029  0.37147599 -0.20167218 -0.4735577   0.00856108
 -0.20667095 -0.34630586 -0.12919311 -0.08756707 -0.33861383  0.11050323
 -0.06242045 -0.55904563 -0.04879757 -0.44191109 -0.73871482 -0.54681132
 -0.44651057 -0.45317744 -0.14552478  0.58739599 -0.21760792 -0.22838974
 -0.1388999  -0.39679289]","[31.0335868  29.47653597 34.5941548  44.37963263 36.39916698 24.17477405
 29.18700429 33.99353833 38.35293256 28.06810379 38.8087603  27.5248622
 25.69101937 35.71019205 30.16753169 25.38930104 24.97136358 30.7927009
 27.77132662 45.27041629 28.78095786 25.11645622 31.83988378 34.04881115
 34.96195688 35.12204495 33.59664424 34.18247841 26.88532902 23.57716237
 32.85960822 21.50693418 26.03801372 30.71608352 25.80864496 27.31244351
 33.48568631 28.57824854 24.83600409 34.43459729 27.00140681 28.20194822
 32.96065696 28.63335662 28.42181881 47.07268273 27.39548541 35.64050009
 40.59820871 28.73818149 26.52050714 36.19243427 26.64648697 40.94702518
 40.51398681 28.16374154 23.61007922 30.27647271 29.37308052 26.98648155
 24.64980993 30.70974838 31.40135587 25.30195783 32.11458857 38.96332713
 21.87025156 24.10041308 30.0127742  34.71791544 31.63972131 25.04982923
 35.73711293 30.30585488 36.91101262 30.70578644 31.47168528 35.43036337
 36.55223577 34.63970254 28.01112589 24.70559123 20.83049328 31.57681602
 25.97776721 36.29099507 35.96335729 41.87868547 24.04451963 42.86996931
 28.64405541 37.81972814 30.81584345 29.01195663 28.48838879 29.42759343
 33.62769652 28.45661815 35.68087042 32.22267024 22.19982697 29.18220367
 33.92321817 33.53235778 29.41285919 34.54649103 24.06143475 25.51529377
 30.24613681 28.74576965 26.05127624 30.62410215 36.39284654 36.02495635
 46.21906441 33.02742487 23.67558322 34.77602705 22.66568754 29.57404099
 27.14672352 20.91239648 25.61658604 30.8414262  31.11024338 31.95640523
 27.80283852 27.28999724 30.38897563 26.12991296 45.00008304 30.50398969
 25.34498069 29.16220457 32.79128679 27.84149785 31.39058733 22.2134496
 25.4574852  29.77166454 26.77781365 29.79163101 31.94772676 36.01465166
 30.10131607 35.20679391 22.8491199  29.48497254 25.64863556 21.62905725
 34.02687    26.41928793 27.10630437 26.35867619 24.71688154 22.91449062
 36.75894385 25.543934   27.37992311 42.90553937 34.44172482 34.55003972
 29.55237328 32.51396878 33.54252673 25.10902301 31.47597275 29.51737833
 26.34723835 31.68772616 35.55033568 33.1806233  42.51561929 30.49342436
 25.902688   29.39555928 31.33008707 35.18193988 26.08998502 30.11758535
 33.65460111 28.70752048 21.80443063 29.24274379 28.17138185 28.80609009
 28.75679471 26.97045649 26.74614327 28.13036197 26.21314596 37.09957949
 29.55122059 25.80059356 30.60658683 29.30530123 31.97660753 29.19565448
 35.00170672 31.39393967]","[41.37811574 39.30204796 46.12553974 59.17284351 48.53222264 32.23303207
 38.91600572 45.32471777 51.13724341 37.42413839 51.74501373 36.69981627
 34.2546925  47.61358941 40.22337559 33.85240139 33.29515144 41.05693453
 37.02843549 60.36055505 38.37461049 33.48860829 42.45317837 45.39841487
 46.61594251 46.82939326 44.79552565 45.57663787 35.84710536 31.4362165
 43.81281096 28.67591224 34.71735163 40.95477803 34.41152662 36.41659135
 44.64758175 38.10433139 33.11467212 45.91279638 36.00187575 37.60259763
 43.94754262 38.17780883 37.89575841 62.76357698 36.52731388 47.52066679
 54.13094495 38.31757531 35.36067618 48.25657903 35.5286493  54.59603357
 54.01864908 37.55165539 31.48010563 40.36863028 39.16410736 35.9819754
 32.86641324 40.94633117 41.86847449 33.73594377 42.81945143 51.95110284
 29.16033541 32.1338841  40.01703226 46.29055392 42.18629507 33.39977231
 47.64948391 40.40780651 49.21468349 40.94104858 41.96224704 47.24048449
 48.73631436 46.18627005 37.34816785 32.94078831 27.77399104 42.10242136
 34.63702295 48.38799343 47.95114306 55.83824729 32.05935951 57.15995908
 38.19207388 50.42630419 41.08779127 38.68260885 37.98451838 39.23679124
 44.83692869 37.94215753 47.57449389 42.96356031 29.59976929 38.90960489
 45.23095756 44.70981038 39.21714558 46.06198804 32.081913   34.02039169
 40.32818241 38.32769287 34.73503498 40.83213621 48.52379539 48.03327513
 61.62541921 44.0365665  31.5674443  46.36803606 30.22091672 39.43205465
 36.19563136 27.8831953  34.15544805 41.1219016  41.48032451 42.60854031
 37.07045136 36.38666299 40.51863417 34.83988394 60.00011072 40.67198625
 33.79330758 38.88293943 43.72171571 37.12199713 41.85411644 29.6179328
 33.9433136  39.69555272 35.70375153 39.72217468 42.59696902 48.01953554
 40.13508809 46.94239189 30.4654932  39.31329672 34.19818074 28.838743
 45.36916    35.22571724 36.14173916 35.14490159 32.95584205 30.55265416
 49.01192513 34.05857866 36.50656414 57.20738583 45.92229976 46.06671963
 39.40316437 43.35195837 44.72336897 33.47869735 41.96796367 39.35650445
 35.12965114 42.25030154 47.40044757 44.24083106 56.68749239 40.65789915
 34.53691734 39.19407904 41.77344942 46.90925318 34.7866467  40.15678046
 44.87280148 38.27669398 29.07257417 38.99032505 37.56184247 38.40812011
 38.34239295 35.96060865 35.66152436 37.5071493  34.95086127 49.46610599
 39.40162746 34.40079141 40.80878244 39.07373498 42.63547671 38.92753931
 46.66894229 41.85858622]","[31.41295755 14.85574852 12.63700025 26.0216751  17.31772728 37.49645303
 17.65866332  4.18610566  3.76425741 18.71203104 35.69738337 14.55622859
 50.86779109 32.88750681 20.55169613  2.13600907 50.65955418 51.49021287
 31.851841   14.10925618 59.56098949 54.36337171 12.19040372 57.39189019
 18.73938994 48.49905693 23.00713553 14.82161339 49.81124567 18.43223451
 46.78330214 54.13141282  5.31910843 31.19214355 11.57278138 49.7620221
 47.64763529 15.81330826 28.10665952 14.77726871 21.86692344 42.44270488
 31.02340449 34.38026537 27.88665907 12.37181302 22.92802605 33.62157374
 10.34050796  8.05061816 27.25926482 51.21925053 10.49591063 34.73651959
 36.4842441  58.24520995 32.54560696  9.64809489 15.52605108 56.62710152
  6.14471656 31.72793133 27.44464828 13.9889306  10.32374883 34.27389319
 22.70814727 21.18720456 12.5173128  46.50208132  9.37833472 35.35006531
 58.50163681 57.3230801  30.39223327 54.92218544  4.69312541 10.50006366
 22.25409304 33.33917973  8.17981054 19.08913358 58.43767815 33.21191313
 10.73487787 24.71474138 26.9916877  37.50046629 24.94652068 59.92195374
 34.22838085 26.97899632  5.50006171 29.18365588 11.29578294 12.45752703
 30.16758511 45.80284615  6.07958012  7.61899699 42.65532813 59.80687318
 51.56636776 28.909441   54.91729456 18.59156053 47.69706108 21.10017936
 18.66756495 28.75055361 52.46076237 23.49058179 29.34154016 17.59974252
  6.20200603 54.5471867  26.3432611  40.52528121 28.93769687 57.66874165
 34.62218555  8.17565436  1.6542421  35.87381677 54.0785725   6.98272561
 50.29492539  4.84117708 11.86587705  8.84035372 15.38075565 48.65865751
 31.38525219 39.30368369 28.60140362 22.26174342 49.15662356 57.49657756
 51.32213427 57.16701081 23.01247068  8.4158399  53.14671661 51.24065132
 57.64098657  7.31586753  4.01733126 15.85520705 59.73373459 48.41291106
 45.43682209 11.15916598 27.88356545 26.8010661  30.18343448  4.06234256
 29.31769395 40.28337654 43.07294057 28.24038675 37.9121008  45.5811809
 51.65018974 28.96655503 58.80344764 29.13891428 13.32609416 58.38089434
 58.28788631 26.76686147 34.06815743  0.81354596 20.75185438 43.75216433
 41.72189305 55.49389088 43.34498622 28.06207775 48.10314855 34.53793745
 10.33584372  8.23722036 31.08471505  0.4356016  50.31224532 26.96225001
 52.18350669 20.61341472 31.26670933  9.45096758 29.3230207  39.25213383
 59.73281258 25.92225207 23.99546861 42.40137817 46.45641788 39.9183713
  3.36951596  5.79525016]","[1.5 1.5 1.5 1.5 1.5 1.5 1.5 1.5 1.5 1.5 1.5 1.5 1.5 1.5 1.5 1.5 1.5 1.5
 1.5 1.5 1.5 1.5 1.5 1.5 1.5 1.5 1.5 1.5 1.5 1.5 1.5 1.5 1.5 1.5 1.5 1.5
 1.5 1.5 1.5 1.5 1.5 1.5 1.5 1.5 1.5 1.5 1.5 1.5 1.5 1.5 1.5 1.5 1.5 1.5
 1.5 1.5 1.5 1.5 1.5 1.5 1.5 1.5 1.5 1.5 1.5 1.5 1.5 1.5 1.5 1.5 1.5 1.5
 1.5 1.5 1.5 1.5 1.5 1.5 1.5 1.5 1.5 1.5 1.5 1.5 1.5 1.5 1.5 1.5 1.5 1.5
 1.5 1.5 1.5 1.5 1.5 1.5 1.5 1.5 1.5 1.5 1.5 1.5 1.5 1.5 1.5 1.5 1.5 1.5
 1.5 1.5 1.5 1.5 1.5 1.5 1.5 1.5 1.5 1.5 1.5 1.5 1.5 1.5 1.5 1.5 1.5 1.5
 1.5 1.5 1.5 1.5 1.5 1.5 1.5 1.5 1.5 1.5 1.5 1.5 1.5 1.5 1.5 1.5 1.5 1.5
 1.5 1.5 1.5 1.5 1.5 1.5 1.5 1.5 1.5 1.5 1.5 1.5 1.5 1.5 1.5 1.5 1.5 1.5
 1.5 1.5 1.5 1.5 1.5 1.5 1.5 1.5 1.5 1.5 1.5 1.5 1.5 1.5 1.5 1.5 1.5 1.5
 1.5 1.5 1.5 1.5 1.5 1.5 1.5 1.5 1.5 1.5 1.5 1.5 1.5 1.5 1.5 1.5 1.5 1.5
 1.5 1.5]",,21,18,8.85885885885886,23.0,9.0,0.6295313346398603,-0.33887973365515156,0.38805896646919774,0.34732371153954567,-3485.795143958552,4042.8799281706006,3970.392934004237,500.0,390.0,0.07271934645049606,2.047222585098531,1.6483328391856134,2.940754705957297,OF1,GC,91.89189189189189,86.0,70.0,56.52173913043478,"[1.0, 1.0, 1.0, 1.0, 1.0, 1.0, 1.0, 1.0, 1.0, 1.0, 1.0, 1.0, 1.0, 1.0, 1.0, 1.0, 1.0, 1.0, 1.0, 1.0, 1.0, 1.0, 1.0, 1.0, 1.0, 1.0, 1.0, 1.0, 1.0, 1.0, 1.0, 1.0, 1.0, 1.0, 1.0, 1.0, 1.0, 1.0, 1.0, 1.0, 1.0, 0.0, 0.0, 1.0, 1.0, 1.0, 1.0, 1.0, 1.0, 1.0, 1.0, 1.0, 1.0, 1.0, 1.0, 1.0, 1.0, 1.0, 1.0, 1.0, 1.0, 0.0, 0.0, 0.0, 0.0, 0.0, 0.0, 0.0, 0.0, 0.0, 0.0, 0.0, 0.0, 0.0, 0.0, 1.0, 1.0, 0.0, 0.0, 0.0, 0.0, 0.0, 0.0, 1.0, 1.0, 1.0, 1.0, 1.0, 1.0, 1.0, 1.0, 1.0, 1.0, 1.0, 1.0, 1.0, 1.0, 1.0, 1.0, 1.0, 1.0, 1.0, 1.0, 1.0, 1.0, 1.0, 1.0, 0.0, 0.0, 1.0, 1.0, 0.0, 0.0, 0.0, 0.0, 0.0, 0.0, 0.0, 0.0, 0.0, 0.0, 0.0, 0.0, 0.0, 0.0, 0.0, 0.0, 0.0, 0.0, 0.0]",GC,False
361,ENTm5,0.4507392797914277,58.95191956531315,78.60255942041753,55.65744613982388,1.5,9,True,,,,,,,21,18,8.85885885885886,10.0,22.0,0.4507392797914277,-0.6148203719942424,0.06227697010632694,0.04636349104469975,-3483.9567512669064,3908.162115093153,3961.8646779139713,500.0,525.0,0.10719619260760982,5.832073824897687,5.88952072050605,5.353895253149829,OF1,GC,91.17647058823529,80.85106382978724,73.91304347826087,69.23076923076923,"[1.0, 1.0, 1.0, 1.0, 1.0, 1.0, 1.0, 1.0, 1.0, 1.0, 1.0, 1.0, 1.0, 1.0, 1.0, 1.0, 1.0, 1.0, 1.0, 1.0, 1.0, 1.0, 1.0, 1.0, 1.0, 1.0, 1.0, 0.0, 0.0, 0.0, 0.0, 0.0, 0.0, 0.0, 0.0, 0.0, 0.0, 1.0, 1.0, 1.0, 1.0, 1.0, 1.0, 1.0, 1.0, 1.0, 1.0, 1.0, 1.0, 1.0, 1.0, 1.0, 1.0, 1.0, 1.0, 0.0, 0.0, 0.0, 0.0, 1.0, 1.0, 0.0, 0.0, 1.0, 1.0, 1.0, 1.0, 0.0, 0.0, 0.0, 0.0, 0.0, 0.0, 1.0, 1.0, 1.0, 1.0, 1.0, 1.0, 1.0, 1.0, 1.0, 1.0, 1.0, 1.0, 0.0, 0.0, 1.0, 1.0, 1.0, 1.0, 0.0, 0.0, 0.0, 0.0, 0.0, 0.0, 0.0, 0.0, 1.0, 1.0, 1.0, 1.0, 1.0, 1.0, 1.0, 1.0, 1.0, 1.0, 1.0, 1.0, 0.0, 0.0, 0.0, 0.0, 0.0, 0.0, 1.0, 1.0, 0.0, 0.0, 0.0, 0.0, 0.0, 0.0, 0.0, 0.0, 0.0, 0.0, 0.0]",GC,False
374,ENTm5,-0.3997729656286816,56.721057050234336,75.62807606697912,39.94778422111975,1.5,9,False,,,,,,,21,18,8.85885885885886,6.0,-23.0,-0.3997729656286816,-0.26438585910405843,0.011289802540150525,0.009968484868747945,-3483.139687848397,3848.287531503176,3958.074341873853,500.0,585.0,0.11575830611969096,21.316767633446627,32.104592868322115,20.906294503560062,OF2,GC,83.6734693877551,80.0,87.5,50.0,"[1.0, 1.0, 1.0, 1.0, 1.0, 1.0, 1.0, 1.0, 1.0, 1.0, 1.0, 1.0, 1.0, 1.0, 1.0, 1.0, 1.0, 1.0, 1.0, 1.0, 1.0, 1.0, 1.0, 1.0, 1.0, 1.0, 1.0, 1.0, 1.0, 1.0, 1.0, 1.0, 1.0, 1.0, 1.0, 1.0, 1.0, 1.0, 1.0, 1.0, 1.0, 1.0, 1.0, 1.0, 1.0, 1.0, 1.0, 1.0, 1.0, 1.0, 1.0, 1.0, 1.0, 1.0, 1.0, 1.0, 1.0, 1.0, 1.0, 1.0, 1.0, 1.0, 1.0, 0.0, 0.0, 0.0, 0.0, 1.0, 1.0, 1.0, 1.0, 1.0, 1.0, 1.0, 1.0, 1.0, 1.0, 1.0, 1.0, 1.0, 1.0, 1.0, 1.0, 1.0, 1.0, 1.0, 1.0, 1.0, 1.0, 1.0, 1.0, 1.0, 1.0, 1.0, 1.0, 1.0, 1.0, 1.0, 1.0, 1.0, 1.0, 0.0, 0.0, 0.0, 0.0, 0.0, 0.0, 0.0, 0.0, 0.0, 0.0, 0.0, 0.0, 1.0, 1.0, 1.0, 1.0, 1.0, 1.0, 1.0, 1.0, 1.0, 1.0, 1.0, 1.0, 1.0, 1.0, 1.0, 1.0, 1.0]",GC,False
376,ENTm5,0.6739967872451805,33.37996659361847,44.506622124824624,23.12758289139284,1.5,9,True,"[-1.75791420e-01 -2.55353760e-01 -5.21771662e-01 -4.72250098e-01
 -5.21274847e-01  3.04149651e-01 -1.02369355e-01  1.16926949e-01
 -3.64371754e-01 -1.70290616e-01  4.47186099e-02  5.38405169e-01
  3.68149782e-02  3.85537250e-01 -1.67262747e-01 -8.18082084e-02
 -7.68879749e-02 -1.07733210e-01 -5.11614792e-02 -1.13651045e-01
 -2.58468623e-01 -3.62617212e-01  2.19461946e-02 -2.45074285e-01
 -2.09591979e-01  1.38149807e-01 -2.15799630e-02 -3.93570996e-01
 -3.63041595e-01 -2.81143848e-01 -4.32795841e-01 -1.67131082e-01
 -5.66583022e-01 -4.24402240e-01 -6.23783299e-01 -9.35561915e-02
 -3.59208811e-01 -3.24737054e-01 -3.42955467e-01  2.20825380e-01
 -4.64337313e-01  6.05364828e-02 -4.98873365e-01  1.94017202e-01
 -8.86188219e-01 -5.32215715e-01 -1.21900279e-01 -2.87706343e-01
 -4.96716079e-02  3.65936302e-02 -5.41195741e-01  4.99061274e-01
  1.48181183e-01 -1.22521311e-01 -4.30573489e-01 -2.22871726e-01
 -2.60594564e-01 -2.30794983e-01  1.54381012e-01 -5.75204595e-01
 -3.53356834e-01 -2.37864392e-01 -2.60331580e-01 -4.51453653e-01
  1.25953571e-01 -2.47357603e-01 -4.97656555e-01 -1.26976626e-01
  1.09706318e-01 -4.60563812e-02 -3.71838827e-01 -3.59330237e-01
  3.15178999e-01 -4.06285516e-02 -2.62967634e-01  4.94261447e-01
 -2.19775369e-01 -1.24863508e-01 -2.48403921e-01  9.39219985e-01
 -4.21893788e-01 -2.00643920e-01 -1.35673179e-02  2.97993607e-02
 -1.69835530e-01 -2.45303411e-01 -9.15214898e-02 -1.66173647e-04
 -2.12820031e-01 -6.36200076e-01 -1.22882890e-01 -3.75464622e-01
 -2.60989301e-01 -5.75034529e-01 -5.92404840e-01  3.11214067e-02
 -1.80870750e-01 -5.11183621e-01 -2.84705727e-01 -2.94695545e-01
 -4.70905526e-01 -7.81605783e-02 -4.80147049e-01 -4.18507939e-01
 -4.06334226e-01  3.50178369e-01 -4.85716695e-01  1.52995041e-01
  1.64326293e-01 -5.39118991e-02  4.04131875e-03 -1.11853326e-01
 -1.66824795e-01 -2.89347450e-01 -1.39422331e-01 -2.36391585e-01
 -3.73200633e-01 -1.00926714e-01 -1.82350094e-01 -4.73075159e-01
 -3.03008882e-01 -4.18087484e-01  5.08336510e-02  2.19047049e-01
 -2.14288543e-01  1.35474891e-01 -2.44720043e-02 -4.94878223e-01
 -5.27270998e-01 -6.21011877e-01 -1.75319244e-01 -1.74046471e-01
  7.35798173e-02 -2.97244345e-01 -5.76418309e-02  5.88575528e-01
 -4.69373572e-01 -3.90015810e-01 -3.84813462e-01 -6.58882557e-01
 -3.98956919e-01 -2.79699743e-01 -1.46918260e-01 -1.30834415e-01
 -4.47283431e-01 -2.94534364e-01  4.91591330e-01 -2.23655741e-01
 -2.67908254e-01 -4.55841402e-01 -6.27688087e-02 -2.79103202e-01
 -3.28876243e-01  1.39203093e-01 -5.53716312e-01  4.43681503e-01
 -1.46398537e-01 -3.68041741e-01 -4.36246489e-01 -1.69542886e-01
 -2.07336838e-02 -1.89437948e-01 -2.73501375e-01  1.53441226e-01
 -5.33688896e-01 -7.13140939e-02 -1.36470695e-01 -3.78296455e-01
  6.56456046e-01 -2.13773992e-01 -3.40767530e-01 -2.90161771e-01
 -4.88248644e-02 -1.76557170e-01 -1.42622346e-01 -2.99250677e-01
 -1.22878891e-01 -2.55411590e-01 -1.16890954e-01 -1.97712119e-02
 -3.97543292e-01 -1.19932296e-01 -2.38644301e-01 -6.99145269e-02
  5.50489929e-01 -1.78603967e-01 -5.96315300e-01 -1.17378700e-01
 -2.60001019e-01 -4.52332879e-01 -1.56719028e-01 -7.18598826e-01
  1.58575735e-01 -4.49985222e-01 -2.72412939e-01 -6.29109872e-01
 -2.92956842e-01 -2.32709355e-01  1.02662173e-01 -5.95946711e-01]","[23.54826491 25.88868364 24.50270108 34.40302465 24.54455599 45.51017217
 33.36098933 25.91626447 32.91900394 31.28347535 26.11152322 27.12693039
 21.00702366 37.96308814 28.67449233 28.00474094 24.7270532  32.04423548
 35.21802758 27.89770058 31.86917274 40.07260601 27.36629093 45.03859319
 35.30022261 28.7067735  27.62543575 29.38646385 35.81048697 26.40052536
 30.10437794 29.8917116  36.14344367 36.36490238 31.97271754 29.47300921
 29.25027562 22.7190985  27.37246331 27.23367562 28.64502007 32.56149923
 24.638316   34.42847486 24.01343005 25.07854362 25.44885163 28.45203995
 22.64371493 29.1859045  30.99508014 22.9581515  44.78177547 29.45888312
 30.10950066 29.3989243  25.23322063 27.6678257  25.49988301 30.16336454
 26.2345819  25.08894146 24.56428593 31.23088366 25.10717364 38.14028661
 27.51937654 18.86787968 31.46496127 26.17270804 32.93079044 27.85204656
 22.98886242 23.58173789 27.73963082 29.43733856 39.01932667 32.15264504
 34.62370591 27.30038745 29.74296504 26.17966773 29.05257595 24.22008178
 32.8174735  40.41448205 35.00583832 33.09524997 27.94793399 28.52300025
 22.00425905 32.16544334 22.67690786 22.16329504 25.48370269 29.24280586
 23.71114949 33.86454548 31.80134272 21.88050971 25.15725406 40.35772413
 33.09280816 31.73933056 20.15970888 40.64169999 28.93557933 39.33741653
 36.64582165 31.08712073 27.69941494 30.00502174 25.40162534 30.82465748
 24.51959887 30.9795504  31.80414024 23.96723147 37.46692873 24.16674646
 34.45819393 55.8449497  28.22321898 37.17743117 24.1997848  29.94271717
 38.46132237 37.93322696 41.47275781 26.91640915 32.82669198 26.61823317
 26.66303128 20.26711594 32.43036412 30.02650888 30.90967821 30.72436599
 44.93944815 31.72786397 23.86354379 22.51868144 36.24876154 36.64115534
 33.71242412 30.94204969 31.19085826 35.79488099 33.50424537 28.05779394
 26.31744784 33.8127988  32.34439482 25.28691522 26.81533221 27.85864378
 30.86128123 28.89437356 33.52835138 24.63761031 34.19654027 28.49298396
 29.49993537 35.65327066 27.20316634 26.55433726 42.09410343 28.4820698
 46.86638433 22.10093519 33.67400412 28.92999259 32.44153512 36.97790038
 33.0554005  30.2272404  29.18188514 30.18361289 35.44488332 26.46489811
 27.56346308 25.85111163 26.46937921 32.31456856 26.40822376 31.97636863
 36.01878232 28.0391912  24.73262742 29.76475953 41.14691374 23.88221256
 26.21880468 25.30658988 22.74652203 29.27383312 37.13814909 21.80201844
 46.95287372 31.26422792]","[31.39768655 34.51824485 32.6702681  45.87069953 32.72607465 60.68022956
 44.48131911 34.5550193  43.89200526 41.71130046 34.81536429 36.16924052
 28.00936488 50.61745085 38.23265644 37.33965458 32.96940427 42.7256473
 46.95737011 37.19693411 42.49223032 53.43014134 36.4883879  60.05145758
 47.06696348 38.275698   36.83391434 39.1819518  47.74731595 35.20070048
 40.13917059 39.85561546 48.19125823 48.48653651 42.63029006 39.29734561
 39.0003675  30.29213134 36.49661775 36.3115675  38.1933601  43.41533231
 32.851088   45.90463315 32.01790674 33.43805817 33.93180217 37.93605327
 30.19161991 38.91453933 41.32677352 30.61086867 59.70903396 39.27851083
 40.14600087 39.19856573 33.64429418 36.89043426 33.99984401 40.21781939
 34.97944253 33.45192195 32.75238124 41.64117822 33.47623152 50.85371547
 36.69250205 25.15717291 41.95328169 34.89694405 43.90772058 37.13606208
 30.65181656 31.44231718 36.98617443 39.24978475 52.02576889 42.87019339
 46.16494121 36.40051659 39.65728672 34.90622365 38.73676794 32.29344237
 43.75663133 53.88597606 46.6744511  44.12699996 37.26391199 38.030667
 29.33901207 42.88725778 30.23587715 29.55106005 33.97827025 38.99040782
 31.61486598 45.1527273  42.4017903  29.17401294 33.54300542 53.81029885
 44.12374421 42.31910741 26.87961183 54.18893332 38.58077244 52.44988871
 48.86109553 41.44949431 36.93255325 40.00669565 33.86883379 41.0995433
 32.6927985  41.3060672  42.40552032 31.95630863 49.95590497 32.22232861
 45.94425858 74.45993293 37.63095864 49.56990823 32.26637973 39.92362289
 51.28176316 50.57763595 55.29701042 35.88854553 43.76892264 35.49097756
 35.55070837 27.02282125 43.24048549 40.03534518 41.21290428 40.96582132
 59.9192642  42.30381863 31.81805838 30.02490859 48.33168205 48.85487378
 44.94989883 41.25606625 41.58781101 47.72650798 44.67232717 37.41039191
 35.08993045 45.08373174 43.12585976 33.71588695 35.75377627 37.14485837
 41.14837497 38.52583141 44.70446851 32.85014708 45.59538702 37.99064528
 39.33324716 47.53769422 36.27088845 35.40578301 56.12547124 37.97609306
 62.48851244 29.46791358 44.89867216 38.57332345 43.25538016 49.30386718
 44.07386733 40.30298719 38.90918018 40.24481719 47.25984443 35.28653081
 36.7512841  34.46814883 35.29250561 43.08609141 35.21096502 42.63515818
 48.02504309 37.38558827 32.97683656 39.68634604 54.86255165 31.84295008
 34.95840624 33.74211984 30.32869604 39.0317775  49.51753212 29.06935792
 62.60383163 41.68563722]","[44.32310165 58.0498294  43.94107104 47.01137915 51.45949485 36.27428012
  4.45500365 26.44729326 23.72178634 56.0706844  31.7538887  20.96153139
 49.92440318 43.95949049 36.49219188 36.29944853  6.37796814  2.7102198
  1.15116902 47.40438307 34.47553143 13.9195002  13.04922386 45.17592237
  9.38763216 15.44099964 51.42469969 50.4502507  14.2636429  33.69243397
 31.36900813 11.51593641 21.51007184 43.49356418 15.18973763 28.04205151
  3.0167214  12.26770595 45.26517142 24.20465844 39.3175809  20.30234924
 58.28928006 23.04625145 44.50895089  2.5978095   4.07576864 56.4406277
 22.59066458 48.27501575 34.07845199  7.78481263 56.36560364  1.59007244
  4.40086511 33.12936598 26.08014561 13.6823776  48.66597197 19.04840475
 21.39287325 54.12417515 14.68403928 29.24591137 48.15908028  7.43236617
 52.45632172  1.55312393 53.3954238  15.82162066 29.87939625 36.78496209
 29.13120629 33.61106268 47.41220382 20.88352559  4.45225634 56.33388439
 37.58829379  8.92524137 13.25642994 47.37376844 17.53329546  7.73574502
 15.91859086 54.42464022  3.189796    9.76907279 40.60474637 19.78024217
 53.1655592   9.70340225 10.96972676  5.15325041 53.08034935 21.86271024
  3.72504353 17.75591016 56.83556618 50.15826476 30.88126097  9.16895484
 46.90343578 48.2030027  45.38409682  5.43481016 23.81865587 51.84629159
  6.61729672  9.03215793 34.78144736 27.29307467  6.1679274   5.74157078
 26.77316591  4.57479844 51.16256415 12.93960058 38.28739632 50.90251671
  7.7812946  10.9206862   5.81501542 54.8476168  59.74636051 26.6224838
  1.86919141 53.58979728 25.3675581  58.47185481 44.47961163 40.40708318
 33.00534559 51.80394081  7.5280913  57.81744405 28.9263524  14.11002181
 51.63735274 20.84171013 38.35502394 52.57637972  6.30952054 28.21338861
  9.37263459 35.53414619 27.54005389 10.14489597 37.46200356 51.11531537
 41.03847979 41.25241568 18.01114542  8.78716894 50.070946   43.7148811
 16.99837885  9.39632652 52.62422882 18.18020962 31.7459426  52.38989536
  4.35368514 43.2955262  34.17561912 19.56795929  2.47283154  2.76802375
 37.57979873  0.4077804  55.92780856 24.89828185 27.6944559   0.09292232
 23.63606525 41.11615197 15.22440178 46.48832185  9.30236605 53.86588913
 10.579666   27.20985021 48.60835665 31.92237292  8.3815679  53.62971091
 26.51968055 55.86718458 27.87343259  3.0070212   2.99535855 53.34863724
 45.65553707 39.90268285 57.5266088   2.65417056 53.09958055  9.67282569
 46.85831939 54.9412075 ]","[1.5 1.5 1.5 1.5 1.5 1.5 1.5 1.5 1.5 1.5 1.5 1.5 1.5 1.5 1.5 1.5 1.5 1.5
 1.5 1.5 1.5 1.5 1.5 1.5 1.5 1.5 1.5 1.5 1.5 1.5 1.5 1.5 1.5 1.5 1.5 1.5
 1.5 1.5 1.5 1.5 1.5 1.5 1.5 1.5 1.5 1.5 1.5 1.5 1.5 1.5 1.5 1.5 1.5 1.5
 1.5 1.5 1.5 1.5 1.5 1.5 1.5 1.5 1.5 1.5 1.5 1.5 1.5 1.5 1.5 1.5 1.5 1.5
 1.5 1.5 1.5 1.5 1.5 1.5 1.5 1.5 1.5 1.5 1.5 1.5 1.5 1.5 1.5 1.5 1.5 1.5
 1.5 1.5 1.5 1.5 1.5 1.5 1.5 1.5 1.5 1.5 1.5 1.5 1.5 1.5 1.5 1.5 1.5 1.5
 1.5 1.5 1.5 1.5 1.5 1.5 1.5 1.5 1.5 1.5 1.5 1.5 1.5 1.5 1.5 1.5 1.5 1.5
 1.5 1.5 1.5 1.5 1.5 1.5 1.5 1.5 1.5 1.5 1.5 1.5 1.5 1.5 1.5 1.5 1.5 1.5
 1.5 1.5 1.5 1.5 1.5 1.5 1.5 1.5 1.5 1.5 1.5 1.5 1.5 1.5 1.5 1.5 1.5 1.5
 1.5 1.5 1.5 1.5 1.5 1.5 1.5 1.5 1.5 1.5 1.5 1.5 1.5 1.5 1.5 1.5 1.5 1.5
 1.5 1.5 1.5 1.5 1.5 1.5 1.5 1.5 1.5 1.5 1.5 1.5 1.5 1.5 1.5 1.5 1.5 1.5
 1.5 1.5]",,21,18,8.85885885885886,25.0,9.0,0.6739967872451805,-0.08956352978891094,0.015394860428743986,0.010847274833054905,-3482.7311561391425,3818.350239708188,3956.1791738537945,500.0,615.0,0.013470204756712777,10.42244040243467,14.665081505579128,14.281126819449657,OF1,GC,92.15686274509804,80.3030303030303,16.666666666666668,42.857142857142854,"[1.0, 1.0, 1.0, 1.0, 1.0, 1.0, 1.0, 1.0, 1.0, 1.0, 1.0, 1.0, 1.0, 1.0, 1.0, 1.0, 1.0, 1.0, 1.0, 1.0, 1.0, 1.0, 1.0, 1.0, 1.0, 1.0, 1.0, 1.0, 1.0, 1.0, 1.0, 1.0, 1.0, 1.0, 1.0, 1.0, 1.0, 1.0, 1.0, 1.0, 1.0, 1.0, 1.0, 1.0, 1.0, 1.0, 1.0, 1.0, 1.0, 1.0, 1.0, 1.0, 1.0, 1.0, 1.0, 1.0, 1.0, 1.0, 1.0, 1.0, 1.0, 1.0, 1.0, 1.0, 1.0, 1.0, 1.0, 1.0, 1.0, 1.0, 1.0, 1.0, 1.0, 1.0, 1.0, 1.0, 1.0, 1.0, 1.0, 1.0, 1.0, 1.0, 1.0, 1.0, 1.0, 1.0, 1.0, 1.0, 1.0, 1.0, 1.0, 1.0, 1.0, 1.0, 1.0, 1.0, 1.0, 1.0, 1.0, 1.0, 1.0, 1.0, 1.0, 1.0, 1.0, 1.0, 1.0, 1.0, 1.0, 1.0, 1.0, 1.0, 1.0, 1.0, 1.0, 1.0, 1.0, 0.0, 0.0, 0.0, 0.0, 0.0, 0.0, 0.0, 0.0, 0.0, 0.0, 0.0, 0.0, 0.0]",GC,False
18,ENTm1,0.006527973523529365,37.92969542429341,50.572927232391216,25.952092423630408,1.5,9,False,,,,,,,21,18,8.85885885885886,5.0,46.0,0.006527973523529365,-0.26379646867406703,0.0811882517301123,0.07676049756008206,-3737.51333785988,4096.2050587257,4448.639019731217,0.0,120.0,0.03258372132066066,3.2199196558140444,1.685813878985185,4.993451475214742,OF2,NG,93.54838709677419,75.0,73.07692307692308,78.37837837837837,"[1.0, 1.0, 1.0, 1.0, 1.0, 1.0, 1.0, 1.0, 1.0, 1.0, 1.0, 1.0, 1.0, 1.0, 1.0, 1.0, 1.0, 0.0, 0.0, 1.0, 1.0, 1.0, 1.0, 1.0, 1.0, 0.0, 0.0, 0.0, 0.0, 1.0, 1.0, 0.0, 0.0, 0.0, 0.0, 1.0, 1.0, 1.0, 1.0, 1.0, 1.0, 1.0, 1.0, 1.0, 1.0, 1.0, 1.0, 1.0, 1.0, 1.0, 1.0, 1.0, 1.0, 0.0, 0.0, 0.0, 0.0, 0.0, 0.0, 1.0, 1.0, 1.0, 1.0, 1.0, 1.0, 1.0, 1.0, 1.0, 1.0, 1.0, 1.0, 1.0, 1.0, 0.0, 0.0, 0.0, 0.0, 0.0, 0.0, 0.0, 0.0, 0.0, 0.0, 0.0, 0.0, 0.0, 0.0, 0.0, 0.0, 0.0, 0.0, 0.0, 0.0, 1.0, 1.0, 1.0, 1.0, 1.0, 1.0, 1.0, 1.0, 1.0, 1.0, 0.0, 0.0, 0.0, 0.0, 0.0, 0.0, 0.0, 0.0, 0.0, 0.0, 0.0, 0.0, 0.0, 0.0, 0.0, 0.0, 0.0, 0.0, 0.0, 0.0, 0.0, 0.0, 0.0, 0.0, 0.0, 0.0, 0.0]",NGS-nonramp,False
19,ENTm1,-0.430459804086421,52.9946104096083,70.65948054614441,17.596388429742056,1.5,9,False,,,,,,,21,18,8.85885885885886,12.0,-50.0,-0.430459804086421,-0.41901794781266927,0.6599122685509106,0.5445234203874236,-3737.51333785988,4096.2050587257,4448.639019731217,0.0,120.0,0.06531838291885875,0.9823241696253326,1.1519172898401735,0.6448000403430447,OF1,NG,90.9090909090909,69.23076923076923,82.6086956521739,78.33333333333333,"[0.0, 0.0, 0.0, 0.0, 0.0, 0.0, 0.0, 0.0, 0.0, 0.0, 0.0, 0.0, 0.0, 0.0, 0.0, 0.0, 0.0, 0.0, 0.0, 0.0, 0.0, 0.0, 0.0, 0.0, 0.0, 0.0, 0.0, 0.0, 0.0, 0.0, 0.0, 1.0, 1.0, 0.0, 0.0, 0.0, 0.0, 0.0, 0.0, 0.0, 0.0, 0.0, 0.0, 0.0, 0.0, 0.0, 0.0, 0.0, 0.0, 0.0, 0.0, 0.0, 0.0, 0.0, 0.0, 0.0, 0.0, 0.0, 0.0, 0.0, 0.0, 0.0, 0.0, 0.0, 0.0, 0.0, 0.0, 1.0, 1.0, 1.0, 1.0, 1.0, 1.0, 1.0, 1.0, 1.0, 1.0, 1.0, 1.0, 0.0, 0.0, 0.0, 0.0, 0.0, 0.0, 1.0, 1.0, 1.0, 1.0, 1.0, 1.0, 1.0, 1.0, 0.0, 0.0, 0.0, 0.0, 1.0, 1.0, 0.0, 0.0, 0.0, 0.0, 0.0, 0.0, 0.0, 0.0, 0.0, 0.0, 0.0, 0.0, 0.0, 0.0, 0.0, 0.0, 0.0, 0.0, 0.0, 0.0, 0.0, 0.0, 0.0, 0.0, 0.0, 0.0, 0.0, 0.0, 0.0, 0.0, 0.0]",NGS-nonramp,False
21,ENTm1,-0.3902461145492701,26.0095245208569,34.6793660278092,48.37996519098041,1.5,9,False,,,,,,,21,18,8.85885885885886,41.0,35.0,-0.3902461145492701,-0.5788223867765699,0.06901840545948502,0.07156009850761437,-3737.9158062903,4066.3401634898833,4445.823695288777,32.0,150.0,0.03920752593861654,7.480465182212289,5.553857186300995,9.102177313679725,OF1,NG,100.0,89.74358974358974,70.0,61.76470588235294,"[0.0, 0.0, 0.0, 0.0, 0.0, 0.0, 0.0, 0.0, 0.0, 0.0, 0.0, 1.0, 1.0, 1.0, 1.0, 1.0, 1.0, 1.0, 1.0, 1.0, 1.0, 1.0, 1.0, 1.0, 1.0, 1.0, 1.0, 1.0, 1.0, 1.0, 1.0, 1.0, 1.0, 1.0, 1.0, 1.0, 1.0, 1.0, 1.0, 1.0, 1.0, 1.0, 1.0, 1.0, 1.0, 1.0, 1.0, 1.0, 1.0, 1.0, 1.0, 1.0, 1.0, 1.0, 1.0, 1.0, 1.0, 1.0, 1.0, 1.0, 1.0, 1.0, 1.0, 1.0, 1.0, 0.0, 0.0, 0.0, 0.0, 0.0, 0.0, 0.0, 0.0, 0.0, 0.0, 0.0, 0.0, 0.0, 0.0, 1.0, 1.0, 0.0, 0.0, 1.0, 1.0, 1.0, 1.0, 0.0, 0.0, 0.0, 0.0, 0.0, 0.0, 0.0, 0.0, 0.0, 0.0, 0.0, 0.0, 0.0, 0.0, 0.0, 0.0, 1.0, 1.0, 1.0, 1.0, 1.0, 1.0, 0.0, 0.0, 0.0, 0.0, 0.0, 0.0, 0.0, 0.0, 0.0, 0.0, 0.0, 0.0, 0.0, 0.0, 0.0, 0.0, 0.0, 0.0, 0.0, 0.0, 0.0]",NGS-nonramp,False
24,ENTm1,-0.061155761487412016,32.815575504693925,43.75410067292523,15.539261909077442,1.5,9,False,,,,,,,21,18,8.85885885885886,-43.0,20.0,-0.061155761487412016,-0.27626709393186266,0.40598281549923404,0.4108806054614788,-3738.1170405055095,4051.407715871975,4444.416033067559,32.0,165.0,0.0011939421394104273,0.8233627972150317,1.143588169884713,0.7614305385963086,OF1,NG,83.33333333333333,62.5,84.31372549019608,78.46153846153847,"[0.0, 0.0, 0.0, 0.0, 0.0, 0.0, 0.0, 0.0, 0.0, 0.0, 0.0, 0.0, 0.0, 0.0, 0.0, 0.0, 0.0, 0.0, 0.0, 0.0, 0.0, 0.0, 0.0, 0.0, 0.0, 0.0, 0.0, 0.0, 0.0, 0.0, 0.0, 0.0, 0.0, 0.0, 0.0, 0.0, 0.0, 0.0, 0.0, 0.0, 0.0, 0.0, 0.0, 0.0, 0.0, 0.0, 0.0, 0.0, 0.0, 1.0, 1.0, 0.0, 0.0, 0.0, 0.0, 0.0, 0.0, 0.0, 0.0, 0.0, 0.0, 0.0, 0.0, 0.0, 0.0, 0.0, 0.0, 0.0, 0.0, 0.0, 0.0, 0.0, 0.0, 0.0, 0.0, 0.0, 0.0, 0.0, 0.0, 0.0, 0.0, 0.0, 0.0, 0.0, 0.0, 0.0, 0.0, 1.0, 1.0, 1.0, 1.0, 1.0, 1.0, 0.0, 0.0, 0.0, 0.0, 0.0, 0.0, 1.0, 1.0, 0.0, 0.0, 1.0, 1.0, 0.0, 0.0, 1.0, 1.0, 0.0, 0.0, 0.0, 0.0, 0.0, 0.0, 0.0, 0.0, 0.0, 0.0, 0.0, 0.0, 0.0, 0.0, 0.0, 0.0, 0.0, 0.0, 0.0, 0.0, 0.0]",NGS-nonramp,False
25,ENTm1,-0.3723504035455358,27.04096272740845,36.054616969877934,56.294029714494854,1.5,9,False,,,,,,,21,18,8.85885885885886,0.0,-38.0,-0.3723504035455358,-0.6412992836173961,0.006939793197652783,0.007020728526294234,-3738.1170405055095,4051.407715871975,4444.416033067559,0.0,165.0,0.046747883400922015,42.24017726001566,43.22813256883948,41.85257660652125,OF1,NG,70.83333333333333,71.05263157894737,93.93939393939394,82.85714285714286,"[1.0, 1.0, 1.0, 1.0, 1.0, 1.0, 1.0, 1.0, 1.0, 1.0, 1.0, 1.0, 1.0, 1.0, 1.0, 1.0, 1.0, 1.0, 1.0, 1.0, 1.0, 1.0, 1.0, 1.0, 1.0, 0.0, 0.0, 0.0, 0.0, 0.0, 0.0, 0.0, 0.0, 0.0, 0.0, 0.0, 0.0, 0.0, 0.0, 0.0, 0.0, 1.0, 1.0, 1.0, 1.0, 0.0, 0.0, 0.0, 0.0, 0.0, 0.0, 1.0, 1.0, 0.0, 0.0, 0.0, 0.0, 0.0, 0.0, 0.0, 0.0, 0.0, 0.0, 1.0, 1.0, 1.0, 1.0, 1.0, 1.0, 1.0, 1.0, 0.0, 0.0, 0.0, 0.0, 0.0, 0.0, 0.0, 0.0, 1.0, 1.0, 1.0, 1.0, 0.0, 0.0, 1.0, 1.0, 0.0, 0.0, 0.0, 0.0, 0.0, 0.0, 0.0, 0.0, 0.0, 0.0, 0.0, 0.0, 0.0, 0.0, 0.0, 0.0, 0.0, 0.0, 0.0, 0.0, 0.0, 0.0, 0.0, 0.0, 0.0, 0.0, 1.0, 1.0, 1.0, 1.0, 1.0, 1.0, 1.0, 1.0, 1.0, 1.0, 1.0, 1.0, 1.0, 1.0, 1.0, 1.0, 1.0]",NGS-nonramp,False
27,ENTm1,-0.33036612959042605,33.62244612104786,44.82992816139715,8.516896437757906,1.5,9,False,,,,,,,21,18,8.85885885885886,2.0,-2.0,-0.33036612959042605,0.2764381725574657,0.25588853749876306,0.2608435576904904,-3738.1170405055095,4051.407715871975,4444.416033067559,32.0,165.0,0.051421278508381504,1.5134645636669368,1.3101705689939211,1.8099942562256528,OF1,NG,100.0,60.0,83.01886792452831,79.36507936507937,"[0.0, 0.0, 0.0, 0.0, 0.0, 0.0, 0.0, 0.0, 0.0, 0.0, 0.0, 0.0, 0.0, 0.0, 0.0, 0.0, 0.0, 0.0, 0.0, 0.0, 0.0, 0.0, 0.0, 0.0, 0.0, 0.0, 0.0, 0.0, 0.0, 0.0, 0.0, 0.0, 0.0, 0.0, 0.0, 0.0, 0.0, 0.0, 0.0, 0.0, 0.0, 0.0, 0.0, 0.0, 0.0, 0.0, 0.0, 0.0, 0.0, 0.0, 0.0, 0.0, 0.0, 0.0, 0.0, 0.0, 0.0, 0.0, 0.0, 0.0, 0.0, 0.0, 0.0, 0.0, 0.0, 0.0, 0.0, 0.0, 0.0, 0.0, 0.0, 1.0, 1.0, 1.0, 1.0, 0.0, 0.0, 0.0, 0.0, 0.0, 0.0, 0.0, 0.0, 0.0, 0.0, 0.0, 0.0, 0.0, 0.0, 0.0, 0.0, 1.0, 1.0, 0.0, 0.0, 0.0, 0.0, 0.0, 0.0, 1.0, 1.0, 0.0, 0.0, 1.0, 1.0, 0.0, 0.0, 0.0, 0.0, 1.0, 1.0, 1.0, 1.0, 0.0, 0.0, 0.0, 0.0, 0.0, 0.0, 0.0, 0.0, 0.0, 0.0, 0.0, 0.0, 0.0, 0.0, 0.0, 0.0, 0.0]",NGS-nonramp,False
28,ENTm1,-0.45146699624876474,43.370797093249436,57.82772945766592,15.19379665874173,1.5,9,False,,,,,,,21,18,8.85885885885886,15.0,32.0,-0.45146699624876474,-0.03907702142098647,0.10655319736344414,0.11225713587966639,-3737.9158062903,4066.3401634898833,4445.823695288777,0.0,150.0,0.0581204893430095,4.007587534074667,4.227028377396153,3.0629390374607164,OF1,NG,92.3076923076923,88.57142857142857,77.41935483870968,65.78947368421052,"[1.0, 1.0, 1.0, 1.0, 1.0, 1.0, 1.0, 1.0, 1.0, 1.0, 1.0, 1.0, 1.0, 1.0, 1.0, 1.0, 1.0, 1.0, 1.0, 1.0, 1.0, 1.0, 1.0, 0.0, 0.0, 0.0, 0.0, 0.0, 0.0, 0.0, 0.0, 1.0, 1.0, 1.0, 1.0, 1.0, 1.0, 1.0, 1.0, 1.0, 1.0, 0.0, 0.0, 0.0, 0.0, 1.0, 1.0, 1.0, 1.0, 1.0, 1.0, 1.0, 1.0, 1.0, 1.0, 1.0, 1.0, 1.0, 1.0, 0.0, 0.0, 0.0, 0.0, 0.0, 0.0, 0.0, 0.0, 0.0, 0.0, 1.0, 1.0, 1.0, 1.0, 1.0, 1.0, 1.0, 1.0, 0.0, 0.0, 0.0, 0.0, 0.0, 0.0, 0.0, 0.0, 0.0, 0.0, 0.0, 0.0, 0.0, 0.0, 0.0, 0.0, 0.0, 0.0, 0.0, 0.0, 0.0, 0.0, 1.0, 1.0, 1.0, 1.0, 0.0, 0.0, 0.0, 0.0, 0.0, 0.0, 0.0, 0.0, 1.0, 1.0, 0.0, 0.0, 0.0, 0.0, 0.0, 0.0, 0.0, 0.0, 0.0, 0.0, 0.0, 0.0, 0.0, 0.0, 0.0, 0.0, 0.0]",NGS-nonramp,False
29,ENTm1,-0.47888756510554964,51.59692183749223,68.79589578332299,19.619591394190014,1.5,9,False,,,,,,,21,18,8.85885885885886,10.0,-7.0,-0.47888756510554964,-0.08735003090704084,0.4539987024855013,0.3958403660132651,-3737.9158062903,4066.3401634898833,4445.823695288777,32.0,150.0,0.16833852312852618,3.6116118998070914,5.455573570826562,2.1204535349093407,OF1,NG,83.6734693877551,76.92307692307692,87.5,75.0,"[1.0, 1.0, 1.0, 1.0, 1.0, 1.0, 1.0, 1.0, 1.0, 1.0, 1.0, 1.0, 1.0, 1.0, 1.0, 1.0, 1.0, 1.0, 1.0, 1.0, 1.0, 1.0, 1.0, 1.0, 1.0, 1.0, 1.0, 1.0, 1.0, 1.0, 1.0, 1.0, 1.0, 1.0, 1.0, 1.0, 1.0, 1.0, 1.0, 1.0, 1.0, 1.0, 1.0, 1.0, 1.0, 1.0, 1.0, 1.0, 1.0, 1.0, 1.0, 1.0, 1.0, 1.0, 1.0, 1.0, 1.0, 1.0, 1.0, 1.0, 1.0, 1.0, 1.0, 1.0, 1.0, 1.0, 1.0, 1.0, 1.0, 1.0, 1.0, 1.0, 1.0, 1.0, 1.0, 1.0, 1.0, 1.0, 1.0, 1.0, 1.0, 1.0, 1.0, 0.0, 0.0, 0.0, 0.0, 1.0, 1.0, 1.0, 1.0, 0.0, 0.0, 0.0, 0.0, 0.0, 0.0, 0.0, 0.0, 0.0, 0.0, 0.0, 0.0, 1.0, 1.0, 1.0, 1.0, 1.0, 1.0, 1.0, 1.0, 1.0, 1.0, 1.0, 1.0, 1.0, 1.0, 1.0, 1.0, 1.0, 1.0, 1.0, 1.0, 1.0, 1.0, 1.0, 1.0, 1.0, 1.0, 1.0]",NGS-ramp,False
37,ENTm1,-0.02434278116589389,23.504337547967374,31.339116730623164,54.14035486392947,1.5,9,False,,,,,,,21,18,8.85885885885886,9.0,29.0,-0.02434278116589389,-0.388160838896266,0.14124349714919945,0.11607560475655265,-3738.921977366348,3991.677925400341,4438.785384182681,32.0,225.0,0.04606102106958681,1.2847791162323574,1.3693073206776898,1.0163514847784427,OF1,NG,83.33333333333333,66.66666666666667,84.31372549019608,77.61194029850746,"[0.0, 0.0, 0.0, 0.0, 0.0, 0.0, 0.0, 0.0, 0.0, 0.0, 0.0, 0.0, 0.0, 0.0, 0.0, 0.0, 0.0, 0.0, 0.0, 0.0, 0.0, 0.0, 0.0, 0.0, 0.0, 0.0, 0.0, 0.0, 0.0, 0.0, 0.0, 0.0, 0.0, 0.0, 0.0, 0.0, 0.0, 0.0, 0.0, 0.0, 0.0, 0.0, 0.0, 0.0, 0.0, 0.0, 0.0, 0.0, 0.0, 0.0, 0.0, 0.0, 0.0, 0.0, 0.0, 0.0, 0.0, 0.0, 0.0, 0.0, 0.0, 0.0, 0.0, 0.0, 0.0, 0.0, 0.0, 0.0, 0.0, 0.0, 0.0, 0.0, 0.0, 0.0, 0.0, 0.0, 0.0, 0.0, 0.0, 0.0, 0.0, 0.0, 0.0, 0.0, 0.0, 0.0, 0.0, 0.0, 0.0, 0.0, 0.0, 0.0, 0.0, 0.0, 0.0, 1.0, 1.0, 1.0, 1.0, 0.0, 0.0, 0.0, 0.0, 0.0, 0.0, 1.0, 1.0, 1.0, 1.0, 0.0, 0.0, 0.0, 0.0, 1.0, 1.0, 1.0, 1.0, 0.0, 0.0, 0.0, 0.0, 0.0, 0.0, 0.0, 0.0, 0.0, 0.0, 0.0, 0.0, 0.0]",NGS-nonramp,False
39,ENTm1,-0.18969100792709548,42.91273523635805,57.21698031514407,10.073624714719852,1.5,9,False,,,,,,,21,18,8.85885885885886,3.0,29.0,-0.18969100792709548,-0.5754220117538239,0.7340993756838499,0.7696275634785861,-3738.921977366348,3991.677925400341,4438.785384182681,32.0,225.0,0.16231926311795514,1.2300469071689304,0.8529018834391451,1.6100562592200576,OF1,NG,88.23529411764706,68.75,82.5,78.94736842105263,"[1.0, 1.0, 1.0, 1.0, 1.0, 1.0, 1.0, 1.0, 1.0, 1.0, 1.0, 1.0, 1.0, 0.0, 0.0, 0.0, 0.0, 0.0, 0.0, 0.0, 0.0, 0.0, 0.0, 0.0, 0.0, 0.0, 0.0, 0.0, 0.0, 0.0, 0.0, 0.0, 0.0, 0.0, 0.0, 0.0, 0.0, 0.0, 0.0, 1.0, 1.0, 0.0, 0.0, 1.0, 1.0, 1.0, 1.0, 1.0, 1.0, 0.0, 0.0, 0.0, 0.0, 0.0, 0.0, 0.0, 0.0, 0.0, 0.0, 0.0, 0.0, 0.0, 0.0, 0.0, 0.0, 0.0, 0.0, 0.0, 0.0, 0.0, 0.0, 0.0, 0.0, 0.0, 0.0, 1.0, 1.0, 0.0, 0.0, 0.0, 0.0, 0.0, 0.0, 0.0, 0.0, 0.0, 0.0, 0.0, 0.0, 0.0, 0.0, 0.0, 0.0, 0.0, 0.0, 0.0, 0.0, 0.0, 0.0, 1.0, 1.0, 1.0, 1.0, 1.0, 1.0, 1.0, 1.0, 0.0, 0.0, 0.0, 0.0, 0.0, 0.0, 0.0, 0.0, 1.0, 1.0, 0.0, 0.0, 0.0, 0.0, 0.0, 0.0, 0.0, 0.0, 0.0, 0.0, 0.0, 0.0, 0.0]",NGS-nonramp,False
43,ENTm1,-0.4962138169352989,41.880899892498874,55.841199856665156,25.297302869967584,1.5,9,False,,,,,,,21,18,8.85885885885886,-35.0,-28.0,-0.4962138169352989,-0.41502400488893687,0.03861738132771734,0.05116771588695598,-3739.123211581557,3976.745477782432,4437.377721961461,32.0,240.0,0.05897579496607894,5.394216152390271,6.251837438568577,5.195055622195384,OF1,NG,87.5,92.85714285714286,81.81818181818181,66.66666666666667,"[0.0, 0.0, 0.0, 0.0, 0.0, 0.0, 0.0, 0.0, 0.0, 1.0, 1.0, 1.0, 1.0, 0.0, 0.0, 0.0, 0.0, 0.0, 0.0, 0.0, 0.0, 1.0, 1.0, 1.0, 1.0, 0.0, 0.0, 0.0, 0.0, 1.0, 1.0, 1.0, 1.0, 0.0, 0.0, 0.0, 0.0, 1.0, 1.0, 1.0, 1.0, 1.0, 1.0, 1.0, 1.0, 1.0, 1.0, 0.0, 0.0, 0.0, 0.0, 1.0, 1.0, 1.0, 1.0, 0.0, 0.0, 0.0, 0.0, 0.0, 0.0, 0.0, 0.0, 0.0, 0.0, 0.0, 0.0, 0.0, 0.0, 0.0, 0.0, 0.0, 0.0, 0.0, 0.0, 1.0, 1.0, 1.0, 1.0, 1.0, 1.0, 1.0, 1.0, 1.0, 1.0, 1.0, 1.0, 1.0, 1.0, 1.0, 1.0, 1.0, 1.0, 1.0, 1.0, 1.0, 1.0, 0.0, 0.0, 0.0, 0.0, 0.0, 0.0, 0.0, 0.0, 0.0, 0.0, 0.0, 0.0, 0.0, 0.0, 0.0, 0.0, 0.0, 0.0, 0.0, 0.0, 1.0, 1.0, 1.0, 1.0, 0.0, 0.0, 0.0, 0.0, 0.0, 0.0, 0.0, 0.0, 0.0]",NGS-nonramp,False
44,ENTm1,-0.16233665846727383,25.089217639400132,33.45229018586685,1.372626986288764,1.5,9,False,,,,,,,21,18,8.85885885885886,34.0,13.0,-0.16233665846727383,-0.06688111721057538,0.3413179202858744,0.3185793730382891,-3739.324445796767,3961.813030164524,4435.970059740242,0.0,255.0,0.07769701265398377,1.2145791089553533,0.6688283324234702,1.6983622078975287,OF2,NG,92.5925925925926,79.3103448275862,76.66666666666667,75.0,"[0.0, 0.0, 0.0, 0.0, 0.0, 0.0, 0.0, 0.0, 0.0, 0.0, 0.0, 0.0, 0.0, 0.0, 0.0, 0.0, 0.0, 0.0, 0.0, 1.0, 1.0, 1.0, 1.0, 1.0, 1.0, 1.0, 1.0, 1.0, 1.0, 1.0, 1.0, 1.0, 1.0, 1.0, 1.0, 0.0, 0.0, 0.0, 0.0, 0.0, 0.0, 1.0, 1.0, 1.0, 1.0, 1.0, 1.0, 1.0, 1.0, 1.0, 1.0, 0.0, 0.0, 0.0, 0.0, 0.0, 0.0, 0.0, 0.0, 0.0, 0.0, 0.0, 0.0, 1.0, 1.0, 0.0, 0.0, 1.0, 1.0, 0.0, 0.0, 0.0, 0.0, 0.0, 0.0, 0.0, 0.0, 0.0, 0.0, 0.0, 0.0, 1.0, 1.0, 1.0, 1.0, 1.0, 1.0, 1.0, 1.0, 1.0, 1.0, 1.0, 1.0, 0.0, 0.0, 1.0, 1.0, 0.0, 0.0, 0.0, 0.0, 1.0, 1.0, 1.0, 1.0, 1.0, 1.0, 1.0, 1.0, 1.0, 1.0, 0.0, 0.0, 0.0, 0.0, 1.0, 1.0, 0.0, 0.0, 0.0, 0.0, 0.0, 0.0, 0.0, 0.0, 0.0, 0.0, 0.0, 0.0, 0.0]",NGS-ramp,False
48,ENTm2,-0.05440087335301791,37.07765321509878,49.43687095346503,31.69803835413679,1.5,9,False,,,,,,,21,18,8.85885885885886,10.0,23.0,-0.05440087335301791,0.11440609341573177,0.14362970323359095,0.14251516934360423,-3739.525680011976,3946.880582546616,4434.562397519023,0.0,270.0,0.02662871025082073,0.9666184052853928,0.9711753868066827,0.6625723067435421,OF1,NG,100.0,60.0,83.33333333333333,77.94117647058823,"[0.0, 0.0, 0.0, 0.0, 0.0, 0.0, 0.0, 0.0, 0.0, 0.0, 0.0, 0.0, 0.0, 0.0, 0.0, 0.0, 0.0, 0.0, 0.0, 0.0, 0.0, 0.0, 0.0, 0.0, 0.0, 0.0, 0.0, 0.0, 0.0, 0.0, 0.0, 0.0, 0.0, 0.0, 0.0, 0.0, 0.0, 0.0, 0.0, 0.0, 0.0, 0.0, 0.0, 0.0, 0.0, 0.0, 0.0, 0.0, 0.0, 0.0, 0.0, 0.0, 0.0, 0.0, 0.0, 0.0, 0.0, 0.0, 0.0, 0.0, 0.0, 0.0, 0.0, 0.0, 0.0, 0.0, 0.0, 0.0, 0.0, 0.0, 0.0, 0.0, 0.0, 0.0, 0.0, 0.0, 0.0, 0.0, 0.0, 0.0, 0.0, 0.0, 0.0, 1.0, 1.0, 0.0, 0.0, 0.0, 0.0, 0.0, 0.0, 0.0, 0.0, 0.0, 0.0, 0.0, 0.0, 1.0, 1.0, 1.0, 1.0, 0.0, 0.0, 1.0, 1.0, 0.0, 0.0, 0.0, 0.0, 0.0, 0.0, 0.0, 0.0, 0.0, 0.0, 0.0, 0.0, 0.0, 0.0, 0.0, 0.0, 0.0, 0.0, 0.0, 0.0, 0.0, 0.0, 0.0, 0.0, 0.0]",NGS-nonramp,False
54,ENTm2,-0.5224666986919,31.79926872157924,42.39902496210565,12.568480480640062,1.5,9,False,,,,,,,21,18,8.85885885885886,-41.0,35.0,-0.5224666986919,-0.3794541846241458,0.04161654879186621,0.039826822979497,-3739.726914227186,3931.948134928707,4433.154735297803,32.0,285.0,0.037950042907504956,4.707207945581081,6.2010298068402685,3.282870834166871,OF1,NG,96.42857142857143,88.23529411764706,72.41379310344827,66.66666666666667,"[0.0, 0.0, 0.0, 0.0, 0.0, 0.0, 0.0, 0.0, 0.0, 0.0, 0.0, 1.0, 1.0, 1.0, 1.0, 1.0, 1.0, 1.0, 1.0, 1.0, 1.0, 1.0, 1.0, 1.0, 1.0, 1.0, 1.0, 1.0, 1.0, 1.0, 1.0, 1.0, 1.0, 1.0, 1.0, 0.0, 0.0, 1.0, 1.0, 1.0, 1.0, 0.0, 0.0, 1.0, 1.0, 1.0, 1.0, 1.0, 1.0, 1.0, 1.0, 1.0, 1.0, 0.0, 0.0, 0.0, 0.0, 0.0, 0.0, 1.0, 1.0, 1.0, 1.0, 1.0, 1.0, 1.0, 1.0, 0.0, 0.0, 0.0, 0.0, 0.0, 0.0, 0.0, 0.0, 1.0, 1.0, 1.0, 1.0, 1.0, 1.0, 1.0, 1.0, 1.0, 1.0, 1.0, 1.0, 0.0, 0.0, 0.0, 0.0, 0.0, 0.0, 0.0, 0.0, 0.0, 0.0, 0.0, 0.0, 1.0, 1.0, 1.0, 1.0, 0.0, 0.0, 0.0, 0.0, 0.0, 0.0, 0.0, 0.0, 0.0, 0.0, 0.0, 0.0, 0.0, 0.0, 0.0, 0.0, 0.0, 0.0, 0.0, 0.0, 0.0, 0.0, 0.0, 0.0, 0.0, 0.0, 0.0]",NGS-nonramp,False
55,ENTm2,-0.058993594494958355,65.89362161178568,87.85816214904757,12.163616411277545,1.5,9,False,,,,,,,21,18,8.85885885885886,17.0,12.0,-0.058993594494958355,-0.34172569930962915,0.6152301079268333,0.5569057123788023,-3739.726914227186,3931.948134928707,4433.154735297803,32.0,285.0,0.20929887918173423,4.243411965300129,5.215694916109303,2.9862961386085716,OF1,NG,100.0,80.64516129032258,70.0,73.80952380952381,"[0.0, 0.0, 0.0, 0.0, 0.0, 0.0, 0.0, 0.0, 0.0, 0.0, 0.0, 0.0, 0.0, 0.0, 0.0, 0.0, 0.0, 1.0, 1.0, 0.0, 0.0, 1.0, 1.0, 1.0, 1.0, 1.0, 1.0, 1.0, 1.0, 1.0, 1.0, 1.0, 1.0, 1.0, 1.0, 0.0, 0.0, 1.0, 1.0, 0.0, 0.0, 1.0, 1.0, 1.0, 1.0, 1.0, 1.0, 1.0, 1.0, 1.0, 1.0, 1.0, 1.0, 1.0, 1.0, 0.0, 0.0, 0.0, 0.0, 1.0, 1.0, 1.0, 1.0, 1.0, 1.0, 1.0, 1.0, 1.0, 1.0, 0.0, 0.0, 0.0, 0.0, 0.0, 0.0, 0.0, 0.0, 1.0, 1.0, 1.0, 1.0, 1.0, 1.0, 1.0, 1.0, 0.0, 0.0, 0.0, 0.0, 0.0, 0.0, 1.0, 1.0, 1.0, 1.0, 1.0, 1.0, 1.0, 1.0, 0.0, 0.0, 0.0, 0.0, 0.0, 0.0, 0.0, 0.0, 0.0, 0.0, 0.0, 0.0, 0.0, 0.0, 0.0, 0.0, 0.0, 0.0, 0.0, 0.0, 0.0, 0.0, 0.0, 0.0, 0.0, 0.0, 0.0, 0.0, 0.0, 0.0, 0.0]",NGS-nonramp,False
57,ENTm2,-0.5614007647078203,34.172443390231905,45.56325785364254,41.23334134501217,1.5,9,False,,,,,,,21,18,8.85885885885886,16.0,-45.0,-0.5614007647078203,-0.6317963471369233,0.3339007172603125,0.32839958633071914,-3739.928148442396,3917.0156873108,4431.747073076584,32.0,300.0,0.03331276739306618,2.528390092603963,2.4437637949320816,2.283180849138895,OF1,NG,86.53846153846153,76.47058823529412,60.0,80.0,"[1.0, 1.0, 1.0, 1.0, 1.0, 1.0, 1.0, 1.0, 1.0, 1.0, 1.0, 1.0, 1.0, 1.0, 1.0, 1.0, 1.0, 1.0, 1.0, 1.0, 1.0, 1.0, 1.0, 1.0, 1.0, 1.0, 1.0, 1.0, 1.0, 1.0, 1.0, 0.0, 0.0, 1.0, 1.0, 1.0, 1.0, 1.0, 1.0, 1.0, 1.0, 1.0, 1.0, 1.0, 1.0, 1.0, 1.0, 1.0, 1.0, 1.0, 1.0, 1.0, 1.0, 1.0, 1.0, 1.0, 1.0, 1.0, 1.0, 0.0, 0.0, 1.0, 1.0, 1.0, 1.0, 1.0, 1.0, 1.0, 1.0, 1.0, 1.0, 1.0, 1.0, 1.0, 1.0, 1.0, 1.0, 1.0, 1.0, 1.0, 1.0, 1.0, 1.0, 1.0, 1.0, 1.0, 1.0, 1.0, 1.0, 1.0, 1.0, 1.0, 1.0, 1.0, 1.0, 1.0, 1.0, 1.0, 1.0, 1.0, 1.0, 1.0, 1.0, 1.0, 1.0, 1.0, 1.0, 1.0, 1.0, 0.0, 0.0, 0.0, 0.0, 1.0, 1.0, 1.0, 1.0, 1.0, 1.0, 0.0, 0.0, 1.0, 1.0, 1.0, 1.0, 1.0, 1.0, 1.0, 1.0, 1.0]",NGS-ramp,False
58,ENTm2,-0.22192807796175137,30.737678943881676,40.98357192517557,14.697688531418194,1.5,9,False,,,,,,,21,18,8.85885885885886,4.0,-46.0,-0.22192807796175137,-0.16823810477459344,0.04956592762754567,0.060031091156890676,-3739.726914227186,3931.948134928707,4433.154735297803,0.0,285.0,0.010221112717489192,4.775266257720821,4.115418169992984,3.948220057535491,OF1,NG,100.0,57.142857142857146,78.57142857142857,84.61538461538461,"[0.0, 0.0, 0.0, 0.0, 0.0, 0.0, 0.0, 0.0, 0.0, 0.0, 0.0, 1.0, 1.0, 1.0, 1.0, 1.0, 1.0, 0.0, 0.0, 0.0, 0.0, 0.0, 0.0, 0.0, 0.0, 0.0, 0.0, 0.0, 0.0, 0.0, 0.0, 0.0, 0.0, 0.0, 0.0, 0.0, 0.0, 0.0, 0.0, 0.0, 0.0, 0.0, 0.0, 0.0, 0.0, 0.0, 0.0, 0.0, 0.0, 0.0, 0.0, 0.0, 0.0, 1.0, 1.0, 0.0, 0.0, 1.0, 1.0, 1.0, 1.0, 1.0, 1.0, 1.0, 1.0, 1.0, 1.0, 1.0, 1.0, 1.0, 1.0, 1.0, 1.0, 1.0, 1.0, 1.0, 1.0, 1.0, 1.0, 0.0, 0.0, 0.0, 0.0, 0.0, 0.0, 0.0, 0.0, 0.0, 0.0, 0.0, 0.0, 0.0, 0.0, 0.0, 0.0, 0.0, 0.0, 0.0, 0.0, 1.0, 1.0, 0.0, 0.0, 1.0, 1.0, 1.0, 1.0, 0.0, 0.0, 0.0, 0.0, 0.0, 0.0, 0.0, 0.0, 0.0, 0.0, 0.0, 0.0, 0.0, 0.0, 0.0, 0.0, 0.0, 0.0, 0.0, 0.0, 0.0, 0.0, 0.0]",NGS-nonramp,False
59,ENTm2,-0.32540331397018063,38.94443067953321,51.92590757271095,55.1803017275264,1.5,9,False,,,,,,,21,18,8.85885885885886,42.0,-25.0,-0.32540331397018063,-0.35109997799188475,0.0382415164403099,0.028981991161421933,-3740.1293826576057,3902.08323969289,4430.339410855364,32.0,315.0,0.060575868162090374,6.982164113608741,7.502871255878729,5.598263916156667,OF1,NG,81.3953488372093,76.08695652173913,92.85714285714286,77.77777777777777,"[0.0, 0.0, 0.0, 0.0, 0.0, 0.0, 0.0, 0.0, 0.0, 0.0, 0.0, 0.0, 0.0, 0.0, 0.0, 0.0, 0.0, 1.0, 1.0, 0.0, 0.0, 1.0, 1.0, 1.0, 1.0, 0.0, 0.0, 1.0, 1.0, 1.0, 1.0, 1.0, 1.0, 1.0, 1.0, 1.0, 1.0, 1.0, 1.0, 1.0, 1.0, 1.0, 1.0, 1.0, 1.0, 1.0, 1.0, 1.0, 1.0, 1.0, 1.0, 0.0, 0.0, 1.0, 1.0, 0.0, 0.0, 0.0, 0.0, 0.0, 0.0, 1.0, 1.0, 1.0, 1.0, 1.0, 1.0, 0.0, 0.0, 1.0, 1.0, 0.0, 0.0, 0.0, 0.0, 0.0, 0.0, 1.0, 1.0, 0.0, 0.0, 0.0, 0.0, 1.0, 1.0, 1.0, 1.0, 1.0, 1.0, 1.0, 1.0, 1.0, 1.0, 1.0, 1.0, 1.0, 1.0, 1.0, 1.0, 1.0, 1.0, 1.0, 1.0, 1.0, 1.0, 1.0, 1.0, 1.0, 1.0, 1.0, 1.0, 1.0, 1.0, 1.0, 1.0, 1.0, 1.0, 1.0, 1.0, 1.0, 1.0, 1.0, 1.0, 1.0, 1.0, 1.0, 1.0, 1.0, 1.0, 1.0]",NGS-nonramp,False
62,ENTm2,-0.2940479515993196,34.880524861588405,46.507366482117874,21.21331691937537,1.5,9,False,,,,,,,21,18,8.85885885885886,25.0,-39.0,-0.2940479515993196,-0.47894658323165035,0.12504415856535062,0.10420343423280339,-3740.1293826576057,3902.08323969289,4430.339410855364,32.0,315.0,0.04971800773670641,4.712681166487425,5.355624131361037,4.991785325239695,OF1,NG,84.21052631578948,76.71232876712328,,,"[1.0, 1.0, 1.0, 1.0, 1.0, 1.0, 1.0, 1.0, 1.0, 1.0, 1.0, 1.0, 1.0, 1.0, 1.0, 1.0, 1.0, 1.0, 1.0, 1.0, 1.0, 1.0, 1.0, 1.0, 1.0, 1.0, 1.0, 1.0, 1.0, 1.0, 1.0, 1.0, 1.0, 1.0, 1.0, 1.0, 1.0, 1.0, 1.0, 1.0, 1.0, 1.0, 1.0, 1.0, 1.0, 1.0, 1.0, 1.0, 1.0, 1.0, 1.0, 1.0, 1.0, 1.0, 1.0, 1.0, 1.0, 1.0, 1.0, 1.0, 1.0, 1.0, 1.0, 1.0, 1.0, 1.0, 1.0, 1.0, 1.0, 1.0, 1.0, 1.0, 1.0, 1.0, 1.0, 1.0, 1.0, 1.0, 1.0, 1.0, 1.0, 1.0, 1.0, 1.0, 1.0, 1.0, 1.0, 1.0, 1.0, 1.0, 1.0, 1.0, 1.0, 1.0, 1.0, 1.0, 1.0, 1.0, 1.0, 1.0, 1.0, 1.0, 1.0, 1.0, 1.0, 1.0, 1.0, 1.0, 1.0, 1.0, 1.0, 1.0, 1.0, 1.0, 1.0, 1.0, 1.0, 1.0, 1.0, 1.0, 1.0, 1.0, 1.0, 1.0, 1.0, 1.0, 1.0, 1.0, 1.0, 1.0]",NGS-nonramp,False
63,ENTm2,-0.2874904074460386,53.38323868543004,71.17765158057338,20.023612482869897,1.5,9,False,,,,,,,21,18,8.85885885885886,12.0,-5.0,-0.2874904074460386,-0.3433867940759315,0.11789491521910139,0.10083849260357161,-3739.928148442396,3917.0156873108,4431.747073076584,32.0,300.0,0.029495667406099064,4.981582889277305,5.138234100523522,4.8740440603364,OF1,NG,95.34883720930233,82.45614035087719,50.0,56.25,"[0.0, 0.0, 0.0, 0.0, 0.0, 0.0, 0.0, 0.0, 0.0, 0.0, 0.0, 1.0, 1.0, 1.0, 1.0, 1.0, 1.0, 1.0, 1.0, 1.0, 1.0, 1.0, 1.0, 1.0, 1.0, 1.0, 1.0, 1.0, 1.0, 1.0, 1.0, 1.0, 1.0, 1.0, 1.0, 1.0, 1.0, 1.0, 1.0, 1.0, 1.0, 1.0, 1.0, 1.0, 1.0, 1.0, 1.0, 1.0, 1.0, 1.0, 1.0, 1.0, 1.0, 1.0, 1.0, 1.0, 1.0, 1.0, 1.0, 1.0, 1.0, 1.0, 1.0, 1.0, 1.0, 1.0, 1.0, 1.0, 1.0, 1.0, 1.0, 1.0, 1.0, 1.0, 1.0, 1.0, 1.0, 1.0, 1.0, 1.0, 1.0, 1.0, 1.0, 1.0, 1.0, 1.0, 1.0, 1.0, 1.0, 1.0, 1.0, 1.0, 1.0, 1.0, 1.0, 1.0, 1.0, 1.0, 1.0, 1.0, 1.0, 1.0, 1.0, 1.0, 1.0, 1.0, 1.0, 1.0, 1.0, 1.0, 1.0, 0.0, 0.0, 0.0, 0.0, 0.0, 0.0, 0.0, 0.0, 0.0, 0.0, 0.0, 0.0, 0.0, 0.0, 0.0, 0.0, 0.0, 0.0, 0.0]",NGS-nonramp,False
64,ENTm2,-0.5913722833716762,39.665555114990326,52.887406819987106,7.339953317371067,1.5,9,False,,,,,,,21,18,8.85885885885886,3.0,23.0,-0.5913722833716762,-0.29407851668886986,0.5596724889587839,0.590446131628911,-3740.330616872815,3887.150792074982,4428.931748634145,0.0,330.0,0.05796046990881223,1.004455019377066,0.9070411631496377,0.9024979031502565,OF1,NG,92.3076923076923,80.0,66.66666666666667,69.56521739130434,"[1.0, 1.0, 1.0, 1.0, 1.0, 1.0, 1.0, 1.0, 1.0, 1.0, 1.0, 1.0, 1.0, 1.0, 1.0, 1.0, 1.0, 1.0, 1.0, 1.0, 1.0, 1.0, 1.0, 1.0, 1.0, 1.0, 1.0, 1.0, 1.0, 1.0, 1.0, 1.0, 1.0, 0.0, 0.0, 0.0, 0.0, 0.0, 0.0, 0.0, 0.0, 1.0, 1.0, 1.0, 1.0, 1.0, 1.0, 1.0, 1.0, 1.0, 1.0, 1.0, 1.0, 1.0, 1.0, 1.0, 1.0, 1.0, 1.0, 1.0, 1.0, 1.0, 1.0, 1.0, 1.0, 1.0, 1.0, 1.0, 1.0, 1.0, 1.0, 0.0, 0.0, 0.0, 0.0, 1.0, 1.0, 1.0, 1.0, 1.0, 1.0, 1.0, 1.0, 1.0, 1.0, 1.0, 1.0, 1.0, 1.0, 1.0, 1.0, 1.0, 1.0, 1.0, 1.0, 0.0, 0.0, 0.0, 0.0, 1.0, 1.0, 0.0, 0.0, 0.0, 0.0, 0.0, 0.0, 0.0, 0.0, 0.0, 0.0, 1.0, 1.0, 1.0, 1.0, 0.0, 0.0, 0.0, 0.0, 0.0, 0.0, 0.0, 0.0, 0.0, 0.0, 0.0, 0.0, 0.0, 0.0, 0.0]",NGS-nonramp,False
65,ENTm2,0.18308337429758478,47.57997565693721,63.43996754258295,26.913716808427285,1.5,9,False,,,,,,,21,18,8.85885885885886,30.0,-25.0,0.18308337429758478,-0.3650373936120329,0.03149136458506843,0.02297614892664909,-3740.5318510880247,3872.218344457073,4427.5240864129255,32.0,345.0,0.05547089048030003,7.265343803980385,9.557665148890809,5.797091146512232,OF1,NG,89.36170212765957,78.94736842105263,60.0,68.75,"[0.0, 0.0, 0.0, 0.0, 0.0, 0.0, 0.0, 0.0, 0.0, 1.0, 1.0, 1.0, 1.0, 1.0, 1.0, 1.0, 1.0, 0.0, 0.0, 0.0, 0.0, 1.0, 1.0, 1.0, 1.0, 1.0, 1.0, 1.0, 1.0, 1.0, 1.0, 1.0, 1.0, 1.0, 1.0, 1.0, 1.0, 1.0, 1.0, 1.0, 1.0, 1.0, 1.0, 1.0, 1.0, 1.0, 1.0, 1.0, 1.0, 1.0, 1.0, 1.0, 1.0, 1.0, 1.0, 1.0, 1.0, 1.0, 1.0, 1.0, 1.0, 1.0, 1.0, 1.0, 1.0, 1.0, 1.0, 1.0, 1.0, 1.0, 1.0, 1.0, 1.0, 1.0, 1.0, 0.0, 0.0, 0.0, 0.0, 1.0, 1.0, 1.0, 1.0, 1.0, 1.0, 1.0, 1.0, 1.0, 1.0, 1.0, 1.0, 1.0, 1.0, 1.0, 1.0, 1.0, 1.0, 1.0, 1.0, 1.0, 1.0, 1.0, 1.0, 1.0, 1.0, 1.0, 1.0, 1.0, 1.0, 1.0, 1.0, 1.0, 1.0, 1.0, 1.0, 1.0, 1.0, 1.0, 1.0, 1.0, 1.0, 0.0, 0.0, 0.0, 0.0, 0.0, 0.0, 0.0, 0.0, 0.0]",NGS-nonramp,False
67,ENTm2,0.474286000887004,28.239288667287852,37.65238488971714,56.431932652996025,1.5,9,True,,,,,,,21,18,8.85885885885886,-10.0,18.0,0.474286000887004,-0.32162401553748216,0.01799598268258949,0.017133250565243393,-3740.330616872815,3887.150792074982,4428.931748634145,0.0,330.0,0.021312719878400194,7.496884844931317,6.81072138757997,7.208320175376725,OF2,NG,85.71428571428571,95.45454545454545,83.72093023255815,68.62745098039215,"[0.0, 0.0, 0.0, 0.0, 0.0, 0.0, 0.0, 0.0, 0.0, 0.0, 0.0, 0.0, 0.0, 1.0, 1.0, 1.0, 1.0, 1.0, 1.0, 0.0, 0.0, 0.0, 0.0, 1.0, 1.0, 1.0, 1.0, 1.0, 1.0, 0.0, 0.0, 1.0, 1.0, 1.0, 1.0, 1.0, 1.0, 1.0, 1.0, 1.0, 1.0, 1.0, 1.0, 1.0, 1.0, 1.0, 1.0, 0.0, 0.0, 1.0, 1.0, 0.0, 0.0, 0.0, 0.0, 0.0, 0.0, 0.0, 0.0, 0.0, 0.0, 0.0, 0.0, 0.0, 0.0, 0.0, 0.0, 0.0, 0.0, 0.0, 0.0, 0.0, 0.0, 0.0, 0.0, 0.0, 0.0, 0.0, 0.0, 0.0, 0.0, 1.0, 1.0, 0.0, 0.0, 0.0, 0.0, 0.0, 0.0, 0.0, 0.0, 0.0, 0.0, 0.0, 0.0, 0.0, 0.0, 0.0, 0.0, 0.0, 0.0, 0.0, 0.0, 0.0, 0.0, 0.0, 0.0, 0.0, 0.0, 0.0, 0.0, 0.0, 0.0, 0.0, 0.0, 0.0, 0.0, 1.0, 1.0, 1.0, 1.0, 0.0, 0.0, 0.0, 0.0, 0.0, 0.0, 0.0, 0.0, 0.0]",NGS-nonramp,False
70,ENTm2,0.03678031602019836,57.00611348658035,76.00815131544046,28.377351866699975,1.5,9,False,,,,,,,21,18,8.85885885885886,1.0,48.0,0.03678031602019836,-0.4624344426585142,0.04023054425069623,0.040698955766605205,-3740.330616872815,3887.150792074982,4428.931748634145,32.0,330.0,0.04925548559722953,10.687772633329107,11.04691179692713,10.357899011539866,OF1,NG,93.18181818181819,81.35593220338983,53.84615384615385,57.142857142857146,"[1.0, 1.0, 1.0, 1.0, 1.0, 1.0, 1.0, 1.0, 1.0, 1.0, 1.0, 1.0, 1.0, 1.0, 1.0, 1.0, 1.0, 1.0, 1.0, 1.0, 1.0, 1.0, 1.0, 1.0, 1.0, 1.0, 1.0, 1.0, 1.0, 1.0, 1.0, 1.0, 1.0, 1.0, 1.0, 1.0, 1.0, 1.0, 1.0, 1.0, 1.0, 1.0, 1.0, 1.0, 1.0, 1.0, 1.0, 1.0, 1.0, 1.0, 1.0, 1.0, 1.0, 1.0, 1.0, 1.0, 1.0, 1.0, 1.0, 1.0, 1.0, 1.0, 1.0, 1.0, 1.0, 1.0, 1.0, 1.0, 1.0, 1.0, 1.0, 1.0, 1.0, 1.0, 1.0, 1.0, 1.0, 1.0, 1.0, 1.0, 1.0, 1.0, 1.0, 1.0, 1.0, 1.0, 1.0, 1.0, 1.0, 1.0, 1.0, 1.0, 1.0, 1.0, 1.0, 1.0, 1.0, 0.0, 0.0, 0.0, 0.0, 0.0, 0.0, 0.0, 0.0, 0.0, 0.0, 0.0, 0.0, 0.0, 0.0, 1.0, 1.0, 1.0, 1.0, 0.0, 0.0, 1.0, 1.0, 0.0, 0.0, 0.0, 0.0, 0.0, 0.0, 0.0, 0.0, 0.0, 0.0, 0.0]",NGS-nonramp,False
71,ENTm2,-0.6430444928472048,65.43000580550762,87.24000774067682,8.316696734100253,1.5,9,False,,,,,,,21,18,8.85885885885886,4.0,-42.0,-0.6430444928472048,-0.8306627625348255,0.3701117245202143,0.40302952199648057,-3740.934319518444,3842.353449221256,4424.708761970487,32.0,375.0,0.06883886181970467,2.959108781320497,3.94800285888823,1.5950609094446377,OF1,NG,100.0,100.0,82.0,70.6896551724138,"[0.0, 0.0, 0.0, 0.0, 0.0, 0.0, 0.0, 0.0, 0.0, 0.0, 0.0, 1.0, 1.0, 1.0, 1.0, 1.0, 1.0, 1.0, 1.0, 1.0, 1.0, 1.0, 1.0, 0.0, 0.0, 0.0, 0.0, 0.0, 0.0, 0.0, 0.0, 0.0, 0.0, 0.0, 0.0, 0.0, 0.0, 0.0, 0.0, 0.0, 0.0, 0.0, 0.0, 0.0, 0.0, 0.0, 0.0, 0.0, 0.0, 0.0, 0.0, 0.0, 0.0, 0.0, 0.0, 0.0, 0.0, 0.0, 0.0, 0.0, 0.0, 0.0, 0.0, 0.0, 0.0, 0.0, 0.0, 0.0, 0.0, 0.0, 0.0, 0.0, 0.0, 1.0, 1.0, 0.0, 0.0, 0.0, 0.0, 1.0, 1.0, 1.0, 1.0, 1.0, 1.0, 1.0, 1.0, 0.0, 0.0, 0.0, 0.0, 0.0, 0.0, 0.0, 0.0, 0.0, 0.0, 0.0, 0.0, 0.0, 0.0, 0.0, 0.0, 0.0, 0.0, 0.0, 0.0, 0.0, 0.0, 0.0, 0.0, 0.0, 0.0, 0.0, 0.0, 0.0, 0.0, 0.0, 0.0, 0.0, 0.0, 0.0, 0.0, 0.0, 0.0, 0.0, 0.0, 0.0, 0.0, 0.0]",NGS-nonramp,False
72,ENTm2,-0.2063950805847978,43.73663254552802,58.31551006070402,53.78818506959819,1.5,9,False,,,,,,,21,18,8.85885885885886,-4.0,-21.0,-0.2063950805847978,-0.7256440797484094,0.04186631405696211,0.044574189392499436,-3740.934319518444,3842.353449221256,4424.708761970487,32.0,375.0,0.05639668557468557,3.3527047543244457,4.070440922233498,2.0277045196317456,OF1,NG,100.0,90.0,80.85106382978724,74.60317460317461,"[0.0, 0.0, 0.0, 0.0, 0.0, 0.0, 0.0, 0.0, 0.0, 0.0, 0.0, 0.0, 0.0, 0.0, 0.0, 0.0, 0.0, 0.0, 0.0, 0.0, 0.0, 0.0, 0.0, 0.0, 0.0, 0.0, 0.0, 0.0, 0.0, 0.0, 0.0, 0.0, 0.0, 0.0, 0.0, 0.0, 0.0, 1.0, 1.0, 0.0, 0.0, 1.0, 1.0, 1.0, 1.0, 1.0, 1.0, 1.0, 1.0, 1.0, 1.0, 0.0, 0.0, 1.0, 1.0, 1.0, 1.0, 0.0, 0.0, 0.0, 0.0, 0.0, 0.0, 0.0, 0.0, 0.0, 0.0, 0.0, 0.0, 0.0, 0.0, 0.0, 0.0, 0.0, 0.0, 0.0, 0.0, 0.0, 0.0, 0.0, 0.0, 0.0, 0.0, 0.0, 0.0, 0.0, 0.0, 0.0, 0.0, 0.0, 0.0, 0.0, 0.0, 0.0, 0.0, 0.0, 0.0, 0.0, 0.0, 0.0, 0.0, 0.0, 0.0, 0.0, 0.0, 1.0, 1.0, 1.0, 1.0, 0.0, 0.0, 0.0, 0.0, 0.0, 0.0, 0.0, 0.0, 0.0, 0.0, 0.0, 0.0, 0.0, 0.0, 0.0, 0.0, 0.0, 0.0, 0.0, 0.0, 0.0]",NGS-nonramp,False
73,ENTm2,0.1986800336040637,47.84622893965911,63.79497191954548,40.801968932588686,1.5,9,False,"[ 0.08953729 -0.44428151 -0.05035011  0.0942641  -0.12314829 -0.0047857
 -0.45512111 -0.12988288  0.1009791  -0.39376497 -0.06899572 -0.0471941
 -0.20713525 -0.40651989 -0.53745696 -0.37803977 -0.06398985 -0.39147716
 -0.60753252  0.08799973 -0.43326257  0.29762106 -0.12324099 -0.28919258
 -0.1632173   0.12509025  0.05357877 -0.28320498 -0.24275926 -0.38967154
 -0.1412562  -0.31237906 -0.64280721 -0.12695077  0.21223372 -0.05013473
 -0.37526174 -0.35348855  0.09052707 -0.34244588 -0.44722901 -0.14147054
  0.52239165 -0.36536931  0.09705435 -0.23128562 -0.23673322  0.09060968
 -0.04990173 -0.36447048 -0.34477582  0.22923133 -0.34892132 -0.51231667
 -0.44093386 -0.34496051 -0.18510882  0.03283174  0.07847258 -0.07473899
  0.18381283 -0.52528849 -0.28174746 -0.28855739 -0.11696377 -0.24877369
  0.30425363  0.11778995 -0.03020549 -0.40941012  0.18086478  0.16097461
 -0.0616739  -0.24499976  0.23909574 -0.10285429 -0.2599445   0.28077347
 -0.40372248 -0.13967495  0.16570288 -0.59584796 -0.29742537 -0.58970589
 -0.07877001 -0.75665776 -0.71102834 -0.41519411 -0.09154841 -0.7510739
  0.09693078 -0.21118916  0.18958277 -0.16924374 -0.52635353 -0.10389017
 -0.24268576  0.19593852 -0.31613329 -0.14267813  0.03123434  0.93690262
 -0.25726525 -0.34906688 -0.33227958 -0.75825269 -0.07698309  0.07403793
 -0.11562718 -0.33970484  0.03395361 -0.3435688  -0.30363206 -0.6129397
 -0.46286504 -0.19655146 -0.30001424 -0.4061956  -0.24872323 -0.02944088
 -0.75411475 -0.03875719 -0.17958702 -0.51134245 -0.51152906 -0.31478647
  0.15866397  0.22741958 -0.32537173  0.04528956 -0.02795193  0.03387506
 -0.16477965 -0.42642764 -0.25834062 -0.40468395  0.10213827 -0.43800929
 -0.50006903 -0.43110663 -0.21336554  0.20992855 -0.05359029 -0.36600038
 -0.32730885  0.02238413 -0.43883194 -0.14591495  0.32887271 -0.33789804
 -0.07531232 -0.21771992 -0.67095644 -0.27247566 -0.43516343 -0.27739818
 -0.35429951 -0.34760207 -0.38621271 -0.20260452 -0.30080205 -0.09142063
 -0.31710285  0.17683956 -0.23850635 -0.16674987 -0.45684269 -0.29914565
 -0.18581515 -0.23181102 -0.22675689 -0.55017218  0.58322071 -0.62247077
  0.17366882 -0.18247226  0.49150335 -0.57481577  0.32040324 -0.35923719
 -0.21363854 -0.23834813  0.04942609 -0.30504319  0.19848036  0.16300827
 -0.47630832 -0.61765693 -0.16350393 -0.10124377 -0.7050955  -0.51535474
 -0.53470401 -0.30272724 -0.67280409 -0.29232918 -0.11247487 -0.67368158
  0.00372755  0.06567058]","[28.75977523 36.07973745 33.14033479 39.84937376 43.71738835 26.90214676
 26.73273031 30.1459571  33.93702024 28.95880947 29.04944451 27.40008915
 37.84948265 24.76031925 46.19186288 25.6390039  28.7733738  35.73129074
 32.61388765 27.02330144 36.34452956 23.70095711 33.59212188 31.05468977
 28.17670922 25.75874762 32.96640131 28.65579384 27.85772218 35.51973665
 26.25546789 30.35990142 31.43666316 22.08285584 35.37483796 34.25138885
 29.41134654 31.40399637 44.18737234 26.9216058  29.1767999  34.31025986
 45.75623997 30.86454113 42.65703367 33.44128495 33.89215992 26.36776505
 38.10857601 29.45869557 27.96781925 27.24279158 37.25013821 27.18003719
 28.82769042 25.53763463 31.61610719 37.85615824 42.92519979 27.98632643
 30.64186009 31.19452159 29.22312842 29.57261246 30.50102937 26.07506344
 40.13110727 42.74304026 33.42728901 35.92111153 34.70338588 33.20734613
 28.73619617 23.21610672 35.93045367 36.09004673 29.2165632  32.01345802
 34.64648086 30.73620457 41.10566431 27.2527663  24.22534725 37.11707492
 38.97263861 40.20665568 37.45210944 35.1740566  32.48473097 32.69056594
 30.59443273 33.68128918 32.29456649 25.23908002 33.75931329 37.84849273
 28.32856557 30.00324856 25.69773165 31.88061128 22.2402191  22.91973123
 28.65536573 23.61231564 47.62422751 35.58195479 40.10587313 35.74557974
 35.27565467 38.10644214 26.4223077  34.32778664 29.7773378  33.82973838
 26.95981837 37.40838855 31.03415232 26.39553985 26.46708983 27.39343387
 46.35734401 27.88992979 28.96450992 24.5392427  41.12910631 34.61849401
 30.91307186 29.72939868 32.98447445 30.26099093 48.72948536 25.58166965
 33.24107741 26.93995169 27.73922404 40.23613206 28.10460401 25.44993517
 32.43074175 38.37848782 25.90913183 48.37363913 22.70306497 30.33733235
 27.31014332 32.22015237 31.06489474 28.04802518 44.05839785 32.37793094
 39.4720669  32.44053315 23.78393092 29.30554311 28.34295394 26.7263338
 30.33624959 40.662458   28.07573601 33.68791852 37.74631741 27.26631142
 29.20051178 38.98041623 41.00384411 32.89307446 32.29210588 25.7405629
 27.94269591 28.90343335 30.94432186 32.88657826 36.90084801 30.28319354
 28.15556249 40.34040832 32.08267077 23.61231564 32.2183645  30.16190396
 35.8648337  27.17319131 36.64689558 34.83735526 34.72749495 31.72576671
 38.67684127 34.68481293 28.04080627 40.5272209  28.57994802 37.45621491
 29.61396064 41.19128114 29.73712861 25.16699221 28.54542903 31.67586519
 32.7784303  41.1381373 ]","[38.34636697 48.10631661 44.18711306 53.13249835 58.28985113 35.86952902
 35.64364042 40.19460946 45.24936032 38.61174596 38.73259268 36.5334522
 50.46597686 33.013759   61.5891505  34.18533854 38.3644984  47.64172099
 43.48518353 36.03106859 48.45937275 31.60127614 44.78949584 41.40625302
 37.56894563 34.34499683 43.95520175 38.20772513 37.14362957 47.35964886
 35.00729052 40.47986856 41.91555088 29.44380778 47.16645062 45.66851847
 39.21512872 41.87199516 58.91649645 35.89547439 38.90239986 45.74701315
 61.00831996 41.1527215  56.87604489 44.58837993 45.18954656 35.15702007
 50.81143468 39.27826076 37.29042566 36.32372211 49.66685095 36.24004959
 38.43692055 34.0501795  42.15480958 50.47487766 57.23359973 37.3151019
 40.85581345 41.59269545 38.96417123 39.43014994 40.66803917 34.76675125
 53.50814303 56.99072035 44.56971868 47.89481537 46.27118118 44.2764615
 38.31492823 30.95480896 47.90727156 48.12006231 38.95541761 42.68461069
 46.19530781 40.98160609 54.80755241 36.33702173 32.300463   49.48943322
 51.96351815 53.60887424 49.93614592 46.89874214 43.31297463 43.58742125
 40.79257697 44.90838557 43.05942198 33.6521067  45.01241772 50.46465697
 37.77142076 40.00433141 34.2636422  42.50748171 29.65362547 30.55964165
 38.2071543  31.48308752 63.49897001 47.44260639 53.47449751 47.66077299
 47.03420622 50.80858952 35.22974361 45.77038218 39.70311707 45.10631784
 35.9464245  49.87785141 41.37886976 35.19405314 35.28945311 36.5245785
 61.80979201 37.18657306 38.61934656 32.71899027 54.83880841 46.15799201
 41.21742915 39.63919823 43.97929927 40.3479879  64.97264715 34.10889287
 44.32143655 35.91993559 36.98563205 53.64817608 37.47280535 33.9332469
 43.24098899 51.1713171  34.5455091  64.4981855  30.2707533  40.44977646
 36.41352443 42.96020317 41.41985965 37.39736691 58.74453047 43.17057458
 52.62942254 43.2540442  31.71190789 39.07405748 37.79060525 35.63511174
 40.44833279 54.21661067 37.43431468 44.91722469 50.32842322 36.35508189
 38.93401571 51.9738883  54.67179214 43.85743261 43.05614117 34.32075053
 37.25692788 38.53791113 41.25909581 43.84877101 49.20113068 40.37759139
 37.54074999 53.78721109 42.77689436 31.48308752 42.95781934 40.21587195
 47.81977826 36.23092175 48.86252744 46.44980701 46.3033266  42.30102228
 51.56912169 46.24641724 37.38774169 54.03629453 38.10659735 49.94161987
 39.48528085 54.92170819 39.64950481 33.55598961 38.06057204 42.23448692
 43.70457374 54.85084974]","[41.01448079 38.16218477 36.0793263  21.2949517  44.21139645  1.10259054
  0.20514834 49.47717171 27.59393603 34.15646698 24.49413257 33.79496973
 45.3407283   4.83413961 25.89504854 58.40421958 54.64224899  1.13295781
 37.02952269 22.6923948  51.99891205 34.26713874 54.63840799 48.55470657
 56.65493951 48.93340128 32.83587409 16.41222921 52.76452833 18.72163777
  9.25820683 35.17895547  7.01473659 31.87570392 43.86407257 11.68606558
 46.24425825 41.08034604  3.2009804  37.56059772  0.3487028  23.90255004
 23.56766349 46.17196838 15.8968317  48.70326319 53.24549434 45.97616969
  1.69745703 40.28448469 41.55787459 32.12020405 51.2649422  53.10029114
  3.15154146 43.48491367 31.45135817 34.56493916 30.39870823 48.67699433
 53.26311582 25.19290367 28.05285714  9.55841953  3.90605849  2.89243015
 39.00429067 36.65586117 26.83542755  4.50295159 34.18294057 51.52294313
 13.56067084 47.05163679 29.18834381  8.57728288  4.80169787 48.92693088
 40.62946288 54.72679834 59.67892299 43.82329883 46.114946   54.06297324
 56.64064465 26.82901472 52.86860501 22.62296572 46.305438   57.28314769
  8.76426666 18.57414297 52.64355461 14.66844755  1.68079974  9.62410023
 16.85817432  8.62664173 33.54168794  4.33960836 48.95919793 35.59735375
 45.17395789 48.00837906 39.70986667 24.68070405 52.82599834 27.75306814
 29.13736007 14.04404533 22.84846364 47.6314433  15.65854004 49.64848908
 53.91346198 19.66140892  1.01415014 58.94577016 42.74097683 41.64173644
  0.50039829  6.17798988 21.08312662  7.73536534 48.11573663  7.82897702
 20.24359363 35.62131114 30.987602   49.67910946 52.53585588 42.86171221
 53.62333208 47.35817837 17.73232129 40.92489142 31.5707042  42.30351327
 54.13622677  8.79387933 19.29004128 12.24366186 24.4831153  14.24097719
  5.69242268 51.57691423  4.38635296 13.55615556 42.9737283  41.70102088
 43.24675206 36.34729467 25.24099048  6.32224661 29.76448208 59.56416091
 35.31039936 19.78930003 48.58742908 58.88722084 51.68392792 17.2791644
  5.45335522 29.63042722  0.22157204 52.16820536 21.94652949 32.04778848
 49.14173749 15.24165672 13.43489244 19.17058493  0.72478246 42.9900373
 14.08392089 21.34706113 19.92638539 48.00837906 45.10616937 32.80969218
 46.42149911  1.88953167 42.54693674 28.02852886 55.47278599 26.91107117
 54.49552082 21.04023433 48.5678419  10.95048134 57.28778901 19.41344891
 22.72140903 51.54277836 13.37986227 34.43261021  2.56987024  7.62767766
 33.27598838  9.26268573]","[1.5 1.5 1.5 1.5 1.5 1.5 1.5 1.5 1.5 1.5 1.5 1.5 1.5 1.5 1.5 1.5 1.5 1.5
 1.5 1.5 1.5 1.5 1.5 1.5 1.5 1.5 1.5 1.5 1.5 1.5 1.5 1.5 1.5 1.5 1.5 1.5
 1.5 1.5 1.5 1.5 1.5 1.5 1.5 1.5 1.5 1.5 1.5 1.5 1.5 1.5 1.5 1.5 1.5 1.5
 1.5 1.5 1.5 1.5 1.5 1.5 1.5 1.5 1.5 1.5 1.5 1.5 1.5 1.5 1.5 1.5 1.5 1.5
 1.5 1.5 1.5 1.5 1.5 1.5 1.5 1.5 1.5 1.5 1.5 1.5 1.5 1.5 1.5 1.5 1.5 1.5
 1.5 1.5 1.5 1.5 1.5 1.5 1.5 1.5 1.5 1.5 1.5 1.5 1.5 1.5 1.5 1.5 1.5 1.5
 1.5 1.5 1.5 1.5 1.5 1.5 1.5 1.5 1.5 1.5 1.5 1.5 1.5 1.5 1.5 1.5 1.5 1.5
 1.5 1.5 1.5 1.5 1.5 1.5 1.5 1.5 1.5 1.5 1.5 1.5 1.5 1.5 1.5 1.5 1.5 1.5
 1.5 1.5 1.5 1.5 1.5 1.5 1.5 1.5 1.5 1.5 1.5 1.5 1.5 1.5 1.5 1.5 1.5 1.5
 1.5 1.5 1.5 1.5 1.5 1.5 1.5 1.5 1.5 1.5 1.5 1.5 1.5 1.5 1.5 1.5 1.5 1.5
 1.5 1.5 1.5 1.5 1.5 1.5 1.5 1.5 1.5 1.5 1.5 1.5 1.5 1.5 1.5 1.5 1.5 1.5
 1.5 1.5]",,21,18,8.85885885885886,-12.0,9.0,0.1986800336040637,-0.5472180475149162,0.20401607855763643,0.27973205276262436,-3740.934319518444,3842.353449221256,4424.708761970487,32.0,375.0,0.07030862166079901,2.0748266557566075,2.3079991396580772,1.768340506849487,OF1,NG,95.83333333333333,84.84848484848484,75.75757575757575,70.0,"[1.0, 1.0, 1.0, 1.0, 1.0, 1.0, 1.0, 1.0, 1.0, 1.0, 1.0, 1.0, 1.0, 0.0, 0.0, 1.0, 1.0, 0.0, 0.0, 0.0, 0.0, 1.0, 1.0, 0.0, 0.0, 0.0, 0.0, 1.0, 1.0, 0.0, 0.0, 1.0, 1.0, 0.0, 0.0, 1.0, 1.0, 1.0, 1.0, 1.0, 1.0, 1.0, 1.0, 0.0, 0.0, 1.0, 1.0, 1.0, 1.0, 1.0, 1.0, 1.0, 1.0, 1.0, 1.0, 1.0, 1.0, 1.0, 1.0, 1.0, 1.0, 1.0, 1.0, 1.0, 1.0, 1.0, 1.0, 0.0, 0.0, 0.0, 0.0, 0.0, 0.0, 0.0, 0.0, 1.0, 1.0, 1.0, 1.0, 1.0, 1.0, 0.0, 0.0, 0.0, 0.0, 0.0, 0.0, 0.0, 0.0, 0.0, 0.0, 0.0, 0.0, 0.0, 0.0, 0.0, 0.0, 0.0, 0.0, 0.0, 0.0, 0.0, 0.0, 0.0, 0.0, 0.0, 0.0, 0.0, 0.0, 0.0, 0.0, 0.0, 0.0, 0.0, 0.0, 0.0, 0.0, 0.0, 0.0, 0.0, 0.0, 0.0, 0.0, 0.0, 0.0, 0.0, 0.0, 0.0, 0.0, 0.0]",NGS-ramp,False
74,ENTm2,-0.1804587346403983,25.3442042094495,33.792272279266,33.6955219227994,1.5,9,False,,,,,,,21,18,8.85885885885886,7.0,45.0,-0.1804587346403983,-0.3022112943804577,0.0357752010424055,0.03455680174636523,-3740.7330853032345,3857.2858968391647,4426.116424191706,0.0,360.0,0.06535859030362974,9.885826787486724,12.413720381618182,8.234668560005447,OF1,NG,91.66666666666667,72.72727272727273,78.78787878787878,80.0,"[1.0, 1.0, 1.0, 1.0, 1.0, 1.0, 1.0, 1.0, 1.0, 0.0, 0.0, 0.0, 0.0, 0.0, 0.0, 0.0, 0.0, 0.0, 0.0, 0.0, 0.0, 0.0, 0.0, 1.0, 1.0, 0.0, 0.0, 1.0, 1.0, 0.0, 0.0, 0.0, 0.0, 0.0, 0.0, 0.0, 0.0, 1.0, 1.0, 1.0, 1.0, 1.0, 1.0, 1.0, 1.0, 1.0, 1.0, 1.0, 1.0, 1.0, 1.0, 1.0, 1.0, 1.0, 1.0, 1.0, 1.0, 0.0, 0.0, 0.0, 0.0, 0.0, 0.0, 0.0, 0.0, 1.0, 1.0, 1.0, 1.0, 0.0, 0.0, 1.0, 1.0, 0.0, 0.0, 0.0, 0.0, 0.0, 0.0, 0.0, 0.0, 0.0, 0.0, 1.0, 1.0, 1.0, 1.0, 0.0, 0.0, 0.0, 0.0, 0.0, 0.0, 0.0, 0.0, 0.0, 0.0, 1.0, 1.0, 0.0, 0.0, 0.0, 0.0, 1.0, 1.0, 1.0, 1.0, 1.0, 1.0, 1.0, 1.0, 1.0, 1.0, 1.0, 1.0, 0.0, 0.0, 0.0, 0.0, 0.0, 0.0, 0.0, 0.0, 0.0, 0.0, 0.0, 0.0, 0.0, 0.0, 0.0]",NGS-nonramp,False
75,ENTm2,-0.49133343662301404,60.7588776737783,81.01183689837107,19.2378960575316,1.5,9,False,,,,,,,21,18,8.85885885885886,22.0,-16.0,-0.49133343662301404,-0.689692964226803,0.019636704778181635,0.02106630808293477,-3741.1355537336535,3827.421001603348,4423.301099749267,0.0,390.0,0.0542046424850068,22.208664675054123,29.77660384077093,16.762024132294087,OF1,NG,89.47368421052632,76.92307692307692,81.57894736842105,76.59574468085107,"[1.0, 1.0, 1.0, 1.0, 1.0, 1.0, 1.0, 1.0, 1.0, 1.0, 1.0, 1.0, 1.0, 1.0, 1.0, 1.0, 1.0, 1.0, 1.0, 1.0, 1.0, 1.0, 1.0, 1.0, 1.0, 1.0, 1.0, 1.0, 1.0, 1.0, 1.0, 1.0, 1.0, 0.0, 0.0, 0.0, 0.0, 0.0, 0.0, 0.0, 0.0, 0.0, 0.0, 0.0, 0.0, 0.0, 0.0, 0.0, 0.0, 0.0, 0.0, 0.0, 0.0, 0.0, 0.0, 0.0, 0.0, 0.0, 0.0, 0.0, 0.0, 0.0, 0.0, 1.0, 1.0, 1.0, 1.0, 0.0, 0.0, 1.0, 1.0, 1.0, 1.0, 0.0, 0.0, 0.0, 0.0, 0.0, 0.0, 0.0, 0.0, 0.0, 0.0, 0.0, 0.0, 0.0, 0.0, 0.0, 0.0, 0.0, 0.0, 0.0, 0.0, 0.0, 0.0, 0.0, 0.0, 0.0, 0.0, 1.0, 1.0, 1.0, 1.0, 0.0, 0.0, 0.0, 0.0, 0.0, 0.0, 0.0, 0.0, 0.0, 0.0, 0.0, 0.0, 0.0, 0.0, 0.0, 0.0, 0.0, 0.0, 0.0, 0.0, 0.0, 0.0, 0.0, 0.0, 0.0, 0.0, 0.0]",NGS-ramp,False
83,ENTm2,-0.015273278384705866,41.28857328162093,55.051431042161234,22.204824978119508,1.5,9,False,,,,,,,21,18,8.85885885885886,-34.0,-48.0,-0.015273278384705866,-0.3889540824781676,0.021467884871633796,0.0251747303983035,-3741.538022164073,3797.556106367531,4420.485775306828,32.0,420.0,0.03253324575754745,4.340026212603395,5.2956544676817225,3.244549384740799,OF2,NG,94.73684210526316,82.0,63.1578947368421,65.21739130434783,"[0.0, 0.0, 0.0, 0.0, 0.0, 0.0, 0.0, 0.0, 0.0, 0.0, 0.0, 1.0, 1.0, 1.0, 1.0, 1.0, 1.0, 1.0, 1.0, 1.0, 1.0, 1.0, 1.0, 1.0, 1.0, 1.0, 1.0, 1.0, 1.0, 1.0, 1.0, 1.0, 1.0, 1.0, 1.0, 0.0, 0.0, 0.0, 0.0, 1.0, 1.0, 1.0, 1.0, 1.0, 1.0, 1.0, 1.0, 1.0, 1.0, 1.0, 1.0, 1.0, 1.0, 1.0, 1.0, 1.0, 1.0, 1.0, 1.0, 1.0, 1.0, 1.0, 1.0, 1.0, 1.0, 1.0, 1.0, 1.0, 1.0, 1.0, 1.0, 1.0, 1.0, 1.0, 1.0, 1.0, 1.0, 1.0, 1.0, 1.0, 1.0, 1.0, 1.0, 1.0, 1.0, 1.0, 1.0, 1.0, 1.0, 1.0, 1.0, 0.0, 0.0, 0.0, 0.0, 0.0, 0.0, 0.0, 0.0, 1.0, 1.0, 0.0, 0.0, 0.0, 0.0, 1.0, 1.0, 1.0, 1.0, 1.0, 1.0, 1.0, 1.0, 1.0, 1.0, 0.0, 0.0, 0.0, 0.0, 0.0, 0.0, 0.0, 0.0, 0.0, 0.0, 0.0, 0.0, 0.0, 0.0, 0.0]",NGS-nonramp,False
88,ENTm2,-0.4921110721375543,45.926399102448855,61.23519880326515,42.06475123838646,1.5,9,False,,,,,,,21,18,8.85885885885886,-19.0,32.0,-0.4921110721375543,-0.6001750098099352,0.026890266111439583,0.02455808035109303,-3742.141724809702,3752.758763513805,4416.26278864317,0.0,465.0,0.02413294700572812,10.457421423009992,14.112027940536557,9.289896877534979,OF1,NG,96.96969696969697,79.06976744186046,66.66666666666667,73.33333333333333,"[0.0, 0.0, 0.0, 0.0, 0.0, 0.0, 0.0, 0.0, 0.0, 1.0, 1.0, 1.0, 1.0, 1.0, 1.0, 1.0, 1.0, 1.0, 1.0, 1.0, 1.0, 1.0, 1.0, 1.0, 1.0, 1.0, 1.0, 1.0, 1.0, 1.0, 1.0, 1.0, 1.0, 1.0, 1.0, 0.0, 0.0, 0.0, 0.0, 0.0, 0.0, 0.0, 0.0, 0.0, 0.0, 0.0, 0.0, 1.0, 1.0, 1.0, 1.0, 1.0, 1.0, 1.0, 1.0, 1.0, 1.0, 1.0, 1.0, 1.0, 1.0, 1.0, 1.0, 1.0, 1.0, 1.0, 1.0, 1.0, 1.0, 1.0, 1.0, 1.0, 1.0, 1.0, 1.0, 1.0, 1.0, 1.0, 1.0, 1.0, 1.0, 1.0, 1.0, 0.0, 0.0, 0.0, 0.0, 0.0, 0.0, 0.0, 0.0, 0.0, 0.0, 0.0, 0.0, 0.0, 0.0, 1.0, 1.0, 1.0, 1.0, 1.0, 1.0, 1.0, 1.0, 1.0, 1.0, 1.0, 1.0, 1.0, 1.0, 0.0, 0.0, 0.0, 0.0, 0.0, 0.0, 0.0, 0.0, 0.0, 0.0, 0.0, 0.0, 0.0, 0.0, 0.0, 0.0, 0.0, 0.0, 0.0]",NGS-ramp,False
94,ENTm2,-0.11592261295511397,59.642608906596486,79.52347854212866,49.075007532631986,1.5,9,False,,,,,,,21,18,8.85885885885886,45.0,-29.0,-0.11592261295511397,-0.6363924066832449,0.02785715346840225,0.029161800398170075,-3742.544193240121,3722.893868277989,4413.447464200732,0.0,495.0,0.025358362665490814,8.661253101224135,10.648779863056122,6.937848496094156,OF1,NG,93.93939393939394,88.63636363636364,70.83333333333333,58.62068965517241,"[1.0, 1.0, 1.0, 1.0, 1.0, 1.0, 1.0, 1.0, 1.0, 1.0, 1.0, 1.0, 1.0, 1.0, 1.0, 0.0, 0.0, 1.0, 1.0, 1.0, 1.0, 1.0, 1.0, 1.0, 1.0, 1.0, 1.0, 1.0, 1.0, 1.0, 1.0, 1.0, 1.0, 1.0, 1.0, 1.0, 1.0, 1.0, 1.0, 1.0, 1.0, 1.0, 1.0, 1.0, 1.0, 1.0, 1.0, 1.0, 1.0, 1.0, 1.0, 1.0, 1.0, 1.0, 1.0, 1.0, 1.0, 0.0, 0.0, 0.0, 0.0, 0.0, 0.0, 0.0, 0.0, 0.0, 0.0, 0.0, 0.0, 0.0, 0.0, 0.0, 0.0, 1.0, 1.0, 1.0, 1.0, 1.0, 1.0, 0.0, 0.0, 1.0, 1.0, 1.0, 1.0, 0.0, 0.0, 0.0, 0.0, 0.0, 0.0, 0.0, 0.0, 1.0, 1.0, 1.0, 1.0, 0.0, 0.0, 1.0, 1.0, 1.0, 1.0, 1.0, 1.0, 1.0, 1.0, 0.0, 0.0, 0.0, 0.0, 0.0, 0.0, 0.0, 0.0, 0.0, 0.0, 0.0, 0.0, 0.0, 0.0, 0.0, 0.0, 0.0, 0.0, 0.0, 0.0, 0.0, 0.0, 0.0]",NGS-nonramp,False
102,ENTm2,-0.6477405339995357,34.63960625590381,46.18614167453841,25.19604002667769,1.5,9,False,,,,,,,21,18,8.85885885885886,17.0,-34.0,-0.6477405339995357,0.21123620315327066,0.03772622534145412,0.034562485385485474,-3742.94666167054,3693.0289730421714,4410.632139758292,32.0,525.0,0.021922784444924685,3.554024097227312,5.200702500189474,2.2559670662131333,OF2,NG,66.66666666666667,80.0,92.3076923076923,74.4186046511628,"[1.0, 1.0, 1.0, 1.0, 1.0, 1.0, 1.0, 1.0, 1.0, 1.0, 1.0, 1.0, 1.0, 1.0, 1.0, 1.0, 1.0, 1.0, 1.0, 1.0, 1.0, 1.0, 1.0, 1.0, 1.0, 1.0, 1.0, 0.0, 0.0, 0.0, 0.0, 0.0, 0.0, 0.0, 0.0, 1.0, 1.0, 1.0, 1.0, 0.0, 0.0, 0.0, 0.0, 1.0, 1.0, 1.0, 1.0, 0.0, 0.0, 0.0, 0.0, 0.0, 0.0, 0.0, 0.0, 0.0, 0.0, 0.0, 0.0, 0.0, 0.0, 0.0, 0.0, 0.0, 0.0, 0.0, 0.0, 0.0, 0.0, 0.0, 0.0, 0.0, 0.0, 0.0, 0.0, 0.0, 0.0, 0.0, 0.0, 0.0, 0.0, 0.0, 0.0, 0.0, 0.0, 0.0, 0.0, 0.0, 0.0, 0.0, 0.0, 0.0, 0.0, 0.0, 0.0, 0.0, 0.0, 0.0, 0.0, 0.0, 0.0, 0.0, 0.0, 0.0, 0.0, 0.0, 0.0, 0.0, 0.0, 0.0, 0.0, 0.0, 0.0, 0.0, 0.0, 0.0, 0.0, 1.0, 1.0, 1.0, 1.0, 1.0, 1.0, 1.0, 1.0, 1.0, 1.0, 1.0, 1.0, 1.0]",NGS-nonramp,False
125,ENTm3,0.10653350287597539,37.03789511627433,49.38386015503244,3.9475909957338358,1.5,9,False,,,,,,,21,18,8.85885885885886,-35.0,-20.0,0.10653350287597539,0.24528682821131648,0.030169466272889706,0.03294829603356419,-3743.952832746588,3618.366734952629,4403.593828652196,32.0,600.0,0.023543043458852046,11.118729288172007,8.700598705473935,9.147718746331,OF2,NG,92.5,80.43478260869566,64.70588235294117,70.37037037037037,"[0.0, 0.0, 0.0, 0.0, 0.0, 0.0, 0.0, 0.0, 0.0, 0.0, 0.0, 0.0, 0.0, 0.0, 0.0, 1.0, 1.0, 1.0, 1.0, 1.0, 1.0, 1.0, 1.0, 1.0, 1.0, 1.0, 1.0, 0.0, 0.0, 1.0, 1.0, 1.0, 1.0, 1.0, 1.0, 1.0, 1.0, 1.0, 1.0, 1.0, 1.0, 1.0, 1.0, 1.0, 1.0, 1.0, 1.0, 1.0, 1.0, 0.0, 0.0, 0.0, 0.0, 0.0, 0.0, 0.0, 0.0, 1.0, 1.0, 1.0, 1.0, 1.0, 1.0, 1.0, 1.0, 1.0, 1.0, 0.0, 0.0, 0.0, 0.0, 1.0, 1.0, 1.0, 1.0, 1.0, 1.0, 1.0, 1.0, 1.0, 1.0, 1.0, 1.0, 1.0, 1.0, 1.0, 1.0, 1.0, 1.0, 1.0, 1.0, 1.0, 1.0, 1.0, 1.0, 1.0, 1.0, 1.0, 1.0, 1.0, 1.0, 1.0, 1.0, 1.0, 1.0, 1.0, 1.0, 1.0, 1.0, 1.0, 1.0, 1.0, 1.0, 1.0, 1.0, 0.0, 0.0, 0.0, 0.0, 0.0, 0.0, 0.0, 0.0, 0.0, 0.0, 0.0, 0.0, 0.0, 0.0, 0.0]",NGS-nonramp,False
135,ENTm3,-0.5432627491801696,38.30316749366023,51.07088999154698,32.53765607495012,1.5,9,False,,,,,,,21,18,8.85885885885886,28.0,-42.0,-0.5432627491801696,-0.29902050616244474,0.05381864866860162,0.044708144861785516,-3744.959003822636,3543.7044968630867,4396.555517546099,32.0,675.0,0.014979943054773865,3.948096002483986,3.549038013021677,2.823013441054002,OF2,NG,94.11764705882354,89.47368421052632,80.0,72.22222222222223,"[0.0, 0.0, 0.0, 0.0, 0.0, 0.0, 0.0, 0.0, 0.0, 0.0, 0.0, 0.0, 0.0, 0.0, 0.0, 1.0, 1.0, 1.0, 1.0, 0.0, 0.0, 0.0, 0.0, 0.0, 0.0, 0.0, 0.0, 0.0, 0.0, 0.0, 0.0, 0.0, 0.0, 0.0, 0.0, 0.0, 0.0, 0.0, 0.0, 0.0, 0.0, 1.0, 1.0, 1.0, 1.0, 1.0, 1.0, 1.0, 1.0, 1.0, 1.0, 1.0, 1.0, 0.0, 0.0, 0.0, 0.0, 0.0, 0.0, 0.0, 0.0, 0.0, 0.0, 0.0, 0.0, 0.0, 0.0, 0.0, 0.0, 0.0, 0.0, 0.0, 0.0, 0.0, 0.0, 0.0, 0.0, 0.0, 0.0, 1.0, 1.0, 0.0, 0.0, 1.0, 1.0, 1.0, 1.0, 1.0, 1.0, 1.0, 1.0, 1.0, 1.0, 1.0, 1.0, 1.0, 1.0, 1.0, 1.0, 1.0, 1.0, 0.0, 0.0, 0.0, 0.0, 0.0, 0.0, 0.0, 0.0, 0.0, 0.0, 0.0, 0.0, 0.0, 0.0, 0.0, 0.0, 0.0, 0.0, 0.0, 0.0, 0.0, 0.0, 0.0, 0.0, 0.0, 0.0, 0.0, 0.0, 0.0]",NGS-nonramp,False
141,ENTm2,-0.09344472875691122,29.91127300700688,39.88169734267584,45.568764723940646,1.5,9,False,,,,,,,21,18,8.85885885885886,15.0,-50.0,-0.09344472875691122,-0.14862131334604284,0.015878576343006434,0.015551978212766684,-3740.330616872815,3887.150792074982,4428.931748634145,32.0,330.0,0.045304840241010884,6.8865017308109255,10.702919142766614,3.192343352189338,OF2,NG,78.94736842105263,82.14285714285714,86.84210526315789,73.33333333333333,"[1.0, 1.0, 1.0, 1.0, 1.0, 1.0, 1.0, 1.0, 1.0, 1.0, 1.0, 1.0, 1.0, 1.0, 1.0, 0.0, 0.0, 1.0, 1.0, 0.0, 0.0, 0.0, 0.0, 0.0, 0.0, 0.0, 0.0, 1.0, 1.0, 1.0, 1.0, 1.0, 1.0, 1.0, 1.0, 1.0, 1.0, 0.0, 0.0, 0.0, 0.0, 0.0, 0.0, 0.0, 0.0, 0.0, 0.0, 0.0, 0.0, 0.0, 0.0, 0.0, 0.0, 1.0, 1.0, 0.0, 0.0, 0.0, 0.0, 0.0, 0.0, 0.0, 0.0, 0.0, 0.0, 0.0, 0.0, 0.0, 0.0, 0.0, 0.0, 0.0, 0.0, 0.0, 0.0, 0.0, 0.0, 0.0, 0.0, 0.0, 0.0, 0.0, 0.0, 0.0, 0.0, 0.0, 0.0, 1.0, 1.0, 0.0, 0.0, 0.0, 0.0, 0.0, 0.0, 0.0, 0.0, 0.0, 0.0, 0.0, 0.0, 1.0, 1.0, 1.0, 1.0, 1.0, 1.0, 1.0, 1.0, 1.0, 1.0, 1.0, 1.0, 1.0, 1.0, 1.0, 1.0, 0.0, 0.0, 0.0, 0.0, 0.0, 0.0, 0.0, 0.0, 0.0, 0.0, 0.0, 0.0, 0.0]",NGS-nonramp,False
142,ENTm3,-0.07912016510488501,35.99534558091849,47.99379410789132,20.61632669372964,1.5,9,False,,,,,,,21,18,8.85885885885886,-20.0,-11.0,-0.07912016510488501,-0.2712804673928543,0.02630426674512495,0.021379877531361714,-3745.361472253056,3513.839601627269,4393.74019310366,32.0,705.0,0.005173624965316966,10.996652665347929,11.348425939314795,10.399552760916032,OF1,NG,94.44444444444444,92.85714285714286,79.48717948717949,66.66666666666667,"[0.0, 0.0, 0.0, 0.0, 0.0, 0.0, 0.0, 0.0, 0.0, 1.0, 1.0, 1.0, 1.0, 1.0, 1.0, 1.0, 1.0, 0.0, 0.0, 1.0, 1.0, 0.0, 0.0, 1.0, 1.0, 1.0, 1.0, 0.0, 0.0, 0.0, 0.0, 0.0, 0.0, 0.0, 0.0, 0.0, 0.0, 1.0, 1.0, 0.0, 0.0, 1.0, 1.0, 0.0, 0.0, 1.0, 1.0, 1.0, 1.0, 1.0, 1.0, 1.0, 1.0, 1.0, 1.0, 1.0, 1.0, 1.0, 1.0, 0.0, 0.0, 0.0, 0.0, 0.0, 0.0, 0.0, 0.0, 0.0, 0.0, 0.0, 0.0, 0.0, 0.0, 0.0, 0.0, 0.0, 0.0, 0.0, 0.0, 0.0, 0.0, 0.0, 0.0, 0.0, 0.0, 0.0, 0.0, 1.0, 1.0, 1.0, 1.0, 1.0, 1.0, 1.0, 1.0, 1.0, 1.0, 1.0, 1.0, 1.0, 1.0, 0.0, 0.0, 0.0, 0.0, 0.0, 0.0, 0.0, 0.0, 0.0, 0.0, 0.0, 0.0, 0.0, 0.0, 0.0, 0.0, 0.0, 0.0, 0.0, 0.0, 0.0, 0.0, 0.0, 0.0, 0.0, 0.0, 0.0, 0.0, 0.0]",NGS-nonramp,False
143,ENTm3,-0.4449038733974973,38.991880469318005,51.98917395909067,58.01471391962089,1.5,9,False,,,,,,,21,18,8.85885885885886,9.0,-33.0,-0.4449038733974973,-0.34760011849947736,0.0200362013551551,0.01595168873342126,-3745.361472253056,3513.839601627269,4393.74019310366,32.0,705.0,0.030338444700686366,10.225880382059058,14.525152290327393,6.64460610048595,OF1,NG,81.25,84.0909090909091,88.0,65.51724137931035,"[1.0, 1.0, 1.0, 1.0, 1.0, 1.0, 1.0, 1.0, 1.0, 1.0, 1.0, 1.0, 1.0, 1.0, 1.0, 1.0, 1.0, 1.0, 1.0, 1.0, 1.0, 1.0, 1.0, 1.0, 1.0, 1.0, 1.0, 1.0, 1.0, 1.0, 1.0, 1.0, 1.0, 1.0, 1.0, 0.0, 0.0, 0.0, 0.0, 1.0, 1.0, 1.0, 1.0, 0.0, 0.0, 0.0, 0.0, 1.0, 1.0, 1.0, 1.0, 1.0, 1.0, 1.0, 1.0, 1.0, 1.0, 1.0, 1.0, 0.0, 0.0, 1.0, 1.0, 0.0, 0.0, 1.0, 1.0, 0.0, 0.0, 0.0, 0.0, 0.0, 0.0, 1.0, 1.0, 0.0, 0.0, 1.0, 1.0, 1.0, 1.0, 1.0, 1.0, 0.0, 0.0, 0.0, 0.0, 0.0, 0.0, 0.0, 0.0, 0.0, 0.0, 0.0, 0.0, 0.0, 0.0, 0.0, 0.0, 0.0, 0.0, 0.0, 0.0, 0.0, 0.0, 0.0, 0.0, 0.0, 0.0, 0.0, 0.0, 0.0, 0.0, 0.0, 0.0, 0.0, 0.0, 1.0, 1.0, 1.0, 1.0, 1.0, 1.0, 1.0, 1.0, 1.0, 1.0, 1.0, 1.0, 1.0]",NGS-nonramp,False
145,ENTm3,-0.34710628607353533,29.03822200098965,38.71762933465286,35.4157970316845,1.5,9,False,,,,,,,21,18,8.85885885885886,23.0,-21.0,-0.34710628607353533,-0.5078201163422931,0.017090888892519522,0.019108705464416745,-3606.008418668044,4035.723892840256,4166.786256255192,282.0,375.0,0.044192708009046594,7.184911253269784,8.74141139325569,4.5724709148529605,OF2,NG,91.66666666666667,91.30434782608695,82.22222222222223,70.0,"[1.0, 1.0, 1.0, 1.0, 1.0, 1.0, 1.0, 1.0, 1.0, 1.0, 1.0, 1.0, 1.0, 1.0, 1.0, 1.0, 1.0, 1.0, 1.0, 1.0, 1.0, 1.0, 1.0, 1.0, 1.0, 1.0, 1.0, 1.0, 1.0, 1.0, 1.0, 0.0, 0.0, 0.0, 0.0, 0.0, 0.0, 0.0, 0.0, 1.0, 1.0, 0.0, 0.0, 0.0, 0.0, 0.0, 0.0, 0.0, 0.0, 0.0, 0.0, 1.0, 1.0, 0.0, 0.0, 0.0, 0.0, 0.0, 0.0, 0.0, 0.0, 0.0, 0.0, 0.0, 0.0, 0.0, 0.0, 0.0, 0.0, 0.0, 0.0, 0.0, 0.0, 0.0, 0.0, 0.0, 0.0, 0.0, 0.0, 0.0, 0.0, 0.0, 0.0, 0.0, 0.0, 0.0, 0.0, 0.0, 0.0, 0.0, 0.0, 0.0, 0.0, 0.0, 0.0, 0.0, 0.0, 0.0, 0.0, 0.0, 0.0, 0.0, 0.0, 0.0, 0.0, 0.0, 0.0, 0.0, 0.0, 0.0, 0.0, 0.0, 0.0, 0.0, 0.0, 0.0, 0.0, 0.0, 0.0, 0.0, 0.0, 0.0, 0.0, 0.0, 0.0, 0.0, 0.0, 0.0, 0.0, 0.0]",NGS-nonramp,False
146,ENTm3,-0.30805805344064535,34.81620018668728,46.42160024891638,0.9711992204053798,1.5,9,False,,,,,,,21,18,8.85885885885886,20.0,-41.0,-0.30805805344064535,-0.3638862102407998,0.03248865908002618,0.03538080328020227,-3606.008418668044,4035.723892840256,4166.786256255192,282.0,375.0,0.07438732082460761,4.755753035359078,5.917006816359069,2.715269076000987,OF1,NG,,100.0,84.21052631578948,76.05633802816901,"[0.0, 0.0, 0.0, 0.0, 0.0, 0.0, 0.0, 0.0, 0.0, 0.0, 0.0, 0.0, 0.0, 0.0, 0.0, 0.0, 0.0, 0.0, 0.0, 0.0, 0.0, 0.0, 0.0, 0.0, 0.0, 0.0, 0.0, 1.0, 1.0, 0.0, 0.0, 0.0, 0.0, 0.0, 0.0, 0.0, 0.0, 0.0, 0.0, 0.0, 0.0, 0.0, 0.0, 0.0, 0.0, 0.0, 0.0, 0.0, 0.0, 0.0, 0.0, 0.0, 0.0, 0.0, 0.0, 0.0, 0.0, 0.0, 0.0, 0.0, 0.0, 0.0, 0.0, 0.0, 0.0, 0.0, 0.0, 0.0, 0.0, 0.0, 0.0, 0.0, 0.0, 0.0, 0.0, 0.0, 0.0, 0.0, 0.0, 0.0, 0.0, 0.0, 0.0, 0.0, 0.0, 0.0, 0.0, 0.0, 0.0, 0.0, 0.0, 0.0, 0.0, 0.0, 0.0, 0.0, 0.0, 0.0, 0.0, 0.0, 0.0, 0.0, 0.0, 0.0, 0.0, 0.0, 0.0, 0.0, 0.0, 0.0, 0.0, 0.0, 0.0, 0.0, 0.0, 0.0, 0.0, 0.0, 0.0, 0.0, 0.0, 0.0, 0.0, 0.0, 0.0, 0.0, 0.0, 0.0, 0.0, 0.0]",NGS-nonramp,False
164,ENTm2,-0.3939945808423382,41.90638051063037,55.87517401417383,52.62564567558642,1.5,9,False,,,,,,,21,18,8.85885885885886,28.0,-39.0,-0.3939945808423382,-0.4625682918087604,0.14225577413690244,0.12387485154878713,-3605.899033985912,4230.277721768778,4179.969415369857,250.0,180.0,0.08443615211543437,2.542192127933001,2.805247600999063,2.567537111546853,OF1,NG,96.96969696969697,80.85106382978724,66.66666666666667,69.23076923076923,"[0.0, 0.0, 0.0, 0.0, 0.0, 0.0, 0.0, 0.0, 0.0, 0.0, 0.0, 1.0, 1.0, 1.0, 1.0, 1.0, 1.0, 1.0, 1.0, 1.0, 1.0, 1.0, 1.0, 1.0, 1.0, 1.0, 1.0, 1.0, 1.0, 1.0, 1.0, 1.0, 1.0, 1.0, 1.0, 1.0, 1.0, 1.0, 1.0, 1.0, 1.0, 1.0, 1.0, 1.0, 1.0, 1.0, 1.0, 1.0, 1.0, 1.0, 1.0, 1.0, 1.0, 1.0, 1.0, 1.0, 1.0, 0.0, 0.0, 1.0, 1.0, 1.0, 1.0, 1.0, 1.0, 1.0, 1.0, 1.0, 1.0, 0.0, 0.0, 1.0, 1.0, 1.0, 1.0, 1.0, 1.0, 1.0, 1.0, 1.0, 1.0, 1.0, 1.0, 1.0, 1.0, 0.0, 0.0, 0.0, 0.0, 0.0, 0.0, 0.0, 0.0, 0.0, 0.0, 0.0, 0.0, 0.0, 0.0, 1.0, 1.0, 1.0, 1.0, 1.0, 1.0, 1.0, 1.0, 1.0, 1.0, 0.0, 0.0, 0.0, 0.0, 0.0, 0.0, 0.0, 0.0, 0.0, 0.0, 0.0, 0.0, 0.0, 0.0, 0.0, 0.0, 0.0, 0.0, 0.0, 0.0, 0.0]",NGS-ramp,False
166,ENTm2,-0.722949946142604,40.92274183211053,54.56365577614737,12.177438116245161,1.5,9,False,,,,,,,21,18,8.85885885885886,-21.0,19.0,-0.722949946142604,-0.4737765810368906,0.2355268720861108,0.24114482939607718,-3605.899033985912,4230.277721768778,4179.969415369857,250.0,180.0,0.08869882709582623,1.2769262340623873,2.12225976465131,1.066891367354857,OF1,NG,84.31372549019608,78.78787878787878,83.33333333333333,57.142857142857146,"[0.0, 0.0, 0.0, 0.0, 0.0, 0.0, 0.0, 0.0, 0.0, 1.0, 1.0, 1.0, 1.0, 1.0, 1.0, 1.0, 1.0, 1.0, 1.0, 1.0, 1.0, 1.0, 1.0, 1.0, 1.0, 1.0, 1.0, 1.0, 1.0, 1.0, 1.0, 1.0, 1.0, 1.0, 1.0, 1.0, 1.0, 1.0, 1.0, 1.0, 1.0, 1.0, 1.0, 1.0, 1.0, 1.0, 1.0, 1.0, 1.0, 1.0, 1.0, 1.0, 1.0, 1.0, 1.0, 1.0, 1.0, 1.0, 1.0, 1.0, 1.0, 1.0, 1.0, 1.0, 1.0, 1.0, 1.0, 1.0, 1.0, 1.0, 1.0, 1.0, 1.0, 1.0, 1.0, 1.0, 1.0, 0.0, 0.0, 1.0, 1.0, 1.0, 1.0, 1.0, 1.0, 1.0, 1.0, 1.0, 1.0, 1.0, 1.0, 1.0, 1.0, 1.0, 1.0, 1.0, 1.0, 1.0, 1.0, 1.0, 1.0, 1.0, 1.0, 1.0, 1.0, 0.0, 0.0, 1.0, 1.0, 1.0, 1.0, 1.0, 1.0, 1.0, 1.0, 1.0, 1.0, 1.0, 1.0, 1.0, 1.0, 1.0, 1.0, 1.0, 1.0, 1.0, 1.0, 1.0, 1.0, 1.0]",NGS-nonramp,False
168,ENTm3,-0.4856767437276261,41.56010886724328,55.41347848965771,6.56702836410265,1.5,9,False,,,,,,,21,18,8.85885885885886,49.0,-35.0,-0.4856767437276261,-0.42713214355249285,0.11348160855120101,0.10146360487389551,-3605.915862398548,4200.346363472082,4177.941237044524,282.0,210.0,0.06243940724089639,3.514997652503825,4.180385305645575,2.919094756281691,OF1,NG,93.75,80.32786885245902,33.333333333333336,58.333333333333336,"[1.0, 1.0, 1.0, 1.0, 1.0, 1.0, 1.0, 1.0, 1.0, 1.0, 1.0, 1.0, 1.0, 1.0, 1.0, 1.0, 1.0, 1.0, 1.0, 1.0, 1.0, 1.0, 1.0, 1.0, 1.0, 1.0, 1.0, 1.0, 1.0, 1.0, 1.0, 1.0, 1.0, 1.0, 1.0, 1.0, 1.0, 1.0, 1.0, 1.0, 1.0, 1.0, 1.0, 1.0, 1.0, 1.0, 1.0, 1.0, 1.0, 1.0, 1.0, 1.0, 1.0, 1.0, 1.0, 1.0, 1.0, 1.0, 1.0, 1.0, 1.0, 1.0, 1.0, 1.0, 1.0, 1.0, 1.0, 1.0, 1.0, 1.0, 1.0, 1.0, 1.0, 1.0, 1.0, 1.0, 1.0, 1.0, 1.0, 1.0, 1.0, 1.0, 1.0, 1.0, 1.0, 1.0, 1.0, 1.0, 1.0, 1.0, 1.0, 1.0, 1.0, 1.0, 1.0, 1.0, 1.0, 1.0, 1.0, 1.0, 1.0, 1.0, 1.0, 1.0, 1.0, 1.0, 1.0, 1.0, 1.0, 0.0, 0.0, 0.0, 0.0, 0.0, 0.0, 0.0, 0.0, 0.0, 0.0, 0.0, 0.0, 0.0, 0.0, 0.0, 0.0, 0.0, 0.0, 0.0, 0.0, 0.0]",NGS-ramp,False
172,ENTm3,-0.36588574050150463,33.381581138040055,44.50877485072007,1.8056851776533815,1.5,9,False,,,,,,,21,18,8.85885885885886,8.0,-17.0,-0.36588574050150463,-0.36018488071769117,0.8042234769071182,0.7102349523374422,-3605.915862398548,4200.346363472082,4177.941237044524,282.0,210.0,0.05239844759293073,0.6672570183210835,1.0727906502632996,0.29379777893322195,OF1,NG,100.0,75.0,83.63636363636364,76.92307692307692,"[0.0, 0.0, 0.0, 0.0, 0.0, 0.0, 0.0, 0.0, 0.0, 0.0, 0.0, 0.0, 0.0, 1.0, 1.0, 0.0, 0.0, 1.0, 1.0, 1.0, 1.0, 0.0, 0.0, 0.0, 0.0, 0.0, 0.0, 0.0, 0.0, 0.0, 0.0, 0.0, 0.0, 0.0, 0.0, 0.0, 0.0, 0.0, 0.0, 0.0, 0.0, 0.0, 0.0, 0.0, 0.0, 0.0, 0.0, 0.0, 0.0, 0.0, 0.0, 0.0, 0.0, 0.0, 0.0, 0.0, 0.0, 0.0, 0.0, 0.0, 0.0, 0.0, 0.0, 0.0, 0.0, 0.0, 0.0, 0.0, 0.0, 0.0, 0.0, 0.0, 0.0, 0.0, 0.0, 0.0, 0.0, 0.0, 0.0, 0.0, 0.0, 0.0, 0.0, 0.0, 0.0, 0.0, 0.0, 0.0, 0.0, 0.0, 0.0, 0.0, 0.0, 0.0, 0.0, 0.0, 0.0, 0.0, 0.0, 0.0, 0.0, 0.0, 0.0, 1.0, 1.0, 1.0, 1.0, 0.0, 0.0, 0.0, 0.0, 0.0, 0.0, 0.0, 0.0, 0.0, 0.0, 0.0, 0.0, 0.0, 0.0, 0.0, 0.0, 0.0, 0.0, 0.0, 0.0, 0.0, 0.0, 0.0]",NGS-nonramp,False
175,ENTm3,0.021439692692442003,25.24483115039459,33.65977486719279,44.02779260696347,1.5,9,False,,,,,,,21,18,8.85885885885886,-29.0,12.0,0.021439692692442003,-0.0775166629081136,0.09954484033804638,0.08889917742232023,-3605.9242766048656,4185.380684323734,4176.927147881858,250.0,225.0,0.08711735240953394,3.913352948035028,4.979147909374228,2.4292466636179824,OF1,NG,96.42857142857143,86.48648648648648,72.41379310344827,66.66666666666667,"[1.0, 1.0, 1.0, 1.0, 1.0, 1.0, 1.0, 1.0, 1.0, 1.0, 1.0, 1.0, 1.0, 1.0, 1.0, 1.0, 1.0, 1.0, 1.0, 1.0, 1.0, 1.0, 1.0, 1.0, 1.0, 1.0, 1.0, 1.0, 1.0, 1.0, 1.0, 0.0, 0.0, 0.0, 0.0, 0.0, 0.0, 0.0, 0.0, 1.0, 1.0, 1.0, 1.0, 1.0, 1.0, 1.0, 1.0, 1.0, 1.0, 1.0, 1.0, 1.0, 1.0, 1.0, 1.0, 1.0, 1.0, 1.0, 1.0, 1.0, 1.0, 1.0, 1.0, 1.0, 1.0, 1.0, 1.0, 0.0, 0.0, 0.0, 0.0, 0.0, 0.0, 0.0, 0.0, 1.0, 1.0, 0.0, 0.0, 1.0, 1.0, 1.0, 1.0, 0.0, 0.0, 0.0, 0.0, 0.0, 0.0, 0.0, 0.0, 0.0, 0.0, 0.0, 0.0, 0.0, 0.0, 0.0, 0.0, 0.0, 0.0, 0.0, 0.0, 0.0, 0.0, 0.0, 0.0, 0.0, 0.0, 0.0, 0.0, 0.0, 0.0, 0.0, 0.0, 0.0, 0.0, 0.0, 0.0, 0.0, 0.0, 0.0, 0.0, 0.0, 0.0, 0.0, 0.0, 0.0, 0.0, 0.0]",NGS-nonramp,False
178,ENTm3,-0.909114935201406,51.90762750503603,69.21017000671472,24.292247978737105,1.5,9,False,,,,,,,21,18,8.85885885885886,-3.0,48.0,-0.909114935201406,-0.6706864745506709,0.06778043371326817,0.06841704280668336,-3605.941105017501,4155.449326027038,4174.898969556525,250.0,255.0,0.03189549807792163,3.402915606986981,3.577357020870242,2.8113503912286757,OF1,NG,91.30434782608695,78.78787878787878,79.41176470588235,75.0,"[0.0, 0.0, 0.0, 0.0, 0.0, 0.0, 0.0, 0.0, 0.0, 1.0, 1.0, 1.0, 1.0, 1.0, 1.0, 1.0, 1.0, 1.0, 1.0, 1.0, 1.0, 1.0, 1.0, 1.0, 1.0, 0.0, 0.0, 0.0, 0.0, 0.0, 0.0, 1.0, 1.0, 0.0, 0.0, 1.0, 1.0, 0.0, 0.0, 0.0, 0.0, 0.0, 0.0, 0.0, 0.0, 0.0, 0.0, 0.0, 0.0, 0.0, 0.0, 1.0, 1.0, 0.0, 0.0, 0.0, 0.0, 1.0, 1.0, 0.0, 0.0, 1.0, 1.0, 1.0, 1.0, 1.0, 1.0, 0.0, 0.0, 1.0, 1.0, 1.0, 1.0, 1.0, 1.0, 0.0, 0.0, 1.0, 1.0, 1.0, 1.0, 1.0, 1.0, 0.0, 0.0, 0.0, 0.0, 0.0, 0.0, 0.0, 0.0, 0.0, 0.0, 0.0, 0.0, 0.0, 0.0, 0.0, 0.0, 1.0, 1.0, 1.0, 1.0, 1.0, 1.0, 1.0, 1.0, 1.0, 1.0, 0.0, 0.0, 1.0, 1.0, 1.0, 1.0, 0.0, 0.0, 0.0, 0.0, 0.0, 0.0, 0.0, 0.0, 0.0, 0.0, 0.0, 0.0, 0.0, 0.0, 0.0]",NGS-nonramp,False
179,ENTm3,-0.5673685745514254,46.34550826582586,61.794011021101156,0.5964004562627601,1.5,9,False,,,,,,,21,18,8.85885885885886,13.0,-35.0,-0.5673685745514254,,0.5732086630821468,0.5262404736410095,-3605.932690811184,4170.415005175387,4175.913058719191,282.0,240.0,0.13969243631009753,2.0852971653165677,1.8424013341478407,2.6819460765000542,OF1,NG,85.71428571428571,76.38888888888889,0.0,100.0,"[1.0, 1.0, 1.0, 1.0, 1.0, 1.0, 1.0, 1.0, 1.0, 1.0, 1.0, 1.0, 1.0, 1.0, 1.0, 1.0, 1.0, 1.0, 1.0, 1.0, 1.0, 1.0, 1.0, 1.0, 1.0, 1.0, 1.0, 1.0, 1.0, 1.0, 1.0, 1.0, 1.0, 1.0, 1.0, 1.0, 1.0, 1.0, 1.0, 1.0, 1.0, 1.0, 1.0, 1.0, 1.0, 1.0, 1.0, 1.0, 1.0, 1.0, 1.0, 1.0, 1.0, 1.0, 1.0, 1.0, 1.0, 1.0, 1.0, 1.0, 1.0, 1.0, 1.0, 1.0, 1.0, 1.0, 1.0, 1.0, 1.0, 1.0, 1.0, 1.0, 1.0, 1.0, 1.0, 1.0, 1.0, 1.0, 1.0, 1.0, 1.0, 1.0, 1.0, 1.0, 1.0, 1.0, 1.0, 0.0, 0.0, 1.0, 1.0, 1.0, 1.0, 1.0, 1.0, 1.0, 1.0, 1.0, 1.0, 1.0, 1.0, 1.0, 1.0, 1.0, 1.0, 1.0, 1.0, 1.0, 1.0, 1.0, 1.0, 1.0, 1.0, 1.0, 1.0, 1.0, 1.0, 1.0, 1.0, 1.0, 1.0, 1.0, 1.0, 1.0, 1.0, 1.0, 1.0, 1.0, 1.0, 1.0]",NGS-nonramp,False
186,ENTm3,-0.2167957641007755,33.769558709441164,45.02607827925488,36.517642924932346,1.5,9,False,,,,,,,21,18,8.85885885885886,15.0,25.0,-0.2167957641007755,-0.36108313090171673,0.23817634159169815,0.26515699790609476,-3605.957933430137,4125.517967730343,4172.870791231192,282.0,285.0,0.033422509301632326,1.4484998111699128,1.3409883128291245,1.2462801813348772,OF1,NG,83.33333333333333,76.19047619047619,88.88888888888889,80.0,"[0.0, 0.0, 0.0, 0.0, 0.0, 0.0, 0.0, 0.0, 0.0, 0.0, 0.0, 1.0, 1.0, 1.0, 1.0, 1.0, 1.0, 1.0, 1.0, 1.0, 1.0, 1.0, 1.0, 1.0, 1.0, 1.0, 1.0, 1.0, 1.0, 1.0, 1.0, 0.0, 0.0, 1.0, 1.0, 1.0, 1.0, 0.0, 0.0, 0.0, 0.0, 1.0, 1.0, 1.0, 1.0, 1.0, 1.0, 1.0, 1.0, 1.0, 1.0, 1.0, 1.0, 1.0, 1.0, 1.0, 1.0, 1.0, 1.0, 1.0, 1.0, 1.0, 1.0, 1.0, 1.0, 1.0, 1.0, 1.0, 1.0, 0.0, 0.0, 1.0, 1.0, 1.0, 1.0, 1.0, 1.0, 1.0, 1.0, 1.0, 1.0, 1.0, 1.0, 1.0, 1.0, 1.0, 1.0, 1.0, 1.0, 1.0, 1.0, 1.0, 1.0, 1.0, 1.0, 1.0, 1.0, 1.0, 1.0, 1.0, 1.0, 1.0, 1.0, 1.0, 1.0, 1.0, 1.0, 1.0, 1.0, 1.0, 1.0, 1.0, 1.0, 1.0, 1.0, 1.0, 1.0, 1.0, 1.0, 1.0, 1.0, 1.0, 1.0, 1.0, 1.0, 1.0, 1.0, 1.0, 1.0, 1.0]",NGS-nonramp,False
187,ENTm3,-0.6756157253281213,30.739672086930575,40.98622944924077,0.6097274323537922,1.5,9,False,,,,,,,21,18,8.85885885885886,6.0,-24.0,-0.6756157253281213,-0.693086823811164,0.4050615709024407,0.3444088618274769,-3605.949519223819,4140.483646878691,4173.884880393858,282.0,270.0,0.06834053711697505,1.3392733591694217,1.5475504877245425,1.2285079149343798,OF1,NG,80.0,87.5,86.48648648648648,71.42857142857143,"[0.0, 0.0, 0.0, 0.0, 0.0, 0.0, 0.0, 0.0, 0.0, 1.0, 1.0, 0.0, 0.0, 0.0, 0.0, 1.0, 1.0, 1.0, 1.0, 1.0, 1.0, 0.0, 0.0, 0.0, 0.0, 0.0, 0.0, 1.0, 1.0, 0.0, 0.0, 0.0, 0.0, 0.0, 0.0, 0.0, 0.0, 0.0, 0.0, 0.0, 0.0, 0.0, 0.0, 0.0, 0.0, 0.0, 0.0, 1.0, 1.0, 1.0, 1.0, 0.0, 0.0, 1.0, 1.0, 0.0, 0.0, 0.0, 0.0, 0.0, 0.0, 0.0, 0.0, 0.0, 0.0, 0.0, 0.0, 0.0, 0.0, 0.0, 0.0, 0.0, 0.0, 0.0, 0.0, 0.0, 0.0, 0.0, 0.0, 0.0, 0.0, 0.0, 0.0, 0.0, 0.0, 0.0, 0.0, 1.0, 1.0, 1.0, 1.0, 1.0, 1.0, 1.0, 1.0, 1.0, 1.0, 1.0, 1.0, 1.0, 1.0, 1.0, 1.0, 0.0, 0.0, 0.0, 0.0, 1.0, 1.0, 1.0, 1.0, 1.0, 1.0, 0.0, 0.0, 1.0, 1.0, 1.0, 1.0, 1.0, 1.0, 0.0, 0.0, 0.0, 0.0, 0.0, 0.0, 0.0, 0.0, 0.0]",NGS-ramp,False
188,ENTm3,-0.4939914439265364,32.01494052081303,42.68658736108404,51.73601670824542,1.5,9,False,,,,,,,21,18,8.85885885885886,26.0,-33.0,-0.4939914439265364,-0.38561479198204374,0.3609474149439543,0.28756224128055163,-3605.957933430137,4125.517967730343,4172.870791231192,282.0,285.0,0.06564486808077473,2.488649749501388,2.5628702102951655,2.4892280627196612,OF1,NG,94.73684210526316,96.96969696969697,78.94736842105263,60.0,"[0.0, 0.0, 0.0, 0.0, 0.0, 0.0, 0.0, 0.0, 0.0, 0.0, 0.0, 1.0, 1.0, 1.0, 1.0, 1.0, 1.0, 1.0, 1.0, 1.0, 1.0, 1.0, 1.0, 1.0, 1.0, 1.0, 1.0, 0.0, 0.0, 0.0, 0.0, 0.0, 0.0, 1.0, 1.0, 1.0, 1.0, 1.0, 1.0, 1.0, 1.0, 1.0, 1.0, 1.0, 1.0, 1.0, 1.0, 1.0, 1.0, 1.0, 1.0, 1.0, 1.0, 1.0, 1.0, 1.0, 1.0, 0.0, 0.0, 0.0, 0.0, 0.0, 0.0, 0.0, 0.0, 0.0, 0.0, 0.0, 0.0, 0.0, 0.0, 0.0, 0.0, 0.0, 0.0, 0.0, 0.0, 0.0, 0.0, 0.0, 0.0, 1.0, 1.0, 1.0, 1.0, 1.0, 1.0, 1.0, 1.0, 1.0, 1.0, 1.0, 1.0, 0.0, 0.0, 0.0, 0.0, 0.0, 0.0, 0.0, 0.0, 0.0, 0.0, 0.0, 0.0, 0.0, 0.0, 0.0, 0.0, 0.0, 0.0, 0.0, 0.0, 0.0, 0.0, 0.0, 0.0, 0.0, 0.0, 0.0, 0.0, 0.0, 0.0, 0.0, 0.0, 0.0, 0.0, 0.0, 0.0, 0.0]",NGS-nonramp,False
196,ENTm3,-0.6785346733143245,34.94633895657564,46.59511860876752,8.138928927849847,1.5,9,False,,,,,,,21,18,8.85885885885886,-4.0,-39.0,-0.6785346733143245,-0.6190877789612315,0.04827083791324786,0.045940845462024,-3605.966347636455,4110.552288581995,4171.856702068525,282.0,300.0,0.07579876110176492,2.778492491411188,4.082101690171142,1.64337925872099,OF1,NG,40.0,62.5,88.46153846153847,78.46153846153847,"[0.0, 0.0, 0.0, 0.0, 0.0, 0.0, 0.0, 0.0, 0.0, 0.0, 0.0, 0.0, 0.0, 0.0, 0.0, 0.0, 0.0, 0.0, 0.0, 0.0, 0.0, 0.0, 0.0, 0.0, 0.0, 0.0, 0.0, 0.0, 0.0, 0.0, 0.0, 0.0, 0.0, 0.0, 0.0, 0.0, 0.0, 0.0, 0.0, 0.0, 0.0, 0.0, 0.0, 0.0, 0.0, 0.0, 0.0, 0.0, 0.0, 0.0, 0.0, 0.0, 0.0, 0.0, 0.0, 1.0, 1.0, 0.0, 0.0, 0.0, 0.0, 0.0, 0.0, 0.0, 0.0, 0.0, 0.0, 0.0, 0.0, 0.0, 0.0, 0.0, 0.0, 0.0, 0.0, 1.0, 1.0, 0.0, 0.0, 0.0, 0.0, 0.0, 0.0, 0.0, 0.0, 0.0, 0.0, 0.0, 0.0, 0.0, 0.0, 0.0, 0.0, 0.0, 0.0, 0.0, 0.0, 0.0, 0.0, 0.0, 0.0, 0.0, 0.0, 0.0, 0.0, 0.0, 0.0, 0.0, 0.0, 0.0, 0.0, 0.0, 0.0, 0.0, 0.0, 0.0, 0.0, 0.0, 0.0, 0.0, 0.0, 1.0, 1.0, 1.0, 1.0, 1.0, 1.0, 1.0, 1.0, 1.0]",NGS-nonramp,False
204,ENTm3,-0.36586507378608424,55.58683214238229,74.11577618984306,27.72085052652721,1.5,9,False,,,,,,,21,18,8.85885885885886,5.0,-50.0,-0.36586507378608424,-0.44297887262258423,0.15608689988771127,0.15694568052811247,-3605.9831760490906,4080.620930285299,4169.828523743192,282.0,330.0,0.09952832486343623,3.073570488100968,4.805069302305105,2.256522449538149,OF1,NG,84.21052631578948,78.87323943661971,,0.0,"[1.0, 1.0, 1.0, 1.0, 1.0, 1.0, 1.0, 1.0, 1.0, 1.0, 1.0, 1.0, 1.0, 1.0, 1.0, 1.0, 1.0, 1.0, 1.0, 1.0, 1.0, 1.0, 1.0, 1.0, 1.0, 1.0, 1.0, 1.0, 1.0, 1.0, 1.0, 1.0, 1.0, 1.0, 1.0, 1.0, 1.0, 1.0, 1.0, 1.0, 1.0, 1.0, 1.0, 1.0, 1.0, 1.0, 1.0, 1.0, 1.0, 1.0, 1.0, 1.0, 1.0, 1.0, 1.0, 1.0, 1.0, 1.0, 1.0, 1.0, 1.0, 1.0, 1.0, 1.0, 1.0, 1.0, 1.0, 0.0, 0.0, 1.0, 1.0, 1.0, 1.0, 1.0, 1.0, 1.0, 1.0, 1.0, 1.0, 1.0, 1.0, 1.0, 1.0, 1.0, 1.0, 1.0, 1.0, 1.0, 1.0, 1.0, 1.0, 1.0, 1.0, 1.0, 1.0, 1.0, 1.0, 1.0, 1.0, 1.0, 1.0, 1.0, 1.0, 1.0, 1.0, 1.0, 1.0, 1.0, 1.0, 1.0, 1.0, 1.0, 1.0, 1.0, 1.0, 1.0, 1.0, 1.0, 1.0, 1.0, 1.0, 1.0, 1.0, 1.0, 1.0, 1.0, 1.0, 1.0, 1.0, 1.0]",NGS-nonramp,False
205,ENTm3,-0.3743137489412476,34.99045689955978,46.65394253274637,9.387647391637334,1.5,9,False,,,,,,,21,18,8.85885885885886,33.0,-38.0,-0.3743137489412476,0.23527893837177943,0.06127759454377791,0.0761347723606141,-3605.9831760490906,4080.620930285299,4169.828523743192,282.0,330.0,0.01414182348687559,1.096547910279441,1.540887191760174,0.6825661064441017,OF2,NG,100.0,100.0,83.33333333333333,76.38888888888889,"[0.0, 0.0, 0.0, 0.0, 0.0, 0.0, 0.0, 0.0, 0.0, 0.0, 0.0, 0.0, 0.0, 0.0, 0.0, 0.0, 0.0, 0.0, 0.0, 0.0, 0.0, 0.0, 0.0, 0.0, 0.0, 0.0, 0.0, 0.0, 0.0, 0.0, 0.0, 0.0, 0.0, 0.0, 0.0, 0.0, 0.0, 0.0, 0.0, 0.0, 0.0, 0.0, 0.0, 1.0, 1.0, 1.0, 1.0, 0.0, 0.0, 0.0, 0.0, 0.0, 0.0, 0.0, 0.0, 0.0, 0.0, 0.0, 0.0, 0.0, 0.0, 0.0, 0.0, 0.0, 0.0, 0.0, 0.0, 0.0, 0.0, 0.0, 0.0, 0.0, 0.0, 0.0, 0.0, 0.0, 0.0, 0.0, 0.0, 0.0, 0.0, 0.0, 0.0, 0.0, 0.0, 0.0, 0.0, 0.0, 0.0, 0.0, 0.0, 0.0, 0.0, 0.0, 0.0, 0.0, 0.0, 0.0, 0.0, 0.0, 0.0, 0.0, 0.0, 0.0, 0.0, 0.0, 0.0, 0.0, 0.0, 0.0, 0.0, 0.0, 0.0, 0.0, 0.0, 0.0, 0.0, 0.0, 0.0, 0.0, 0.0, 0.0, 0.0, 0.0, 0.0, 0.0, 0.0, 0.0, 0.0, 0.0]",NGS-nonramp,False
210,ENTm3,-0.6378525271155351,37.07772893459465,49.43697191279287,15.810056805271818,1.5,9,False,,,,,,,21,18,8.85885885885886,1.0,42.0,-0.6378525271155351,-0.6731132099586215,0.5132684228325947,0.5279270644239259,-3605.991590255409,4065.655251136952,4168.814434580525,282.0,345.0,0.05969801301097072,0.5101993749216844,0.49558263734989383,0.4520820265626515,OF1,NG,88.23529411764706,79.03225806451613,50.0,63.63636363636363,"[1.0, 1.0, 1.0, 1.0, 1.0, 1.0, 1.0, 1.0, 1.0, 1.0, 1.0, 1.0, 1.0, 1.0, 1.0, 1.0, 1.0, 1.0, 1.0, 1.0, 1.0, 1.0, 1.0, 1.0, 1.0, 1.0, 1.0, 1.0, 1.0, 1.0, 1.0, 1.0, 1.0, 1.0, 1.0, 1.0, 1.0, 1.0, 1.0, 1.0, 1.0, 1.0, 1.0, 1.0, 1.0, 1.0, 1.0, 1.0, 1.0, 1.0, 1.0, 1.0, 1.0, 1.0, 1.0, 1.0, 1.0, 1.0, 1.0, 1.0, 1.0, 1.0, 1.0, 1.0, 1.0, 1.0, 1.0, 1.0, 1.0, 1.0, 1.0, 1.0, 1.0, 1.0, 1.0, 1.0, 1.0, 1.0, 1.0, 1.0, 1.0, 1.0, 1.0, 1.0, 1.0, 1.0, 1.0, 1.0, 1.0, 1.0, 1.0, 0.0, 0.0, 1.0, 1.0, 0.0, 0.0, 0.0, 0.0, 1.0, 1.0, 1.0, 1.0, 1.0, 1.0, 1.0, 1.0, 1.0, 1.0, 0.0, 0.0, 1.0, 1.0, 1.0, 1.0, 1.0, 1.0, 1.0, 1.0, 1.0, 1.0, 0.0, 0.0, 0.0, 0.0, 0.0, 0.0, 0.0, 0.0, 0.0]",NGS-nonramp,False
211,ENTm3,-0.642335463952743,35.75055946574916,47.66741262099888,0.22517457152415066,1.5,9,False,,,,,,,21,18,8.85885885885886,25.0,-15.0,-0.642335463952743,-0.640106575775758,0.18302299362201138,0.18970677154678453,-3605.991590255409,4065.655251136952,4168.814434580525,250.0,345.0,0.1004664414287398,2.199282939844313,2.8485590247674573,1.833875739201321,OF1,NG,100.0,89.47368421052632,77.5,72.22222222222223,"[0.0, 0.0, 0.0, 0.0, 0.0, 0.0, 0.0, 0.0, 0.0, 1.0, 1.0, 0.0, 0.0, 0.0, 0.0, 0.0, 0.0, 0.0, 0.0, 0.0, 0.0, 0.0, 0.0, 0.0, 0.0, 0.0, 0.0, 1.0, 1.0, 1.0, 1.0, 1.0, 1.0, 1.0, 1.0, 1.0, 1.0, 1.0, 1.0, 1.0, 1.0, 1.0, 1.0, 1.0, 1.0, 1.0, 1.0, 1.0, 1.0, 1.0, 1.0, 0.0, 0.0, 1.0, 1.0, 0.0, 0.0, 0.0, 0.0, 1.0, 1.0, 0.0, 0.0, 1.0, 1.0, 0.0, 0.0, 0.0, 0.0, 0.0, 0.0, 0.0, 0.0, 0.0, 0.0, 0.0, 0.0, 0.0, 0.0, 0.0, 0.0, 0.0, 0.0, 0.0, 0.0, 0.0, 0.0, 0.0, 0.0, 0.0, 0.0, 0.0, 0.0, 0.0, 0.0, 0.0, 0.0, 0.0, 0.0, 0.0, 0.0, 0.0, 0.0, 0.0, 0.0, 0.0, 0.0, 0.0, 0.0, 1.0, 1.0, 0.0, 0.0, 0.0, 0.0, 1.0, 1.0, 0.0, 0.0, 0.0, 0.0, 0.0, 0.0, 0.0, 0.0, 0.0, 0.0, 0.0, 0.0, 0.0]",NGS-nonramp,False
212,ENTm3,-0.41769883312622214,39.32244564325829,52.42992752434439,35.450103125179474,1.5,9,False,,,,,,,21,18,8.85885885885886,-39.0,-12.0,-0.41769883312622214,-0.41937626454629917,0.13591693558460938,0.1319294461599471,-3605.991590255409,4065.655251136952,4168.814434580525,250.0,345.0,0.03918454528998369,2.820374529651028,2.997650271970198,3.0579405875355765,OF1,NG,93.33333333333333,83.33333333333333,50.0,46.15384615384615,"[1.0, 1.0, 1.0, 1.0, 1.0, 1.0, 1.0, 1.0, 1.0, 1.0, 1.0, 1.0, 1.0, 1.0, 1.0, 1.0, 1.0, 1.0, 1.0, 1.0, 1.0, 1.0, 1.0, 1.0, 1.0, 1.0, 1.0, 1.0, 1.0, 1.0, 1.0, 1.0, 1.0, 1.0, 1.0, 1.0, 1.0, 1.0, 1.0, 1.0, 1.0, 1.0, 1.0, 1.0, 1.0, 1.0, 1.0, 1.0, 1.0, 1.0, 1.0, 1.0, 1.0, 1.0, 1.0, 1.0, 1.0, 1.0, 1.0, 1.0, 1.0, 1.0, 1.0, 1.0, 1.0, 1.0, 1.0, 1.0, 1.0, 1.0, 1.0, 1.0, 1.0, 1.0, 1.0, 1.0, 1.0, 1.0, 1.0, 1.0, 1.0, 1.0, 1.0, 1.0, 1.0, 1.0, 1.0, 1.0, 1.0, 1.0, 1.0, 1.0, 1.0, 1.0, 1.0, 0.0, 0.0, 0.0, 0.0, 0.0, 0.0, 0.0, 0.0, 0.0, 0.0, 0.0, 0.0, 1.0, 1.0, 1.0, 1.0, 1.0, 1.0, 1.0, 1.0, 1.0, 1.0, 0.0, 0.0, 0.0, 0.0, 0.0, 0.0, 0.0, 0.0, 0.0, 0.0, 0.0, 0.0, 0.0]",NGS-nonramp,False
216,ENTm3,-0.5849020272259948,32.83583430955188,43.78111241273584,25.313121652282206,1.5,9,False,,,,,,,21,18,8.85885885885886,28.0,-10.0,-0.5849020272259948,-0.36416639991504246,0.17429334555355083,0.14840150500196456,-3606.008418668044,4035.723892840256,4166.786256255192,282.0,375.0,0.0064269297892212305,5.612669056391254,1.2085553055373042,11.134324899911594,OF2,NG,84.21052631578948,76.71232876712328,,,"[1.0, 1.0, 1.0, 1.0, 1.0, 1.0, 1.0, 1.0, 1.0, 1.0, 1.0, 1.0, 1.0, 1.0, 1.0, 1.0, 1.0, 1.0, 1.0, 1.0, 1.0, 1.0, 1.0, 1.0, 1.0, 1.0, 1.0, 1.0, 1.0, 1.0, 1.0, 1.0, 1.0, 1.0, 1.0, 1.0, 1.0, 1.0, 1.0, 1.0, 1.0, 1.0, 1.0, 1.0, 1.0, 1.0, 1.0, 1.0, 1.0, 1.0, 1.0, 1.0, 1.0, 1.0, 1.0, 1.0, 1.0, 1.0, 1.0, 1.0, 1.0, 1.0, 1.0, 1.0, 1.0, 1.0, 1.0, 1.0, 1.0, 1.0, 1.0, 1.0, 1.0, 1.0, 1.0, 1.0, 1.0, 1.0, 1.0, 1.0, 1.0, 1.0, 1.0, 1.0, 1.0, 1.0, 1.0, 1.0, 1.0, 1.0, 1.0, 1.0, 1.0, 1.0, 1.0, 1.0, 1.0, 1.0, 1.0, 1.0, 1.0, 1.0, 1.0, 1.0, 1.0, 1.0, 1.0, 1.0, 1.0, 1.0, 1.0, 1.0, 1.0, 1.0, 1.0, 1.0, 1.0, 1.0, 1.0, 1.0, 1.0, 1.0, 1.0, 1.0, 1.0, 1.0, 1.0, 1.0, 1.0, 1.0]",NGS-nonramp,False
217,ENTm3,-0.5417285644628751,50.45790891021465,67.27721188028619,59.26047465792091,1.5,9,False,,,,,,,21,18,8.85885885885886,13.0,32.0,-0.5417285644628751,-0.36059398610586657,0.2355134283396268,0.22650693851601736,-3606.008418668044,4035.723892840256,4166.786256255192,282.0,375.0,0.05635437308871251,1.931333081559884,2.350477651430925,1.393456762463996,OF1,NG,92.0,80.0,28.571428571428573,50.0,"[1.0, 1.0, 1.0, 1.0, 1.0, 1.0, 1.0, 1.0, 1.0, 1.0, 1.0, 1.0, 1.0, 1.0, 1.0, 1.0, 1.0, 1.0, 1.0, 1.0, 1.0, 1.0, 1.0, 1.0, 1.0, 1.0, 1.0, 1.0, 1.0, 1.0, 1.0, 1.0, 1.0, 1.0, 1.0, 1.0, 1.0, 1.0, 1.0, 1.0, 1.0, 1.0, 1.0, 0.0, 0.0, 1.0, 1.0, 1.0, 1.0, 1.0, 1.0, 1.0, 1.0, 1.0, 1.0, 1.0, 1.0, 1.0, 1.0, 1.0, 1.0, 1.0, 1.0, 1.0, 1.0, 1.0, 1.0, 1.0, 1.0, 1.0, 1.0, 1.0, 1.0, 1.0, 1.0, 1.0, 1.0, 1.0, 1.0, 1.0, 1.0, 1.0, 1.0, 1.0, 1.0, 1.0, 1.0, 1.0, 1.0, 1.0, 1.0, 1.0, 1.0, 1.0, 1.0, 1.0, 1.0, 1.0, 1.0, 1.0, 1.0, 1.0, 1.0, 1.0, 1.0, 1.0, 1.0, 1.0, 1.0, 1.0, 1.0, 1.0, 1.0, 1.0, 1.0, 1.0, 1.0, 0.0, 0.0, 0.0, 0.0, 0.0, 0.0, 0.0, 0.0, 0.0, 0.0, 0.0, 0.0, 0.0]",NGS-nonramp,False
222,ENTm3,0.19212793444042653,47.17344086030232,62.89792114706977,10.449961032629645,1.5,9,False,,,,,,,21,18,8.85885885885886,32.0,11.0,0.19212793444042653,0.6087047501095915,0.015710243303609067,0.01330200743226367,-3606.008418668044,4035.723892840256,4166.786256255192,250.0,375.0,0.029309497003122277,13.965280091722931,13.70723271070118,13.511365530978116,OF1,NG,91.89189189189189,90.0,70.0,47.82608695652174,"[1.0, 1.0, 1.0, 1.0, 1.0, 1.0, 1.0, 1.0, 1.0, 1.0, 1.0, 1.0, 1.0, 1.0, 1.0, 1.0, 1.0, 1.0, 1.0, 1.0, 1.0, 1.0, 1.0, 1.0, 1.0, 1.0, 1.0, 1.0, 1.0, 1.0, 1.0, 1.0, 1.0, 1.0, 1.0, 1.0, 1.0, 1.0, 1.0, 1.0, 1.0, 1.0, 1.0, 1.0, 1.0, 1.0, 1.0, 1.0, 1.0, 1.0, 1.0, 1.0, 1.0, 1.0, 1.0, 0.0, 0.0, 0.0, 0.0, 0.0, 0.0, 0.0, 0.0, 0.0, 0.0, 0.0, 0.0, 0.0, 0.0, 0.0, 0.0, 0.0, 0.0, 0.0, 0.0, 1.0, 1.0, 1.0, 1.0, 1.0, 1.0, 1.0, 1.0, 1.0, 1.0, 1.0, 1.0, 1.0, 1.0, 1.0, 1.0, 1.0, 1.0, 1.0, 1.0, 1.0, 1.0, 1.0, 1.0, 1.0, 1.0, 1.0, 1.0, 0.0, 0.0, 0.0, 0.0, 1.0, 1.0, 0.0, 0.0, 0.0, 0.0, 0.0, 0.0, 0.0, 0.0, 1.0, 1.0, 0.0, 0.0, 0.0, 0.0, 0.0, 0.0, 0.0, 0.0, 0.0, 0.0, 0.0]",NGS-ramp,False
223,ENTm3,-0.37445375117756,33.77737987599443,45.0365065013259,53.864973355758146,1.5,9,False,,,,,,,21,18,8.85885885885886,18.0,-17.0,-0.37445375117756,-0.4924164075564912,0.02419847399073267,0.022593721531258475,-3606.02524708068,4005.79253454356,4164.758077929859,250.0,405.0,0.0168440717280843,8.014223203643883,8.921320384293635,7.807578783068496,OF1,NG,75.0,77.77777777777777,86.66666666666667,76.36363636363636,"[0.0, 0.0, 0.0, 0.0, 0.0, 0.0, 0.0, 0.0, 0.0, 0.0, 0.0, 0.0, 0.0, 0.0, 0.0, 0.0, 0.0, 1.0, 1.0, 1.0, 1.0, 0.0, 0.0, 1.0, 1.0, 0.0, 0.0, 0.0, 0.0, 0.0, 0.0, 0.0, 0.0, 0.0, 0.0, 0.0, 0.0, 1.0, 1.0, 1.0, 1.0, 1.0, 1.0, 1.0, 1.0, 0.0, 0.0, 0.0, 0.0, 1.0, 1.0, 0.0, 0.0, 0.0, 0.0, 0.0, 0.0, 0.0, 0.0, 0.0, 0.0, 0.0, 0.0, 0.0, 0.0, 0.0, 0.0, 1.0, 1.0, 1.0, 1.0, 0.0, 0.0, 0.0, 0.0, 0.0, 0.0, 0.0, 0.0, 0.0, 0.0, 0.0, 0.0, 0.0, 0.0, 0.0, 0.0, 0.0, 0.0, 0.0, 0.0, 0.0, 0.0, 0.0, 0.0, 0.0, 0.0, 0.0, 0.0, 0.0, 0.0, 0.0, 0.0, 0.0, 0.0, 0.0, 0.0, 0.0, 0.0, 0.0, 0.0, 1.0, 1.0, 1.0, 1.0, 1.0, 1.0, 1.0, 1.0, 1.0, 1.0, 0.0, 0.0, 0.0, 0.0, 0.0, 0.0, 0.0, 0.0, 0.0]",NGS-nonramp,False
224,ENTm3,-0.6264437795716831,53.55373482867043,71.40497977156056,39.9691827810382,1.5,9,False,,,,,,,21,18,8.85885885885886,1.0,-29.0,-0.6264437795716831,-0.19149877229888929,0.18854899212831733,0.21032004150747569,-3606.016832874362,4020.758213691908,4165.772167092526,282.0,390.0,0.01707204314623806,1.918006978483571,1.1294286659604305,2.5480986951713085,OF1,NG,95.23809523809524,80.43478260869566,53.333333333333336,70.37037037037037,"[0.0, 0.0, 0.0, 0.0, 0.0, 0.0, 0.0, 0.0, 0.0, 0.0, 0.0, 0.0, 0.0, 1.0, 1.0, 1.0, 1.0, 1.0, 1.0, 1.0, 1.0, 1.0, 1.0, 1.0, 1.0, 1.0, 1.0, 1.0, 1.0, 1.0, 1.0, 0.0, 0.0, 0.0, 0.0, 0.0, 0.0, 0.0, 0.0, 1.0, 1.0, 0.0, 0.0, 1.0, 1.0, 1.0, 1.0, 1.0, 1.0, 1.0, 1.0, 1.0, 1.0, 1.0, 1.0, 1.0, 1.0, 1.0, 1.0, 1.0, 1.0, 1.0, 1.0, 1.0, 1.0, 1.0, 1.0, 1.0, 1.0, 1.0, 1.0, 1.0, 1.0, 1.0, 1.0, 1.0, 1.0, 1.0, 1.0, 1.0, 1.0, 1.0, 1.0, 1.0, 1.0, 1.0, 1.0, 1.0, 1.0, 1.0, 1.0, 0.0, 0.0, 1.0, 1.0, 1.0, 1.0, 1.0, 1.0, 0.0, 0.0, 1.0, 1.0, 1.0, 1.0, 1.0, 1.0, 0.0, 0.0, 1.0, 1.0, 1.0, 1.0, 0.0, 0.0, 1.0, 1.0, 1.0, 1.0, 0.0, 0.0, 0.0, 0.0, 0.0, 0.0, 0.0, 0.0, 0.0, 0.0, 0.0]",NGS-ramp,False
226,ENTm3,-0.15260886797684237,30.884550150754777,41.179400201006366,30.604134342410553,1.5,9,False,,,,,,,21,18,8.85885885885886,4.0,-48.0,-0.15260886797684237,-0.2329270312453484,0.10614615129404353,0.09487104680056768,-3606.02524708068,4005.79253454356,4164.758077929859,282.0,405.0,0.029584430641229422,1.1455689323101623,1.680816407011909,0.5581602416406202,OF1,NG,100.0,75.0,83.63636363636364,76.81159420289855,"[0.0, 0.0, 0.0, 0.0, 0.0, 0.0, 0.0, 0.0, 0.0, 0.0, 0.0, 0.0, 0.0, 0.0, 0.0, 0.0, 0.0, 0.0, 0.0, 0.0, 0.0, 0.0, 0.0, 0.0, 0.0, 0.0, 0.0, 0.0, 0.0, 0.0, 0.0, 0.0, 0.0, 0.0, 0.0, 0.0, 0.0, 0.0, 0.0, 0.0, 0.0, 0.0, 0.0, 0.0, 0.0, 0.0, 0.0, 0.0, 0.0, 0.0, 0.0, 0.0, 0.0, 0.0, 0.0, 0.0, 0.0, 0.0, 0.0, 0.0, 0.0, 0.0, 0.0, 0.0, 0.0, 0.0, 0.0, 0.0, 0.0, 0.0, 0.0, 0.0, 0.0, 0.0, 0.0, 0.0, 0.0, 0.0, 0.0, 0.0, 0.0, 0.0, 0.0, 0.0, 0.0, 0.0, 0.0, 0.0, 0.0, 0.0, 0.0, 0.0, 0.0, 0.0, 0.0, 0.0, 0.0, 0.0, 0.0, 0.0, 0.0, 0.0, 0.0, 0.0, 0.0, 1.0, 1.0, 1.0, 1.0, 1.0, 1.0, 0.0, 0.0, 0.0, 0.0, 0.0, 0.0, 0.0, 0.0, 0.0, 0.0, 0.0, 0.0, 0.0, 0.0, 0.0, 0.0, 0.0, 0.0, 0.0]",NGS-nonramp,False
227,ENTm3,-0.00687304914224935,53.88585110834608,71.84780147779477,55.48683756024302,1.5,9,False,,,,,,,21,18,8.85885885885886,10.0,-17.0,-0.00687304914224935,-0.3409522927489149,0.15158223614691313,0.12858778318374758,-3606.016832874362,4020.758213691908,4165.772167092526,282.0,390.0,0.16069967251785666,2.49317110590228,2.8402299048119968,2.1237858348594343,OF1,NG,90.625,83.6734693877551,76.0,62.5,"[1.0, 1.0, 1.0, 1.0, 1.0, 1.0, 1.0, 1.0, 1.0, 1.0, 1.0, 1.0, 1.0, 1.0, 1.0, 1.0, 1.0, 1.0, 1.0, 1.0, 1.0, 1.0, 1.0, 1.0, 1.0, 1.0, 1.0, 1.0, 1.0, 1.0, 1.0, 1.0, 1.0, 1.0, 1.0, 1.0, 1.0, 1.0, 1.0, 1.0, 1.0, 1.0, 1.0, 1.0, 1.0, 1.0, 1.0, 1.0, 1.0, 1.0, 1.0, 1.0, 1.0, 0.0, 0.0, 0.0, 0.0, 1.0, 1.0, 0.0, 0.0, 0.0, 0.0, 0.0, 0.0, 0.0, 0.0, 0.0, 0.0, 0.0, 0.0, 0.0, 0.0, 0.0, 0.0, 0.0, 0.0, 0.0, 0.0, 1.0, 1.0, 1.0, 1.0, 0.0, 0.0, 0.0, 0.0, 0.0, 0.0, 0.0, 0.0, 1.0, 1.0, 0.0, 0.0, 1.0, 1.0, 1.0, 1.0, 1.0, 1.0, 1.0, 1.0, 1.0, 1.0, 1.0, 1.0, 0.0, 0.0, 1.0, 1.0, 0.0, 0.0, 1.0, 1.0, 1.0, 1.0, 1.0, 1.0, 0.0, 0.0, 0.0, 0.0, 0.0, 0.0, 0.0, 0.0, 0.0, 0.0, 0.0]",NGS-nonramp,False
228,ENTm3,-0.3480096139224211,49.892618708134165,66.52349161084557,6.291983151159497,1.5,9,False,,,,,,,21,18,8.85885885885886,35.0,-24.0,-0.3480096139224211,-0.4940030298750083,0.10387805776272856,0.07715631149289652,-3606.016832874362,4020.758213691908,4165.772167092526,282.0,390.0,0.032697402067209634,2.0136693612813867,1.6916442629540074,2.199317967061548,OF1,NG,83.01886792452831,81.15942028985508,100.0,0.0,"[1.0, 1.0, 1.0, 1.0, 1.0, 1.0, 1.0, 1.0, 1.0, 1.0, 1.0, 1.0, 1.0, 1.0, 1.0, 1.0, 1.0, 1.0, 1.0, 1.0, 1.0, 1.0, 1.0, 1.0, 1.0, 1.0, 1.0, 1.0, 1.0, 1.0, 1.0, 1.0, 1.0, 1.0, 1.0, 1.0, 1.0, 1.0, 1.0, 1.0, 1.0, 1.0, 1.0, 1.0, 1.0, 1.0, 1.0, 1.0, 1.0, 1.0, 1.0, 1.0, 1.0, 1.0, 1.0, 1.0, 1.0, 1.0, 1.0, 1.0, 1.0, 1.0, 1.0, 1.0, 1.0, 0.0, 0.0, 0.0, 0.0, 0.0, 0.0, 0.0, 0.0, 1.0, 1.0, 1.0, 1.0, 1.0, 1.0, 1.0, 1.0, 1.0, 1.0, 1.0, 1.0, 1.0, 1.0, 1.0, 1.0, 1.0, 1.0, 1.0, 1.0, 1.0, 1.0, 1.0, 1.0, 1.0, 1.0, 1.0, 1.0, 1.0, 1.0, 1.0, 1.0, 1.0, 1.0, 1.0, 1.0, 1.0, 1.0, 1.0, 1.0, 1.0, 1.0, 1.0, 1.0, 1.0, 1.0, 1.0, 1.0, 1.0, 1.0, 1.0, 1.0, 1.0, 1.0, 1.0, 1.0, 1.0]",NGS-ramp,False
229,ENTm3,-0.23437136147525017,35.38348394123182,47.1779785883091,26.910832309677293,1.5,9,False,,,,,,,21,18,8.85885885885886,-35.0,46.0,-0.23437136147525017,-0.05860622038262764,0.0748016884550104,0.06784229111570422,-3606.016832874362,4020.758213691908,4165.772167092526,250.0,390.0,0.01163227726847943,3.6515902090360295,3.1325820152486568,3.856026425582911,OF1,NG,87.5,86.79245283018868,76.47058823529412,50.0,"[1.0, 1.0, 1.0, 1.0, 1.0, 1.0, 1.0, 1.0, 1.0, 1.0, 1.0, 1.0, 1.0, 1.0, 1.0, 1.0, 1.0, 1.0, 1.0, 1.0, 1.0, 1.0, 1.0, 1.0, 1.0, 1.0, 1.0, 1.0, 1.0, 0.0, 0.0, 1.0, 1.0, 1.0, 1.0, 1.0, 1.0, 1.0, 1.0, 1.0, 1.0, 1.0, 1.0, 1.0, 1.0, 1.0, 1.0, 1.0, 1.0, 1.0, 1.0, 1.0, 1.0, 0.0, 0.0, 0.0, 0.0, 1.0, 1.0, 0.0, 0.0, 0.0, 0.0, 0.0, 0.0, 0.0, 0.0, 1.0, 1.0, 1.0, 1.0, 1.0, 1.0, 1.0, 1.0, 1.0, 1.0, 1.0, 1.0, 1.0, 1.0, 1.0, 1.0, 1.0, 1.0, 1.0, 1.0, 1.0, 1.0, 1.0, 1.0, 1.0, 1.0, 1.0, 1.0, 1.0, 1.0, 0.0, 0.0, 1.0, 1.0, 1.0, 1.0, 0.0, 0.0, 0.0, 0.0, 1.0, 1.0, 1.0, 1.0, 0.0, 0.0, 0.0, 0.0, 0.0, 0.0, 0.0, 0.0, 1.0, 1.0, 0.0, 0.0, 0.0, 0.0, 0.0, 0.0, 0.0, 0.0, 0.0]",NGS-ramp,False
230,ENTm3,-0.42279296041970715,51.789999959456985,69.05333327927598,33.61878923505448,1.5,9,False,,,,,,,21,18,8.85885885885886,13.0,-20.0,-0.42279296041970715,-0.42169490776345264,0.08490080190037722,0.0747210363879479,-3606.016832874362,4020.758213691908,4165.772167092526,250.0,390.0,0.09974903976730509,5.147445279352125,5.550525538318811,4.95013157586353,OF1,NG,82.22222222222223,80.32786885245902,91.66666666666667,58.333333333333336,"[1.0, 1.0, 1.0, 1.0, 1.0, 1.0, 1.0, 1.0, 1.0, 1.0, 1.0, 1.0, 1.0, 1.0, 1.0, 1.0, 1.0, 1.0, 1.0, 1.0, 1.0, 1.0, 1.0, 1.0, 1.0, 1.0, 1.0, 1.0, 1.0, 1.0, 1.0, 1.0, 1.0, 1.0, 1.0, 1.0, 1.0, 1.0, 1.0, 1.0, 1.0, 1.0, 1.0, 1.0, 1.0, 1.0, 1.0, 1.0, 1.0, 1.0, 1.0, 1.0, 1.0, 1.0, 1.0, 1.0, 1.0, 1.0, 1.0, 1.0, 1.0, 1.0, 1.0, 1.0, 1.0, 1.0, 1.0, 1.0, 1.0, 0.0, 0.0, 0.0, 0.0, 0.0, 0.0, 1.0, 1.0, 1.0, 1.0, 1.0, 1.0, 1.0, 1.0, 1.0, 1.0, 1.0, 1.0, 1.0, 1.0, 1.0, 1.0, 0.0, 0.0, 0.0, 0.0, 0.0, 0.0, 1.0, 1.0, 0.0, 0.0, 0.0, 0.0, 0.0, 0.0, 0.0, 0.0, 1.0, 1.0, 0.0, 0.0, 0.0, 0.0, 1.0, 1.0, 1.0, 1.0, 1.0, 1.0, 1.0, 1.0, 1.0, 1.0, 1.0, 1.0, 1.0, 1.0, 1.0, 1.0, 1.0]",NGS-nonramp,False
231,ENTm3,-0.570321503178191,56.91125853578921,75.88167804771895,36.38400347109697,1.5,9,False,,,,,,,21,18,8.85885885885886,14.0,-43.0,-0.570321503178191,-0.6226957878685534,0.04498272902084509,0.03906021442995397,-3606.02524708068,4005.79253454356,4164.758077929859,282.0,405.0,0.10608058928565303,14.302478092778916,17.75185336107275,9.45540110838961,OF1,NG,88.88888888888889,88.88888888888889,80.0,64.86486486486487,"[1.0, 1.0, 1.0, 1.0, 1.0, 1.0, 1.0, 1.0, 1.0, 1.0, 1.0, 1.0, 1.0, 1.0, 1.0, 0.0, 0.0, 0.0, 0.0, 0.0, 0.0, 1.0, 1.0, 1.0, 1.0, 1.0, 1.0, 1.0, 1.0, 1.0, 1.0, 1.0, 1.0, 1.0, 1.0, 1.0, 1.0, 1.0, 1.0, 1.0, 1.0, 1.0, 1.0, 1.0, 1.0, 1.0, 1.0, 1.0, 1.0, 1.0, 1.0, 1.0, 1.0, 1.0, 1.0, 0.0, 0.0, 0.0, 0.0, 1.0, 1.0, 1.0, 1.0, 0.0, 0.0, 0.0, 0.0, 0.0, 0.0, 0.0, 0.0, 0.0, 0.0, 0.0, 0.0, 0.0, 0.0, 0.0, 0.0, 0.0, 0.0, 0.0, 0.0, 0.0, 0.0, 0.0, 0.0, 0.0, 0.0, 0.0, 0.0, 0.0, 0.0, 0.0, 0.0, 0.0, 0.0, 0.0, 0.0, 0.0, 0.0, 0.0, 0.0, 0.0, 0.0, 0.0, 0.0, 1.0, 1.0, 1.0, 1.0, 0.0, 0.0, 0.0, 0.0, 1.0, 1.0, 1.0, 1.0, 1.0, 1.0, 0.0, 0.0, 0.0, 0.0, 0.0, 0.0, 0.0, 0.0, 0.0]",NGS-nonramp,False
232,ENTm3,-0.5196496982494279,31.32538282770575,41.767177103607665,45.624792468486525,1.5,9,False,,,,,,,21,18,8.85885885885886,19.0,-47.0,-0.5196496982494279,-0.17788818064484943,0.016780336464220506,0.011697125174506768,-3606.042075493315,3975.861176246864,4162.729899604526,282.0,435.0,0.032858909245246266,15.79809519696865,17.589435521941276,13.276993767821557,OF1,NG,85.41666666666667,77.77777777777777,77.77777777777777,73.6842105263158,"[1.0, 1.0, 1.0, 1.0, 1.0, 1.0, 1.0, 1.0, 1.0, 0.0, 0.0, 0.0, 0.0, 0.0, 0.0, 1.0, 1.0, 1.0, 1.0, 1.0, 1.0, 1.0, 1.0, 1.0, 1.0, 1.0, 1.0, 1.0, 1.0, 1.0, 1.0, 0.0, 0.0, 1.0, 1.0, 0.0, 0.0, 0.0, 0.0, 1.0, 1.0, 1.0, 1.0, 1.0, 1.0, 1.0, 1.0, 1.0, 1.0, 1.0, 1.0, 1.0, 1.0, 1.0, 1.0, 0.0, 0.0, 1.0, 1.0, 0.0, 0.0, 1.0, 1.0, 1.0, 1.0, 1.0, 1.0, 1.0, 1.0, 1.0, 1.0, 1.0, 1.0, 1.0, 1.0, 1.0, 1.0, 1.0, 1.0, 1.0, 1.0, 1.0, 1.0, 1.0, 1.0, 1.0, 1.0, 1.0, 1.0, 1.0, 1.0, 1.0, 1.0, 1.0, 1.0, 1.0, 1.0, 0.0, 0.0, 0.0, 0.0, 0.0, 0.0, 0.0, 0.0, 0.0, 0.0, 1.0, 1.0, 1.0, 1.0, 1.0, 1.0, 0.0, 0.0, 1.0, 1.0, 1.0, 1.0, 1.0, 1.0, 1.0, 1.0, 1.0, 1.0, 1.0, 1.0, 1.0, 1.0, 1.0]",NGS-nonramp,False
233,ENTm3,0.18144020534953692,19.015556155539556,25.354074874052742,38.90909396076262,1.5,9,False,,,,,,,21,18,8.85885885885886,-6.0,-15.0,0.18144020534953692,-0.39106464859814555,0.11898393128262445,0.12149034913676617,-3606.033661286998,3990.826855395212,4163.743988767193,250.0,420.0,-0.010078829733703165,0.6663051538156326,0.8045929876974747,0.5503848750904026,OF2,NG,80.0,66.66666666666667,84.61538461538461,77.14285714285714,"[0.0, 0.0, 0.0, 0.0, 0.0, 0.0, 0.0, 0.0, 0.0, 0.0, 0.0, 0.0, 0.0, 0.0, 0.0, 1.0, 1.0, 0.0, 0.0, 0.0, 0.0, 0.0, 0.0, 0.0, 0.0, 0.0, 0.0, 0.0, 0.0, 0.0, 0.0, 0.0, 0.0, 0.0, 0.0, 0.0, 0.0, 0.0, 0.0, 0.0, 0.0, 0.0, 0.0, 0.0, 0.0, 0.0, 0.0, 0.0, 0.0, 0.0, 0.0, 0.0, 0.0, 0.0, 0.0, 0.0, 0.0, 0.0, 0.0, 0.0, 0.0, 0.0, 0.0, 0.0, 0.0, 0.0, 0.0, 0.0, 0.0, 0.0, 0.0, 0.0, 0.0, 1.0, 1.0, 0.0, 0.0, 0.0, 0.0, 0.0, 0.0, 0.0, 0.0, 0.0, 0.0, 0.0, 0.0, 0.0, 0.0, 0.0, 0.0, 0.0, 0.0, 0.0, 0.0, 0.0, 0.0, 0.0, 0.0, 0.0, 0.0, 1.0, 1.0, 0.0, 0.0, 1.0, 1.0, 0.0, 0.0, 0.0, 0.0, 0.0, 0.0, 0.0, 0.0, 0.0, 0.0, 0.0, 0.0, 0.0, 0.0, 0.0, 0.0, 0.0, 0.0, 0.0, 0.0, 0.0, 0.0, 0.0]",NGS-nonramp,False
234,ENTm3,-0.5274263256639049,53.287776400127456,71.05036853350327,45.69923437393005,1.5,9,False,,,,,,,21,18,8.85885885885886,-2.0,-47.0,-0.5274263256639049,-0.2804787110127487,0.25397885285101646,0.2534639080370463,-3606.042075493315,3975.861176246864,4162.729899604526,250.0,435.0,0.046461802971238066,1.8387642584047832,2.245530739992124,1.411784412189509,OF1,NG,85.0,79.62962962962963,82.3529411764706,68.42105263157895,"[1.0, 1.0, 1.0, 1.0, 1.0, 1.0, 1.0, 1.0, 1.0, 1.0, 1.0, 1.0, 1.0, 1.0, 1.0, 1.0, 1.0, 1.0, 1.0, 1.0, 1.0, 1.0, 1.0, 1.0, 1.0, 1.0, 1.0, 1.0, 1.0, 1.0, 1.0, 1.0, 1.0, 1.0, 1.0, 1.0, 1.0, 1.0, 1.0, 0.0, 0.0, 0.0, 0.0, 0.0, 0.0, 0.0, 0.0, 0.0, 0.0, 0.0, 0.0, 0.0, 0.0, 0.0, 0.0, 0.0, 0.0, 0.0, 0.0, 0.0, 0.0, 1.0, 1.0, 1.0, 1.0, 0.0, 0.0, 0.0, 0.0, 1.0, 1.0, 1.0, 1.0, 1.0, 1.0, 0.0, 0.0, 1.0, 1.0, 1.0, 1.0, 1.0, 1.0, 1.0, 1.0, 1.0, 1.0, 1.0, 1.0, 1.0, 1.0, 1.0, 1.0, 1.0, 1.0, 1.0, 1.0, 1.0, 1.0, 1.0, 1.0, 1.0, 1.0, 1.0, 1.0, 1.0, 1.0, 1.0, 1.0, 1.0, 1.0, 1.0, 1.0, 0.0, 0.0, 0.0, 0.0, 0.0, 0.0, 0.0, 0.0, 1.0, 1.0, 1.0, 1.0, 1.0, 1.0, 1.0, 1.0, 1.0]",NGS-nonramp,False
235,ENTm3,-0.1378385182512099,42.71229692278421,56.94972923037895,7.847011932563893,1.5,9,False,,,,,,,21,18,8.85885885885886,9.0,-16.0,-0.1378385182512099,-0.5840315763128279,0.018617415790763307,0.01524052137343679,-3606.033661286998,3990.826855395212,4163.743988767193,250.0,420.0,0.07055444637975875,16.734729870332337,17.7526862730683,15.139749439923687,OF1,NG,83.33333333333333,74.13793103448276,86.66666666666667,86.66666666666667,"[1.0, 1.0, 1.0, 1.0, 1.0, 1.0, 1.0, 1.0, 1.0, 1.0, 1.0, 1.0, 1.0, 1.0, 1.0, 1.0, 1.0, 1.0, 1.0, 1.0, 1.0, 0.0, 0.0, 1.0, 1.0, 1.0, 1.0, 1.0, 1.0, 0.0, 0.0, 1.0, 1.0, 1.0, 1.0, 1.0, 1.0, 1.0, 1.0, 1.0, 1.0, 1.0, 1.0, 1.0, 1.0, 1.0, 1.0, 1.0, 1.0, 1.0, 1.0, 1.0, 1.0, 1.0, 1.0, 0.0, 0.0, 0.0, 0.0, 1.0, 1.0, 0.0, 0.0, 1.0, 1.0, 1.0, 1.0, 1.0, 1.0, 1.0, 1.0, 1.0, 1.0, 1.0, 1.0, 1.0, 1.0, 1.0, 1.0, 0.0, 0.0, 1.0, 1.0, 1.0, 1.0, 0.0, 0.0, 0.0, 0.0, 0.0, 0.0, 0.0, 0.0, 0.0, 0.0, 0.0, 0.0, 0.0, 0.0, 0.0, 0.0, 0.0, 0.0, 1.0, 1.0, 1.0, 1.0, 1.0, 1.0, 1.0, 1.0, 1.0, 1.0, 1.0, 1.0, 1.0, 1.0, 1.0, 1.0, 1.0, 1.0, 1.0, 1.0, 1.0, 1.0, 1.0, 1.0, 1.0, 1.0, 1.0]",NGS-nonramp,False
238,ENTm3,-0.32376866979675933,25.259938379408283,33.67991783921104,15.643640340142493,1.5,9,False,,,,,,,21,18,8.85885885885886,-3.0,49.0,-0.32376866979675933,0.17182396276630377,0.03365317562529368,0.03793571690903597,-3606.058903905951,3945.929817950168,4160.7017212791925,250.0,465.0,0.03216267973879488,4.0918275428070725,3.8963623151643754,3.676637611602891,OF2,NG,76.92307692307692,76.19047619047619,100.0,80.0,"[1.0, 1.0, 1.0, 1.0, 1.0, 1.0, 1.0, 1.0, 1.0, 1.0, 1.0, 1.0, 1.0, 1.0, 1.0, 0.0, 0.0, 1.0, 1.0, 1.0, 1.0, 1.0, 1.0, 0.0, 0.0, 1.0, 1.0, 1.0, 1.0, 0.0, 0.0, 1.0, 1.0, 0.0, 0.0, 1.0, 1.0, 1.0, 1.0, 0.0, 0.0, 1.0, 1.0, 0.0, 0.0, 0.0, 0.0, 1.0, 1.0, 1.0, 1.0, 1.0, 1.0, 1.0, 1.0, 1.0, 1.0, 1.0, 1.0, 0.0, 0.0, 0.0, 0.0, 0.0, 0.0, 1.0, 1.0, 1.0, 1.0, 0.0, 0.0, 1.0, 1.0, 1.0, 1.0, 1.0, 1.0, 1.0, 1.0, 0.0, 0.0, 1.0, 1.0, 1.0, 1.0, 1.0, 1.0, 1.0, 1.0, 1.0, 1.0, 1.0, 1.0, 0.0, 0.0, 1.0, 1.0, 0.0, 0.0, 1.0, 1.0, 1.0, 1.0, 1.0, 1.0, 1.0, 1.0, 1.0, 1.0, 1.0, 1.0, 1.0, 1.0, 1.0, 1.0, 1.0, 1.0, 1.0, 1.0, 1.0, 1.0, 1.0, 1.0, 1.0, 1.0, 1.0, 1.0, 1.0, 1.0, 1.0]",NGS-ramp,False
239,ENTm3,-0.2859931859376561,54.95502508239858,73.27336677653143,29.734924569913616,1.5,9,False,,,,,,,21,18,8.85885885885886,-12.0,-21.0,-0.2859931859376561,-0.3350737194861054,0.1941491582460738,0.1462395750133861,-3606.050489699633,3960.895497098517,4161.71581044186,250.0,450.0,0.06809489161815255,2.549569077850246,2.6095132820457434,2.4864511460945833,OF1,NG,93.33333333333333,77.14285714285714,74.07407407407408,76.3157894736842,"[1.0, 1.0, 1.0, 1.0, 1.0, 1.0, 1.0, 1.0, 1.0, 1.0, 1.0, 1.0, 1.0, 1.0, 1.0, 1.0, 1.0, 1.0, 1.0, 1.0, 1.0, 1.0, 1.0, 0.0, 0.0, 0.0, 0.0, 1.0, 1.0, 1.0, 1.0, 0.0, 0.0, 0.0, 0.0, 0.0, 0.0, 0.0, 0.0, 0.0, 0.0, 0.0, 0.0, 0.0, 0.0, 1.0, 1.0, 1.0, 1.0, 1.0, 1.0, 0.0, 0.0, 1.0, 1.0, 1.0, 1.0, 1.0, 1.0, 1.0, 1.0, 1.0, 1.0, 1.0, 1.0, 0.0, 0.0, 0.0, 0.0, 0.0, 0.0, 1.0, 1.0, 0.0, 0.0, 0.0, 0.0, 1.0, 1.0, 0.0, 0.0, 0.0, 0.0, 0.0, 0.0, 0.0, 0.0, 0.0, 0.0, 1.0, 1.0, 1.0, 1.0, 1.0, 1.0, 1.0, 1.0, 1.0, 1.0, 1.0, 1.0, 1.0, 1.0, 1.0, 1.0, 0.0, 0.0, 0.0, 0.0, 0.0, 0.0, 0.0, 0.0, 0.0, 0.0, 0.0, 0.0, 0.0, 0.0, 0.0, 0.0, 0.0, 0.0, 0.0, 0.0, 0.0, 0.0, 0.0, 0.0, 0.0]",NGS-nonramp,False
240,ENTm3,-0.5829680616890591,57.21728744046619,76.28971658728824,50.85898864961813,1.5,9,False,,,,,,,21,18,8.85885885885886,5.0,48.0,-0.5829680616890591,-0.3902071119745799,0.29103256217402707,0.264010058659332,-3606.058903905951,3945.929817950168,4160.7017212791925,282.0,465.0,0.09726806242991456,3.696089874665859,2.5528752663486127,4.889594793436835,OF1,NG,85.41666666666667,78.125,77.77777777777777,66.66666666666667,"[1.0, 1.0, 1.0, 1.0, 1.0, 1.0, 1.0, 1.0, 1.0, 1.0, 1.0, 1.0, 1.0, 1.0, 1.0, 1.0, 1.0, 1.0, 1.0, 1.0, 1.0, 1.0, 1.0, 1.0, 1.0, 1.0, 1.0, 1.0, 1.0, 1.0, 1.0, 1.0, 1.0, 1.0, 1.0, 1.0, 1.0, 1.0, 1.0, 1.0, 1.0, 1.0, 1.0, 1.0, 1.0, 1.0, 1.0, 1.0, 1.0, 1.0, 1.0, 1.0, 1.0, 1.0, 1.0, 1.0, 1.0, 1.0, 1.0, 1.0, 1.0, 1.0, 1.0, 1.0, 1.0, 1.0, 1.0, 1.0, 1.0, 1.0, 1.0, 1.0, 1.0, 1.0, 1.0, 1.0, 1.0, 0.0, 0.0, 0.0, 0.0, 1.0, 1.0, 1.0, 1.0, 1.0, 1.0, 1.0, 1.0, 1.0, 1.0, 1.0, 1.0, 1.0, 1.0, 1.0, 1.0, 1.0, 1.0, 1.0, 1.0, 0.0, 0.0, 0.0, 0.0, 0.0, 0.0, 0.0, 0.0, 0.0, 0.0, 0.0, 0.0, 0.0, 0.0, 1.0, 1.0, 1.0, 1.0, 1.0, 1.0, 1.0, 1.0, 1.0, 1.0, 1.0, 1.0, 1.0, 1.0, 1.0]",NGS-nonramp,False
243,ENTm3,-0.5217201314359075,43.631557406133616,58.17540987484482,17.26975818308617,1.5,9,False,,,,,,,21,18,8.85885885885886,8.0,-50.0,-0.5217201314359075,-0.2919555749768414,0.2062158556087794,0.1700567614871635,-3606.058903905951,3945.929817950168,4160.7017212791925,250.0,465.0,0.10491723054446693,4.053752962589036,4.828390838180394,2.9768546220833074,OF1,NG,94.87179487179488,84.61538461538461,61.111111111111114,57.142857142857146,"[1.0, 1.0, 1.0, 1.0, 1.0, 1.0, 1.0, 1.0, 1.0, 1.0, 1.0, 1.0, 1.0, 1.0, 1.0, 1.0, 1.0, 1.0, 1.0, 1.0, 1.0, 1.0, 1.0, 1.0, 1.0, 1.0, 1.0, 1.0, 1.0, 1.0, 1.0, 1.0, 1.0, 1.0, 1.0, 1.0, 1.0, 1.0, 1.0, 1.0, 1.0, 1.0, 1.0, 1.0, 1.0, 1.0, 1.0, 1.0, 1.0, 1.0, 1.0, 1.0, 1.0, 1.0, 1.0, 1.0, 1.0, 1.0, 1.0, 1.0, 1.0, 1.0, 1.0, 0.0, 0.0, 0.0, 0.0, 1.0, 1.0, 1.0, 1.0, 0.0, 0.0, 0.0, 0.0, 0.0, 0.0, 0.0, 0.0, 1.0, 1.0, 1.0, 1.0, 1.0, 1.0, 0.0, 0.0, 0.0, 0.0, 0.0, 0.0, 0.0, 0.0, 1.0, 1.0, 1.0, 1.0, 1.0, 1.0, 1.0, 1.0, 1.0, 1.0, 1.0, 1.0, 1.0, 1.0, 1.0, 1.0, 1.0, 1.0, 0.0, 0.0, 0.0, 0.0, 0.0, 0.0, 0.0, 0.0, 0.0, 0.0, 0.0, 0.0, 0.0, 0.0, 0.0, 0.0, 0.0, 0.0, 0.0]",NGS-nonramp,False
244,ENTm3,-0.4965868305760216,43.91001047903746,58.54668063871661,17.488932467597476,1.5,9,False,,,,,,,21,18,8.85885885885886,26.0,-11.0,-0.4965868305760216,-0.6194782097041036,0.01463776437760771,0.014946459994987227,-3606.050489699633,3960.895497098517,4161.71581044186,282.0,450.0,0.034443227634424096,10.03479358258979,12.469525485319766,8.028065963099666,OF1,NG,92.3076923076923,91.66666666666667,81.81818181818181,69.38775510204081,"[1.0, 1.0, 1.0, 1.0, 1.0, 1.0, 1.0, 1.0, 1.0, 1.0, 1.0, 1.0, 1.0, 1.0, 1.0, 1.0, 1.0, 1.0, 1.0, 1.0, 1.0, 1.0, 1.0, 1.0, 1.0, 1.0, 1.0, 1.0, 1.0, 1.0, 1.0, 1.0, 1.0, 1.0, 1.0, 1.0, 1.0, 0.0, 0.0, 0.0, 0.0, 0.0, 0.0, 0.0, 0.0, 0.0, 0.0, 0.0, 0.0, 0.0, 0.0, 0.0, 0.0, 0.0, 0.0, 0.0, 0.0, 0.0, 0.0, 0.0, 0.0, 0.0, 0.0, 0.0, 0.0, 0.0, 0.0, 0.0, 0.0, 0.0, 0.0, 0.0, 0.0, 0.0, 0.0, 0.0, 0.0, 0.0, 0.0, 0.0, 0.0, 0.0, 0.0, 0.0, 0.0, 0.0, 0.0, 0.0, 0.0, 0.0, 0.0, 0.0, 0.0, 0.0, 0.0, 0.0, 0.0, 0.0, 0.0, 0.0, 0.0, 0.0, 0.0, 0.0, 0.0, 0.0, 0.0, 0.0, 0.0, 0.0, 0.0, 0.0, 0.0, 0.0, 0.0, 0.0, 0.0, 0.0, 0.0, 0.0, 0.0, 0.0, 0.0, 0.0, 0.0, 0.0, 0.0, 0.0, 0.0, 0.0]",NGS-nonramp,False
245,ENTm3,-0.2854956325107464,51.90583640154452,69.20778186872603,54.18273127200993,1.5,9,False,,,,,,,21,18,8.85885885885886,4.0,-30.0,-0.2854956325107464,-0.40996999914452253,0.22672475029133085,0.21056998602602908,-3606.067318112269,3930.964138801821,4159.687632116526,282.0,480.0,0.05106308920170238,2.9631542054686637,2.0647888369586336,3.8843509751587035,OF1,NG,83.01886792452831,81.15942028985508,100.0,0.0,"[1.0, 1.0, 1.0, 1.0, 1.0, 1.0, 1.0, 1.0, 1.0, 1.0, 1.0, 1.0, 1.0, 1.0, 1.0, 1.0, 1.0, 1.0, 1.0, 1.0, 1.0, 1.0, 1.0, 1.0, 1.0, 1.0, 1.0, 1.0, 1.0, 1.0, 1.0, 1.0, 1.0, 1.0, 1.0, 1.0, 1.0, 1.0, 1.0, 1.0, 1.0, 1.0, 1.0, 1.0, 1.0, 1.0, 1.0, 1.0, 1.0, 1.0, 1.0, 1.0, 1.0, 1.0, 1.0, 1.0, 1.0, 1.0, 1.0, 1.0, 1.0, 1.0, 1.0, 0.0, 0.0, 0.0, 0.0, 0.0, 0.0, 0.0, 0.0, 1.0, 1.0, 1.0, 1.0, 1.0, 1.0, 1.0, 1.0, 1.0, 1.0, 1.0, 1.0, 1.0, 1.0, 1.0, 1.0, 1.0, 1.0, 1.0, 1.0, 1.0, 1.0, 1.0, 1.0, 1.0, 1.0, 1.0, 1.0, 1.0, 1.0, 1.0, 1.0, 1.0, 1.0, 1.0, 1.0, 1.0, 1.0, 1.0, 1.0, 1.0, 1.0, 1.0, 1.0, 1.0, 1.0, 1.0, 1.0, 1.0, 1.0, 1.0, 1.0, 1.0, 1.0, 1.0, 1.0, 1.0, 1.0, 1.0]",NGS-nonramp,False
246,ENTm3,0.12413518808687293,28.402902131813484,37.87053617575131,14.190803342268353,1.5,9,False,,,,,,,21,18,8.85885885885886,-41.0,3.0,0.12413518808687293,-0.393493478275739,0.022476934448219212,0.02357516730859537,-3606.067318112269,3930.964138801821,4159.687632116526,282.0,480.0,0.017975791527933375,3.753677677245639,3.8388913874716986,3.2101156185898354,OF2,NG,69.23076923076923,70.0,88.63636363636364,79.24528301886792,"[0.0, 0.0, 0.0, 0.0, 0.0, 0.0, 0.0, 0.0, 0.0, 0.0, 0.0, 0.0, 0.0, 1.0, 1.0, 1.0, 1.0, 0.0, 0.0, 0.0, 0.0, 0.0, 0.0, 1.0, 1.0, 1.0, 1.0, 1.0, 1.0, 0.0, 0.0, 0.0, 0.0, 0.0, 0.0, 0.0, 0.0, 0.0, 0.0, 0.0, 0.0, 0.0, 0.0, 0.0, 0.0, 0.0, 0.0, 0.0, 0.0, 0.0, 0.0, 0.0, 0.0, 0.0, 0.0, 0.0, 0.0, 0.0, 0.0, 0.0, 0.0, 0.0, 0.0, 0.0, 0.0, 0.0, 0.0, 0.0, 0.0, 0.0, 0.0, 0.0, 0.0, 0.0, 0.0, 0.0, 0.0, 0.0, 0.0, 1.0, 1.0, 1.0, 1.0, 0.0, 0.0, 0.0, 0.0, 0.0, 0.0, 0.0, 0.0, 0.0, 0.0, 0.0, 0.0, 0.0, 0.0, 0.0, 0.0, 0.0, 0.0, 0.0, 0.0, 1.0, 1.0, 0.0, 0.0, 0.0, 0.0, 0.0, 0.0, 1.0, 1.0, 1.0, 1.0, 1.0, 1.0, 1.0, 1.0, 0.0, 0.0, 1.0, 1.0, 1.0, 1.0, 1.0, 1.0, 1.0, 1.0, 1.0]",NGS-nonramp,False
247,ENTm3,-0.43246053656291406,32.56463523487425,43.419513646499,20.761872859128072,1.5,9,False,,,,,,,21,18,8.85885885885886,-6.0,2.0,-0.43246053656291406,-0.5241479875242258,0.039339527470068095,0.045774309037067334,-3606.008418668044,4035.723892840256,4166.786256255192,282.0,375.0,0.03396541785895383,2.7425596063304165,3.860547099355896,1.2807139474858409,OF2,NG,100.0,100.0,83.01886792452831,75.3623188405797,"[0.0, 0.0, 0.0, 0.0, 0.0, 0.0, 0.0, 0.0, 0.0, 0.0, 0.0, 0.0, 0.0, 0.0, 0.0, 0.0, 0.0, 0.0, 0.0, 0.0, 0.0, 0.0, 0.0, 0.0, 0.0, 1.0, 1.0, 0.0, 0.0, 0.0, 0.0, 0.0, 0.0, 0.0, 0.0, 0.0, 0.0, 0.0, 0.0, 0.0, 0.0, 0.0, 0.0, 0.0, 0.0, 0.0, 0.0, 0.0, 0.0, 0.0, 0.0, 0.0, 0.0, 0.0, 0.0, 0.0, 0.0, 0.0, 0.0, 0.0, 0.0, 0.0, 0.0, 0.0, 0.0, 0.0, 0.0, 0.0, 0.0, 0.0, 0.0, 0.0, 0.0, 0.0, 0.0, 0.0, 0.0, 0.0, 0.0, 0.0, 0.0, 1.0, 1.0, 1.0, 1.0, 0.0, 0.0, 0.0, 0.0, 0.0, 0.0, 0.0, 0.0, 0.0, 0.0, 0.0, 0.0, 0.0, 0.0, 0.0, 0.0, 0.0, 0.0, 0.0, 0.0, 0.0, 0.0, 0.0, 0.0, 0.0, 0.0, 1.0, 1.0, 0.0, 0.0, 0.0, 0.0, 0.0, 0.0, 0.0, 0.0, 0.0, 0.0, 0.0, 0.0, 0.0, 0.0, 0.0, 0.0, 0.0]",NGS-nonramp,False
248,ENTm3,-0.08892885387589322,37.29906177767193,49.73208237022924,19.95509306681409,1.5,9,False,,,,,,,21,18,8.85885885885886,18.0,-40.0,-0.08892885387589322,-0.11921760883085611,0.017584775737439926,0.01618887369495479,-3606.075732318586,3915.9984596534728,4158.673542953859,282.0,495.0,0.031225594693941556,9.967925101081864,10.810364790192054,8.285763825906878,OF1,NG,79.41176470588235,81.25,91.30434782608695,68.0,"[1.0, 1.0, 1.0, 1.0, 1.0, 1.0, 1.0, 1.0, 1.0, 1.0, 1.0, 1.0, 1.0, 1.0, 1.0, 1.0, 1.0, 1.0, 1.0, 1.0, 1.0, 1.0, 1.0, 1.0, 1.0, 1.0, 1.0, 1.0, 1.0, 1.0, 1.0, 0.0, 0.0, 1.0, 1.0, 1.0, 1.0, 1.0, 1.0, 1.0, 1.0, 1.0, 1.0, 1.0, 1.0, 1.0, 1.0, 1.0, 1.0, 1.0, 1.0, 1.0, 1.0, 1.0, 1.0, 0.0, 0.0, 0.0, 0.0, 0.0, 0.0, 0.0, 0.0, 0.0, 0.0, 0.0, 0.0, 0.0, 0.0, 0.0, 0.0, 0.0, 0.0, 0.0, 0.0, 0.0, 0.0, 1.0, 1.0, 0.0, 0.0, 0.0, 0.0, 0.0, 0.0, 0.0, 0.0, 0.0, 0.0, 0.0, 0.0, 0.0, 0.0, 0.0, 0.0, 0.0, 0.0, 0.0, 0.0, 0.0, 0.0, 0.0, 0.0, 1.0, 1.0, 1.0, 1.0, 1.0, 1.0, 1.0, 1.0, 1.0, 1.0, 1.0, 1.0, 1.0, 1.0, 1.0, 1.0, 1.0, 1.0, 1.0, 1.0, 1.0, 1.0, 1.0, 1.0, 1.0, 1.0, 1.0]",NGS-ramp,False
249,ENTm3,-0.3976062327519616,29.89824553566219,39.864327380882926,43.08447362515115,1.5,9,False,,,,,,,21,18,8.85885885885886,39.0,-49.0,-0.3976062327519616,-0.5299514009448358,0.025264401867603703,0.017135130789853494,-3606.075732318586,3915.9984596534728,4158.673542953859,250.0,495.0,0.05248662826429513,11.911156488959884,12.676087660215185,11.859655522381892,OF1,NG,92.85714285714286,86.53846153846153,60.0,52.38095238095238,"[0.0, 0.0, 0.0, 0.0, 0.0, 0.0, 0.0, 0.0, 0.0, 1.0, 1.0, 1.0, 1.0, 1.0, 1.0, 1.0, 1.0, 1.0, 1.0, 1.0, 1.0, 1.0, 1.0, 1.0, 1.0, 1.0, 1.0, 1.0, 1.0, 1.0, 1.0, 0.0, 0.0, 1.0, 1.0, 1.0, 1.0, 1.0, 1.0, 1.0, 1.0, 1.0, 1.0, 1.0, 1.0, 1.0, 1.0, 1.0, 1.0, 1.0, 1.0, 1.0, 1.0, 1.0, 1.0, 1.0, 1.0, 0.0, 0.0, 0.0, 0.0, 1.0, 1.0, 1.0, 1.0, 1.0, 1.0, 0.0, 0.0, 1.0, 1.0, 1.0, 1.0, 1.0, 1.0, 1.0, 1.0, 1.0, 1.0, 1.0, 1.0, 1.0, 1.0, 1.0, 1.0, 1.0, 1.0, 1.0, 1.0, 0.0, 0.0, 0.0, 0.0, 1.0, 1.0, 1.0, 1.0, 0.0, 0.0, 0.0, 0.0, 1.0, 1.0, 1.0, 1.0, 1.0, 1.0, 1.0, 1.0, 1.0, 1.0, 1.0, 1.0, 1.0, 1.0, 1.0, 1.0, 1.0, 1.0, 0.0, 0.0, 0.0, 0.0, 0.0, 0.0, 0.0, 0.0, 0.0, 0.0, 0.0]",NGS-ramp,False
251,ENTm3,-0.15244282251390665,39.76362402090914,53.01816536121218,20.443130345927113,1.5,9,False,,,,,,,21,18,8.85885885885886,35.0,0.0,-0.15244282251390665,0.5258873249860516,0.025657466867605654,0.030573263834570766,-3606.0925607312224,3886.067101356777,4156.645364628526,250.0,525.0,0.022433022834967606,6.024350454998769,5.78623963305834,6.252505473024977,OF1,NG,77.14285714285714,80.0,95.45454545454545,66.66666666666667,"[1.0, 1.0, 1.0, 1.0, 1.0, 1.0, 1.0, 1.0, 1.0, 1.0, 1.0, 1.0, 1.0, 1.0, 1.0, 1.0, 1.0, 1.0, 1.0, 1.0, 1.0, 1.0, 1.0, 1.0, 1.0, 1.0, 1.0, 1.0, 1.0, 1.0, 1.0, 0.0, 0.0, 1.0, 1.0, 1.0, 1.0, 1.0, 1.0, 1.0, 1.0, 0.0, 0.0, 1.0, 1.0, 1.0, 1.0, 0.0, 0.0, 0.0, 0.0, 1.0, 1.0, 1.0, 1.0, 0.0, 0.0, 0.0, 0.0, 0.0, 0.0, 0.0, 0.0, 0.0, 0.0, 0.0, 0.0, 1.0, 1.0, 0.0, 0.0, 0.0, 0.0, 0.0, 0.0, 0.0, 0.0, 1.0, 1.0, 1.0, 1.0, 1.0, 1.0, 1.0, 1.0, 1.0, 1.0, 1.0, 1.0, 0.0, 0.0, 1.0, 1.0, 1.0, 1.0, 0.0, 0.0, 1.0, 1.0, 1.0, 1.0, 0.0, 0.0, 0.0, 0.0, 0.0, 0.0, 0.0, 0.0, 1.0, 1.0, 1.0, 1.0, 1.0, 1.0, 1.0, 1.0, 1.0, 1.0, 1.0, 1.0, 1.0, 1.0, 1.0, 1.0, 1.0, 1.0, 1.0, 1.0, 1.0]",NGS-nonramp,False
252,ENTm3,-0.4399070665910797,45.120434571482676,60.16057942864358,26.781496946337235,1.5,9,False,,,,,,,21,18,8.85885885885886,35.0,46.0,-0.4399070665910797,-0.45330798622121304,0.02508963750696623,0.023154966694976242,-3606.084146524905,3901.0327805051247,4157.659453791193,282.0,510.0,0.037496772174536244,9.223329091692896,11.500848834499722,7.632077652363584,OF1,NG,94.11764705882354,77.77777777777777,80.0,76.08695652173913,"[0.0, 0.0, 0.0, 0.0, 0.0, 0.0, 0.0, 0.0, 0.0, 1.0, 1.0, 1.0, 1.0, 1.0, 1.0, 1.0, 1.0, 1.0, 1.0, 1.0, 1.0, 1.0, 1.0, 1.0, 1.0, 1.0, 1.0, 1.0, 1.0, 1.0, 1.0, 0.0, 0.0, 1.0, 1.0, 1.0, 1.0, 0.0, 0.0, 0.0, 0.0, 0.0, 0.0, 0.0, 0.0, 0.0, 0.0, 0.0, 0.0, 0.0, 0.0, 0.0, 0.0, 0.0, 0.0, 0.0, 0.0, 0.0, 0.0, 0.0, 0.0, 0.0, 0.0, 0.0, 0.0, 1.0, 1.0, 1.0, 1.0, 1.0, 1.0, 1.0, 1.0, 0.0, 0.0, 1.0, 1.0, 1.0, 1.0, 0.0, 0.0, 0.0, 0.0, 0.0, 0.0, 0.0, 0.0, 0.0, 0.0, 0.0, 0.0, 1.0, 1.0, 1.0, 1.0, 0.0, 0.0, 0.0, 0.0, 0.0, 0.0, 0.0, 0.0, 0.0, 0.0, 0.0, 0.0, 0.0, 0.0, 0.0, 0.0, 0.0, 0.0, 1.0, 1.0, 0.0, 0.0, 0.0, 0.0, 0.0, 0.0, 0.0, 0.0, 0.0, 0.0, 0.0, 0.0, 0.0, 0.0, 0.0]",NGS-nonramp,False
254,ENTm3,-0.48342672303878054,41.85870808412707,55.8116107788361,11.831746535646072,1.5,9,False,,,,,,,21,18,8.85885885885886,12.0,-1.0,-0.48342672303878054,-0.055399263446391414,0.15161732096882605,0.1506656807712059,-3606.10097493754,3871.101422208429,4155.63127546586,282.0,540.0,0.09615610152134313,3.192791517408694,4.350299352736967,2.376485247741506,OF1,NG,88.46153846153847,80.59701492537313,40.0,33.333333333333336,"[1.0, 1.0, 1.0, 1.0, 1.0, 1.0, 1.0, 1.0, 1.0, 1.0, 1.0, 1.0, 1.0, 1.0, 1.0, 1.0, 1.0, 1.0, 1.0, 1.0, 1.0, 1.0, 1.0, 1.0, 1.0, 1.0, 1.0, 1.0, 1.0, 1.0, 1.0, 1.0, 1.0, 1.0, 1.0, 1.0, 1.0, 1.0, 1.0, 1.0, 1.0, 1.0, 1.0, 1.0, 1.0, 1.0, 1.0, 1.0, 1.0, 1.0, 1.0, 1.0, 1.0, 1.0, 1.0, 1.0, 1.0, 1.0, 1.0, 1.0, 1.0, 1.0, 1.0, 1.0, 1.0, 0.0, 0.0, 1.0, 1.0, 1.0, 1.0, 1.0, 1.0, 1.0, 1.0, 1.0, 1.0, 1.0, 1.0, 1.0, 1.0, 1.0, 1.0, 1.0, 1.0, 1.0, 1.0, 1.0, 1.0, 1.0, 1.0, 1.0, 1.0, 1.0, 1.0, 1.0, 1.0, 1.0, 1.0, 1.0, 1.0, 1.0, 1.0, 1.0, 1.0, 1.0, 1.0, 1.0, 1.0, 1.0, 1.0, 1.0, 1.0, 1.0, 1.0, 1.0, 1.0, 1.0, 1.0, 1.0, 1.0, 0.0, 0.0, 0.0, 0.0, 0.0, 0.0, 0.0, 0.0, 0.0]",NGS-nonramp,False
255,ENTm3,0.03446754453586873,60.48081773105487,80.64109030807316,10.528461749132134,1.5,9,False,,,,,,,21,18,8.85885885885886,5.0,-44.0,0.03446754453586873,-0.06925412781215586,0.04674194472249754,0.042378622631779266,-3606.10097493754,3871.101422208429,4155.63127546586,250.0,540.0,0.03220931398722843,8.79356226748181,11.159354916325846,7.071140494097886,OF1,NG,93.33333333333333,100.0,80.95238095238095,67.3076923076923,"[0.0, 0.0, 0.0, 0.0, 0.0, 0.0, 0.0, 0.0, 0.0, 0.0, 0.0, 1.0, 1.0, 0.0, 0.0, 0.0, 0.0, 1.0, 1.0, 1.0, 1.0, 1.0, 1.0, 1.0, 1.0, 1.0, 1.0, 1.0, 1.0, 1.0, 1.0, 1.0, 1.0, 0.0, 0.0, 0.0, 0.0, 1.0, 1.0, 1.0, 1.0, 0.0, 0.0, 0.0, 0.0, 0.0, 0.0, 1.0, 1.0, 0.0, 0.0, 1.0, 1.0, 1.0, 1.0, 0.0, 0.0, 0.0, 0.0, 0.0, 0.0, 0.0, 0.0, 0.0, 0.0, 0.0, 0.0, 0.0, 0.0, 0.0, 0.0, 0.0, 0.0, 1.0, 1.0, 1.0, 1.0, 0.0, 0.0, 0.0, 0.0, 0.0, 0.0, 1.0, 1.0, 0.0, 0.0, 0.0, 0.0, 0.0, 0.0, 0.0, 0.0, 0.0, 0.0, 0.0, 0.0, 0.0, 0.0, 0.0, 0.0, 1.0, 1.0, 0.0, 0.0, 0.0, 0.0, 0.0, 0.0, 0.0, 0.0, 0.0, 0.0, 0.0, 0.0, 0.0, 0.0, 0.0, 0.0, 0.0, 0.0, 0.0, 0.0, 0.0, 0.0, 0.0, 0.0, 0.0, 0.0, 0.0]",NGS-nonramp,False
256,ENTm3,-0.47297982587903764,47.765435082958504,63.687246777278006,42.53159466192791,1.5,9,False,,,,,,,21,18,8.85885885885886,2.0,21.0,-0.47297982587903764,-0.5394192704335422,0.11445493767721449,0.11452105833862229,-3606.10097493754,3871.101422208429,4155.63127546586,282.0,540.0,0.04814711677951786,2.7956260525093044,3.2441922226518263,2.8324549575792664,OF1,NG,92.6829268292683,87.5,62.5,41.1764705882353,"[1.0, 1.0, 1.0, 1.0, 1.0, 1.0, 1.0, 1.0, 1.0, 1.0, 1.0, 1.0, 1.0, 1.0, 1.0, 1.0, 1.0, 1.0, 1.0, 1.0, 1.0, 1.0, 1.0, 1.0, 1.0, 1.0, 1.0, 1.0, 1.0, 1.0, 1.0, 1.0, 1.0, 1.0, 1.0, 1.0, 1.0, 1.0, 1.0, 1.0, 1.0, 1.0, 1.0, 1.0, 1.0, 1.0, 1.0, 1.0, 1.0, 1.0, 1.0, 1.0, 1.0, 1.0, 1.0, 1.0, 1.0, 1.0, 1.0, 0.0, 0.0, 0.0, 0.0, 0.0, 0.0, 0.0, 0.0, 0.0, 0.0, 0.0, 0.0, 1.0, 1.0, 1.0, 1.0, 1.0, 1.0, 1.0, 1.0, 1.0, 1.0, 1.0, 1.0, 1.0, 1.0, 1.0, 1.0, 1.0, 1.0, 1.0, 1.0, 1.0, 1.0, 1.0, 1.0, 1.0, 1.0, 0.0, 0.0, 0.0, 0.0, 0.0, 0.0, 1.0, 1.0, 1.0, 1.0, 1.0, 1.0, 1.0, 1.0, 1.0, 1.0, 1.0, 1.0, 0.0, 0.0, 0.0, 0.0, 0.0, 0.0, 0.0, 0.0, 0.0, 0.0, 0.0, 0.0, 0.0, 0.0, 0.0]",NGS-nonramp,False
257,ENTm3,-0.23565570180108425,69.01686192522325,92.02248256696433,54.9251220004179,1.5,9,False,,,,,,,21,18,8.85885885885886,1.0,-1.0,-0.23565570180108425,0.09793885561933528,0.02553926715732599,0.030232930267669336,-3606.109389143858,3856.135743060081,4154.617186303193,250.0,555.0,0.026072595090021432,13.6252264971506,15.828659563356945,11.797452589980152,OF1,NG,89.65517241379311,85.0,78.57142857142857,66.66666666666667,"[1.0, 1.0, 1.0, 1.0, 1.0, 1.0, 1.0, 1.0, 1.0, 1.0, 1.0, 1.0, 1.0, 1.0, 1.0, 1.0, 1.0, 1.0, 1.0, 1.0, 1.0, 0.0, 0.0, 1.0, 1.0, 1.0, 1.0, 1.0, 1.0, 1.0, 1.0, 1.0, 1.0, 1.0, 1.0, 1.0, 1.0, 1.0, 1.0, 1.0, 1.0, 1.0, 1.0, 1.0, 1.0, 1.0, 1.0, 0.0, 0.0, 1.0, 1.0, 0.0, 0.0, 0.0, 0.0, 1.0, 1.0, 1.0, 1.0, 1.0, 1.0, 0.0, 0.0, 1.0, 1.0, 1.0, 1.0, 0.0, 0.0, 0.0, 0.0, 0.0, 0.0, 0.0, 0.0, 0.0, 0.0, 0.0, 0.0, 0.0, 0.0, 1.0, 1.0, 1.0, 1.0, 1.0, 1.0, 0.0, 0.0, 0.0, 0.0, 0.0, 0.0, 0.0, 0.0, 0.0, 0.0, 0.0, 0.0, 0.0, 0.0, 1.0, 1.0, 0.0, 0.0, 0.0, 0.0, 0.0, 0.0, 0.0, 0.0, 0.0, 0.0, 1.0, 1.0, 1.0, 1.0, 0.0, 0.0, 0.0, 0.0, 0.0, 0.0, 0.0, 0.0, 0.0, 0.0, 0.0, 0.0, 0.0]",NGS-nonramp,False
258,ENTm3,-0.3775551146365404,26.1364846889993,34.848646251999064,6.282004922357237,1.5,9,False,,,,,,,21,18,8.85885885885886,-34.0,-44.0,-0.3775551146365404,-0.44540698734695205,0.01825409169813174,0.02133136115364569,-3606.10097493754,3871.101422208429,4155.63127546586,282.0,540.0,0.03324180038063027,9.870834921525873,10.220663097345458,9.599245389568635,OF2,NG,96.96969696969697,80.0,66.66666666666667,69.56521739130434,"[1.0, 1.0, 1.0, 1.0, 1.0, 1.0, 1.0, 1.0, 1.0, 1.0, 1.0, 1.0, 1.0, 1.0, 1.0, 1.0, 1.0, 1.0, 1.0, 1.0, 1.0, 1.0, 1.0, 1.0, 1.0, 1.0, 1.0, 1.0, 1.0, 1.0, 1.0, 1.0, 1.0, 1.0, 1.0, 1.0, 1.0, 1.0, 1.0, 1.0, 1.0, 1.0, 1.0, 1.0, 1.0, 1.0, 1.0, 1.0, 1.0, 1.0, 1.0, 1.0, 1.0, 1.0, 1.0, 1.0, 1.0, 1.0, 1.0, 1.0, 1.0, 0.0, 0.0, 0.0, 0.0, 1.0, 1.0, 1.0, 1.0, 1.0, 1.0, 1.0, 1.0, 1.0, 1.0, 0.0, 0.0, 0.0, 0.0, 0.0, 0.0, 0.0, 0.0, 0.0, 0.0, 0.0, 0.0, 0.0, 0.0, 0.0, 0.0, 1.0, 1.0, 1.0, 1.0, 1.0, 1.0, 1.0, 1.0, 1.0, 1.0, 0.0, 0.0, 0.0, 0.0, 0.0, 0.0, 0.0, 0.0, 0.0, 0.0, 0.0, 0.0, 0.0, 0.0, 0.0, 0.0, 1.0, 1.0, 0.0, 0.0, 0.0, 0.0, 0.0, 0.0, 0.0, 0.0, 0.0, 0.0, 0.0]",NGS-ramp,False
259,ENTm5,-0.7568523062846912,50.61970061048708,67.4929341473161,12.532331025483371,1.5,9,False,,,,,,,21,18,8.85885885885886,20.0,-36.0,-0.7568523062846912,-0.35396470192081675,0.09796167363675139,0.07229439346430482,-3606.126217556494,3826.2043847633854,4152.58900797786,282.0,585.0,0.06810872897549419,5.576974137436845,7.361276216635902,4.546923281902246,OF1,NG,93.10344827586206,85.0,75.0,66.66666666666667,"[1.0, 1.0, 1.0, 1.0, 1.0, 1.0, 1.0, 1.0, 1.0, 1.0, 1.0, 1.0, 1.0, 1.0, 1.0, 1.0, 1.0, 1.0, 1.0, 1.0, 1.0, 1.0, 1.0, 1.0, 1.0, 1.0, 1.0, 0.0, 0.0, 0.0, 0.0, 0.0, 0.0, 0.0, 0.0, 0.0, 0.0, 0.0, 0.0, 0.0, 0.0, 1.0, 1.0, 1.0, 1.0, 1.0, 1.0, 1.0, 1.0, 1.0, 1.0, 1.0, 1.0, 1.0, 1.0, 0.0, 0.0, 0.0, 0.0, 0.0, 0.0, 0.0, 0.0, 0.0, 0.0, 0.0, 0.0, 0.0, 0.0, 0.0, 0.0, 0.0, 0.0, 0.0, 0.0, 0.0, 0.0, 1.0, 1.0, 1.0, 1.0, 1.0, 1.0, 1.0, 1.0, 0.0, 0.0, 0.0, 0.0, 1.0, 1.0, 1.0, 1.0, 0.0, 0.0, 1.0, 1.0, 1.0, 1.0, 1.0, 1.0, 1.0, 1.0, 1.0, 1.0, 1.0, 1.0, 1.0, 1.0, 1.0, 1.0, 0.0, 0.0, 0.0, 0.0, 0.0, 0.0, 0.0, 0.0, 0.0, 0.0, 0.0, 0.0, 0.0, 0.0, 0.0, 0.0, 0.0, 0.0, 0.0]",NGS-nonramp,False
261,ENTm5,-0.7041455654844693,35.311165921882626,47.08155456251016,48.1756583239012,1.5,9,False,,,,,,,21,18,8.85885885885886,26.0,-21.0,-0.7041455654844693,-0.5796436544428538,0.12439326190512796,0.10661527853847054,-3606.117803350176,3841.1700639117335,4153.603097140527,282.0,570.0,0.062218859915903035,2.987664716484024,3.9230154990218487,2.118232001609279,OF1,NG,85.29411764705883,85.41666666666667,82.6086956521739,60.0,"[1.0, 1.0, 1.0, 1.0, 1.0, 1.0, 1.0, 1.0, 1.0, 1.0, 1.0, 1.0, 1.0, 1.0, 1.0, 1.0, 1.0, 1.0, 1.0, 1.0, 1.0, 1.0, 1.0, 1.0, 1.0, 1.0, 1.0, 1.0, 1.0, 1.0, 1.0, 1.0, 1.0, 1.0, 1.0, 1.0, 1.0, 1.0, 1.0, 1.0, 1.0, 1.0, 1.0, 1.0, 1.0, 1.0, 1.0, 1.0, 1.0, 1.0, 1.0, 1.0, 1.0, 1.0, 1.0, 1.0, 1.0, 1.0, 1.0, 0.0, 0.0, 0.0, 0.0, 0.0, 0.0, 0.0, 0.0, 0.0, 0.0, 0.0, 0.0, 0.0, 0.0, 0.0, 0.0, 1.0, 1.0, 0.0, 0.0, 0.0, 0.0, 0.0, 0.0, 1.0, 1.0, 1.0, 1.0, 1.0, 1.0, 1.0, 1.0, 0.0, 0.0, 0.0, 0.0, 0.0, 0.0, 0.0, 0.0, 0.0, 0.0, 0.0, 0.0, 1.0, 1.0, 1.0, 1.0, 0.0, 0.0, 0.0, 0.0, 0.0, 0.0, 0.0, 0.0, 0.0, 0.0, 0.0, 0.0, 0.0, 0.0, 1.0, 1.0, 1.0, 1.0, 1.0, 1.0, 1.0, 1.0, 1.0]",NGS-ramp,False
262,ENTm5,-0.0020012390945489157,44.42832050576282,59.237760674350426,11.14925028619673,1.5,9,False,,,,,,,21,18,8.85885885885886,6.0,-14.0,-0.0020012390945489157,-0.5626499349712634,0.013291308729839526,0.013494703872333685,-3606.117803350176,3841.1700639117335,4153.603097140527,282.0,570.0,0.0208079271046257,21.02906658667409,22.997533109021713,20.197069997515214,OF1,NG,77.41935483870968,75.0,92.3076923076923,78.04878048780488,"[0.0, 0.0, 0.0, 0.0, 0.0, 0.0, 0.0, 0.0, 0.0, 0.0, 0.0, 0.0, 0.0, 0.0, 0.0, 0.0, 0.0, 0.0, 0.0, 0.0, 0.0, 1.0, 1.0, 1.0, 1.0, 1.0, 1.0, 1.0, 1.0, 1.0, 1.0, 1.0, 1.0, 0.0, 0.0, 0.0, 0.0, 0.0, 0.0, 0.0, 0.0, 0.0, 0.0, 0.0, 0.0, 0.0, 0.0, 1.0, 1.0, 1.0, 1.0, 1.0, 1.0, 1.0, 1.0, 0.0, 0.0, 0.0, 0.0, 0.0, 0.0, 0.0, 0.0, 0.0, 0.0, 0.0, 0.0, 0.0, 0.0, 0.0, 0.0, 0.0, 0.0, 0.0, 0.0, 0.0, 0.0, 1.0, 1.0, 1.0, 1.0, 1.0, 1.0, 1.0, 1.0, 1.0, 1.0, 0.0, 0.0, 0.0, 0.0, 0.0, 0.0, 0.0, 0.0, 0.0, 0.0, 1.0, 1.0, 1.0, 1.0, 1.0, 1.0, 1.0, 1.0, 1.0, 1.0, 1.0, 1.0, 1.0, 1.0, 1.0, 1.0, 1.0, 1.0, 1.0, 1.0, 1.0, 1.0, 1.0, 1.0, 1.0, 1.0, 1.0, 1.0, 1.0, 1.0, 1.0, 1.0, 1.0]",NGS-ramp,False
263,ENTm5,0.08067510037844414,45.55585116163775,60.74113488218365,22.255178873674527,1.5,9,False,,,,,,,21,18,8.85885885885886,7.0,-43.0,0.08067510037844414,0.14248054205957933,0.12354305412632109,0.11318103893110014,-3606.151460175448,3781.3073473183417,4149.546740489861,250.0,630.0,0.1059286477339922,4.341216043235209,5.083261908817483,3.1684618692136697,OF1,NG,90.0,85.45454545454545,70.58823529411765,50.0,"[1.0, 1.0, 1.0, 1.0, 1.0, 1.0, 1.0, 1.0, 1.0, 1.0, 1.0, 1.0, 1.0, 1.0, 1.0, 1.0, 1.0, 1.0, 1.0, 1.0, 1.0, 1.0, 1.0, 1.0, 1.0, 1.0, 1.0, 1.0, 1.0, 1.0, 1.0, 1.0, 1.0, 1.0, 1.0, 1.0, 1.0, 1.0, 1.0, 1.0, 1.0, 1.0, 1.0, 1.0, 1.0, 1.0, 1.0, 1.0, 1.0, 1.0, 1.0, 1.0, 1.0, 1.0, 1.0, 1.0, 1.0, 1.0, 1.0, 0.0, 0.0, 0.0, 0.0, 0.0, 0.0, 0.0, 0.0, 1.0, 1.0, 1.0, 1.0, 0.0, 0.0, 0.0, 0.0, 1.0, 1.0, 1.0, 1.0, 1.0, 1.0, 1.0, 1.0, 0.0, 0.0, 1.0, 1.0, 1.0, 1.0, 0.0, 0.0, 0.0, 0.0, 0.0, 0.0, 1.0, 1.0, 1.0, 1.0, 1.0, 1.0, 1.0, 1.0, 1.0, 1.0, 1.0, 1.0, 1.0, 1.0, 1.0, 1.0, 1.0, 1.0, 1.0, 1.0, 0.0, 0.0, 0.0, 0.0, 0.0, 0.0, 0.0, 0.0, 0.0, 0.0, 0.0, 0.0, 0.0, 0.0, 0.0]",NGS-ramp,False
265,ENTm5,-0.5195875647544814,36.17382594369562,48.23176792492749,48.545928985532065,1.5,9,False,,,,,,,21,18,8.85885885885886,49.0,-50.0,-0.5195875647544814,-0.4287268619990514,0.10369846064730333,0.11361417186763355,-3606.1430459691296,3796.2730264666898,4150.560829652527,282.0,615.0,0.0506079140302772,2.9629162393423005,1.997322965319404,3.684968361478124,OF2,NG,93.10344827586206,82.5,75.0,69.6969696969697,"[1.0, 1.0, 1.0, 1.0, 1.0, 1.0, 1.0, 1.0, 1.0, 1.0, 1.0, 1.0, 1.0, 1.0, 1.0, 1.0, 1.0, 1.0, 1.0, 1.0, 1.0, 1.0, 1.0, 1.0, 1.0, 1.0, 1.0, 0.0, 0.0, 0.0, 0.0, 1.0, 1.0, 1.0, 1.0, 0.0, 0.0, 0.0, 0.0, 0.0, 0.0, 0.0, 0.0, 0.0, 0.0, 1.0, 1.0, 1.0, 1.0, 1.0, 1.0, 1.0, 1.0, 1.0, 1.0, 1.0, 1.0, 1.0, 1.0, 1.0, 1.0, 1.0, 1.0, 1.0, 1.0, 1.0, 1.0, 0.0, 0.0, 0.0, 0.0, 0.0, 0.0, 0.0, 0.0, 0.0, 0.0, 1.0, 1.0, 0.0, 0.0, 1.0, 1.0, 1.0, 1.0, 1.0, 1.0, 1.0, 1.0, 1.0, 1.0, 1.0, 1.0, 0.0, 0.0, 0.0, 0.0, 0.0, 0.0, 1.0, 1.0, 0.0, 0.0, 0.0, 0.0, 0.0, 0.0, 0.0, 0.0, 0.0, 0.0, 0.0, 0.0, 0.0, 0.0, 0.0, 0.0, 0.0, 0.0, 0.0, 0.0, 0.0, 0.0, 0.0, 0.0, 0.0, 0.0, 0.0, 0.0, 0.0]",NGS-nonramp,False
267,ENTm5,-0.45915933743485116,55.918788141229015,74.55838418830535,23.66237020224137,1.5,9,False,,,,,,,21,18,8.85885885885886,12.0,-42.0,-0.45915933743485116,-0.6307016910887763,0.03849848548477762,0.03171070078679615,-3606.151460175448,3781.3073473183417,4149.546740489861,250.0,630.0,0.05102914415812512,11.805023596602108,13.30160456887026,9.353765959911765,OF1,NG,84.375,85.71428571428571,84.0,58.333333333333336,"[1.0, 1.0, 1.0, 1.0, 1.0, 1.0, 1.0, 1.0, 1.0, 0.0, 0.0, 1.0, 1.0, 1.0, 1.0, 1.0, 1.0, 1.0, 1.0, 1.0, 1.0, 1.0, 1.0, 1.0, 1.0, 1.0, 1.0, 1.0, 1.0, 0.0, 0.0, 0.0, 0.0, 0.0, 0.0, 1.0, 1.0, 0.0, 0.0, 1.0, 1.0, 1.0, 1.0, 1.0, 1.0, 1.0, 1.0, 1.0, 1.0, 1.0, 1.0, 1.0, 1.0, 1.0, 1.0, 1.0, 1.0, 1.0, 1.0, 1.0, 1.0, 1.0, 1.0, 1.0, 1.0, 0.0, 0.0, 0.0, 0.0, 0.0, 0.0, 0.0, 0.0, 0.0, 0.0, 0.0, 0.0, 0.0, 0.0, 0.0, 0.0, 0.0, 0.0, 1.0, 1.0, 1.0, 1.0, 1.0, 1.0, 1.0, 1.0, 1.0, 1.0, 0.0, 0.0, 0.0, 0.0, 1.0, 1.0, 0.0, 0.0, 0.0, 0.0, 0.0, 0.0, 0.0, 0.0, 1.0, 1.0, 1.0, 1.0, 1.0, 1.0, 1.0, 1.0, 1.0, 1.0, 1.0, 1.0, 1.0, 1.0, 0.0, 0.0, 0.0, 0.0, 0.0, 0.0, 0.0, 0.0, 0.0]",NGS-nonramp,False
270,ENTm5,-0.176084959576533,32.84281697497774,43.79042263330365,56.02541747343597,1.5,9,False,,,,,,,21,18,8.85885885885886,15.0,37.0,-0.176084959576533,-0.30787620698724827,0.03849019201876577,0.02815456600088791,-3606.159874381765,3766.3416681699937,4148.532651327194,250.0,645.0,0.008117510621743476,2.9319806429151463,4.861707318002236,1.479541177841405,OF1,NG,58.333333333333336,46.666666666666664,91.11111111111111,84.48275862068965,"[0.0, 0.0, 0.0, 0.0, 0.0, 0.0, 0.0, 0.0, 0.0, 0.0, 0.0, 0.0, 0.0, 0.0, 0.0, 0.0, 0.0, 0.0, 0.0, 0.0, 0.0, 0.0, 0.0, 0.0, 0.0, 0.0, 0.0, 0.0, 0.0, 0.0, 0.0, 0.0, 0.0, 0.0, 0.0, 0.0, 0.0, 0.0, 0.0, 0.0, 0.0, 0.0, 0.0, 0.0, 0.0, 0.0, 0.0, 0.0, 0.0, 0.0, 0.0, 0.0, 0.0, 0.0, 0.0, 0.0, 0.0, 0.0, 0.0, 1.0, 1.0, 1.0, 1.0, 0.0, 0.0, 1.0, 1.0, 1.0, 1.0, 0.0, 0.0, 0.0, 0.0, 0.0, 0.0, 0.0, 0.0, 1.0, 1.0, 1.0, 1.0, 1.0, 1.0, 0.0, 0.0, 0.0, 0.0, 0.0, 0.0, 0.0, 0.0, 0.0, 0.0, 0.0, 0.0, 0.0, 0.0, 0.0, 0.0, 0.0, 0.0, 0.0, 0.0, 0.0, 0.0, 0.0, 0.0, 0.0, 0.0, 0.0, 0.0, 0.0, 0.0, 0.0, 0.0, 0.0, 0.0, 1.0, 1.0, 1.0, 1.0, 1.0, 1.0, 1.0, 1.0, 1.0, 1.0, 1.0, 1.0, 1.0]",NGS-nonramp,False
271,ENTm5,-0.13166751260913503,36.876124033900865,49.16816537853449,48.8131022031659,1.5,9,False,,,,,,,21,18,8.85885885885886,8.0,-49.0,-0.13166751260913503,-0.49059512273671524,0.09097006785253453,0.0800911798326175,-3606.151460175448,3781.3073473183417,4149.546740489861,282.0,630.0,0.03838655002206435,4.040188893386361,4.068775098242406,3.80382039303145,OF1,NG,100.0,95.0,80.0,69.81132075471699,"[0.0, 0.0, 0.0, 0.0, 0.0, 0.0, 0.0, 0.0, 0.0, 0.0, 0.0, 1.0, 1.0, 1.0, 1.0, 1.0, 1.0, 1.0, 1.0, 1.0, 1.0, 0.0, 0.0, 0.0, 0.0, 0.0, 0.0, 0.0, 0.0, 0.0, 0.0, 0.0, 0.0, 0.0, 0.0, 1.0, 1.0, 0.0, 0.0, 0.0, 0.0, 0.0, 0.0, 1.0, 1.0, 1.0, 1.0, 1.0, 1.0, 1.0, 1.0, 1.0, 1.0, 1.0, 1.0, 1.0, 1.0, 1.0, 1.0, 0.0, 0.0, 0.0, 0.0, 1.0, 1.0, 0.0, 0.0, 0.0, 0.0, 0.0, 0.0, 0.0, 0.0, 0.0, 0.0, 0.0, 0.0, 0.0, 0.0, 0.0, 0.0, 0.0, 0.0, 0.0, 0.0, 0.0, 0.0, 0.0, 0.0, 0.0, 0.0, 0.0, 0.0, 0.0, 0.0, 0.0, 0.0, 1.0, 1.0, 0.0, 0.0, 0.0, 0.0, 0.0, 0.0, 0.0, 0.0, 0.0, 0.0, 0.0, 0.0, 0.0, 0.0, 0.0, 0.0, 0.0, 0.0, 0.0, 0.0, 0.0, 0.0, 0.0, 0.0, 0.0, 0.0, 0.0, 0.0, 0.0, 0.0, 0.0]",NGS-nonramp,False
272,ENTm5,-0.4983760127296987,36.686758570880514,48.915678094507356,56.566867845026714,1.5,9,False,,,,,,,21,18,8.85885885885886,28.0,-21.0,-0.4983760127296987,-0.607385309337847,0.03816805546586713,0.049445609492372734,-3606.159874381765,3766.3416681699937,4148.532651327194,250.0,645.0,0.025048141366181716,2.8006233411629213,4.208704313494141,2.0249276030066676,OF2,NG,90.9090909090909,74.19354838709677,80.0,78.57142857142857,"[1.0, 1.0, 1.0, 1.0, 1.0, 1.0, 1.0, 1.0, 1.0, 0.0, 0.0, 0.0, 0.0, 0.0, 0.0, 0.0, 0.0, 0.0, 0.0, 1.0, 1.0, 1.0, 1.0, 1.0, 1.0, 1.0, 1.0, 1.0, 1.0, 1.0, 1.0, 1.0, 1.0, 0.0, 0.0, 0.0, 0.0, 0.0, 0.0, 0.0, 0.0, 0.0, 0.0, 0.0, 0.0, 0.0, 0.0, 0.0, 0.0, 1.0, 1.0, 1.0, 1.0, 1.0, 1.0, 1.0, 1.0, 1.0, 1.0, 1.0, 1.0, 1.0, 1.0, 1.0, 1.0, 1.0, 1.0, 1.0, 1.0, 0.0, 0.0, 0.0, 0.0, 0.0, 0.0, 0.0, 0.0, 0.0, 0.0, 1.0, 1.0, 0.0, 0.0, 0.0, 0.0, 1.0, 1.0, 1.0, 1.0, 0.0, 0.0, 1.0, 1.0, 0.0, 0.0, 0.0, 0.0, 0.0, 0.0, 0.0, 0.0, 0.0, 0.0, 0.0, 0.0, 0.0, 0.0, 0.0, 0.0, 0.0, 0.0, 0.0, 0.0, 0.0, 0.0, 1.0, 1.0, 0.0, 0.0, 0.0, 0.0, 0.0, 0.0, 0.0, 0.0, 0.0, 0.0, 0.0, 0.0, 0.0]",NGS-ramp,False
273,ENTm5,-0.33246324133306143,49.60674179860497,66.14232239813995,3.121594276000865,1.5,9,False,,,,,,,21,18,8.85885885885886,7.0,22.0,-0.33246324133306143,-0.61379280587652,0.1444967447282108,0.13202903779236475,-3606.159874381765,3766.3416681699937,4148.532651327194,250.0,645.0,-0.004367110332838806,3.509762397723845,3.949668682879322,2.9002117232311626,OF1,NG,95.45454545454545,90.9090909090909,77.14285714285714,65.0,"[1.0, 1.0, 1.0, 1.0, 1.0, 1.0, 1.0, 1.0, 1.0, 1.0, 1.0, 1.0, 1.0, 1.0, 1.0, 1.0, 1.0, 1.0, 1.0, 1.0, 1.0, 0.0, 0.0, 0.0, 0.0, 0.0, 0.0, 0.0, 0.0, 0.0, 0.0, 1.0, 1.0, 1.0, 1.0, 1.0, 1.0, 1.0, 1.0, 1.0, 1.0, 1.0, 1.0, 1.0, 1.0, 1.0, 1.0, 1.0, 1.0, 1.0, 1.0, 1.0, 1.0, 0.0, 0.0, 0.0, 0.0, 0.0, 0.0, 0.0, 0.0, 0.0, 0.0, 0.0, 0.0, 0.0, 0.0, 0.0, 0.0, 0.0, 0.0, 0.0, 0.0, 0.0, 0.0, 0.0, 0.0, 0.0, 0.0, 0.0, 0.0, 0.0, 0.0, 0.0, 0.0, 0.0, 0.0, 0.0, 0.0, 0.0, 0.0, 1.0, 1.0, 1.0, 1.0, 1.0, 1.0, 1.0, 1.0, 0.0, 0.0, 0.0, 0.0, 0.0, 0.0, 0.0, 0.0, 1.0, 1.0, 0.0, 0.0, 1.0, 1.0, 0.0, 0.0, 0.0, 0.0, 0.0, 0.0, 0.0, 0.0, 0.0, 0.0, 0.0, 0.0, 0.0, 0.0, 0.0, 0.0, 0.0]",NGS-nonramp,False
274,ENTm5,-0.3003277578633568,43.19392288128256,57.591897175043414,40.41499247070988,1.5,9,False,,,,,,,21,18,8.85885885885886,10.0,-38.0,-0.3003277578633568,-0.48769946830245814,0.01566551370902398,0.01432299282183598,-3606.151460175448,3781.3073473183417,4149.546740489861,282.0,630.0,0.0054713882757355696,13.704945149482112,13.599787063275743,11.767461890429313,OF1,NG,94.44444444444444,86.27450980392157,66.66666666666667,54.54545454545455,"[1.0, 1.0, 1.0, 1.0, 1.0, 1.0, 1.0, 1.0, 1.0, 1.0, 1.0, 1.0, 1.0, 1.0, 1.0, 1.0, 1.0, 1.0, 1.0, 1.0, 1.0, 0.0, 0.0, 1.0, 1.0, 1.0, 1.0, 1.0, 1.0, 1.0, 1.0, 1.0, 1.0, 1.0, 1.0, 1.0, 1.0, 1.0, 1.0, 1.0, 1.0, 1.0, 1.0, 1.0, 1.0, 1.0, 1.0, 1.0, 1.0, 1.0, 1.0, 1.0, 1.0, 1.0, 1.0, 1.0, 1.0, 1.0, 1.0, 1.0, 1.0, 1.0, 1.0, 0.0, 0.0, 0.0, 0.0, 1.0, 1.0, 1.0, 1.0, 1.0, 1.0, 1.0, 1.0, 1.0, 1.0, 1.0, 1.0, 1.0, 1.0, 1.0, 1.0, 0.0, 0.0, 0.0, 0.0, 0.0, 0.0, 0.0, 0.0, 0.0, 0.0, 0.0, 0.0, 0.0, 0.0, 0.0, 0.0, 0.0, 0.0, 0.0, 0.0, 0.0, 0.0, 0.0, 0.0, 1.0, 1.0, 1.0, 1.0, 1.0, 1.0, 1.0, 1.0, 1.0, 1.0, 0.0, 0.0, 0.0, 0.0, 0.0, 0.0, 0.0, 0.0, 0.0, 0.0, 0.0, 0.0, 0.0]",NGS-ramp,False
275,ENTm5,-0.3883634183450304,39.981606334653364,53.30880844620448,20.307814634238856,1.5,9,False,,,,,,,21,18,8.85885885885886,-2.0,20.0,-0.3883634183450304,-0.5135765236306141,0.08231621559164105,0.08526850622015637,-3606.176702794401,3736.410309873298,4146.504473001861,282.0,675.0,-0.003866568938180178,4.079929236488936,3.738941948006174,3.7804942933807975,OF1,NG,95.83333333333333,82.85714285714286,75.75757575757575,71.05263157894737,"[1.0, 1.0, 1.0, 1.0, 1.0, 1.0, 1.0, 1.0, 1.0, 1.0, 1.0, 1.0, 1.0, 1.0, 1.0, 1.0, 1.0, 1.0, 1.0, 1.0, 1.0, 0.0, 0.0, 0.0, 0.0, 0.0, 0.0, 1.0, 1.0, 0.0, 0.0, 0.0, 0.0, 0.0, 0.0, 0.0, 0.0, 1.0, 1.0, 1.0, 1.0, 1.0, 1.0, 1.0, 1.0, 1.0, 1.0, 1.0, 1.0, 1.0, 1.0, 1.0, 1.0, 1.0, 1.0, 0.0, 0.0, 0.0, 0.0, 0.0, 0.0, 0.0, 0.0, 0.0, 0.0, 0.0, 0.0, 1.0, 1.0, 1.0, 1.0, 1.0, 1.0, 1.0, 1.0, 1.0, 1.0, 1.0, 1.0, 1.0, 1.0, 1.0, 1.0, 0.0, 0.0, 0.0, 0.0, 0.0, 0.0, 0.0, 0.0, 0.0, 0.0, 0.0, 0.0, 0.0, 0.0, 0.0, 0.0, 0.0, 0.0, 0.0, 0.0, 1.0, 1.0, 0.0, 0.0, 0.0, 0.0, 0.0, 0.0, 0.0, 0.0, 0.0, 0.0, 0.0, 0.0, 0.0, 0.0, 0.0, 0.0, 0.0, 0.0, 0.0, 0.0, 0.0, 0.0, 0.0, 0.0, 0.0]",NGS-nonramp,False
277,ENTm3,0.14727392834223907,25.244922187427647,33.659896249903525,38.63308274812798,1.5,9,False,,,,,,,21,18,8.85885885885886,21.0,-25.0,0.14727392834223907,-0.03749830262388491,0.0170865230141541,0.019095666271986778,-3606.016832874362,4020.758213691908,4165.772167092526,282.0,390.0,0.026444572533084396,5.303789024372436,7.946813349504769,2.378706781041568,OF2,NG,100.0,50.0,82.3529411764706,78.26086956521739,"[0.0, 0.0, 0.0, 0.0, 0.0, 0.0, 0.0, 0.0, 0.0, 0.0, 0.0, 0.0, 0.0, 0.0, 0.0, 1.0, 1.0, 0.0, 0.0, 0.0, 0.0, 0.0, 0.0, 0.0, 0.0, 0.0, 0.0, 0.0, 0.0, 0.0, 0.0, 0.0, 0.0, 0.0, 0.0, 0.0, 0.0, 0.0, 0.0, 0.0, 0.0, 0.0, 0.0, 0.0, 0.0, 0.0, 0.0, 0.0, 0.0, 0.0, 0.0, 0.0, 0.0, 0.0, 0.0, 0.0, 0.0, 0.0, 0.0, 0.0, 0.0, 0.0, 0.0, 1.0, 1.0, 0.0, 0.0, 0.0, 0.0, 1.0, 1.0, 1.0, 1.0, 0.0, 0.0, 0.0, 0.0, 0.0, 0.0, 0.0, 0.0, 1.0, 1.0, 0.0, 0.0, 0.0, 0.0, 0.0, 0.0, 0.0, 0.0, 0.0, 0.0, 0.0, 0.0, 0.0, 0.0, 0.0, 0.0, 0.0, 0.0, 0.0, 0.0, 0.0, 0.0, 0.0, 0.0, 0.0, 0.0, 0.0, 0.0, 0.0, 0.0, 0.0, 0.0, 0.0, 0.0, 0.0, 0.0, 0.0, 0.0, 0.0, 0.0, 0.0, 0.0, 0.0, 0.0, 0.0, 0.0, 0.0]",NGS-nonramp,False
279,ENTm5,-0.1440675913593093,45.04413466225118,60.05884621633491,56.82635805624677,1.5,9,False,,,,,,,21,18,8.85885885885886,15.0,45.0,-0.1440675913593093,-0.24676067231893856,0.1752485548901512,0.19437767644051765,-3606.176702794401,3736.410309873298,4146.504473001861,282.0,675.0,-0.022946626110372195,2.871299280692651,2.5920221301392767,3.2439940014157833,OF1,NG,87.87878787878788,79.16666666666667,79.16666666666667,72.0,"[1.0, 1.0, 1.0, 1.0, 1.0, 1.0, 1.0, 1.0, 1.0, 1.0, 1.0, 1.0, 1.0, 1.0, 1.0, 1.0, 1.0, 1.0, 1.0, 1.0, 1.0, 0.0, 0.0, 1.0, 1.0, 1.0, 1.0, 1.0, 1.0, 1.0, 1.0, 1.0, 1.0, 1.0, 1.0, 1.0, 1.0, 1.0, 1.0, 1.0, 1.0, 1.0, 1.0, 1.0, 1.0, 1.0, 1.0, 0.0, 0.0, 0.0, 0.0, 0.0, 0.0, 0.0, 0.0, 0.0, 0.0, 0.0, 0.0, 1.0, 1.0, 1.0, 1.0, 1.0, 1.0, 1.0, 1.0, 1.0, 1.0, 1.0, 1.0, 1.0, 1.0, 1.0, 1.0, 0.0, 0.0, 1.0, 1.0, 1.0, 1.0, 1.0, 1.0, 0.0, 0.0, 0.0, 0.0, 0.0, 0.0, 0.0, 0.0, 0.0, 0.0, 0.0, 0.0, 0.0, 0.0, 0.0, 0.0, 0.0, 0.0, 0.0, 0.0, 0.0, 0.0, 0.0, 0.0, 1.0, 1.0, 1.0, 1.0, 1.0, 1.0, 1.0, 1.0, 1.0, 1.0, 1.0, 1.0, 1.0, 1.0, 0.0, 0.0, 0.0, 0.0, 0.0, 0.0, 0.0, 0.0, 0.0]",NGS-nonramp,False
282,ENTm5,-0.502853012083454,36.65041503800631,48.86722005067507,53.865515070779374,1.5,9,False,,,,,,,21,18,8.85885885885886,10.0,25.0,-0.502853012083454,0.06855701160749872,0.009604482658492923,0.007964298808478432,-3606.176702794401,3736.410309873298,4146.504473001861,282.0,675.0,-0.010795579705393918,20.392745164780163,25.7977832380475,18.247119143385646,OF1,NG,97.05882352941177,82.22222222222223,65.21739130434783,67.85714285714286,"[1.0, 1.0, 1.0, 1.0, 1.0, 1.0, 1.0, 1.0, 1.0, 0.0, 0.0, 1.0, 1.0, 0.0, 0.0, 1.0, 1.0, 1.0, 1.0, 1.0, 1.0, 1.0, 1.0, 1.0, 1.0, 1.0, 1.0, 1.0, 1.0, 1.0, 1.0, 1.0, 1.0, 1.0, 1.0, 1.0, 1.0, 1.0, 1.0, 1.0, 1.0, 1.0, 1.0, 1.0, 1.0, 1.0, 1.0, 1.0, 1.0, 1.0, 1.0, 1.0, 1.0, 1.0, 1.0, 1.0, 1.0, 1.0, 1.0, 1.0, 1.0, 1.0, 1.0, 1.0, 1.0, 1.0, 1.0, 1.0, 1.0, 1.0, 1.0, 1.0, 1.0, 1.0, 1.0, 0.0, 0.0, 1.0, 1.0, 1.0, 1.0, 1.0, 1.0, 1.0, 1.0, 0.0, 0.0, 0.0, 0.0, 0.0, 0.0, 0.0, 0.0, 0.0, 0.0, 0.0, 0.0, 0.0, 0.0, 0.0, 0.0, 0.0, 0.0, 0.0, 0.0, 0.0, 0.0, 0.0, 0.0, 0.0, 0.0, 0.0, 0.0, 0.0, 0.0, 0.0, 0.0, 0.0, 0.0, 0.0, 0.0, 0.0, 0.0, 0.0, 0.0, 0.0, 0.0, 0.0, 0.0, 0.0]",NGS-ramp,False
284,ENTm5,-0.20187428543933011,42.73911321689244,56.98548428918993,26.811574616529096,1.5,9,False,,,,,,,21,18,8.85885885885886,23.0,-41.0,-0.20187428543933011,-0.46029209591580594,0.012308602932574464,0.00819015255024024,-3606.193531207037,3706.4789515766015,4144.476294676528,282.0,705.0,0.011779229933058362,24.02529808370717,31.499065847560143,15.51685471760924,OF1,NG,83.33333333333333,78.78787878787878,88.88888888888889,57.142857142857146,"[1.0, 1.0, 1.0, 1.0, 1.0, 1.0, 1.0, 1.0, 1.0, 1.0, 1.0, 1.0, 1.0, 1.0, 1.0, 1.0, 1.0, 1.0, 1.0, 1.0, 1.0, 1.0, 1.0, 1.0, 1.0, 1.0, 1.0, 1.0, 1.0, 1.0, 1.0, 1.0, 1.0, 1.0, 1.0, 1.0, 1.0, 1.0, 1.0, 1.0, 1.0, 1.0, 1.0, 1.0, 1.0, 1.0, 1.0, 1.0, 1.0, 1.0, 1.0, 1.0, 1.0, 1.0, 1.0, 1.0, 1.0, 1.0, 1.0, 1.0, 1.0, 1.0, 1.0, 1.0, 1.0, 1.0, 1.0, 1.0, 1.0, 1.0, 1.0, 1.0, 1.0, 1.0, 1.0, 1.0, 1.0, 1.0, 1.0, 1.0, 1.0, 1.0, 1.0, 1.0, 1.0, 1.0, 1.0, 1.0, 1.0, 1.0, 1.0, 0.0, 0.0, 0.0, 0.0, 0.0, 0.0, 0.0, 0.0, 1.0, 1.0, 0.0, 0.0, 0.0, 0.0, 0.0, 0.0, 0.0, 0.0, 1.0, 1.0, 1.0, 1.0, 1.0, 1.0, 1.0, 1.0, 1.0, 1.0, 1.0, 1.0, 1.0, 1.0, 1.0, 1.0, 1.0, 1.0, 1.0, 1.0, 1.0]",NGS-ramp,False
285,ENTm5,-0.6062086921082679,38.657759816244955,51.54367975499328,57.890898799657286,1.5,9,False,,,,,,,21,18,8.85885885885886,-3.0,-9.0,-0.6062086921082679,-0.050795629125808504,0.0202677673443419,0.021449692848605886,-3606.193531207037,3706.4789515766015,4144.476294676528,282.0,705.0,0.03724876645647325,13.863906521892412,16.50498410374033,9.315444510485692,OF1,NG,91.89189189189189,81.48148148148148,70.0,63.1578947368421,"[1.0, 1.0, 1.0, 1.0, 1.0, 1.0, 1.0, 1.0, 1.0, 1.0, 1.0, 1.0, 1.0, 1.0, 1.0, 1.0, 1.0, 1.0, 1.0, 1.0, 1.0, 1.0, 1.0, 1.0, 1.0, 1.0, 1.0, 1.0, 1.0, 1.0, 1.0, 1.0, 1.0, 1.0, 1.0, 1.0, 1.0, 1.0, 1.0, 1.0, 1.0, 1.0, 1.0, 1.0, 1.0, 1.0, 1.0, 0.0, 0.0, 1.0, 1.0, 1.0, 1.0, 1.0, 1.0, 1.0, 1.0, 1.0, 1.0, 1.0, 1.0, 1.0, 1.0, 1.0, 1.0, 1.0, 1.0, 1.0, 1.0, 1.0, 1.0, 1.0, 1.0, 1.0, 1.0, 1.0, 1.0, 1.0, 1.0, 0.0, 0.0, 0.0, 0.0, 0.0, 0.0, 0.0, 0.0, 0.0, 0.0, 0.0, 0.0, 0.0, 0.0, 0.0, 0.0, 0.0, 0.0, 0.0, 0.0, 0.0, 0.0, 1.0, 1.0, 0.0, 0.0, 0.0, 0.0, 1.0, 1.0, 1.0, 1.0, 1.0, 1.0, 1.0, 1.0, 1.0, 1.0, 1.0, 1.0, 0.0, 0.0, 0.0, 0.0, 0.0, 0.0, 0.0, 0.0, 0.0, 0.0, 0.0]",NGS-nonramp,False
304,ENTm5,-0.7791526806796113,50.07972884936679,66.77297179915571,16.841825116413776,1.5,9,False,,,,,,,21,18,8.85885885885886,14.0,-49.0,-0.7791526806796113,-0.3506958040949646,0.32737339179645447,0.2409158901310959,-3487.837802504825,4192.566387145543,3979.868774104532,500.0,240.0,0.15315157785007327,5.346622927117727,6.520035101134401,4.268676236069459,OF1,NG,84.21052631578948,76.71232876712328,,,"[1.0, 1.0, 1.0, 1.0, 1.0, 1.0, 1.0, 1.0, 1.0, 1.0, 1.0, 1.0, 1.0, 1.0, 1.0, 1.0, 1.0, 1.0, 1.0, 1.0, 1.0, 1.0, 1.0, 1.0, 1.0, 1.0, 1.0, 1.0, 1.0, 1.0, 1.0, 1.0, 1.0, 1.0, 1.0, 1.0, 1.0, 1.0, 1.0, 1.0, 1.0, 1.0, 1.0, 1.0, 1.0, 1.0, 1.0, 1.0, 1.0, 1.0, 1.0, 1.0, 1.0, 1.0, 1.0, 1.0, 1.0, 1.0, 1.0, 1.0, 1.0, 1.0, 1.0, 1.0, 1.0, 1.0, 1.0, 1.0, 1.0, 1.0, 1.0, 1.0, 1.0, 1.0, 1.0, 1.0, 1.0, 1.0, 1.0, 1.0, 1.0, 1.0, 1.0, 1.0, 1.0, 1.0, 1.0, 1.0, 1.0, 1.0, 1.0, 1.0, 1.0, 1.0, 1.0, 1.0, 1.0, 1.0, 1.0, 1.0, 1.0, 1.0, 1.0, 1.0, 1.0, 1.0, 1.0, 1.0, 1.0, 1.0, 1.0, 1.0, 1.0, 1.0, 1.0, 1.0, 1.0, 1.0, 1.0, 1.0, 1.0, 1.0, 1.0, 1.0, 1.0, 1.0, 1.0, 1.0, 1.0, 1.0]",NGS-nonramp,False
314,ENTm5,-0.500388408023268,48.30038728808091,64.40051638410789,12.138947895035585,1.5,9,False,,,,,,,21,18,8.85885885885886,15.0,-37.0,-0.500388408023268,-0.15898620439892136,0.40510417805815296,0.34887542498501883,-3486.8164732316886,4117.723157658072,3975.1308540543846,500.0,315.0,0.09922259886547949,2.22260362022786,1.6491657511811593,2.270962415988553,OF1,NG,87.03703703703704,75.71428571428571,33.333333333333336,100.0,"[1.0, 1.0, 1.0, 1.0, 1.0, 1.0, 1.0, 1.0, 1.0, 1.0, 1.0, 1.0, 1.0, 1.0, 1.0, 0.0, 0.0, 0.0, 0.0, 1.0, 1.0, 1.0, 1.0, 1.0, 1.0, 1.0, 1.0, 1.0, 1.0, 1.0, 1.0, 1.0, 1.0, 1.0, 1.0, 1.0, 1.0, 1.0, 1.0, 1.0, 1.0, 1.0, 1.0, 1.0, 1.0, 1.0, 1.0, 1.0, 1.0, 1.0, 1.0, 1.0, 1.0, 1.0, 1.0, 1.0, 1.0, 1.0, 1.0, 1.0, 1.0, 1.0, 1.0, 1.0, 1.0, 1.0, 1.0, 1.0, 1.0, 1.0, 1.0, 1.0, 1.0, 1.0, 1.0, 1.0, 1.0, 1.0, 1.0, 1.0, 1.0, 1.0, 1.0, 1.0, 1.0, 1.0, 1.0, 1.0, 1.0, 1.0, 1.0, 1.0, 1.0, 1.0, 1.0, 1.0, 1.0, 1.0, 1.0, 1.0, 1.0, 1.0, 1.0, 1.0, 1.0, 1.0, 1.0, 1.0, 1.0, 1.0, 1.0, 1.0, 1.0, 1.0, 1.0, 1.0, 1.0, 1.0, 1.0, 0.0, 0.0, 1.0, 1.0, 1.0, 1.0, 1.0, 1.0, 1.0, 1.0, 1.0]",NGS-nonramp,False
323,ENTm5,-0.3536490292296707,39.56698096410493,52.75597461880657,31.58182883342103,1.5,9,False,,,,,,,21,18,8.85885885885886,-10.0,-45.0,-0.3536490292296707,-0.41840395364693383,0.22676029845965343,0.2716663700298245,-3485.5908781039248,4027.911282273106,3969.445349994208,532.0,405.0,0.07893325223198315,3.254900676389365,2.968498352126087,3.4233828153958035,OF1,NG,97.36842105263158,82.3529411764706,57.89473684210526,63.63636363636363,"[1.0, 1.0, 1.0, 1.0, 1.0, 1.0, 1.0, 1.0, 1.0, 1.0, 1.0, 1.0, 1.0, 1.0, 1.0, 0.0, 0.0, 1.0, 1.0, 0.0, 0.0, 1.0, 1.0, 1.0, 1.0, 1.0, 1.0, 1.0, 1.0, 1.0, 1.0, 1.0, 1.0, 1.0, 1.0, 1.0, 1.0, 1.0, 1.0, 1.0, 1.0, 1.0, 1.0, 1.0, 1.0, 1.0, 1.0, 1.0, 1.0, 1.0, 1.0, 1.0, 1.0, 1.0, 1.0, 1.0, 1.0, 1.0, 1.0, 1.0, 1.0, 1.0, 1.0, 1.0, 1.0, 1.0, 1.0, 1.0, 1.0, 1.0, 1.0, 1.0, 1.0, 1.0, 1.0, 1.0, 1.0, 1.0, 1.0, 1.0, 1.0, 1.0, 1.0, 1.0, 1.0, 1.0, 1.0, 0.0, 0.0, 0.0, 0.0, 1.0, 1.0, 0.0, 0.0, 1.0, 1.0, 1.0, 1.0, 0.0, 0.0, 0.0, 0.0, 0.0, 0.0, 0.0, 0.0, 0.0, 0.0, 0.0, 0.0, 0.0, 0.0, 0.0, 0.0, 0.0, 0.0, 0.0, 0.0, 0.0, 0.0, 0.0, 0.0, 0.0, 0.0, 0.0, 0.0, 0.0, 0.0, 0.0]",NGS-nonramp,False
326,ENTm5,-0.7249530545479891,42.42934051304765,56.57245401739686,24.25287178425884,1.5,9,False,,,,,,,21,18,8.85885885885886,5.0,-27.0,-0.7249530545479891,-0.6908835795192623,0.47690241187237,0.4176011852138093,-3485.795143958552,4042.8799281706006,3970.392934004237,532.0,390.0,0.10619234032304566,1.58533033382848,1.3243300729182037,1.5489640934683477,OF1,NG,95.0,90.47619047619048,78.37837837837837,71.15384615384616,"[1.0, 1.0, 1.0, 1.0, 1.0, 1.0, 1.0, 1.0, 1.0, 1.0, 1.0, 1.0, 1.0, 0.0, 0.0, 0.0, 0.0, 0.0, 0.0, 0.0, 0.0, 0.0, 0.0, 0.0, 0.0, 0.0, 0.0, 0.0, 0.0, 1.0, 1.0, 1.0, 1.0, 0.0, 0.0, 0.0, 0.0, 0.0, 0.0, 1.0, 1.0, 1.0, 1.0, 1.0, 1.0, 1.0, 1.0, 1.0, 1.0, 1.0, 1.0, 1.0, 1.0, 1.0, 1.0, 1.0, 1.0, 0.0, 0.0, 0.0, 0.0, 0.0, 0.0, 0.0, 0.0, 0.0, 0.0, 0.0, 0.0, 1.0, 1.0, 0.0, 0.0, 0.0, 0.0, 1.0, 1.0, 0.0, 0.0, 0.0, 0.0, 0.0, 0.0, 0.0, 0.0, 0.0, 0.0, 0.0, 0.0, 0.0, 0.0, 0.0, 0.0, 0.0, 0.0, 0.0, 0.0, 0.0, 0.0, 0.0, 0.0, 0.0, 0.0, 0.0, 0.0, 0.0, 0.0, 0.0, 0.0, 1.0, 1.0, 0.0, 0.0, 0.0, 0.0, 0.0, 0.0, 0.0, 0.0, 0.0, 0.0, 0.0, 0.0, 0.0, 0.0, 0.0, 0.0, 0.0, 0.0, 0.0]",NGS-nonramp,False
332,ENTm5,-0.6281101475718034,46.376925699344156,61.83590093245887,34.703853903536526,1.5,9,False,,,,,,,21,18,8.85885885885886,13.0,1.0,-0.6281101475718034,-0.4244559093372267,0.1259378886171357,0.10926312176932299,-3485.5908781039248,4027.911282273106,3969.445349994208,500.0,405.0,0.11544512314986956,4.5027950430355,4.48856274399761,4.129275021490558,OF1,NG,96.42857142857143,84.21052631578948,72.41379310344827,68.57142857142857,"[0.0, 0.0, 0.0, 0.0, 0.0, 0.0, 0.0, 0.0, 0.0, 0.0, 0.0, 1.0, 1.0, 1.0, 1.0, 0.0, 0.0, 0.0, 0.0, 1.0, 1.0, 1.0, 1.0, 1.0, 1.0, 1.0, 1.0, 1.0, 1.0, 1.0, 1.0, 1.0, 1.0, 1.0, 1.0, 1.0, 1.0, 1.0, 1.0, 1.0, 1.0, 1.0, 1.0, 1.0, 1.0, 1.0, 1.0, 1.0, 1.0, 1.0, 1.0, 1.0, 1.0, 1.0, 1.0, 1.0, 1.0, 1.0, 1.0, 0.0, 0.0, 0.0, 0.0, 1.0, 1.0, 1.0, 1.0, 1.0, 1.0, 1.0, 1.0, 1.0, 1.0, 1.0, 1.0, 1.0, 1.0, 1.0, 1.0, 0.0, 0.0, 0.0, 0.0, 1.0, 1.0, 0.0, 0.0, 0.0, 0.0, 0.0, 0.0, 0.0, 0.0, 0.0, 0.0, 0.0, 0.0, 0.0, 0.0, 1.0, 1.0, 1.0, 1.0, 0.0, 0.0, 0.0, 0.0, 0.0, 0.0, 0.0, 0.0, 0.0, 0.0, 0.0, 0.0, 0.0, 0.0, 0.0, 0.0, 0.0, 0.0, 0.0, 0.0, 0.0, 0.0, 0.0, 0.0, 0.0, 0.0, 0.0]",NGS-nonramp,False
337,ENTm5,-0.03888731464688067,45.47578520078378,60.634380267711705,32.349536275617766,1.5,9,False,,,,,,,21,18,8.85885885885886,20.0,7.0,-0.03888731464688067,0.06525316818919968,0.49729013374248776,0.5794033723119346,-3485.1823463946703,3997.973990478118,3967.550181974149,532.0,435.0,0.15611128345647055,1.7925988298904143,1.7024721188961058,1.503978044142089,OF1,NG,88.88888888888889,76.92307692307692,83.33333333333333,76.66666666666667,"[0.0, 0.0, 0.0, 0.0, 0.0, 0.0, 0.0, 0.0, 0.0, 1.0, 1.0, 0.0, 0.0, 0.0, 0.0, 0.0, 0.0, 0.0, 0.0, 0.0, 0.0, 0.0, 0.0, 0.0, 0.0, 0.0, 0.0, 0.0, 0.0, 0.0, 0.0, 0.0, 0.0, 0.0, 0.0, 1.0, 1.0, 1.0, 1.0, 1.0, 1.0, 1.0, 1.0, 1.0, 1.0, 0.0, 0.0, 0.0, 0.0, 0.0, 0.0, 0.0, 0.0, 0.0, 0.0, 0.0, 0.0, 0.0, 0.0, 0.0, 0.0, 0.0, 0.0, 0.0, 0.0, 0.0, 0.0, 0.0, 0.0, 0.0, 0.0, 0.0, 0.0, 0.0, 0.0, 0.0, 0.0, 0.0, 0.0, 0.0, 0.0, 0.0, 0.0, 0.0, 0.0, 0.0, 0.0, 0.0, 0.0, 0.0, 0.0, 0.0, 0.0, 1.0, 1.0, 0.0, 0.0, 0.0, 0.0, 1.0, 1.0, 1.0, 1.0, 1.0, 1.0, 1.0, 1.0, 0.0, 0.0, 0.0, 0.0, 0.0, 0.0, 0.0, 0.0, 0.0, 0.0, 0.0, 0.0, 0.0, 0.0, 0.0, 0.0, 0.0, 0.0, 0.0, 0.0, 0.0, 0.0, 0.0]",NGS-nonramp,False
341,ENTm5,-0.1867765258210656,52.60254495619794,70.13672660826391,18.249264087347044,1.5,9,False,,,,,,,21,18,8.85885885885886,20.0,13.0,-0.1867765258210656,0.014028699471122022,0.6688160064982834,0.6451002852533929,-3484.773814685416,3968.0366986831295,3965.6550139540896,500.0,465.0,0.12729573909586023,2.6192931528745245,4.346967704754783,0.7880889381970547,OF1,NG,94.44444444444444,96.66666666666667,79.48717948717949,62.7906976744186,"[0.0, 0.0, 0.0, 0.0, 0.0, 0.0, 0.0, 0.0, 0.0, 1.0, 1.0, 1.0, 1.0, 1.0, 1.0, 1.0, 1.0, 1.0, 1.0, 1.0, 1.0, 1.0, 1.0, 1.0, 1.0, 1.0, 1.0, 1.0, 1.0, 1.0, 1.0, 1.0, 1.0, 1.0, 1.0, 1.0, 1.0, 0.0, 0.0, 0.0, 0.0, 1.0, 1.0, 1.0, 1.0, 0.0, 0.0, 0.0, 0.0, 0.0, 0.0, 0.0, 0.0, 1.0, 1.0, 0.0, 0.0, 0.0, 0.0, 0.0, 0.0, 0.0, 0.0, 0.0, 0.0, 0.0, 0.0, 0.0, 0.0, 0.0, 0.0, 0.0, 0.0, 0.0, 0.0, 0.0, 0.0, 0.0, 0.0, 0.0, 0.0, 1.0, 1.0, 1.0, 1.0, 1.0, 1.0, 1.0, 1.0, 1.0, 1.0, 1.0, 1.0, 1.0, 1.0, 0.0, 0.0, 0.0, 0.0, 0.0, 0.0, 0.0, 0.0, 0.0, 0.0, 0.0, 0.0, 0.0, 0.0, 0.0, 0.0, 0.0, 0.0, 0.0, 0.0, 0.0, 0.0, 0.0, 0.0, 0.0, 0.0, 0.0, 0.0, 0.0, 0.0, 0.0, 0.0, 0.0, 0.0, 0.0]",NGS-nonramp,False
345,ENTm5,-0.46725683346372643,37.72835563562221,50.304474180829615,40.96533360520763,1.5,9,False,,,,,,,21,18,8.85885885885886,44.0,-50.0,-0.46725683346372643,0.008549474081601408,0.0067989836716485594,0.005986811458183151,-3484.5695488307883,3953.068052785636,3964.70742994406,532.0,480.0,0.45593662650359246,62.30405323816254,63.085587454652625,58.26582001070557,OF1,NG,93.54838709677419,92.3076923076923,73.07692307692308,58.8235294117647,"[0.0, 0.0, 0.0, 0.0, 0.0, 0.0, 0.0, 0.0, 0.0, 1.0, 1.0, 1.0, 1.0, 0.0, 0.0, 1.0, 1.0, 1.0, 1.0, 1.0, 1.0, 0.0, 0.0, 1.0, 1.0, 1.0, 1.0, 1.0, 1.0, 1.0, 1.0, 1.0, 1.0, 1.0, 1.0, 1.0, 1.0, 1.0, 1.0, 1.0, 1.0, 1.0, 1.0, 1.0, 1.0, 1.0, 1.0, 1.0, 1.0, 1.0, 1.0, 1.0, 1.0, 0.0, 0.0, 0.0, 0.0, 0.0, 0.0, 0.0, 0.0, 0.0, 0.0, 0.0, 0.0, 0.0, 0.0, 0.0, 0.0, 0.0, 0.0, 0.0, 0.0, 1.0, 1.0, 0.0, 0.0, 1.0, 1.0, 1.0, 1.0, 0.0, 0.0, 0.0, 0.0, 1.0, 1.0, 1.0, 1.0, 1.0, 1.0, 1.0, 1.0, 1.0, 1.0, 1.0, 1.0, 1.0, 1.0, 1.0, 1.0, 1.0, 1.0, 1.0, 1.0, 0.0, 0.0, 0.0, 0.0, 0.0, 0.0, 1.0, 1.0, 0.0, 0.0, 1.0, 1.0, 0.0, 0.0, 0.0, 0.0, 0.0, 0.0, 0.0, 0.0, 0.0, 0.0, 0.0, 0.0, 0.0]",NGS-nonramp,False
346,ENTm5,0.10482184756596193,52.93305229736706,70.57740306315608,31.179349010938207,1.5,9,False,,,,,,,21,18,8.85885885885886,33.0,10.0,0.10482184756596193,0.08154513026947346,0.24176825411895075,0.22209103156191667,-3484.5695488307883,3953.068052785636,3964.70742994406,532.0,480.0,0.13744571839087727,1.719067296844332,2.5662018582773496,0.733105989020516,OF1,NG,100.0,76.92307692307692,76.92307692307692,76.59574468085107,"[0.0, 0.0, 0.0, 0.0, 0.0, 0.0, 0.0, 0.0, 0.0, 1.0, 1.0, 0.0, 0.0, 0.0, 0.0, 1.0, 1.0, 1.0, 1.0, 1.0, 1.0, 1.0, 1.0, 0.0, 0.0, 0.0, 0.0, 0.0, 0.0, 0.0, 0.0, 0.0, 0.0, 0.0, 0.0, 0.0, 0.0, 1.0, 1.0, 1.0, 1.0, 0.0, 0.0, 0.0, 0.0, 0.0, 0.0, 1.0, 1.0, 1.0, 1.0, 1.0, 1.0, 1.0, 1.0, 1.0, 1.0, 1.0, 1.0, 1.0, 1.0, 1.0, 1.0, 1.0, 1.0, 1.0, 1.0, 1.0, 1.0, 1.0, 1.0, 1.0, 1.0, 0.0, 0.0, 0.0, 0.0, 0.0, 0.0, 0.0, 0.0, 0.0, 0.0, 0.0, 0.0, 0.0, 0.0, 0.0, 0.0, 0.0, 0.0, 0.0, 0.0, 0.0, 0.0, 0.0, 0.0, 0.0, 0.0, 0.0, 0.0, 0.0, 0.0, 0.0, 0.0, 0.0, 0.0, 0.0, 0.0, 1.0, 1.0, 1.0, 1.0, 0.0, 0.0, 0.0, 0.0, 0.0, 0.0, 0.0, 0.0, 0.0, 0.0, 0.0, 0.0, 0.0, 0.0, 0.0, 0.0, 0.0]",NGS-nonramp,False
347,ENTm5,0.15543673358460544,62.880177146580884,83.84023619544118,9.895979076689143,1.5,9,False,,,,,,,21,18,8.85885885885886,10.0,14.0,0.15543673358460544,-0.7811898643413385,0.22446850150045045,0.20782512065997819,-3484.365282976161,3938.099406888141,3963.759845934031,532.0,495.0,0.144031155541395,2.4922192413968287,2.8202400169188917,1.9049648048033105,OF1,NG,94.11764705882354,89.47368421052632,80.0,72.22222222222223,"[0.0, 0.0, 0.0, 0.0, 0.0, 0.0, 0.0, 0.0, 0.0, 0.0, 0.0, 0.0, 0.0, 0.0, 0.0, 0.0, 0.0, 0.0, 0.0, 0.0, 0.0, 1.0, 1.0, 0.0, 0.0, 0.0, 0.0, 0.0, 0.0, 0.0, 0.0, 1.0, 1.0, 0.0, 0.0, 0.0, 0.0, 0.0, 0.0, 0.0, 0.0, 1.0, 1.0, 1.0, 1.0, 1.0, 1.0, 1.0, 1.0, 1.0, 1.0, 1.0, 1.0, 1.0, 1.0, 1.0, 1.0, 0.0, 0.0, 1.0, 1.0, 0.0, 0.0, 0.0, 0.0, 0.0, 0.0, 0.0, 0.0, 0.0, 0.0, 0.0, 0.0, 0.0, 0.0, 0.0, 0.0, 0.0, 0.0, 1.0, 1.0, 1.0, 1.0, 1.0, 1.0, 1.0, 1.0, 1.0, 1.0, 1.0, 1.0, 1.0, 1.0, 0.0, 0.0, 0.0, 0.0, 0.0, 0.0, 0.0, 0.0, 0.0, 0.0, 0.0, 0.0, 0.0, 0.0, 0.0, 0.0, 0.0, 0.0, 0.0, 0.0, 0.0, 0.0, 0.0, 0.0, 0.0, 0.0, 0.0, 0.0, 0.0, 0.0, 0.0, 0.0, 0.0, 0.0, 0.0, 0.0, 0.0]",NGS-nonramp,False
348,ENTm5,-0.022025398748424407,25.524635509425178,34.03284734590024,15.033120716432009,1.5,9,False,,,,,,,21,18,8.85885885885886,-22.0,-17.0,-0.022025398748424407,-0.2335714309510541,0.011799081824850758,0.010506653569961678,-3484.365282976161,3938.099406888141,3963.759845934031,500.0,495.0,0.037553810995523934,7.605873330805446,8.98961916792841,5.383885952700668,OF2,NG,72.22222222222223,80.95238095238095,89.74358974358974,75.0,"[0.0, 0.0, 0.0, 0.0, 0.0, 0.0, 0.0, 0.0, 0.0, 0.0, 0.0, 0.0, 0.0, 0.0, 0.0, 0.0, 0.0, 0.0, 0.0, 1.0, 1.0, 0.0, 0.0, 0.0, 0.0, 0.0, 0.0, 0.0, 0.0, 0.0, 0.0, 0.0, 0.0, 1.0, 1.0, 1.0, 1.0, 1.0, 1.0, 1.0, 1.0, 1.0, 1.0, 1.0, 1.0, 1.0, 1.0, 1.0, 1.0, 1.0, 1.0, 0.0, 0.0, 1.0, 1.0, 0.0, 0.0, 0.0, 0.0, 0.0, 0.0, 0.0, 0.0, 0.0, 0.0, 0.0, 0.0, 0.0, 0.0, 0.0, 0.0, 0.0, 0.0, 0.0, 0.0, 0.0, 0.0, 0.0, 0.0, 0.0, 0.0, 0.0, 0.0, 0.0, 0.0, 0.0, 0.0, 0.0, 0.0, 0.0, 0.0, 0.0, 0.0, 0.0, 0.0, 0.0, 0.0, 0.0, 0.0, 0.0, 0.0, 0.0, 0.0, 0.0, 0.0, 0.0, 0.0, 0.0, 0.0, 0.0, 0.0, 1.0, 1.0, 0.0, 0.0, 1.0, 1.0, 1.0, 1.0, 1.0, 1.0, 1.0, 1.0, 1.0, 1.0, 1.0, 1.0, 1.0, 1.0, 1.0]",NGS-nonramp,False
350,ENTm5,-0.615048125750967,33.97782849453707,45.30377132604943,13.400570745317488,1.5,9,False,,,,,,,21,18,8.85885885885886,-13.0,45.0,-0.615048125750967,-0.6064845574974224,0.2521200517923269,0.23512819593791837,-3483.9567512669064,3908.162115093153,3961.8646779139713,500.0,525.0,0.015318545128727505,2.864398263028132,1.9998217013060422,3.3822844493446533,OF1,NG,89.58333333333333,85.96491228070175,55.55555555555556,43.75,"[1.0, 1.0, 1.0, 1.0, 1.0, 1.0, 1.0, 1.0, 1.0, 1.0, 1.0, 1.0, 1.0, 1.0, 1.0, 1.0, 1.0, 1.0, 1.0, 1.0, 1.0, 1.0, 1.0, 1.0, 1.0, 1.0, 1.0, 1.0, 1.0, 1.0, 1.0, 1.0, 1.0, 1.0, 1.0, 1.0, 1.0, 1.0, 1.0, 1.0, 1.0, 1.0, 1.0, 1.0, 1.0, 1.0, 1.0, 1.0, 1.0, 1.0, 1.0, 1.0, 1.0, 1.0, 1.0, 1.0, 1.0, 1.0, 1.0, 1.0, 1.0, 0.0, 0.0, 0.0, 0.0, 0.0, 0.0, 0.0, 0.0, 1.0, 1.0, 1.0, 1.0, 1.0, 1.0, 1.0, 1.0, 1.0, 1.0, 1.0, 1.0, 1.0, 1.0, 1.0, 1.0, 1.0, 1.0, 0.0, 0.0, 1.0, 1.0, 0.0, 0.0, 1.0, 1.0, 1.0, 1.0, 0.0, 0.0, 0.0, 0.0, 1.0, 1.0, 1.0, 1.0, 1.0, 1.0, 1.0, 1.0, 1.0, 1.0, 1.0, 1.0, 1.0, 1.0, 1.0, 1.0, 1.0, 1.0, 1.0, 1.0, 0.0, 0.0, 0.0, 0.0, 0.0, 0.0, 0.0, 0.0, 0.0]",NGS-nonramp,False
351,ENTm5,-0.5734153684737149,37.55070851157396,50.067611348765276,8.514001820553569,1.5,9,False,,,,,,,21,18,8.85885885885886,-48.0,-5.0,-0.5734153684737149,-0.15835899376693832,0.029648589909941906,0.026681540206689967,-3483.9567512669064,3908.162115093153,3961.8646779139713,532.0,525.0,0.06320606087963763,5.690721945838228,6.3626147339762005,4.778518128433727,OF2,NG,100.0,90.0,82.3529411764706,74.60317460317461,"[0.0, 0.0, 0.0, 0.0, 0.0, 0.0, 0.0, 0.0, 0.0, 0.0, 0.0, 0.0, 0.0, 1.0, 1.0, 1.0, 1.0, 1.0, 1.0, 1.0, 1.0, 1.0, 1.0, 1.0, 1.0, 0.0, 0.0, 0.0, 0.0, 0.0, 0.0, 0.0, 0.0, 0.0, 0.0, 0.0, 0.0, 0.0, 0.0, 0.0, 0.0, 0.0, 0.0, 0.0, 0.0, 0.0, 0.0, 0.0, 0.0, 0.0, 0.0, 0.0, 0.0, 0.0, 0.0, 0.0, 0.0, 0.0, 0.0, 0.0, 0.0, 0.0, 0.0, 0.0, 0.0, 0.0, 0.0, 0.0, 0.0, 1.0, 1.0, 1.0, 1.0, 0.0, 0.0, 0.0, 0.0, 0.0, 0.0, 0.0, 0.0, 0.0, 0.0, 0.0, 0.0, 0.0, 0.0, 0.0, 0.0, 0.0, 0.0, 0.0, 0.0, 0.0, 0.0, 0.0, 0.0, 0.0, 0.0, 0.0, 0.0, 0.0, 0.0, 0.0, 0.0, 0.0, 0.0, 0.0, 0.0, 0.0, 0.0, 0.0, 0.0, 0.0, 0.0, 0.0, 0.0, 0.0, 0.0, 0.0, 0.0, 0.0, 0.0, 0.0, 0.0, 0.0, 0.0, 0.0, 0.0, 0.0]",NGS-nonramp,False
352,ENTm5,-0.5662931587101017,32.35130036280228,43.13506715040304,12.662234952777636,1.5,9,False,,,,,,,21,18,8.85885885885886,25.0,-50.0,-0.5662931587101017,-0.08233422289322335,0.020300420869485906,0.017271225006493026,-3483.9567512669064,3908.162115093153,3961.8646779139713,500.0,525.0,0.05004244746697957,9.881067464959468,9.365262477919675,8.307979158907498,OF1,NG,100.0,100.0,78.04878048780488,67.9245283018868,"[0.0, 0.0, 0.0, 0.0, 0.0, 0.0, 0.0, 0.0, 0.0, 0.0, 0.0, 0.0, 0.0, 0.0, 0.0, 0.0, 0.0, 0.0, 0.0, 0.0, 0.0, 0.0, 0.0, 1.0, 1.0, 1.0, 1.0, 1.0, 1.0, 0.0, 0.0, 1.0, 1.0, 1.0, 1.0, 1.0, 1.0, 1.0, 1.0, 1.0, 1.0, 1.0, 1.0, 1.0, 1.0, 1.0, 1.0, 1.0, 1.0, 1.0, 1.0, 1.0, 1.0, 0.0, 0.0, 0.0, 0.0, 0.0, 0.0, 0.0, 0.0, 0.0, 0.0, 0.0, 0.0, 0.0, 0.0, 0.0, 0.0, 0.0, 0.0, 0.0, 0.0, 1.0, 1.0, 0.0, 0.0, 0.0, 0.0, 1.0, 1.0, 1.0, 1.0, 0.0, 0.0, 0.0, 0.0, 0.0, 0.0, 0.0, 0.0, 0.0, 0.0, 0.0, 0.0, 0.0, 0.0, 1.0, 1.0, 0.0, 0.0, 0.0, 0.0, 0.0, 0.0, 0.0, 0.0, 0.0, 0.0, 0.0, 0.0, 0.0, 0.0, 0.0, 0.0, 0.0, 0.0, 0.0, 0.0, 0.0, 0.0, 0.0, 0.0, 0.0, 0.0, 0.0, 0.0, 0.0, 0.0, 0.0]",NGS-nonramp,False
353,ENTm5,-0.09758783074855915,50.53015054526668,67.37353406035557,3.905961946822957,1.5,9,False,,,,,,,21,18,8.85885885885886,-18.0,-45.0,-0.09758783074855915,0.18687567277576342,0.2455742337752498,0.2363808989505964,-3483.7524854122794,3893.1934691956585,3960.917093903942,532.0,540.0,0.05848370283054584,2.2621059972040727,2.2780143078184194,1.4023428956642445,OF1,NG,92.0,80.76923076923077,78.125,74.46808510638297,"[1.0, 1.0, 1.0, 1.0, 1.0, 1.0, 1.0, 1.0, 1.0, 1.0, 1.0, 0.0, 0.0, 0.0, 0.0, 0.0, 0.0, 1.0, 1.0, 0.0, 0.0, 0.0, 0.0, 0.0, 0.0, 0.0, 0.0, 0.0, 0.0, 0.0, 0.0, 0.0, 0.0, 1.0, 1.0, 0.0, 0.0, 0.0, 0.0, 0.0, 0.0, 0.0, 0.0, 1.0, 1.0, 0.0, 0.0, 1.0, 1.0, 1.0, 1.0, 1.0, 1.0, 1.0, 1.0, 1.0, 1.0, 0.0, 0.0, 0.0, 0.0, 0.0, 0.0, 0.0, 0.0, 0.0, 0.0, 0.0, 0.0, 1.0, 1.0, 1.0, 1.0, 1.0, 1.0, 1.0, 1.0, 1.0, 1.0, 1.0, 1.0, 0.0, 0.0, 0.0, 0.0, 0.0, 0.0, 0.0, 0.0, 0.0, 0.0, 1.0, 1.0, 1.0, 1.0, 1.0, 1.0, 1.0, 1.0, 1.0, 1.0, 1.0, 1.0, 0.0, 0.0, 0.0, 0.0, 0.0, 0.0, 0.0, 0.0, 0.0, 0.0, 0.0, 0.0, 0.0, 0.0, 0.0, 0.0, 0.0, 0.0, 0.0, 0.0, 0.0, 0.0, 0.0, 0.0, 0.0, 0.0, 0.0]",NGS-nonramp,False
354,ENTm5,0.022438903036768633,32.07760815244791,42.770144203263875,52.66534762296374,1.5,9,False,,,,,,,21,18,8.85885885885886,40.0,-48.0,0.022438903036768633,0.19052283041164048,0.019347629281816422,0.02078515192092856,-3483.7524854122794,3893.1934691956585,3960.917093903942,532.0,540.0,0.06994476253854218,4.608689969266913,6.111075311321296,2.91298553970652,OF2,NG,73.33333333333333,61.904761904761905,88.0952380952381,82.6923076923077,"[1.0, 1.0, 1.0, 1.0, 1.0, 1.0, 1.0, 1.0, 1.0, 0.0, 0.0, 0.0, 0.0, 0.0, 0.0, 1.0, 1.0, 0.0, 0.0, 1.0, 1.0, 0.0, 0.0, 1.0, 1.0, 0.0, 0.0, 1.0, 1.0, 0.0, 0.0, 0.0, 0.0, 0.0, 0.0, 0.0, 0.0, 0.0, 0.0, 0.0, 0.0, 0.0, 0.0, 0.0, 0.0, 0.0, 0.0, 0.0, 0.0, 0.0, 0.0, 0.0, 0.0, 0.0, 0.0, 0.0, 0.0, 1.0, 1.0, 1.0, 1.0, 0.0, 0.0, 0.0, 0.0, 1.0, 1.0, 0.0, 0.0, 0.0, 0.0, 1.0, 1.0, 0.0, 0.0, 0.0, 0.0, 0.0, 0.0, 0.0, 0.0, 0.0, 0.0, 0.0, 0.0, 0.0, 0.0, 0.0, 0.0, 0.0, 0.0, 0.0, 0.0, 0.0, 0.0, 1.0, 1.0, 0.0, 0.0, 0.0, 0.0, 0.0, 0.0, 0.0, 0.0, 0.0, 0.0, 0.0, 0.0, 0.0, 0.0, 0.0, 0.0, 0.0, 0.0, 0.0, 0.0, 0.0, 0.0, 0.0, 0.0, 1.0, 1.0, 1.0, 1.0, 1.0, 1.0, 1.0, 1.0, 1.0]",NGS-ramp,False
355,ENTm5,-0.2763787092371962,57.64911137438291,76.86548183251055,30.28890379999371,1.5,9,False,,,,,,,21,18,8.85885885885886,3.0,-4.0,-0.2763787092371962,-0.07396799988809241,0.19385457551601826,0.21846809593704913,-3483.548219557652,3878.2248232981647,3959.969509893912,532.0,555.0,0.1819258594294968,2.3889419425554057,2.997650271970198,1.8199911560759325,OF1,NG,93.61702127659575,80.3030303030303,40.0,42.857142857142854,"[1.0, 1.0, 1.0, 1.0, 1.0, 1.0, 1.0, 1.0, 1.0, 1.0, 1.0, 1.0, 1.0, 1.0, 1.0, 1.0, 1.0, 1.0, 1.0, 1.0, 1.0, 1.0, 1.0, 1.0, 1.0, 1.0, 1.0, 1.0, 1.0, 1.0, 1.0, 1.0, 1.0, 1.0, 1.0, 1.0, 1.0, 1.0, 1.0, 1.0, 1.0, 1.0, 1.0, 1.0, 1.0, 1.0, 1.0, 1.0, 1.0, 1.0, 1.0, 1.0, 1.0, 1.0, 1.0, 1.0, 1.0, 1.0, 1.0, 1.0, 1.0, 1.0, 1.0, 1.0, 1.0, 1.0, 1.0, 1.0, 1.0, 0.0, 0.0, 1.0, 1.0, 1.0, 1.0, 1.0, 1.0, 1.0, 1.0, 1.0, 1.0, 1.0, 1.0, 1.0, 1.0, 1.0, 1.0, 1.0, 1.0, 1.0, 1.0, 1.0, 1.0, 1.0, 1.0, 1.0, 1.0, 1.0, 1.0, 1.0, 1.0, 1.0, 1.0, 1.0, 1.0, 1.0, 1.0, 1.0, 1.0, 1.0, 1.0, 0.0, 0.0, 0.0, 0.0, 1.0, 1.0, 1.0, 1.0, 0.0, 0.0, 0.0, 0.0, 0.0, 0.0, 0.0, 0.0, 0.0, 0.0, 0.0]",NGS-nonramp,False
356,ENTm5,-0.8237332753114402,43.95468124611152,58.606241661482024,27.60380487526819,1.5,9,False,,,,,,,21,18,8.85885885885886,-10.0,-32.0,-0.8237332753114402,-0.2893899492507411,0.09082643404800782,0.10491197520214832,-3483.7524854122794,3893.1934691956585,3960.917093903942,500.0,540.0,0.08842290083094102,5.151014771247565,5.160722724403264,5.4244289354268025,OF1,NG,80.0,75.92592592592592,94.11764705882354,78.94736842105263,"[1.0, 1.0, 1.0, 1.0, 1.0, 1.0, 1.0, 1.0, 1.0, 0.0, 0.0, 1.0, 1.0, 1.0, 1.0, 1.0, 1.0, 0.0, 0.0, 0.0, 0.0, 0.0, 0.0, 0.0, 0.0, 0.0, 0.0, 0.0, 0.0, 0.0, 0.0, 1.0, 1.0, 1.0, 1.0, 1.0, 1.0, 1.0, 1.0, 1.0, 1.0, 1.0, 1.0, 1.0, 1.0, 1.0, 1.0, 1.0, 1.0, 0.0, 0.0, 1.0, 1.0, 1.0, 1.0, 1.0, 1.0, 1.0, 1.0, 1.0, 1.0, 0.0, 0.0, 1.0, 1.0, 1.0, 1.0, 0.0, 0.0, 0.0, 0.0, 0.0, 0.0, 0.0, 0.0, 0.0, 0.0, 1.0, 1.0, 0.0, 0.0, 1.0, 1.0, 1.0, 1.0, 1.0, 1.0, 1.0, 1.0, 1.0, 1.0, 1.0, 1.0, 1.0, 1.0, 1.0, 1.0, 1.0, 1.0, 1.0, 1.0, 1.0, 1.0, 1.0, 1.0, 1.0, 1.0, 1.0, 1.0, 1.0, 1.0, 0.0, 0.0, 0.0, 0.0, 1.0, 1.0, 1.0, 1.0, 1.0, 1.0, 1.0, 1.0, 1.0, 1.0, 1.0, 1.0, 1.0, 1.0, 1.0]",NGS-nonramp,False
362,ENTm5,-0.6677761138460268,47.25233415553838,63.00311220738451,9.63859469347587,1.5,9,False,,,,,,,21,18,8.85885885885886,5.0,-26.0,-0.6677761138460268,-0.5740144151822681,0.08412694292531747,0.0784388380958581,-3483.548219557652,3878.2248232981647,3959.969509893912,500.0,555.0,0.14158238512211355,3.732022759746631,3.976321866736795,3.6599761118524246,OF1,NG,93.10344827586206,94.73684210526316,75.0,57.142857142857146,"[1.0, 1.0, 1.0, 1.0, 1.0, 1.0, 1.0, 1.0, 1.0, 1.0, 1.0, 1.0, 1.0, 0.0, 0.0, 1.0, 1.0, 1.0, 1.0, 0.0, 0.0, 0.0, 0.0, 0.0, 0.0, 1.0, 1.0, 1.0, 1.0, 1.0, 1.0, 1.0, 1.0, 1.0, 1.0, 1.0, 1.0, 1.0, 1.0, 1.0, 1.0, 1.0, 1.0, 1.0, 1.0, 1.0, 1.0, 1.0, 1.0, 1.0, 1.0, 1.0, 1.0, 1.0, 1.0, 1.0, 1.0, 1.0, 1.0, 0.0, 0.0, 0.0, 0.0, 0.0, 0.0, 0.0, 0.0, 0.0, 0.0, 0.0, 0.0, 0.0, 0.0, 0.0, 0.0, 1.0, 1.0, 1.0, 1.0, 1.0, 1.0, 1.0, 1.0, 1.0, 1.0, 1.0, 1.0, 1.0, 1.0, 0.0, 0.0, 0.0, 0.0, 0.0, 0.0, 0.0, 0.0, 0.0, 0.0, 0.0, 0.0, 0.0, 0.0, 0.0, 0.0, 0.0, 0.0, 1.0, 1.0, 0.0, 0.0, 0.0, 0.0, 0.0, 0.0, 0.0, 0.0, 0.0, 0.0, 0.0, 0.0, 0.0, 0.0, 0.0, 0.0, 0.0, 0.0, 0.0, 0.0, 0.0]",NGS-nonramp,False
365,ENTm5,-0.5123371354201623,54.04866778629113,72.06489038172151,22.584960592821282,1.5,9,False,,,,,,,21,18,8.85885885885886,-3.0,47.0,-0.5123371354201623,-0.17706516224150307,0.05371871431008312,0.061202210745774054,-3483.3439537030245,3863.2561774006704,3959.021925883883,532.0,570.0,0.09395539610163103,5.998412147225233,5.143231572496798,6.385242087703691,OF1,NG,89.65517241379311,79.16666666666667,78.57142857142857,72.0,"[1.0, 1.0, 1.0, 1.0, 1.0, 1.0, 1.0, 1.0, 1.0, 1.0, 1.0, 1.0, 1.0, 1.0, 1.0, 1.0, 1.0, 1.0, 1.0, 1.0, 1.0, 0.0, 0.0, 1.0, 1.0, 1.0, 1.0, 1.0, 1.0, 0.0, 0.0, 0.0, 0.0, 0.0, 0.0, 0.0, 0.0, 1.0, 1.0, 1.0, 1.0, 1.0, 1.0, 1.0, 1.0, 0.0, 0.0, 1.0, 1.0, 1.0, 1.0, 1.0, 1.0, 1.0, 1.0, 1.0, 1.0, 1.0, 1.0, 1.0, 1.0, 1.0, 1.0, 1.0, 1.0, 1.0, 1.0, 1.0, 1.0, 1.0, 1.0, 0.0, 0.0, 0.0, 0.0, 0.0, 0.0, 0.0, 0.0, 0.0, 0.0, 0.0, 0.0, 1.0, 1.0, 1.0, 1.0, 1.0, 1.0, 1.0, 1.0, 0.0, 0.0, 0.0, 0.0, 0.0, 0.0, 0.0, 0.0, 1.0, 1.0, 0.0, 0.0, 0.0, 0.0, 1.0, 1.0, 0.0, 0.0, 1.0, 1.0, 1.0, 1.0, 1.0, 1.0, 0.0, 0.0, 0.0, 0.0, 0.0, 0.0, 0.0, 0.0, 0.0, 0.0, 0.0, 0.0, 0.0, 0.0, 0.0]",NGS-ramp,False
366,ENTm5,-0.539172151950422,32.339465334885475,43.11928711318063,13.11562154549479,1.5,9,False,,,,,,,21,18,8.85885885885886,0.0,-46.0,-0.539172151950422,-0.27919752641499107,0.048074833052762646,0.06538034258108504,-3483.139687848397,3848.287531503176,3958.074341873853,532.0,585.0,0.07193017931990414,7.750556735633983,6.817384683544338,6.322483771976935,OF1,NG,91.66666666666667,71.42857142857143,78.78787878787878,81.57894736842105,"[1.0, 1.0, 1.0, 1.0, 1.0, 1.0, 1.0, 1.0, 1.0, 1.0, 1.0, 1.0, 1.0, 1.0, 1.0, 1.0, 1.0, 1.0, 1.0, 1.0, 1.0, 1.0, 1.0, 1.0, 1.0, 0.0, 0.0, 0.0, 0.0, 1.0, 1.0, 0.0, 0.0, 0.0, 0.0, 0.0, 0.0, 0.0, 0.0, 0.0, 0.0, 1.0, 1.0, 1.0, 1.0, 1.0, 1.0, 0.0, 0.0, 0.0, 0.0, 0.0, 0.0, 0.0, 0.0, 1.0, 1.0, 0.0, 0.0, 1.0, 1.0, 1.0, 1.0, 1.0, 1.0, 1.0, 1.0, 1.0, 1.0, 0.0, 0.0, 0.0, 0.0, 0.0, 0.0, 1.0, 1.0, 1.0, 1.0, 1.0, 1.0, 0.0, 0.0, 0.0, 0.0, 0.0, 0.0, 0.0, 0.0, 0.0, 0.0, 0.0, 0.0, 0.0, 0.0, 0.0, 0.0, 0.0, 0.0, 1.0, 1.0, 1.0, 1.0, 1.0, 1.0, 1.0, 1.0, 0.0, 0.0, 0.0, 0.0, 0.0, 0.0, 0.0, 0.0, 0.0, 0.0, 0.0, 0.0, 0.0, 0.0, 0.0, 0.0, 0.0, 0.0, 0.0, 0.0, 0.0, 0.0, 0.0]",NGS-nonramp,False
367,ENTm5,-0.3154486721308446,41.94621358075426,55.92828477433901,4.2294054543426185,1.5,9,False,,,,,,,21,18,8.85885885885886,-16.0,-24.0,-0.3154486721308446,-0.7040494360988077,0.04198149245049337,0.03657126954018292,-3486.6122073770616,4102.754511760578,3974.183270044355,500.0,330.0,0.06175188411395505,3.884797012871501,5.812059904920267,1.8161034728008236,OF1,NG,100.0,100.0,82.0,72.58064516129032,"[0.0, 0.0, 0.0, 0.0, 0.0, 0.0, 0.0, 0.0, 0.0, 0.0, 0.0, 0.0, 0.0, 0.0, 0.0, 0.0, 0.0, 0.0, 0.0, 0.0, 0.0, 0.0, 0.0, 1.0, 1.0, 1.0, 1.0, 1.0, 1.0, 0.0, 0.0, 0.0, 0.0, 1.0, 1.0, 1.0, 1.0, 0.0, 0.0, 0.0, 0.0, 1.0, 1.0, 1.0, 1.0, 1.0, 1.0, 0.0, 0.0, 0.0, 0.0, 0.0, 0.0, 1.0, 1.0, 0.0, 0.0, 0.0, 0.0, 0.0, 0.0, 0.0, 0.0, 0.0, 0.0, 0.0, 0.0, 0.0, 0.0, 0.0, 0.0, 0.0, 0.0, 0.0, 0.0, 0.0, 0.0, 0.0, 0.0, 0.0, 0.0, 0.0, 0.0, 0.0, 0.0, 0.0, 0.0, 0.0, 0.0, 0.0, 0.0, 0.0, 0.0, 0.0, 0.0, 0.0, 0.0, 0.0, 0.0, 0.0, 0.0, 0.0, 0.0, 0.0, 0.0, 0.0, 0.0, 0.0, 0.0, 0.0, 0.0, 0.0, 0.0, 0.0, 0.0, 0.0, 0.0, 0.0, 0.0, 0.0, 0.0, 0.0, 0.0, 0.0, 0.0, 0.0, 0.0, 0.0, 0.0, 0.0]",NGS-nonramp,False
370,ENTm5,-0.5355545533980719,39.153780104721385,52.20504013962851,4.888930170230022,1.5,9,False,,,,,,,21,18,8.85885885885886,14.0,-22.0,-0.5355545533980719,-0.42837904572848506,0.11985452116307355,0.1090281883818336,-3483.139687848397,3848.287531503176,3958.074341873853,532.0,585.0,0.06663739399014679,3.486917649593023,4.172056185690114,2.2898454490390816,OF1,NG,84.78260869565217,78.84615384615384,81.81818181818181,71.42857142857143,"[1.0, 1.0, 1.0, 1.0, 1.0, 1.0, 1.0, 1.0, 1.0, 1.0, 1.0, 1.0, 1.0, 1.0, 1.0, 0.0, 0.0, 0.0, 0.0, 0.0, 0.0, 0.0, 0.0, 1.0, 1.0, 1.0, 1.0, 1.0, 1.0, 1.0, 1.0, 1.0, 1.0, 1.0, 1.0, 1.0, 1.0, 1.0, 1.0, 1.0, 1.0, 1.0, 1.0, 1.0, 1.0, 1.0, 1.0, 1.0, 1.0, 1.0, 1.0, 1.0, 1.0, 1.0, 1.0, 0.0, 0.0, 0.0, 0.0, 1.0, 1.0, 0.0, 0.0, 0.0, 0.0, 0.0, 0.0, 0.0, 0.0, 1.0, 1.0, 1.0, 1.0, 1.0, 1.0, 1.0, 1.0, 1.0, 1.0, 1.0, 1.0, 1.0, 1.0, 0.0, 0.0, 0.0, 0.0, 0.0, 0.0, 0.0, 0.0, 0.0, 0.0, 1.0, 1.0, 1.0, 1.0, 1.0, 1.0, 1.0, 1.0, 1.0, 1.0, 1.0, 1.0, 1.0, 1.0, 1.0, 1.0, 1.0, 1.0, 1.0, 1.0, 0.0, 0.0, 1.0, 1.0, 1.0, 1.0, 1.0, 1.0, 1.0, 1.0, 1.0, 1.0, 1.0, 1.0, 1.0, 1.0, 1.0]",NGS-nonramp,False
381,ENTm5,-0.1292595080100031,69.60901451612293,92.81201935483057,51.037395180084616,1.5,9,False,,,,,,,21,18,8.85885885885886,1.0,4.0,-0.1292595080100031,0.12956159234109568,0.11385372407779873,0.12046225225440138,-3482.322624429888,3788.4129479131993,3954.284005833736,500.0,645.0,0.08831901218499595,3.426236287370528,5.714609201441381,1.591173226169529,OF1,NG,76.92307692307692,87.5,86.36363636363636,71.42857142857143,"[1.0, 1.0, 1.0, 1.0, 1.0, 1.0, 1.0, 1.0, 1.0, 1.0, 1.0, 1.0, 1.0, 1.0, 1.0, 1.0, 1.0, 1.0, 1.0, 1.0, 1.0, 1.0, 1.0, 1.0, 1.0, 0.0, 0.0, 0.0, 0.0, 0.0, 0.0, 0.0, 0.0, 0.0, 0.0, 0.0, 0.0, 0.0, 0.0, 0.0, 0.0, 0.0, 0.0, 0.0, 0.0, 0.0, 0.0, 0.0, 0.0, 0.0, 0.0, 1.0, 1.0, 0.0, 0.0, 0.0, 0.0, 0.0, 0.0, 0.0, 0.0, 0.0, 0.0, 0.0, 0.0, 0.0, 0.0, 0.0, 0.0, 0.0, 0.0, 0.0, 0.0, 0.0, 0.0, 0.0, 0.0, 0.0, 0.0, 0.0, 0.0, 0.0, 0.0, 0.0, 0.0, 0.0, 0.0, 0.0, 0.0, 0.0, 0.0, 0.0, 0.0, 0.0, 0.0, 0.0, 0.0, 0.0, 0.0, 0.0, 0.0, 0.0, 0.0, 0.0, 0.0, 1.0, 1.0, 1.0, 1.0, 1.0, 1.0, 1.0, 1.0, 0.0, 0.0, 0.0, 0.0, 0.0, 0.0, 1.0, 1.0, 0.0, 0.0, 0.0, 0.0, 0.0, 0.0, 0.0, 0.0, 0.0]",NGS-nonramp,False
382,ENTm5,-0.46885925719328536,34.0194730233653,45.35929736448707,25.977330270186084,1.5,9,False,,,,,,,21,18,8.85885885885886,32.0,-18.0,-0.46885925719328536,-0.5230313280319829,0.008927464734043237,0.007555140084232801,-3482.5268902845155,3803.3815938106936,3955.231589843765,500.0,630.0,0.20732289748576097,30.483698753191558,39.51917545267296,22.369174181651,OF1,NG,83.92857142857143,77.77777777777777,100.0,0.0,"[1.0, 1.0, 1.0, 1.0, 1.0, 1.0, 1.0, 1.0, 1.0, 1.0, 1.0, 1.0, 1.0, 1.0, 1.0, 1.0, 1.0, 1.0, 1.0, 1.0, 1.0, 1.0, 1.0, 1.0, 1.0, 1.0, 1.0, 1.0, 1.0, 1.0, 1.0, 1.0, 1.0, 1.0, 1.0, 1.0, 1.0, 1.0, 1.0, 1.0, 1.0, 1.0, 1.0, 1.0, 1.0, 1.0, 1.0, 1.0, 1.0, 1.0, 1.0, 1.0, 1.0, 1.0, 1.0, 1.0, 1.0, 1.0, 1.0, 1.0, 1.0, 1.0, 1.0, 1.0, 1.0, 1.0, 1.0, 1.0, 1.0, 1.0, 1.0, 1.0, 1.0, 1.0, 1.0, 1.0, 1.0, 1.0, 1.0, 1.0, 1.0, 1.0, 1.0, 1.0, 1.0, 1.0, 1.0, 1.0, 1.0, 1.0, 1.0, 1.0, 1.0, 1.0, 1.0, 1.0, 1.0, 1.0, 1.0, 1.0, 1.0, 1.0, 1.0, 1.0, 1.0, 0.0, 0.0, 1.0, 1.0, 1.0, 1.0, 1.0, 1.0, 1.0, 1.0, 1.0, 1.0, 1.0, 1.0, 1.0, 1.0, 1.0, 1.0, 1.0, 1.0, 1.0, 1.0, 1.0, 1.0, 1.0]",NGS-nonramp,False
383,ENTm5,-0.6780517337492405,51.08568032640953,68.11424043521271,35.121332368599724,1.5,9,False,,,,,,,21,18,8.85885885885886,27.0,-15.0,-0.6780517337492405,-0.943776545801549,0.1730889688743268,0.12142475014829418,-3482.5268902845155,3803.3815938106936,3955.231589843765,532.0,630.0,0.07159459199596013,4.503033009161863,3.9371750029461317,4.849607194035716,OF1,NG,86.84210526315789,80.43478260869566,78.94736842105263,70.37037037037037,"[1.0, 1.0, 1.0, 1.0, 1.0, 1.0, 1.0, 1.0, 1.0, 1.0, 1.0, 1.0, 1.0, 1.0, 1.0, 1.0, 1.0, 1.0, 1.0, 0.0, 0.0, 1.0, 1.0, 1.0, 1.0, 1.0, 1.0, 1.0, 1.0, 1.0, 1.0, 1.0, 1.0, 1.0, 1.0, 1.0, 1.0, 0.0, 0.0, 0.0, 0.0, 1.0, 1.0, 1.0, 1.0, 1.0, 1.0, 1.0, 1.0, 1.0, 1.0, 1.0, 1.0, 1.0, 1.0, 1.0, 1.0, 1.0, 1.0, 0.0, 0.0, 1.0, 1.0, 1.0, 1.0, 1.0, 1.0, 0.0, 0.0, 0.0, 0.0, 0.0, 0.0, 1.0, 1.0, 1.0, 1.0, 1.0, 1.0, 1.0, 1.0, 1.0, 1.0, 0.0, 0.0, 0.0, 0.0, 0.0, 0.0, 0.0, 0.0, 0.0, 0.0, 0.0, 0.0, 0.0, 0.0, 0.0, 0.0, 0.0, 0.0, 1.0, 1.0, 1.0, 1.0, 1.0, 1.0, 0.0, 0.0, 0.0, 0.0, 0.0, 0.0, 0.0, 0.0, 0.0, 0.0, 0.0, 0.0, 0.0, 0.0, 1.0, 1.0, 1.0, 1.0, 1.0, 1.0, 1.0, 1.0, 1.0]",NGS-nonramp,False
384,ENTm5,-0.27939132472285255,66.0019141990561,88.00255226540814,47.23932535749865,1.5,9,False,,,,,,,21,18,8.85885885885886,4.0,18.0,-0.27939132472285255,-0.3014492327037153,0.09522850527170608,0.09343636950371548,-3482.322624429888,3788.4129479131993,3954.284005833736,500.0,645.0,0.054001911725994216,4.378100792821432,5.028289717111444,3.7643881769553467,OF1,NG,96.15384615384616,75.75757575757575,74.19354838709677,77.5,"[1.0, 1.0, 1.0, 1.0, 1.0, 1.0, 1.0, 1.0, 1.0, 1.0, 1.0, 1.0, 1.0, 0.0, 0.0, 1.0, 1.0, 1.0, 1.0, 1.0, 1.0, 1.0, 1.0, 1.0, 1.0, 1.0, 1.0, 0.0, 0.0, 0.0, 0.0, 0.0, 0.0, 0.0, 0.0, 0.0, 0.0, 0.0, 0.0, 1.0, 1.0, 1.0, 1.0, 1.0, 1.0, 1.0, 1.0, 1.0, 1.0, 1.0, 1.0, 1.0, 1.0, 1.0, 1.0, 0.0, 0.0, 0.0, 0.0, 0.0, 0.0, 1.0, 1.0, 1.0, 1.0, 1.0, 1.0, 1.0, 1.0, 1.0, 1.0, 1.0, 1.0, 1.0, 1.0, 0.0, 0.0, 1.0, 1.0, 0.0, 0.0, 0.0, 0.0, 0.0, 0.0, 0.0, 0.0, 0.0, 0.0, 0.0, 0.0, 0.0, 0.0, 0.0, 0.0, 0.0, 0.0, 0.0, 0.0, 1.0, 1.0, 0.0, 0.0, 0.0, 0.0, 0.0, 0.0, 0.0, 0.0, 0.0, 0.0, 0.0, 0.0, 0.0, 0.0, 0.0, 0.0, 0.0, 0.0, 0.0, 0.0, 0.0, 0.0, 0.0, 0.0, 0.0, 0.0, 0.0, 0.0, 0.0]",NGS-nonramp,False
386,ENTm5,-0.2709358962546135,60.10385606489105,80.13847475318806,14.664153833032797,1.5,9,False,,,,,,,21,18,8.85885885885886,14.0,-18.0,-0.2709358962546135,-0.4046235208258396,0.07662526555122971,0.0793936670113676,-3482.7311561391425,3818.350239708188,3956.1791738537945,532.0,615.0,0.03135946178922461,3.489773243109376,4.218699257440693,2.9613038889828722,OF1,NG,92.6829268292683,79.62962962962963,62.5,68.42105263157895,"[1.0, 1.0, 1.0, 1.0, 1.0, 1.0, 1.0, 1.0, 1.0, 1.0, 1.0, 1.0, 1.0, 1.0, 1.0, 1.0, 1.0, 1.0, 1.0, 1.0, 1.0, 1.0, 1.0, 1.0, 1.0, 1.0, 1.0, 1.0, 1.0, 1.0, 1.0, 1.0, 1.0, 1.0, 1.0, 1.0, 1.0, 1.0, 1.0, 1.0, 1.0, 1.0, 1.0, 1.0, 1.0, 1.0, 1.0, 1.0, 1.0, 1.0, 1.0, 1.0, 1.0, 1.0, 1.0, 1.0, 1.0, 1.0, 1.0, 1.0, 1.0, 1.0, 1.0, 1.0, 1.0, 1.0, 1.0, 1.0, 1.0, 1.0, 1.0, 0.0, 0.0, 1.0, 1.0, 1.0, 1.0, 0.0, 0.0, 1.0, 1.0, 0.0, 0.0, 0.0, 0.0, 0.0, 0.0, 0.0, 0.0, 1.0, 1.0, 1.0, 1.0, 1.0, 1.0, 1.0, 1.0, 1.0, 1.0, 1.0, 1.0, 1.0, 1.0, 1.0, 1.0, 0.0, 0.0, 0.0, 0.0, 0.0, 0.0, 0.0, 0.0, 1.0, 1.0, 0.0, 0.0, 0.0, 0.0, 0.0, 0.0, 0.0, 0.0, 0.0, 0.0, 0.0, 0.0, 0.0, 0.0, 0.0]",NGS-ramp,False
387,ENTm5,-0.7220729928585343,41.19663932629281,54.92885243505708,27.421247172712693,1.5,9,False,,,,,,,21,18,8.85885885885886,22.0,-25.0,-0.7220729928585343,-0.6711854696155722,0.016464381470827773,0.011669221012576263,-3482.322624429888,3788.4129479131993,3954.284005833736,532.0,645.0,0.061941926264518686,16.928196331065234,22.96005206922214,13.455827198476563,OF1,NG,91.83673469387755,79.03225806451613,37.5,63.63636363636363,"[1.0, 1.0, 1.0, 1.0, 1.0, 1.0, 1.0, 1.0, 1.0, 0.0, 0.0, 0.0, 0.0, 1.0, 1.0, 1.0, 1.0, 1.0, 1.0, 1.0, 1.0, 1.0, 1.0, 1.0, 1.0, 1.0, 1.0, 1.0, 1.0, 1.0, 1.0, 1.0, 1.0, 1.0, 1.0, 1.0, 1.0, 1.0, 1.0, 1.0, 1.0, 1.0, 1.0, 1.0, 1.0, 1.0, 1.0, 1.0, 1.0, 1.0, 1.0, 1.0, 1.0, 1.0, 1.0, 1.0, 1.0, 1.0, 1.0, 1.0, 1.0, 1.0, 1.0, 1.0, 1.0, 1.0, 1.0, 1.0, 1.0, 1.0, 1.0, 1.0, 1.0, 1.0, 1.0, 1.0, 1.0, 1.0, 1.0, 1.0, 1.0, 1.0, 1.0, 1.0, 1.0, 1.0, 1.0, 1.0, 1.0, 1.0, 1.0, 1.0, 1.0, 1.0, 1.0, 1.0, 1.0, 1.0, 1.0, 1.0, 1.0, 1.0, 1.0, 1.0, 1.0, 1.0, 1.0, 1.0, 1.0, 1.0, 1.0, 1.0, 1.0, 1.0, 1.0, 0.0, 0.0, 0.0, 0.0, 0.0, 0.0, 0.0, 0.0, 0.0, 0.0, 0.0, 0.0, 0.0, 0.0, 0.0]",NGS-ramp,False
388,ENTm5,-0.036155797918547825,25.450998251496557,33.93466433532875,20.71342690691132,1.5,9,False,,,,,,,21,18,8.85885885885886,7.0,49.0,-0.036155797918547825,-0.3638675099052911,0.09405197319410698,0.06732155900646625,-3482.322624429888,3788.4129479131993,3954.284005833736,532.0,645.0,0.03652121700841162,1.0770346879176975,1.3809680886153344,0.4792958094884131,OF1,NG,37.5,55.55555555555556,91.83673469387755,79.6875,"[0.0, 0.0, 0.0, 0.0, 0.0, 0.0, 0.0, 0.0, 0.0, 0.0, 0.0, 0.0, 0.0, 0.0, 0.0, 0.0, 0.0, 0.0, 0.0, 0.0, 0.0, 0.0, 0.0, 0.0, 0.0, 0.0, 0.0, 0.0, 0.0, 0.0, 0.0, 0.0, 0.0, 0.0, 0.0, 0.0, 0.0, 0.0, 0.0, 0.0, 0.0, 0.0, 0.0, 0.0, 0.0, 0.0, 0.0, 0.0, 0.0, 0.0, 0.0, 0.0, 0.0, 0.0, 0.0, 0.0, 0.0, 0.0, 0.0, 0.0, 0.0, 0.0, 0.0, 0.0, 0.0, 0.0, 0.0, 0.0, 0.0, 0.0, 0.0, 0.0, 0.0, 0.0, 0.0, 0.0, 0.0, 0.0, 0.0, 0.0, 0.0, 1.0, 1.0, 1.0, 1.0, 0.0, 0.0, 0.0, 0.0, 0.0, 0.0, 0.0, 0.0, 0.0, 0.0, 0.0, 0.0, 0.0, 0.0, 0.0, 0.0, 0.0, 0.0, 0.0, 0.0, 0.0, 0.0, 0.0, 0.0, 0.0, 0.0, 0.0, 0.0, 0.0, 0.0, 0.0, 0.0, 1.0, 1.0, 1.0, 1.0, 1.0, 1.0, 1.0, 1.0, 1.0, 1.0, 1.0, 1.0, 1.0]",NGS-nonramp,False
389,ENTm5,-0.620389291728028,30.79895869823126,41.06527826430835,45.58408037022715,1.5,9,False,,,,,,,21,18,8.85885885885886,-9.0,-50.0,-0.620389291728028,-0.42623596891387017,0.02525014035098163,0.030670419613967045,-3482.322624429888,3788.4129479131993,3954.284005833736,532.0,645.0,0.009560441085073403,5.312593771047856,5.6071635540159415,5.279473887597746,OF2,NG,92.3076923076923,84.78260869565217,66.66666666666667,62.96296296296296,"[1.0, 1.0, 1.0, 1.0, 1.0, 1.0, 1.0, 1.0, 1.0, 1.0, 1.0, 1.0, 1.0, 1.0, 1.0, 1.0, 1.0, 1.0, 1.0, 1.0, 1.0, 1.0, 1.0, 1.0, 1.0, 1.0, 1.0, 1.0, 1.0, 0.0, 0.0, 0.0, 0.0, 0.0, 0.0, 0.0, 0.0, 0.0, 0.0, 0.0, 0.0, 0.0, 0.0, 1.0, 1.0, 1.0, 1.0, 1.0, 1.0, 1.0, 1.0, 1.0, 1.0, 1.0, 1.0, 1.0, 1.0, 1.0, 1.0, 1.0, 1.0, 1.0, 1.0, 1.0, 1.0, 1.0, 1.0, 0.0, 0.0, 1.0, 1.0, 0.0, 0.0, 1.0, 1.0, 1.0, 1.0, 1.0, 1.0, 1.0, 1.0, 1.0, 1.0, 1.0, 1.0, 1.0, 1.0, 1.0, 1.0, 1.0, 1.0, 1.0, 1.0, 1.0, 1.0, 1.0, 1.0, 1.0, 1.0, 0.0, 0.0, 0.0, 0.0, 0.0, 0.0, 0.0, 0.0, 0.0, 0.0, 0.0, 0.0, 1.0, 1.0, 1.0, 1.0, 0.0, 0.0, 0.0, 0.0, 0.0, 0.0, 0.0, 0.0, 0.0, 0.0, 0.0, 0.0, 0.0, 0.0, 0.0]",NGS-nonramp,False
390,ENTm5,-0.3400786631767906,47.21793375900772,62.9572450120103,26.618398821559182,1.5,9,False,,,,,,,21,18,8.85885885885886,3.0,-34.0,-0.3400786631767906,-0.3495615384720896,0.1432531977350113,0.1272825310945402,-3482.5268902845155,3803.3815938106936,3955.231589843765,500.0,630.0,0.06873959117671831,5.090571375151433,5.530535650425706,5.478856501278326,OF1,NG,85.41666666666667,81.25,77.77777777777777,44.44444444444444,"[1.0, 1.0, 1.0, 1.0, 1.0, 1.0, 1.0, 1.0, 1.0, 1.0, 1.0, 1.0, 1.0, 1.0, 1.0, 1.0, 1.0, 1.0, 1.0, 1.0, 1.0, 1.0, 1.0, 1.0, 1.0, 1.0, 1.0, 1.0, 1.0, 1.0, 1.0, 1.0, 1.0, 1.0, 1.0, 1.0, 1.0, 1.0, 1.0, 1.0, 1.0, 1.0, 1.0, 1.0, 1.0, 1.0, 1.0, 1.0, 1.0, 1.0, 1.0, 1.0, 1.0, 1.0, 1.0, 1.0, 1.0, 1.0, 1.0, 1.0, 1.0, 1.0, 1.0, 0.0, 0.0, 0.0, 0.0, 1.0, 1.0, 1.0, 1.0, 1.0, 1.0, 1.0, 1.0, 1.0, 1.0, 1.0, 1.0, 1.0, 1.0, 1.0, 1.0, 1.0, 1.0, 1.0, 1.0, 1.0, 1.0, 1.0, 1.0, 1.0, 1.0, 1.0, 1.0, 1.0, 1.0, 1.0, 1.0, 1.0, 1.0, 0.0, 0.0, 0.0, 0.0, 0.0, 0.0, 0.0, 0.0, 0.0, 0.0, 0.0, 0.0, 0.0, 0.0, 1.0, 1.0, 1.0, 1.0, 1.0, 1.0, 1.0, 1.0, 1.0, 1.0, 1.0, 1.0, 1.0, 1.0, 1.0]",NGS-nonramp,False
391,ENTm5,0.14906918662777863,53.52105509028483,71.36140678704643,57.797581883188954,1.5,9,False,,,,,,,21,18,8.85885885885886,7.0,-39.0,0.14906918662777863,0.23983396682438293,0.1239186695786339,0.10588423456495885,-3482.5268902845155,3803.3815938106936,3955.231589843765,500.0,630.0,0.09610487954304944,6.179028437134542,7.803552486270849,4.4886080327756135,OF1,NG,83.92857142857143,76.38888888888889,100.0,100.0,"[1.0, 1.0, 1.0, 1.0, 1.0, 1.0, 1.0, 1.0, 1.0, 1.0, 1.0, 1.0, 1.0, 1.0, 1.0, 1.0, 1.0, 1.0, 1.0, 1.0, 1.0, 1.0, 1.0, 1.0, 1.0, 1.0, 1.0, 1.0, 1.0, 1.0, 1.0, 1.0, 1.0, 1.0, 1.0, 1.0, 1.0, 1.0, 1.0, 1.0, 1.0, 1.0, 1.0, 1.0, 1.0, 1.0, 1.0, 1.0, 1.0, 1.0, 1.0, 1.0, 1.0, 1.0, 1.0, 1.0, 1.0, 1.0, 1.0, 1.0, 1.0, 1.0, 1.0, 1.0, 1.0, 1.0, 1.0, 1.0, 1.0, 1.0, 1.0, 1.0, 1.0, 1.0, 1.0, 1.0, 1.0, 1.0, 1.0, 1.0, 1.0, 1.0, 1.0, 1.0, 1.0, 1.0, 1.0, 1.0, 1.0, 1.0, 1.0, 1.0, 1.0, 1.0, 1.0, 1.0, 1.0, 1.0, 1.0, 1.0, 1.0, 1.0, 1.0, 1.0, 1.0, 1.0, 1.0, 1.0, 1.0, 1.0, 1.0, 1.0, 1.0, 1.0, 1.0, 0.0, 0.0, 1.0, 1.0, 1.0, 1.0, 1.0, 1.0, 1.0, 1.0, 1.0, 1.0, 1.0, 1.0, 1.0]",NGS-ramp,False
392,ENTm5,-0.2144840170842478,33.470706269961795,44.62760835994906,10.812079606888156,1.5,9,False,,,,,,,21,18,8.85885885885886,3.0,-32.0,-0.2144840170842478,0.023403596933249483,0.014438339693897165,0.021061119758978335,-3482.322624429888,3788.4129479131993,3954.284005833736,500.0,645.0,0.03162084903429801,8.971322963874767,8.811376000881557,7.23386780832744,OF2,NG,91.66666666666667,84.61538461538461,82.22222222222223,75.0,"[1.0, 1.0, 1.0, 1.0, 1.0, 1.0, 1.0, 1.0, 1.0, 0.0, 0.0, 0.0, 0.0, 0.0, 0.0, 0.0, 0.0, 0.0, 0.0, 1.0, 1.0, 1.0, 1.0, 1.0, 1.0, 1.0, 1.0, 0.0, 0.0, 0.0, 0.0, 0.0, 0.0, 0.0, 0.0, 0.0, 0.0, 0.0, 0.0, 0.0, 0.0, 0.0, 0.0, 0.0, 0.0, 0.0, 0.0, 1.0, 1.0, 1.0, 1.0, 1.0, 1.0, 1.0, 1.0, 0.0, 0.0, 0.0, 0.0, 0.0, 0.0, 0.0, 0.0, 0.0, 0.0, 0.0, 0.0, 0.0, 0.0, 0.0, 0.0, 0.0, 0.0, 0.0, 0.0, 0.0, 0.0, 0.0, 0.0, 0.0, 0.0, 0.0, 0.0, 0.0, 0.0, 0.0, 0.0, 0.0, 0.0, 0.0, 0.0, 0.0, 0.0, 0.0, 0.0, 0.0, 0.0, 0.0, 0.0, 0.0, 0.0, 0.0, 0.0, 0.0, 0.0, 0.0, 0.0, 0.0, 0.0, 0.0, 0.0, 0.0, 0.0, 0.0, 0.0, 0.0, 0.0, 0.0, 0.0, 0.0, 0.0, 0.0, 0.0, 0.0, 0.0, 0.0, 0.0, 0.0, 0.0, 0.0]",NGS-ramp,False
393,ENTm5,0.21020616454012922,33.98750649723214,45.316675329642855,14.4156536496716,1.5,9,False,,,,,,,21,18,8.85885885885886,10.0,13.0,0.21020616454012922,0.2214728166938397,0.023650904951914666,0.02028245949711956,-3482.118358575261,3773.444302015705,3953.336421823706,500.0,660.0,0.04638975946474165,7.1113797202237015,8.871345664560874,6.085335092195298,OF1,NG,100.0,95.0,70.96774193548387,54.54545454545455,"[0.0, 0.0, 0.0, 0.0, 0.0, 0.0, 0.0, 0.0, 0.0, 1.0, 1.0, 1.0, 1.0, 1.0, 1.0, 1.0, 1.0, 1.0, 1.0, 1.0, 1.0, 1.0, 1.0, 1.0, 1.0, 1.0, 1.0, 1.0, 1.0, 1.0, 1.0, 1.0, 1.0, 1.0, 1.0, 1.0, 1.0, 1.0, 1.0, 1.0, 1.0, 1.0, 1.0, 1.0, 1.0, 0.0, 0.0, 1.0, 1.0, 0.0, 0.0, 1.0, 1.0, 0.0, 0.0, 1.0, 1.0, 1.0, 1.0, 0.0, 0.0, 0.0, 0.0, 0.0, 0.0, 0.0, 0.0, 0.0, 0.0, 1.0, 1.0, 0.0, 0.0, 0.0, 0.0, 0.0, 0.0, 0.0, 0.0, 0.0, 0.0, 1.0, 1.0, 1.0, 1.0, 1.0, 1.0, 0.0, 0.0, 1.0, 1.0, 0.0, 0.0, 1.0, 1.0, 0.0, 0.0, 1.0, 1.0, 1.0, 1.0, 0.0, 0.0, 0.0, 0.0, 1.0, 1.0, 0.0, 0.0, 0.0, 0.0, 1.0, 1.0, 0.0, 0.0, 1.0, 1.0, 0.0, 0.0, 0.0, 0.0, 0.0, 0.0, 0.0, 0.0, 0.0, 0.0, 0.0, 0.0, 0.0]",NGS-nonramp,False
394,ENTm6,-0.1542062759452098,36.913769616142886,49.218359488190515,20.784823308978293,1.5,9,False,,,,,,,21,18,8.85885885885886,10.0,29.0,-0.1542062759452098,-0.21513441397454183,0.03521926559396423,0.029151904678339995,-3481.9140927206336,3758.475656118211,3952.3888378136767,532.0,675.0,0.018622956590887443,4.892345591891282,5.510545762532601,4.253680886294039,OF1,NG,93.93939393939394,95.23809523809524,70.83333333333333,51.61290322580645,"[1.0, 1.0, 1.0, 1.0, 1.0, 1.0, 1.0, 1.0, 1.0, 1.0, 1.0, 1.0, 1.0, 1.0, 1.0, 1.0, 1.0, 1.0, 1.0, 1.0, 1.0, 1.0, 1.0, 1.0, 1.0, 1.0, 1.0, 1.0, 1.0, 1.0, 1.0, 1.0, 1.0, 1.0, 1.0, 1.0, 1.0, 1.0, 1.0, 1.0, 1.0, 1.0, 1.0, 1.0, 1.0, 1.0, 1.0, 1.0, 1.0, 1.0, 1.0, 1.0, 1.0, 1.0, 1.0, 0.0, 0.0, 0.0, 0.0, 0.0, 0.0, 0.0, 0.0, 0.0, 0.0, 0.0, 0.0, 0.0, 0.0, 1.0, 1.0, 0.0, 0.0, 0.0, 0.0, 1.0, 1.0, 1.0, 1.0, 1.0, 1.0, 1.0, 1.0, 0.0, 0.0, 0.0, 0.0, 0.0, 0.0, 0.0, 0.0, 0.0, 0.0, 0.0, 0.0, 0.0, 0.0, 1.0, 1.0, 0.0, 0.0, 1.0, 1.0, 0.0, 0.0, 0.0, 0.0, 1.0, 1.0, 1.0, 1.0, 1.0, 1.0, 0.0, 0.0, 0.0, 0.0, 0.0, 0.0, 0.0, 0.0, 0.0, 0.0, 0.0, 0.0, 0.0, 0.0, 0.0, 0.0, 0.0]",NGS-nonramp,False
396,ENTm6,-0.3704043186303102,25.30333175830428,33.737775677739045,27.366520331126242,1.5,9,False,,,,,,,21,18,8.85885885885886,-1.0,42.0,-0.3704043186303102,-0.3552956676994658,0.08924294298647266,0.0979659742579251,-3481.9140927206336,3758.475656118211,3952.3888378136767,532.0,675.0,0.057834418167717484,3.4352790001723115,3.7564330999126407,3.4050551656702908,OF1,NG,76.92307692307692,83.33333333333333,90.3225806451613,70.27027027027027,"[1.0, 1.0, 1.0, 1.0, 1.0, 1.0, 1.0, 1.0, 1.0, 1.0, 1.0, 1.0, 1.0, 1.0, 1.0, 1.0, 1.0, 1.0, 1.0, 1.0, 1.0, 1.0, 1.0, 1.0, 1.0, 1.0, 1.0, 1.0, 1.0, 1.0, 1.0, 1.0, 1.0, 1.0, 1.0, 1.0, 1.0, 1.0, 1.0, 1.0, 1.0, 0.0, 0.0, 0.0, 0.0, 1.0, 1.0, 1.0, 1.0, 1.0, 1.0, 1.0, 1.0, 0.0, 0.0, 0.0, 0.0, 0.0, 0.0, 0.0, 0.0, 0.0, 0.0, 0.0, 0.0, 0.0, 0.0, 0.0, 0.0, 0.0, 0.0, 0.0, 0.0, 0.0, 0.0, 0.0, 0.0, 0.0, 0.0, 0.0, 0.0, 0.0, 0.0, 0.0, 0.0, 0.0, 0.0, 0.0, 0.0, 0.0, 0.0, 0.0, 0.0, 0.0, 0.0, 0.0, 0.0, 0.0, 0.0, 0.0, 0.0, 0.0, 0.0, 0.0, 0.0, 0.0, 0.0, 0.0, 0.0, 0.0, 0.0, 0.0, 0.0, 0.0, 0.0, 0.0, 0.0, 1.0, 1.0, 1.0, 1.0, 1.0, 1.0, 1.0, 1.0, 1.0, 1.0, 1.0, 1.0, 1.0]",NGS-nonramp,False
398,ENTm5,-0.10247370318971433,41.21469309265491,54.95292412353987,13.179395604652322,1.5,9,False,,,,,,,21,18,8.85885885885886,29.0,25.0,-0.10247370318971433,0.09029597641163431,0.039182557860120135,0.037005008710791126,-3482.118358575261,3773.444302015705,3953.336421823706,532.0,660.0,0.03753910963061718,3.8890804031460298,5.4430798908933715,3.1368050196877837,OF2,NG,96.66666666666667,89.47368421052632,70.37037037037037,62.857142857142854,"[0.0, 0.0, 0.0, 0.0, 0.0, 0.0, 0.0, 0.0, 0.0, 0.0, 0.0, 0.0, 0.0, 0.0, 0.0, 1.0, 1.0, 1.0, 1.0, 1.0, 1.0, 1.0, 1.0, 1.0, 1.0, 1.0, 1.0, 1.0, 1.0, 1.0, 1.0, 1.0, 1.0, 1.0, 1.0, 1.0, 1.0, 1.0, 1.0, 1.0, 1.0, 1.0, 1.0, 1.0, 1.0, 1.0, 1.0, 1.0, 1.0, 1.0, 1.0, 1.0, 1.0, 1.0, 1.0, 1.0, 1.0, 1.0, 1.0, 0.0, 0.0, 0.0, 0.0, 1.0, 1.0, 0.0, 0.0, 0.0, 0.0, 0.0, 0.0, 0.0, 0.0, 1.0, 1.0, 1.0, 1.0, 1.0, 1.0, 1.0, 1.0, 1.0, 1.0, 1.0, 1.0, 0.0, 0.0, 0.0, 0.0, 0.0, 0.0, 0.0, 0.0, 0.0, 0.0, 0.0, 0.0, 1.0, 1.0, 1.0, 1.0, 1.0, 1.0, 1.0, 1.0, 1.0, 1.0, 0.0, 0.0, 0.0, 0.0, 0.0, 0.0, 0.0, 0.0, 0.0, 0.0, 0.0, 0.0, 0.0, 0.0, 0.0, 0.0, 0.0, 0.0, 0.0, 0.0, 0.0, 0.0, 0.0]",NGS-nonramp,False
399,ENTm6,-0.1982235338900335,43.36624885891151,57.82166514521535,27.70542504802812,1.5,9,False,,,,,,,21,18,8.85885885885886,8.0,-47.0,-0.1982235338900335,-0.3450630107193525,0.07756644701810178,0.08079146760164073,-3481.9140927206336,3758.475656118211,3952.3888378136767,532.0,675.0,0.05868688477731434,3.984504819817483,5.009965653209431,3.075712853936074,OF1,NG,97.14285714285714,80.48780487804878,63.63636363636363,71.875,"[0.0, 0.0, 0.0, 0.0, 0.0, 0.0, 0.0, 0.0, 0.0, 1.0, 1.0, 1.0, 1.0, 1.0, 1.0, 1.0, 1.0, 1.0, 1.0, 1.0, 1.0, 1.0, 1.0, 1.0, 1.0, 1.0, 1.0, 1.0, 1.0, 1.0, 1.0, 1.0, 1.0, 1.0, 1.0, 0.0, 0.0, 0.0, 0.0, 0.0, 0.0, 0.0, 0.0, 1.0, 1.0, 1.0, 1.0, 1.0, 1.0, 1.0, 1.0, 1.0, 1.0, 0.0, 0.0, 0.0, 0.0, 0.0, 0.0, 0.0, 0.0, 1.0, 1.0, 1.0, 1.0, 0.0, 0.0, 1.0, 1.0, 1.0, 1.0, 1.0, 1.0, 1.0, 1.0, 1.0, 1.0, 1.0, 1.0, 0.0, 0.0, 0.0, 0.0, 0.0, 0.0, 1.0, 1.0, 0.0, 0.0, 0.0, 0.0, 1.0, 1.0, 1.0, 1.0, 1.0, 1.0, 1.0, 1.0, 1.0, 1.0, 1.0, 1.0, 1.0, 1.0, 1.0, 1.0, 1.0, 1.0, 1.0, 1.0, 1.0, 1.0, 0.0, 0.0, 0.0, 0.0, 0.0, 0.0, 0.0, 0.0, 0.0, 0.0, 0.0, 0.0, 0.0, 0.0, 0.0, 0.0, 0.0]",NGS-nonramp,False
400,ENTm5,-0.5244230003179084,37.13704524614882,49.516060328198435,40.03301962652228,1.5,9,False,,,,,,,21,18,8.85885885885886,-47.0,48.0,-0.5244230003179084,-0.04633280165819839,0.1264840288712098,0.1370730607298525,-3482.118358575261,3773.444302015705,3953.336421823706,532.0,660.0,0.08512789329865958,2.997183361538533,3.2575188145805627,2.961859272307888,OF1,NG,86.04651162790698,83.01886792452831,78.57142857142857,60.0,"[1.0, 1.0, 1.0, 1.0, 1.0, 1.0, 1.0, 1.0, 1.0, 1.0, 1.0, 1.0, 1.0, 1.0, 1.0, 1.0, 1.0, 1.0, 1.0, 1.0, 1.0, 1.0, 1.0, 1.0, 1.0, 1.0, 1.0, 1.0, 1.0, 1.0, 1.0, 1.0, 1.0, 0.0, 0.0, 1.0, 1.0, 0.0, 0.0, 1.0, 1.0, 1.0, 1.0, 1.0, 1.0, 1.0, 1.0, 1.0, 1.0, 1.0, 1.0, 0.0, 0.0, 0.0, 0.0, 0.0, 0.0, 0.0, 0.0, 0.0, 0.0, 0.0, 0.0, 0.0, 0.0, 0.0, 0.0, 0.0, 0.0, 0.0, 0.0, 0.0, 0.0, 1.0, 1.0, 1.0, 1.0, 1.0, 1.0, 1.0, 1.0, 1.0, 1.0, 1.0, 1.0, 1.0, 1.0, 1.0, 1.0, 1.0, 1.0, 1.0, 1.0, 1.0, 1.0, 1.0, 1.0, 1.0, 1.0, 1.0, 1.0, 1.0, 1.0, 1.0, 1.0, 1.0, 1.0, 1.0, 1.0, 1.0, 1.0, 1.0, 1.0, 0.0, 0.0, 0.0, 0.0, 0.0, 0.0, 0.0, 0.0, 1.0, 1.0, 1.0, 1.0, 1.0, 1.0, 1.0, 1.0, 1.0]",NGS-ramp,False
401,ENTm6,0.3278193006397701,53.856475239971985,71.80863365329597,7.876362809696443,1.5,9,True,"[ 0.20708742  0.509811   -0.52997723 -0.07833146 -0.34414368 -0.34652409
 -0.10244781 -0.60385122 -0.16777555 -0.07433697 -0.59574839 -0.21039433
  0.11693022 -0.15230349  0.08231546 -0.3345253  -0.17181261 -0.20942937
  0.38311233 -0.23378789 -0.16850559 -0.27732068  0.00708136 -0.42707537
  0.55758609 -0.42448165 -0.19574956 -0.30737129 -0.18705716 -0.04114462
 -0.30726053 -0.23899573  0.21248122 -0.34975737 -0.60389026 -0.3125176
 -0.38302713  0.56257914 -0.01022465 -0.6627681  -0.52725642 -0.38538177
 -0.19198048  0.31096467  0.39118544 -0.27287127 -0.35085326  0.16446912
 -0.30285177 -0.15063961 -0.02175328  0.16080563 -0.40217122 -0.16684217
 -0.38781312 -0.38101504 -0.00525487 -0.40041051 -0.33762199 -0.44381558
 -0.36000326 -0.29336706 -0.40109072  0.12737231 -0.35788774  0.00796706
 -0.37040022 -0.21516783 -0.12887315 -0.50568962 -0.421934   -0.7264064
 -0.46018143 -0.39000198 -0.18664997  0.46715691  0.00212283 -0.12664121
  0.13022058 -0.05793765 -0.32686956 -0.22137545 -0.40122337 -0.0849895
 -0.33388257 -0.22066989 -0.40939279 -0.35651592  0.01261716 -0.39734067
 -0.39393309 -0.69705028 -0.39357421  0.07143396  0.06448865 -0.27620266
  0.19957735 -0.038736   -0.40042073 -0.17777482 -0.81181071 -0.49439423
 -0.21507441 -0.37032279 -0.30598752 -0.36869848 -0.19353856 -0.33364644
 -0.42112753 -0.26742829  0.21265575 -0.23325891  0.31374545 -0.07972977
 -0.39211654  0.05673346  0.2774797   0.21067666 -0.03029763 -0.06594633
  0.22768195 -0.27004436  0.04154921 -0.37270871 -0.10182833 -0.2981383
 -0.67199918 -0.19002189 -0.0771189  -0.28557963 -0.09820013 -0.4543852
 -0.0866134  -0.24206712 -0.26806731  0.17977611  0.04151681 -0.64713816
  0.11907261 -0.15260394 -0.13342274 -0.06016152 -0.49772722 -0.09463691
  0.00879561 -0.35937837 -0.15682702 -0.26973985  0.35155309  0.01977205
 -0.79536918 -0.19058478 -0.42899146 -0.33018073 -0.0184689  -0.27020029
  0.27668399 -0.2569107  -0.3977108  -0.370797   -0.29908367 -0.42263203
 -0.40236161 -0.26115684 -0.22829014 -0.22278045 -0.11093057 -0.08324335
 -0.10279717  0.15109171  0.02417252 -0.24794969 -0.61604793  0.36916485
  0.02668385 -0.10676987 -0.42073892 -0.07922317 -0.63528832 -0.44684901
  0.14091431 -0.3864902  -0.4735892  -0.0503909  -0.23044189  0.65424821
  0.1367181  -0.14804976  0.62615887 -0.3589676  -0.38727891 -0.42137366
 -0.29491402 -0.29544454 -0.34486917 -0.16319119 -0.39116011 -0.46431962
 -0.00665893 -0.21331068]","[33.56988134 40.08304924 30.7854138  32.48671018 39.49847946 27.0929358
 19.38013517 35.64932327 31.56671506 26.99862381 35.19090618 29.5494725
 28.90804882 33.34408773 37.60946591 24.07441549 31.48733608 37.1927327
 40.60359355 35.19811624 37.99634956 36.41195384 25.04811984 24.04817585
 39.17877864 28.31241719 35.19399996 31.73372387 35.20043578 37.07015233
 26.43335202 22.26084481 27.52044165 29.92563239 33.55785467 38.361047
 27.11249387 34.3534822  32.10700923 41.22674686 38.49836418 25.47452574
 32.6916416  33.74600519 26.73198567 24.30545285 37.35983679 29.37530345
 39.17451184 33.27521746 34.499579   35.04629075 24.52970876 33.62924033
 26.25539501 37.10085242 26.28037461 38.71328081 32.35809168 35.44530582
 29.68190333 30.19295291 33.18214011 25.44331047 29.1220832  24.2995309
 32.31751077 29.905463   26.91941961 29.52508504 36.82418782 47.6611789
 26.8678574  26.23722562 32.57594303 29.60378411 23.90019128 24.47716245
 31.75916753 38.96004757 33.69820602 29.99817156 38.00417815 41.8200102
 27.77127457 26.27213937 28.39249944 39.40815155 30.13833562 26.40045373
 26.90786005 32.27509538 32.67658399 28.81063506 25.17715792 30.31637416
 38.08097984 31.6766366  23.05054281 28.35414684 30.8751007  27.22204196
 42.88905494 27.48992752 26.91189295 25.11096896 31.18083369 33.29620245
 32.84132586 21.05414885 31.74183795 25.86360878 31.94773021 26.00310888
 30.69408174 22.57145635 30.49541684 28.60023003 38.84449765 27.6876315
 27.88405884 33.8962846  47.71221439 29.48212669 27.99830723 39.43049958
 23.46365805 28.00884446 38.30499274 40.85513885 27.02265571 32.80187766
 42.88222608 29.90524031 29.5150229  25.82783837 30.87548504 34.43791496
 37.0066346  27.55012334 43.15281401 36.31188638 37.0879006  25.99085701
 32.09208019 24.57717794 31.49999723 31.41987853 33.08782109 30.72350485
 29.20805097 32.31077799 27.53448893 28.29220405 30.65337446 38.46762604
 28.50180853 31.33080101 25.1169536  30.80697432 29.02709917 24.48310848
 36.2188089  35.15722672 27.59725814 36.94518419 27.61896048 31.1401885
 28.81292532 27.54157429 28.19757709 26.06506186 33.23434331 22.04396379
 31.37827265 23.36268829 28.38089174 31.96911016 30.13184828 34.2184734
 41.27400099 33.73713258 30.11597408 24.96610983 27.92597211 26.90602179
 32.45667211 32.95098843 44.89962122 33.5559063  28.53764657 31.11403319
 26.74810293 27.76964697 36.98385802 39.85122946 30.94686153 22.72251422
 27.87087333 27.90102737]","[44.75984178 53.44406565 41.0472184  43.31561357 52.66463929 36.1239144
 25.84018023 47.53243102 42.08895342 35.99816508 46.92120824 39.39929667
 38.54406509 44.45878364 50.14595455 32.09922065 41.98311478 49.59031027
 54.13812473 46.93082166 50.66179941 48.54927178 33.39749312 32.06423447
 52.23837152 37.74988959 46.92533329 42.31163182 46.93391438 49.42686977
 35.24446936 29.68112642 36.6939222  39.90084319 44.74380622 51.14806267
 36.14999183 45.80464294 42.80934564 54.96899581 51.33115223 33.96603432
 43.58885546 44.99467358 35.64264756 32.40727047 49.81311572 39.16707126
 52.23268245 44.36695662 45.99943867 46.72838767 32.70627835 44.8389871
 35.00719335 49.46780322 35.04049948 51.61770775 43.14412224 47.26040776
 39.57587111 40.25727055 44.24285348 33.92441396 38.82944427 32.39937453
 43.09001436 39.87395067 35.89255947 39.36678005 49.09891709 63.54823853
 35.82380987 34.9829675  43.43459071 39.47171215 31.86692171 32.63621661
 42.3455567  51.94673009 44.93094136 39.99756208 50.67223754 55.7600136
 37.0283661  35.02951916 37.85666591 52.54420206 40.18444749 35.20060498
 35.87714674 43.03346051 43.56877865 38.41418008 33.5695439  40.42183221
 50.77463979 42.23551547 30.73405708 37.80552912 41.16680094 36.29605595
 57.18540659 36.6532367  35.88252394 33.48129195 41.57444492 44.3949366
 43.78843448 28.07219846 42.3224506  34.48481171 42.59697362 34.67081184
 40.92544233 30.09527513 40.66055579 38.13364004 51.79266353 36.91684199
 37.17874512 45.19504613 63.61628586 39.30950225 37.3310763  52.57399944
 31.28487739 37.34512595 51.07332366 54.47351847 36.03020761 43.73583688
 57.17630144 39.87365374 39.35336387 34.43711782 41.16731339 45.91721994
 49.34217946 36.73349779 57.53708534 48.41584851 49.45053413 34.65447601
 42.78944025 32.76957059 41.99999631 41.89317137 44.11709479 40.96467313
 38.94406796 43.08103732 36.71265191 37.72293873 40.87116595 51.29016806
 38.00241138 41.77440135 33.48927147 41.07596576 38.7027989  32.64414464
 48.2917452  46.87630229 36.79634419 49.26024558 36.82528064 41.52025134
 38.41723376 36.72209905 37.59676946 34.75341581 44.31245775 29.39195172
 41.83769686 31.15025106 37.84118898 42.62548021 40.1757977  45.6246312
 55.03200132 44.98284344 40.15463211 33.28814645 37.23462948 35.87469572
 43.27556281 43.93465124 59.86616163 44.7412084  38.05019543 41.48537758
 35.66413724 37.02619596 49.31181069 53.13497261 41.26248205 30.29668563
 37.16116445 37.20136983]","[30.95046099 55.62568616 43.85044984  3.11430175 42.44803554 37.15385664
 57.87938074 49.3829023  56.78787811  5.45862892  7.67483884 30.37370897
 27.30245611 37.67365017 37.47179274 24.20896981 28.73885249 44.34672007
 34.28896456 40.58682079 51.96093541 46.05284254 10.02896403 14.36897714
 19.31288572 53.73082356 17.28356941 25.22635087  8.61086129 18.71949401
 37.6605371  15.71977001 33.42636986 12.22606592 25.32289748  7.30691811
  9.53817606 31.44113845 31.17392247 48.28585849 38.32401574 52.53082977
 20.017738   45.76140066 37.80330651 36.00638549 34.31791019 24.25829239
 29.86786727  0.1840156  20.72277789  8.641651   57.62237184 34.93834912
 16.09285572 10.12880462 41.40420681 56.96418718 24.98500452 32.28932778
 34.02604836 11.60781329 40.6009808  16.23319732 35.77309368 28.28110928
 52.77463622  0.86476803 56.94917544 49.65666739  3.05706467 34.25940929
  3.68703367 28.72320138 52.07431299 40.54930215 20.33511218 14.3101584
 47.10548593 54.10242117 38.23512717 38.12861842 50.84642742 40.02762929
 31.04092886 50.73011775 12.33024163 17.16027726 35.60244528 50.22868964
 49.37227643 15.08603076 30.03072446 32.29477238 43.80567151 23.26185077
 37.07708284  5.54302734 45.          7.68822836 28.5571128   1.46299474
 15.07624227 24.47404677 40.54745113  5.82098969 45.23821552 29.04450467
 25.03613069 31.49759779 18.55257889 50.11298667 20.18718418 12.17953092
 44.96625666 59.02678283 41.96443395 25.70607392 57.26192394 42.01553834
 23.86203882 34.35916173 31.44446231  9.63838844 32.53913974 43.67714311
 43.63639315  4.62954483 58.93736616  3.4294331  15.69700112 30.92981699
 46.57126546  0.82889264  5.76193908  1.54242727 11.36989477 14.53622487
 33.941344    6.6565032  44.0014621  57.30450373  4.44723681 16.25013102
 20.83790023 54.07384179 39.04642686 22.40563258 26.30152651  3.55356548
  7.58742227 45.76353391 14.12078824 51.82106031 51.76468589 24.15174473
 36.69399624 47.05785088 45.56198817  5.26026432 14.28047387 39.14103262
  7.22946916  0.61660351 31.7944775  30.44527744 54.94479939 27.28392672
  3.90816502 49.32243823 53.9805368  29.70146125 55.37412309 43.67079791
 51.08140182 20.76234423 43.47262934 49.25497249 52.15480605 24.12659728
 53.53782452 20.82387678 34.65139258 21.56638859  6.46497844 45.08809357
 58.44168401 36.71313197 45.12116751 29.88856091 37.61085423 44.63032164
 37.05014088 37.28860958 52.51055133  2.3119244  39.10667281 23.09584476
 47.82194434 48.71696849]","[1.5 1.5 1.5 1.5 1.5 1.5 1.5 1.5 1.5 1.5 1.5 1.5 1.5 1.5 1.5 1.5 1.5 1.5
 1.5 1.5 1.5 1.5 1.5 1.5 1.5 1.5 1.5 1.5 1.5 1.5 1.5 1.5 1.5 1.5 1.5 1.5
 1.5 1.5 1.5 1.5 1.5 1.5 1.5 1.5 1.5 1.5 1.5 1.5 1.5 1.5 1.5 1.5 1.5 1.5
 1.5 1.5 1.5 1.5 1.5 1.5 1.5 1.5 1.5 1.5 1.5 1.5 1.5 1.5 1.5 1.5 1.5 1.5
 1.5 1.5 1.5 1.5 1.5 1.5 1.5 1.5 1.5 1.5 1.5 1.5 1.5 1.5 1.5 1.5 1.5 1.5
 1.5 1.5 1.5 1.5 1.5 1.5 1.5 1.5 1.5 1.5 1.5 1.5 1.5 1.5 1.5 1.5 1.5 1.5
 1.5 1.5 1.5 1.5 1.5 1.5 1.5 1.5 1.5 1.5 1.5 1.5 1.5 1.5 1.5 1.5 1.5 1.5
 1.5 1.5 1.5 1.5 1.5 1.5 1.5 1.5 1.5 1.5 1.5 1.5 1.5 1.5 1.5 1.5 1.5 1.5
 1.5 1.5 1.5 1.5 1.5 1.5 1.5 1.5 1.5 1.5 1.5 1.5 1.5 1.5 1.5 1.5 1.5 1.5
 1.5 1.5 1.5 1.5 1.5 1.5 1.5 1.5 1.5 1.5 1.5 1.5 1.5 1.5 1.5 1.5 1.5 1.5
 1.5 1.5 1.5 1.5 1.5 1.5 1.5 1.5 1.5 1.5 1.5 1.5 1.5 1.5 1.5 1.5 1.5 1.5
 1.5 1.5]",,21,18,8.85885885885886,18.0,9.0,0.3278193006397701,-0.5171733324563166,0.09848795953304076,0.08421630082178069,-3481.709826866006,3743.507010220717,3951.441253803647,500.0,690.0,0.14260657406087085,6.809876638122128,7.245501449255003,6.319151472026841,OF1,NG,96.875,78.04878048780488,68.0,75.0,"[1.0, 1.0, 1.0, 1.0, 1.0, 1.0, 1.0, 1.0, 1.0, 1.0, 1.0, 1.0, 1.0, 1.0, 1.0, 1.0, 1.0, 1.0, 1.0, 1.0, 1.0, 1.0, 1.0, 1.0, 1.0, 1.0, 1.0, 1.0, 1.0, 1.0, 1.0, 0.0, 0.0, 0.0, 0.0, 0.0, 0.0, 0.0, 0.0, 0.0, 0.0, 0.0, 0.0, 0.0, 0.0, 0.0, 0.0, 1.0, 1.0, 1.0, 1.0, 1.0, 1.0, 1.0, 1.0, 0.0, 0.0, 1.0, 1.0, 1.0, 1.0, 1.0, 1.0, 1.0, 1.0, 0.0, 0.0, 1.0, 1.0, 1.0, 1.0, 1.0, 1.0, 1.0, 1.0, 1.0, 1.0, 1.0, 1.0, 1.0, 1.0, 0.0, 0.0, 1.0, 1.0, 0.0, 0.0, 0.0, 0.0, 0.0, 0.0, 0.0, 0.0, 0.0, 0.0, 0.0, 0.0, 0.0, 0.0, 0.0, 0.0, 0.0, 0.0, 1.0, 1.0, 1.0, 1.0, 1.0, 1.0, 1.0, 1.0, 1.0, 1.0, 0.0, 0.0, 0.0, 0.0, 0.0, 0.0, 0.0, 0.0, 0.0, 0.0, 0.0, 0.0, 0.0, 0.0, 0.0, 0.0, 0.0]",NGS-nonramp,False
402,ENTm6,-0.3236232813846136,46.91682756308511,62.555770084113476,25.283351190749492,1.5,9,False,,,,,,,21,18,8.85885885885886,8.0,45.0,-0.3236232813846136,-0.6716300509481772,0.03105953749136035,0.027052899451898087,-3481.709826866006,3743.507010220717,3951.441253803647,500.0,690.0,0.04556423027724266,9.71877456678009,10.488860759911283,9.263238477934232,OF1,NG,81.57894736842105,76.78571428571429,89.47368421052632,76.47058823529412,"[1.0, 1.0, 1.0, 1.0, 1.0, 1.0, 1.0, 1.0, 1.0, 1.0, 1.0, 1.0, 1.0, 1.0, 1.0, 1.0, 1.0, 1.0, 1.0, 1.0, 1.0, 1.0, 1.0, 1.0, 1.0, 1.0, 1.0, 1.0, 1.0, 1.0, 1.0, 1.0, 1.0, 1.0, 1.0, 1.0, 1.0, 1.0, 1.0, 1.0, 1.0, 0.0, 0.0, 0.0, 0.0, 0.0, 0.0, 1.0, 1.0, 0.0, 0.0, 0.0, 0.0, 1.0, 1.0, 1.0, 1.0, 1.0, 1.0, 1.0, 1.0, 1.0, 1.0, 1.0, 1.0, 1.0, 1.0, 1.0, 1.0, 0.0, 0.0, 0.0, 0.0, 1.0, 1.0, 1.0, 1.0, 0.0, 0.0, 0.0, 0.0, 0.0, 0.0, 0.0, 0.0, 0.0, 0.0, 0.0, 0.0, 1.0, 1.0, 1.0, 1.0, 1.0, 1.0, 1.0, 1.0, 1.0, 1.0, 0.0, 0.0, 0.0, 0.0, 0.0, 0.0, 0.0, 0.0, 0.0, 0.0, 1.0, 1.0, 1.0, 1.0, 1.0, 1.0, 1.0, 1.0, 1.0, 1.0, 1.0, 1.0, 1.0, 1.0, 1.0, 1.0, 1.0, 1.0, 1.0, 1.0, 1.0]",NGS-ramp,False
403,ENTm5,-0.3992677592200365,28.971449396739963,38.62859919565329,21.23609192357538,1.5,9,False,,,,,,,21,18,8.85885885885886,-2.0,-3.0,-0.3992677592200365,-0.31005981498059143,0.03140042215713503,0.02827761477810055,-3485.99940981318,4057.848574068095,3971.3405180142654,532.0,375.0,0.04863217198413971,4.736239812997334,6.657465580399498,2.3476053148406977,OF1,NG,100.0,100.0,83.63636363636364,73.84615384615384,"[0.0, 0.0, 0.0, 0.0, 0.0, 0.0, 0.0, 0.0, 0.0, 0.0, 0.0, 0.0, 0.0, 1.0, 1.0, 0.0, 0.0, 0.0, 0.0, 0.0, 0.0, 1.0, 1.0, 0.0, 0.0, 0.0, 0.0, 0.0, 0.0, 0.0, 0.0, 0.0, 0.0, 0.0, 0.0, 0.0, 0.0, 1.0, 1.0, 1.0, 1.0, 1.0, 1.0, 0.0, 0.0, 0.0, 0.0, 0.0, 0.0, 0.0, 0.0, 0.0, 0.0, 0.0, 0.0, 0.0, 0.0, 0.0, 0.0, 0.0, 0.0, 0.0, 0.0, 0.0, 0.0, 0.0, 0.0, 0.0, 0.0, 0.0, 0.0, 0.0, 0.0, 0.0, 0.0, 0.0, 0.0, 0.0, 0.0, 0.0, 0.0, 0.0, 0.0, 0.0, 0.0, 0.0, 0.0, 0.0, 0.0, 0.0, 0.0, 0.0, 0.0, 0.0, 0.0, 0.0, 0.0, 0.0, 0.0, 0.0, 0.0, 0.0, 0.0, 0.0, 0.0, 0.0, 0.0, 0.0, 0.0, 0.0, 0.0, 0.0, 0.0, 0.0, 0.0, 0.0, 0.0, 0.0, 0.0, 0.0, 0.0, 0.0, 0.0, 0.0, 0.0, 0.0, 0.0, 0.0, 0.0, 0.0]",NGS-nonramp,False
404,ENTm6,-0.2965523444676462,39.62591311700954,52.83455082267939,4.2543923067465865,1.5,9,False,,,,,,,21,18,8.85885885885886,-31.0,18.0,-0.2965523444676462,-0.34470680441361634,0.011271325455990761,0.01489291824953806,-3481.505561011379,3728.538364323223,3950.493669793617,532.0,705.0,0.049914884810866214,19.85732138046403,20.153971556227532,17.668409718719452,OF1,NG,82.05128205128206,77.77777777777777,88.88888888888889,73.6842105263158,"[0.0, 0.0, 0.0, 0.0, 0.0, 0.0, 0.0, 0.0, 0.0, 1.0, 1.0, 1.0, 1.0, 1.0, 1.0, 1.0, 1.0, 1.0, 1.0, 1.0, 1.0, 1.0, 1.0, 1.0, 1.0, 1.0, 1.0, 1.0, 1.0, 1.0, 1.0, 1.0, 1.0, 1.0, 1.0, 1.0, 1.0, 0.0, 0.0, 0.0, 0.0, 1.0, 1.0, 0.0, 0.0, 0.0, 0.0, 1.0, 1.0, 1.0, 1.0, 1.0, 1.0, 0.0, 0.0, 0.0, 0.0, 0.0, 0.0, 0.0, 0.0, 1.0, 1.0, 1.0, 1.0, 0.0, 0.0, 1.0, 1.0, 1.0, 1.0, 1.0, 1.0, 1.0, 1.0, 1.0, 1.0, 1.0, 1.0, 1.0, 1.0, 1.0, 1.0, 1.0, 1.0, 1.0, 1.0, 1.0, 1.0, 1.0, 1.0, 1.0, 1.0, 0.0, 0.0, 0.0, 0.0, 0.0, 0.0, 1.0, 1.0, 1.0, 1.0, 1.0, 1.0, 1.0, 1.0, 1.0, 1.0, 1.0, 1.0, 1.0, 1.0, 0.0, 0.0, 0.0, 0.0, 1.0, 1.0, 1.0, 1.0, 1.0, 1.0, 1.0, 1.0, 1.0, 1.0, 1.0, 1.0, 1.0]",NGS-nonramp,False
409,ENTm5,-0.2562433558441333,21.870714638499162,29.16095285133222,23.40668227760759,1.5,9,False,,,,,,,21,18,8.85885885885886,23.0,-21.0,-0.2562433558441333,-0.6274916335092386,0.017899029799638155,0.01437775296436773,-3486.407941522434,4087.785865863083,3973.235686034325,532.0,345.0,0.13783011570846904,14.501179808291791,14.21447611598872,12.237871566717477,OF1,NG,94.28571428571429,85.41666666666667,68.18181818181819,60.0,"[1.0, 1.0, 1.0, 1.0, 1.0, 1.0, 1.0, 1.0, 1.0, 0.0, 0.0, 1.0, 1.0, 1.0, 1.0, 1.0, 1.0, 1.0, 1.0, 1.0, 1.0, 1.0, 1.0, 1.0, 1.0, 1.0, 1.0, 1.0, 1.0, 1.0, 1.0, 1.0, 1.0, 1.0, 1.0, 1.0, 1.0, 1.0, 1.0, 1.0, 1.0, 1.0, 1.0, 1.0, 1.0, 1.0, 1.0, 1.0, 1.0, 1.0, 1.0, 0.0, 0.0, 0.0, 0.0, 1.0, 1.0, 1.0, 1.0, 1.0, 1.0, 1.0, 1.0, 1.0, 1.0, 0.0, 0.0, 0.0, 0.0, 0.0, 0.0, 0.0, 0.0, 0.0, 0.0, 0.0, 0.0, 1.0, 1.0, 1.0, 1.0, 1.0, 1.0, 1.0, 1.0, 1.0, 1.0, 0.0, 0.0, 0.0, 0.0, 0.0, 0.0, 0.0, 0.0, 0.0, 0.0, 1.0, 1.0, 1.0, 1.0, 1.0, 1.0, 1.0, 1.0, 1.0, 1.0, 1.0, 1.0, 1.0, 1.0, 0.0, 0.0, 0.0, 0.0, 0.0, 0.0, 0.0, 0.0, 0.0, 0.0, 0.0, 0.0, 0.0, 0.0, 0.0, 0.0, 0.0, 0.0, 0.0]",NGS-nonramp,False
355,ENTm5,-0.2763787092371962,57.64911137438291,76.86548183251055,30.28890379999371,1.5,9,False,,,,,,,21,18,8.85885885885886,3.0,-4.0,-0.2763787092371962,-0.07396799988809241,0.19385457551601826,0.21846809593704913,-3483.548219557652,3878.2248232981647,3959.969509893912,532.0,555.0,0.1819258594294968,2.3889419425554057,2.997650271970198,1.8199911560759325,,Other,93.61702127659575,80.3030303030303,40.0,42.857142857142854,"[1.0, 1.0, 1.0, 1.0, 1.0, 1.0, 1.0, 1.0, 1.0, 1.0, 1.0, 1.0, 1.0, 1.0, 1.0, 1.0, 1.0, 1.0, 1.0, 1.0, 1.0, 1.0, 1.0, 1.0, 1.0, 1.0, 1.0, 1.0, 1.0, 1.0, 1.0, 1.0, 1.0, 1.0, 1.0, 1.0, 1.0, 1.0, 1.0, 1.0, 1.0, 1.0, 1.0, 1.0, 1.0, 1.0, 1.0, 1.0, 1.0, 1.0, 1.0, 1.0, 1.0, 1.0, 1.0, 1.0, 1.0, 1.0, 1.0, 1.0, 1.0, 1.0, 1.0, 1.0, 1.0, 1.0, 1.0, 1.0, 1.0, 0.0, 0.0, 1.0, 1.0, 1.0, 1.0, 1.0, 1.0, 1.0, 1.0, 1.0, 1.0, 1.0, 1.0, 1.0, 1.0, 1.0, 1.0, 1.0, 1.0, 1.0, 1.0, 1.0, 1.0, 1.0, 1.0, 1.0, 1.0, 1.0, 1.0, 1.0, 1.0, 1.0, 1.0, 1.0, 1.0, 1.0, 1.0, 1.0, 1.0, 1.0, 1.0, 0.0, 0.0, 0.0, 0.0, 1.0, 1.0, 1.0, 1.0, 0.0, 0.0, 0.0, 0.0, 0.0, 0.0, 0.0, 0.0, 0.0, 0.0, 0.0]",NS,False
356,ENTm5,-0.8237332753114402,43.95468124611152,58.606241661482024,27.60380487526819,1.5,9,False,,,,,,,21,18,8.85885885885886,-10.0,-32.0,-0.8237332753114402,-0.2893899492507411,0.09082643404800782,0.10491197520214832,-3483.7524854122794,3893.1934691956585,3960.917093903942,500.0,540.0,0.08842290083094102,5.151014771247565,5.160722724403264,5.4244289354268025,,Other,80.0,75.92592592592592,94.11764705882354,78.94736842105263,"[1.0, 1.0, 1.0, 1.0, 1.0, 1.0, 1.0, 1.0, 1.0, 0.0, 0.0, 1.0, 1.0, 1.0, 1.0, 1.0, 1.0, 0.0, 0.0, 0.0, 0.0, 0.0, 0.0, 0.0, 0.0, 0.0, 0.0, 0.0, 0.0, 0.0, 0.0, 1.0, 1.0, 1.0, 1.0, 1.0, 1.0, 1.0, 1.0, 1.0, 1.0, 1.0, 1.0, 1.0, 1.0, 1.0, 1.0, 1.0, 1.0, 0.0, 0.0, 1.0, 1.0, 1.0, 1.0, 1.0, 1.0, 1.0, 1.0, 1.0, 1.0, 0.0, 0.0, 1.0, 1.0, 1.0, 1.0, 0.0, 0.0, 0.0, 0.0, 0.0, 0.0, 0.0, 0.0, 0.0, 0.0, 1.0, 1.0, 0.0, 0.0, 1.0, 1.0, 1.0, 1.0, 1.0, 1.0, 1.0, 1.0, 1.0, 1.0, 1.0, 1.0, 1.0, 1.0, 1.0, 1.0, 1.0, 1.0, 1.0, 1.0, 1.0, 1.0, 1.0, 1.0, 1.0, 1.0, 1.0, 1.0, 1.0, 1.0, 0.0, 0.0, 0.0, 0.0, 1.0, 1.0, 1.0, 1.0, 1.0, 1.0, 1.0, 1.0, 1.0, 1.0, 1.0, 1.0, 1.0, 1.0, 1.0]",NS,False
357,ENTm5,0.0037844828248409235,37.39490957156827,49.859879428757694,21.332755906366224,1.5,9,False,,,,,,,21,18,8.85885885885886,43.0,-1.0,0.0037844828248409235,-0.16959759553079887,0.07324734220710012,0.076762188663375,-3483.548219557652,3878.2248232981647,3959.969509893912,532.0,555.0,0.028584617976567833,1.4454062515271973,1.952345717559918,0.8958333032500699,,Other,50.0,100.0,86.79245283018868,76.05633802816901,"[0.0, 0.0, 0.0, 0.0, 0.0, 0.0, 0.0, 0.0, 0.0, 0.0, 0.0, 0.0, 0.0, 0.0, 0.0, 0.0, 0.0, 0.0, 0.0, 0.0, 0.0, 0.0, 0.0, 0.0, 0.0, 0.0, 0.0, 0.0, 0.0, 0.0, 0.0, 0.0, 0.0, 0.0, 0.0, 0.0, 0.0, 0.0, 0.0, 0.0, 0.0, 0.0, 0.0, 0.0, 0.0, 0.0, 0.0, 0.0, 0.0, 0.0, 0.0, 0.0, 0.0, 0.0, 0.0, 0.0, 0.0, 0.0, 0.0, 0.0, 0.0, 0.0, 0.0, 0.0, 0.0, 0.0, 0.0, 0.0, 0.0, 0.0, 0.0, 0.0, 0.0, 1.0, 1.0, 1.0, 1.0, 0.0, 0.0, 0.0, 0.0, 0.0, 0.0, 0.0, 0.0, 0.0, 0.0, 0.0, 0.0, 0.0, 0.0, 0.0, 0.0, 0.0, 0.0, 0.0, 0.0, 0.0, 0.0, 0.0, 0.0, 0.0, 0.0, 0.0, 0.0, 0.0, 0.0, 0.0, 0.0, 0.0, 0.0, 0.0, 0.0, 0.0, 0.0, 0.0, 0.0, 0.0, 0.0, 1.0, 1.0, 0.0, 0.0, 0.0, 0.0, 0.0, 0.0, 0.0, 0.0, 0.0]",NS,False
361,ENTm5,0.4507392797914277,58.95191956531315,78.60255942041753,55.65744613982388,1.5,9,True,,,,,,,21,18,8.85885885885886,10.0,22.0,0.4507392797914277,-0.6148203719942424,0.06227697010632694,0.04636349104469975,-3483.9567512669064,3908.162115093153,3961.8646779139713,500.0,525.0,0.10719619260760982,5.832073824897687,5.88952072050605,5.353895253149829,,Other,91.17647058823529,80.85106382978724,73.91304347826087,69.23076923076923,"[1.0, 1.0, 1.0, 1.0, 1.0, 1.0, 1.0, 1.0, 1.0, 1.0, 1.0, 1.0, 1.0, 1.0, 1.0, 1.0, 1.0, 1.0, 1.0, 1.0, 1.0, 1.0, 1.0, 1.0, 1.0, 1.0, 1.0, 0.0, 0.0, 0.0, 0.0, 0.0, 0.0, 0.0, 0.0, 0.0, 0.0, 1.0, 1.0, 1.0, 1.0, 1.0, 1.0, 1.0, 1.0, 1.0, 1.0, 1.0, 1.0, 1.0, 1.0, 1.0, 1.0, 1.0, 1.0, 0.0, 0.0, 0.0, 0.0, 1.0, 1.0, 0.0, 0.0, 1.0, 1.0, 1.0, 1.0, 0.0, 0.0, 0.0, 0.0, 0.0, 0.0, 1.0, 1.0, 1.0, 1.0, 1.0, 1.0, 1.0, 1.0, 1.0, 1.0, 1.0, 1.0, 0.0, 0.0, 1.0, 1.0, 1.0, 1.0, 0.0, 0.0, 0.0, 0.0, 0.0, 0.0, 0.0, 0.0, 1.0, 1.0, 1.0, 1.0, 1.0, 1.0, 1.0, 1.0, 1.0, 1.0, 1.0, 1.0, 0.0, 0.0, 0.0, 0.0, 0.0, 0.0, 1.0, 1.0, 0.0, 0.0, 0.0, 0.0, 0.0, 0.0, 0.0, 0.0, 0.0, 0.0, 0.0]",NS,False
362,ENTm5,-0.6677761138460268,47.25233415553838,63.00311220738451,9.63859469347587,1.5,9,False,,,,,,,21,18,8.85885885885886,5.0,-26.0,-0.6677761138460268,-0.5740144151822681,0.08412694292531747,0.0784388380958581,-3483.548219557652,3878.2248232981647,3959.969509893912,500.0,555.0,0.14158238512211355,3.732022759746631,3.976321866736795,3.6599761118524246,,Other,93.10344827586206,94.73684210526316,75.0,57.142857142857146,"[1.0, 1.0, 1.0, 1.0, 1.0, 1.0, 1.0, 1.0, 1.0, 1.0, 1.0, 1.0, 1.0, 0.0, 0.0, 1.0, 1.0, 1.0, 1.0, 0.0, 0.0, 0.0, 0.0, 0.0, 0.0, 1.0, 1.0, 1.0, 1.0, 1.0, 1.0, 1.0, 1.0, 1.0, 1.0, 1.0, 1.0, 1.0, 1.0, 1.0, 1.0, 1.0, 1.0, 1.0, 1.0, 1.0, 1.0, 1.0, 1.0, 1.0, 1.0, 1.0, 1.0, 1.0, 1.0, 1.0, 1.0, 1.0, 1.0, 0.0, 0.0, 0.0, 0.0, 0.0, 0.0, 0.0, 0.0, 0.0, 0.0, 0.0, 0.0, 0.0, 0.0, 0.0, 0.0, 1.0, 1.0, 1.0, 1.0, 1.0, 1.0, 1.0, 1.0, 1.0, 1.0, 1.0, 1.0, 1.0, 1.0, 0.0, 0.0, 0.0, 0.0, 0.0, 0.0, 0.0, 0.0, 0.0, 0.0, 0.0, 0.0, 0.0, 0.0, 0.0, 0.0, 0.0, 0.0, 1.0, 1.0, 0.0, 0.0, 0.0, 0.0, 0.0, 0.0, 0.0, 0.0, 0.0, 0.0, 0.0, 0.0, 0.0, 0.0, 0.0, 0.0, 0.0, 0.0, 0.0, 0.0, 0.0]",NS,False
365,ENTm5,-0.5123371354201623,54.04866778629113,72.06489038172151,22.584960592821282,1.5,9,False,,,,,,,21,18,8.85885885885886,-3.0,47.0,-0.5123371354201623,-0.17706516224150307,0.05371871431008312,0.061202210745774054,-3483.3439537030245,3863.2561774006704,3959.021925883883,532.0,570.0,0.09395539610163103,5.998412147225233,5.143231572496798,6.385242087703691,,Other,89.65517241379311,79.16666666666667,78.57142857142857,72.0,"[1.0, 1.0, 1.0, 1.0, 1.0, 1.0, 1.0, 1.0, 1.0, 1.0, 1.0, 1.0, 1.0, 1.0, 1.0, 1.0, 1.0, 1.0, 1.0, 1.0, 1.0, 0.0, 0.0, 1.0, 1.0, 1.0, 1.0, 1.0, 1.0, 0.0, 0.0, 0.0, 0.0, 0.0, 0.0, 0.0, 0.0, 1.0, 1.0, 1.0, 1.0, 1.0, 1.0, 1.0, 1.0, 0.0, 0.0, 1.0, 1.0, 1.0, 1.0, 1.0, 1.0, 1.0, 1.0, 1.0, 1.0, 1.0, 1.0, 1.0, 1.0, 1.0, 1.0, 1.0, 1.0, 1.0, 1.0, 1.0, 1.0, 1.0, 1.0, 0.0, 0.0, 0.0, 0.0, 0.0, 0.0, 0.0, 0.0, 0.0, 0.0, 0.0, 0.0, 1.0, 1.0, 1.0, 1.0, 1.0, 1.0, 1.0, 1.0, 0.0, 0.0, 0.0, 0.0, 0.0, 0.0, 0.0, 0.0, 1.0, 1.0, 0.0, 0.0, 0.0, 0.0, 1.0, 1.0, 0.0, 0.0, 1.0, 1.0, 1.0, 1.0, 1.0, 1.0, 0.0, 0.0, 0.0, 0.0, 0.0, 0.0, 0.0, 0.0, 0.0, 0.0, 0.0, 0.0, 0.0, 0.0, 0.0]",NS,False
366,ENTm5,-0.539172151950422,32.339465334885475,43.11928711318063,13.11562154549479,1.5,9,False,,,,,,,21,18,8.85885885885886,0.0,-46.0,-0.539172151950422,-0.27919752641499107,0.048074833052762646,0.06538034258108504,-3483.139687848397,3848.287531503176,3958.074341873853,532.0,585.0,0.07193017931990414,7.750556735633983,6.817384683544338,6.322483771976935,,Other,91.66666666666667,71.42857142857143,78.78787878787878,81.57894736842105,"[1.0, 1.0, 1.0, 1.0, 1.0, 1.0, 1.0, 1.0, 1.0, 1.0, 1.0, 1.0, 1.0, 1.0, 1.0, 1.0, 1.0, 1.0, 1.0, 1.0, 1.0, 1.0, 1.0, 1.0, 1.0, 0.0, 0.0, 0.0, 0.0, 1.0, 1.0, 0.0, 0.0, 0.0, 0.0, 0.0, 0.0, 0.0, 0.0, 0.0, 0.0, 1.0, 1.0, 1.0, 1.0, 1.0, 1.0, 0.0, 0.0, 0.0, 0.0, 0.0, 0.0, 0.0, 0.0, 1.0, 1.0, 0.0, 0.0, 1.0, 1.0, 1.0, 1.0, 1.0, 1.0, 1.0, 1.0, 1.0, 1.0, 0.0, 0.0, 0.0, 0.0, 0.0, 0.0, 1.0, 1.0, 1.0, 1.0, 1.0, 1.0, 0.0, 0.0, 0.0, 0.0, 0.0, 0.0, 0.0, 0.0, 0.0, 0.0, 0.0, 0.0, 0.0, 0.0, 0.0, 0.0, 0.0, 0.0, 1.0, 1.0, 1.0, 1.0, 1.0, 1.0, 1.0, 1.0, 0.0, 0.0, 0.0, 0.0, 0.0, 0.0, 0.0, 0.0, 0.0, 0.0, 0.0, 0.0, 0.0, 0.0, 0.0, 0.0, 0.0, 0.0, 0.0, 0.0, 0.0, 0.0, 0.0]",NS,False
367,ENTm5,-0.3154486721308446,41.94621358075426,55.92828477433901,4.2294054543426185,1.5,9,False,,,,,,,21,18,8.85885885885886,-16.0,-24.0,-0.3154486721308446,-0.7040494360988077,0.04198149245049337,0.03657126954018292,-3486.6122073770616,4102.754511760578,3974.183270044355,500.0,330.0,0.06175188411395505,3.884797012871501,5.812059904920267,1.8161034728008236,,Other,100.0,100.0,82.0,72.58064516129032,"[0.0, 0.0, 0.0, 0.0, 0.0, 0.0, 0.0, 0.0, 0.0, 0.0, 0.0, 0.0, 0.0, 0.0, 0.0, 0.0, 0.0, 0.0, 0.0, 0.0, 0.0, 0.0, 0.0, 1.0, 1.0, 1.0, 1.0, 1.0, 1.0, 0.0, 0.0, 0.0, 0.0, 1.0, 1.0, 1.0, 1.0, 0.0, 0.0, 0.0, 0.0, 1.0, 1.0, 1.0, 1.0, 1.0, 1.0, 0.0, 0.0, 0.0, 0.0, 0.0, 0.0, 1.0, 1.0, 0.0, 0.0, 0.0, 0.0, 0.0, 0.0, 0.0, 0.0, 0.0, 0.0, 0.0, 0.0, 0.0, 0.0, 0.0, 0.0, 0.0, 0.0, 0.0, 0.0, 0.0, 0.0, 0.0, 0.0, 0.0, 0.0, 0.0, 0.0, 0.0, 0.0, 0.0, 0.0, 0.0, 0.0, 0.0, 0.0, 0.0, 0.0, 0.0, 0.0, 0.0, 0.0, 0.0, 0.0, 0.0, 0.0, 0.0, 0.0, 0.0, 0.0, 0.0, 0.0, 0.0, 0.0, 0.0, 0.0, 0.0, 0.0, 0.0, 0.0, 0.0, 0.0, 0.0, 0.0, 0.0, 0.0, 0.0, 0.0, 0.0, 0.0, 0.0, 0.0, 0.0, 0.0, 0.0]",NS,False
370,ENTm5,-0.5355545533980719,39.153780104721385,52.20504013962851,4.888930170230022,1.5,9,False,,,,,,,21,18,8.85885885885886,14.0,-22.0,-0.5355545533980719,-0.42837904572848506,0.11985452116307355,0.1090281883818336,-3483.139687848397,3848.287531503176,3958.074341873853,532.0,585.0,0.06663739399014679,3.486917649593023,4.172056185690114,2.2898454490390816,,Other,84.78260869565217,78.84615384615384,81.81818181818181,71.42857142857143,"[1.0, 1.0, 1.0, 1.0, 1.0, 1.0, 1.0, 1.0, 1.0, 1.0, 1.0, 1.0, 1.0, 1.0, 1.0, 0.0, 0.0, 0.0, 0.0, 0.0, 0.0, 0.0, 0.0, 1.0, 1.0, 1.0, 1.0, 1.0, 1.0, 1.0, 1.0, 1.0, 1.0, 1.0, 1.0, 1.0, 1.0, 1.0, 1.0, 1.0, 1.0, 1.0, 1.0, 1.0, 1.0, 1.0, 1.0, 1.0, 1.0, 1.0, 1.0, 1.0, 1.0, 1.0, 1.0, 0.0, 0.0, 0.0, 0.0, 1.0, 1.0, 0.0, 0.0, 0.0, 0.0, 0.0, 0.0, 0.0, 0.0, 1.0, 1.0, 1.0, 1.0, 1.0, 1.0, 1.0, 1.0, 1.0, 1.0, 1.0, 1.0, 1.0, 1.0, 0.0, 0.0, 0.0, 0.0, 0.0, 0.0, 0.0, 0.0, 0.0, 0.0, 1.0, 1.0, 1.0, 1.0, 1.0, 1.0, 1.0, 1.0, 1.0, 1.0, 1.0, 1.0, 1.0, 1.0, 1.0, 1.0, 1.0, 1.0, 1.0, 1.0, 0.0, 0.0, 1.0, 1.0, 1.0, 1.0, 1.0, 1.0, 1.0, 1.0, 1.0, 1.0, 1.0, 1.0, 1.0, 1.0, 1.0]",NS,False
374,ENTm5,-0.3997729656286816,56.721057050234336,75.62807606697912,39.94778422111975,1.5,9,False,,,,,,,21,18,8.85885885885886,6.0,-23.0,-0.3997729656286816,-0.26438585910405843,0.011289802540150525,0.009968484868747945,-3483.139687848397,3848.287531503176,3958.074341873853,500.0,585.0,0.11575830611969096,21.316767633446627,32.104592868322115,20.906294503560062,,Other,83.6734693877551,80.0,87.5,50.0,"[1.0, 1.0, 1.0, 1.0, 1.0, 1.0, 1.0, 1.0, 1.0, 1.0, 1.0, 1.0, 1.0, 1.0, 1.0, 1.0, 1.0, 1.0, 1.0, 1.0, 1.0, 1.0, 1.0, 1.0, 1.0, 1.0, 1.0, 1.0, 1.0, 1.0, 1.0, 1.0, 1.0, 1.0, 1.0, 1.0, 1.0, 1.0, 1.0, 1.0, 1.0, 1.0, 1.0, 1.0, 1.0, 1.0, 1.0, 1.0, 1.0, 1.0, 1.0, 1.0, 1.0, 1.0, 1.0, 1.0, 1.0, 1.0, 1.0, 1.0, 1.0, 1.0, 1.0, 0.0, 0.0, 0.0, 0.0, 1.0, 1.0, 1.0, 1.0, 1.0, 1.0, 1.0, 1.0, 1.0, 1.0, 1.0, 1.0, 1.0, 1.0, 1.0, 1.0, 1.0, 1.0, 1.0, 1.0, 1.0, 1.0, 1.0, 1.0, 1.0, 1.0, 1.0, 1.0, 1.0, 1.0, 1.0, 1.0, 1.0, 1.0, 0.0, 0.0, 0.0, 0.0, 0.0, 0.0, 0.0, 0.0, 0.0, 0.0, 0.0, 0.0, 1.0, 1.0, 1.0, 1.0, 1.0, 1.0, 1.0, 1.0, 1.0, 1.0, 1.0, 1.0, 1.0, 1.0, 1.0, 1.0, 1.0]",NS,False
376,ENTm5,0.6739967872451805,33.37996659361847,44.506622124824624,23.12758289139284,1.5,9,True,"[-1.75791420e-01 -2.55353760e-01 -5.21771662e-01 -4.72250098e-01
 -5.21274847e-01  3.04149651e-01 -1.02369355e-01  1.16926949e-01
 -3.64371754e-01 -1.70290616e-01  4.47186099e-02  5.38405169e-01
  3.68149782e-02  3.85537250e-01 -1.67262747e-01 -8.18082084e-02
 -7.68879749e-02 -1.07733210e-01 -5.11614792e-02 -1.13651045e-01
 -2.58468623e-01 -3.62617212e-01  2.19461946e-02 -2.45074285e-01
 -2.09591979e-01  1.38149807e-01 -2.15799630e-02 -3.93570996e-01
 -3.63041595e-01 -2.81143848e-01 -4.32795841e-01 -1.67131082e-01
 -5.66583022e-01 -4.24402240e-01 -6.23783299e-01 -9.35561915e-02
 -3.59208811e-01 -3.24737054e-01 -3.42955467e-01  2.20825380e-01
 -4.64337313e-01  6.05364828e-02 -4.98873365e-01  1.94017202e-01
 -8.86188219e-01 -5.32215715e-01 -1.21900279e-01 -2.87706343e-01
 -4.96716079e-02  3.65936302e-02 -5.41195741e-01  4.99061274e-01
  1.48181183e-01 -1.22521311e-01 -4.30573489e-01 -2.22871726e-01
 -2.60594564e-01 -2.30794983e-01  1.54381012e-01 -5.75204595e-01
 -3.53356834e-01 -2.37864392e-01 -2.60331580e-01 -4.51453653e-01
  1.25953571e-01 -2.47357603e-01 -4.97656555e-01 -1.26976626e-01
  1.09706318e-01 -4.60563812e-02 -3.71838827e-01 -3.59330237e-01
  3.15178999e-01 -4.06285516e-02 -2.62967634e-01  4.94261447e-01
 -2.19775369e-01 -1.24863508e-01 -2.48403921e-01  9.39219985e-01
 -4.21893788e-01 -2.00643920e-01 -1.35673179e-02  2.97993607e-02
 -1.69835530e-01 -2.45303411e-01 -9.15214898e-02 -1.66173647e-04
 -2.12820031e-01 -6.36200076e-01 -1.22882890e-01 -3.75464622e-01
 -2.60989301e-01 -5.75034529e-01 -5.92404840e-01  3.11214067e-02
 -1.80870750e-01 -5.11183621e-01 -2.84705727e-01 -2.94695545e-01
 -4.70905526e-01 -7.81605783e-02 -4.80147049e-01 -4.18507939e-01
 -4.06334226e-01  3.50178369e-01 -4.85716695e-01  1.52995041e-01
  1.64326293e-01 -5.39118991e-02  4.04131875e-03 -1.11853326e-01
 -1.66824795e-01 -2.89347450e-01 -1.39422331e-01 -2.36391585e-01
 -3.73200633e-01 -1.00926714e-01 -1.82350094e-01 -4.73075159e-01
 -3.03008882e-01 -4.18087484e-01  5.08336510e-02  2.19047049e-01
 -2.14288543e-01  1.35474891e-01 -2.44720043e-02 -4.94878223e-01
 -5.27270998e-01 -6.21011877e-01 -1.75319244e-01 -1.74046471e-01
  7.35798173e-02 -2.97244345e-01 -5.76418309e-02  5.88575528e-01
 -4.69373572e-01 -3.90015810e-01 -3.84813462e-01 -6.58882557e-01
 -3.98956919e-01 -2.79699743e-01 -1.46918260e-01 -1.30834415e-01
 -4.47283431e-01 -2.94534364e-01  4.91591330e-01 -2.23655741e-01
 -2.67908254e-01 -4.55841402e-01 -6.27688087e-02 -2.79103202e-01
 -3.28876243e-01  1.39203093e-01 -5.53716312e-01  4.43681503e-01
 -1.46398537e-01 -3.68041741e-01 -4.36246489e-01 -1.69542886e-01
 -2.07336838e-02 -1.89437948e-01 -2.73501375e-01  1.53441226e-01
 -5.33688896e-01 -7.13140939e-02 -1.36470695e-01 -3.78296455e-01
  6.56456046e-01 -2.13773992e-01 -3.40767530e-01 -2.90161771e-01
 -4.88248644e-02 -1.76557170e-01 -1.42622346e-01 -2.99250677e-01
 -1.22878891e-01 -2.55411590e-01 -1.16890954e-01 -1.97712119e-02
 -3.97543292e-01 -1.19932296e-01 -2.38644301e-01 -6.99145269e-02
  5.50489929e-01 -1.78603967e-01 -5.96315300e-01 -1.17378700e-01
 -2.60001019e-01 -4.52332879e-01 -1.56719028e-01 -7.18598826e-01
  1.58575735e-01 -4.49985222e-01 -2.72412939e-01 -6.29109872e-01
 -2.92956842e-01 -2.32709355e-01  1.02662173e-01 -5.95946711e-01]","[23.54826491 25.88868364 24.50270108 34.40302465 24.54455599 45.51017217
 33.36098933 25.91626447 32.91900394 31.28347535 26.11152322 27.12693039
 21.00702366 37.96308814 28.67449233 28.00474094 24.7270532  32.04423548
 35.21802758 27.89770058 31.86917274 40.07260601 27.36629093 45.03859319
 35.30022261 28.7067735  27.62543575 29.38646385 35.81048697 26.40052536
 30.10437794 29.8917116  36.14344367 36.36490238 31.97271754 29.47300921
 29.25027562 22.7190985  27.37246331 27.23367562 28.64502007 32.56149923
 24.638316   34.42847486 24.01343005 25.07854362 25.44885163 28.45203995
 22.64371493 29.1859045  30.99508014 22.9581515  44.78177547 29.45888312
 30.10950066 29.3989243  25.23322063 27.6678257  25.49988301 30.16336454
 26.2345819  25.08894146 24.56428593 31.23088366 25.10717364 38.14028661
 27.51937654 18.86787968 31.46496127 26.17270804 32.93079044 27.85204656
 22.98886242 23.58173789 27.73963082 29.43733856 39.01932667 32.15264504
 34.62370591 27.30038745 29.74296504 26.17966773 29.05257595 24.22008178
 32.8174735  40.41448205 35.00583832 33.09524997 27.94793399 28.52300025
 22.00425905 32.16544334 22.67690786 22.16329504 25.48370269 29.24280586
 23.71114949 33.86454548 31.80134272 21.88050971 25.15725406 40.35772413
 33.09280816 31.73933056 20.15970888 40.64169999 28.93557933 39.33741653
 36.64582165 31.08712073 27.69941494 30.00502174 25.40162534 30.82465748
 24.51959887 30.9795504  31.80414024 23.96723147 37.46692873 24.16674646
 34.45819393 55.8449497  28.22321898 37.17743117 24.1997848  29.94271717
 38.46132237 37.93322696 41.47275781 26.91640915 32.82669198 26.61823317
 26.66303128 20.26711594 32.43036412 30.02650888 30.90967821 30.72436599
 44.93944815 31.72786397 23.86354379 22.51868144 36.24876154 36.64115534
 33.71242412 30.94204969 31.19085826 35.79488099 33.50424537 28.05779394
 26.31744784 33.8127988  32.34439482 25.28691522 26.81533221 27.85864378
 30.86128123 28.89437356 33.52835138 24.63761031 34.19654027 28.49298396
 29.49993537 35.65327066 27.20316634 26.55433726 42.09410343 28.4820698
 46.86638433 22.10093519 33.67400412 28.92999259 32.44153512 36.97790038
 33.0554005  30.2272404  29.18188514 30.18361289 35.44488332 26.46489811
 27.56346308 25.85111163 26.46937921 32.31456856 26.40822376 31.97636863
 36.01878232 28.0391912  24.73262742 29.76475953 41.14691374 23.88221256
 26.21880468 25.30658988 22.74652203 29.27383312 37.13814909 21.80201844
 46.95287372 31.26422792]","[31.39768655 34.51824485 32.6702681  45.87069953 32.72607465 60.68022956
 44.48131911 34.5550193  43.89200526 41.71130046 34.81536429 36.16924052
 28.00936488 50.61745085 38.23265644 37.33965458 32.96940427 42.7256473
 46.95737011 37.19693411 42.49223032 53.43014134 36.4883879  60.05145758
 47.06696348 38.275698   36.83391434 39.1819518  47.74731595 35.20070048
 40.13917059 39.85561546 48.19125823 48.48653651 42.63029006 39.29734561
 39.0003675  30.29213134 36.49661775 36.3115675  38.1933601  43.41533231
 32.851088   45.90463315 32.01790674 33.43805817 33.93180217 37.93605327
 30.19161991 38.91453933 41.32677352 30.61086867 59.70903396 39.27851083
 40.14600087 39.19856573 33.64429418 36.89043426 33.99984401 40.21781939
 34.97944253 33.45192195 32.75238124 41.64117822 33.47623152 50.85371547
 36.69250205 25.15717291 41.95328169 34.89694405 43.90772058 37.13606208
 30.65181656 31.44231718 36.98617443 39.24978475 52.02576889 42.87019339
 46.16494121 36.40051659 39.65728672 34.90622365 38.73676794 32.29344237
 43.75663133 53.88597606 46.6744511  44.12699996 37.26391199 38.030667
 29.33901207 42.88725778 30.23587715 29.55106005 33.97827025 38.99040782
 31.61486598 45.1527273  42.4017903  29.17401294 33.54300542 53.81029885
 44.12374421 42.31910741 26.87961183 54.18893332 38.58077244 52.44988871
 48.86109553 41.44949431 36.93255325 40.00669565 33.86883379 41.0995433
 32.6927985  41.3060672  42.40552032 31.95630863 49.95590497 32.22232861
 45.94425858 74.45993293 37.63095864 49.56990823 32.26637973 39.92362289
 51.28176316 50.57763595 55.29701042 35.88854553 43.76892264 35.49097756
 35.55070837 27.02282125 43.24048549 40.03534518 41.21290428 40.96582132
 59.9192642  42.30381863 31.81805838 30.02490859 48.33168205 48.85487378
 44.94989883 41.25606625 41.58781101 47.72650798 44.67232717 37.41039191
 35.08993045 45.08373174 43.12585976 33.71588695 35.75377627 37.14485837
 41.14837497 38.52583141 44.70446851 32.85014708 45.59538702 37.99064528
 39.33324716 47.53769422 36.27088845 35.40578301 56.12547124 37.97609306
 62.48851244 29.46791358 44.89867216 38.57332345 43.25538016 49.30386718
 44.07386733 40.30298719 38.90918018 40.24481719 47.25984443 35.28653081
 36.7512841  34.46814883 35.29250561 43.08609141 35.21096502 42.63515818
 48.02504309 37.38558827 32.97683656 39.68634604 54.86255165 31.84295008
 34.95840624 33.74211984 30.32869604 39.0317775  49.51753212 29.06935792
 62.60383163 41.68563722]","[44.32310165 58.0498294  43.94107104 47.01137915 51.45949485 36.27428012
  4.45500365 26.44729326 23.72178634 56.0706844  31.7538887  20.96153139
 49.92440318 43.95949049 36.49219188 36.29944853  6.37796814  2.7102198
  1.15116902 47.40438307 34.47553143 13.9195002  13.04922386 45.17592237
  9.38763216 15.44099964 51.42469969 50.4502507  14.2636429  33.69243397
 31.36900813 11.51593641 21.51007184 43.49356418 15.18973763 28.04205151
  3.0167214  12.26770595 45.26517142 24.20465844 39.3175809  20.30234924
 58.28928006 23.04625145 44.50895089  2.5978095   4.07576864 56.4406277
 22.59066458 48.27501575 34.07845199  7.78481263 56.36560364  1.59007244
  4.40086511 33.12936598 26.08014561 13.6823776  48.66597197 19.04840475
 21.39287325 54.12417515 14.68403928 29.24591137 48.15908028  7.43236617
 52.45632172  1.55312393 53.3954238  15.82162066 29.87939625 36.78496209
 29.13120629 33.61106268 47.41220382 20.88352559  4.45225634 56.33388439
 37.58829379  8.92524137 13.25642994 47.37376844 17.53329546  7.73574502
 15.91859086 54.42464022  3.189796    9.76907279 40.60474637 19.78024217
 53.1655592   9.70340225 10.96972676  5.15325041 53.08034935 21.86271024
  3.72504353 17.75591016 56.83556618 50.15826476 30.88126097  9.16895484
 46.90343578 48.2030027  45.38409682  5.43481016 23.81865587 51.84629159
  6.61729672  9.03215793 34.78144736 27.29307467  6.1679274   5.74157078
 26.77316591  4.57479844 51.16256415 12.93960058 38.28739632 50.90251671
  7.7812946  10.9206862   5.81501542 54.8476168  59.74636051 26.6224838
  1.86919141 53.58979728 25.3675581  58.47185481 44.47961163 40.40708318
 33.00534559 51.80394081  7.5280913  57.81744405 28.9263524  14.11002181
 51.63735274 20.84171013 38.35502394 52.57637972  6.30952054 28.21338861
  9.37263459 35.53414619 27.54005389 10.14489597 37.46200356 51.11531537
 41.03847979 41.25241568 18.01114542  8.78716894 50.070946   43.7148811
 16.99837885  9.39632652 52.62422882 18.18020962 31.7459426  52.38989536
  4.35368514 43.2955262  34.17561912 19.56795929  2.47283154  2.76802375
 37.57979873  0.4077804  55.92780856 24.89828185 27.6944559   0.09292232
 23.63606525 41.11615197 15.22440178 46.48832185  9.30236605 53.86588913
 10.579666   27.20985021 48.60835665 31.92237292  8.3815679  53.62971091
 26.51968055 55.86718458 27.87343259  3.0070212   2.99535855 53.34863724
 45.65553707 39.90268285 57.5266088   2.65417056 53.09958055  9.67282569
 46.85831939 54.9412075 ]","[1.5 1.5 1.5 1.5 1.5 1.5 1.5 1.5 1.5 1.5 1.5 1.5 1.5 1.5 1.5 1.5 1.5 1.5
 1.5 1.5 1.5 1.5 1.5 1.5 1.5 1.5 1.5 1.5 1.5 1.5 1.5 1.5 1.5 1.5 1.5 1.5
 1.5 1.5 1.5 1.5 1.5 1.5 1.5 1.5 1.5 1.5 1.5 1.5 1.5 1.5 1.5 1.5 1.5 1.5
 1.5 1.5 1.5 1.5 1.5 1.5 1.5 1.5 1.5 1.5 1.5 1.5 1.5 1.5 1.5 1.5 1.5 1.5
 1.5 1.5 1.5 1.5 1.5 1.5 1.5 1.5 1.5 1.5 1.5 1.5 1.5 1.5 1.5 1.5 1.5 1.5
 1.5 1.5 1.5 1.5 1.5 1.5 1.5 1.5 1.5 1.5 1.5 1.5 1.5 1.5 1.5 1.5 1.5 1.5
 1.5 1.5 1.5 1.5 1.5 1.5 1.5 1.5 1.5 1.5 1.5 1.5 1.5 1.5 1.5 1.5 1.5 1.5
 1.5 1.5 1.5 1.5 1.5 1.5 1.5 1.5 1.5 1.5 1.5 1.5 1.5 1.5 1.5 1.5 1.5 1.5
 1.5 1.5 1.5 1.5 1.5 1.5 1.5 1.5 1.5 1.5 1.5 1.5 1.5 1.5 1.5 1.5 1.5 1.5
 1.5 1.5 1.5 1.5 1.5 1.5 1.5 1.5 1.5 1.5 1.5 1.5 1.5 1.5 1.5 1.5 1.5 1.5
 1.5 1.5 1.5 1.5 1.5 1.5 1.5 1.5 1.5 1.5 1.5 1.5 1.5 1.5 1.5 1.5 1.5 1.5
 1.5 1.5]",,21,18,8.85885885885886,25.0,9.0,0.6739967872451805,-0.08956352978891094,0.015394860428743986,0.010847274833054905,-3482.7311561391425,3818.350239708188,3956.1791738537945,500.0,615.0,0.013470204756712777,10.42244040243467,14.665081505579128,14.281126819449657,,Other,92.15686274509804,80.3030303030303,16.666666666666668,42.857142857142854,"[1.0, 1.0, 1.0, 1.0, 1.0, 1.0, 1.0, 1.0, 1.0, 1.0, 1.0, 1.0, 1.0, 1.0, 1.0, 1.0, 1.0, 1.0, 1.0, 1.0, 1.0, 1.0, 1.0, 1.0, 1.0, 1.0, 1.0, 1.0, 1.0, 1.0, 1.0, 1.0, 1.0, 1.0, 1.0, 1.0, 1.0, 1.0, 1.0, 1.0, 1.0, 1.0, 1.0, 1.0, 1.0, 1.0, 1.0, 1.0, 1.0, 1.0, 1.0, 1.0, 1.0, 1.0, 1.0, 1.0, 1.0, 1.0, 1.0, 1.0, 1.0, 1.0, 1.0, 1.0, 1.0, 1.0, 1.0, 1.0, 1.0, 1.0, 1.0, 1.0, 1.0, 1.0, 1.0, 1.0, 1.0, 1.0, 1.0, 1.0, 1.0, 1.0, 1.0, 1.0, 1.0, 1.0, 1.0, 1.0, 1.0, 1.0, 1.0, 1.0, 1.0, 1.0, 1.0, 1.0, 1.0, 1.0, 1.0, 1.0, 1.0, 1.0, 1.0, 1.0, 1.0, 1.0, 1.0, 1.0, 1.0, 1.0, 1.0, 1.0, 1.0, 1.0, 1.0, 1.0, 1.0, 0.0, 0.0, 0.0, 0.0, 0.0, 0.0, 0.0, 0.0, 0.0, 0.0, 0.0, 0.0, 0.0]",NS,False
378,ENTm5,0.5145335300852996,33.04207956711572,44.05610608948763,44.7579635242544,1.5,9,True,,,,,,,21,18,8.85885885885886,-12.0,0.0,0.5145335300852996,0.9167531104408544,0.3362828417327974,0.4105245809760846,-3482.93542199377,3833.3188856056818,3957.126757863824,500.0,600.0,0.0375723328746771,0.5211458167343698,0.2756938705257393,0.18272111393011345,,Other,100.0,72.72727272727273,80.43478260869566,77.41935483870968,"[0.0, 0.0, 0.0, 0.0, 0.0, 0.0, 0.0, 0.0, 0.0, 0.0, 0.0, 0.0, 0.0, 0.0, 0.0, 0.0, 0.0, 0.0, 0.0, 0.0, 0.0, 0.0, 0.0, 0.0, 0.0, 1.0, 1.0, 1.0, 1.0, 1.0, 1.0, 1.0, 1.0, 0.0, 0.0, 0.0, 0.0, 0.0, 0.0, 0.0, 0.0, 0.0, 0.0, 0.0, 0.0, 0.0, 0.0, 0.0, 0.0, 0.0, 0.0, 0.0, 0.0, 0.0, 0.0, 0.0, 0.0, 0.0, 0.0, 0.0, 0.0, 0.0, 0.0, 0.0, 0.0, 1.0, 1.0, 1.0, 1.0, 1.0, 1.0, 0.0, 0.0, 0.0, 0.0, 0.0, 0.0, 1.0, 1.0, 1.0, 1.0, 1.0, 1.0, 1.0, 1.0, 0.0, 0.0, 0.0, 0.0, 0.0, 0.0, 0.0, 0.0, 0.0, 0.0, 0.0, 0.0, 0.0, 0.0, 0.0, 0.0, 0.0, 0.0, 0.0, 0.0, 0.0, 0.0, 0.0, 0.0, 0.0, 0.0, 0.0, 0.0, 0.0, 0.0, 0.0, 0.0, 0.0, 0.0, 0.0, 0.0, 0.0, 0.0, 0.0, 0.0, 0.0, 0.0, 0.0, 0.0, 0.0]",NS,False
381,ENTm5,-0.1292595080100031,69.60901451612293,92.81201935483057,51.037395180084616,1.5,9,False,,,,,,,21,18,8.85885885885886,1.0,4.0,-0.1292595080100031,0.12956159234109568,0.11385372407779873,0.12046225225440138,-3482.322624429888,3788.4129479131993,3954.284005833736,500.0,645.0,0.08831901218499595,3.426236287370528,5.714609201441381,1.591173226169529,,Other,76.92307692307692,87.5,86.36363636363636,71.42857142857143,"[1.0, 1.0, 1.0, 1.0, 1.0, 1.0, 1.0, 1.0, 1.0, 1.0, 1.0, 1.0, 1.0, 1.0, 1.0, 1.0, 1.0, 1.0, 1.0, 1.0, 1.0, 1.0, 1.0, 1.0, 1.0, 0.0, 0.0, 0.0, 0.0, 0.0, 0.0, 0.0, 0.0, 0.0, 0.0, 0.0, 0.0, 0.0, 0.0, 0.0, 0.0, 0.0, 0.0, 0.0, 0.0, 0.0, 0.0, 0.0, 0.0, 0.0, 0.0, 1.0, 1.0, 0.0, 0.0, 0.0, 0.0, 0.0, 0.0, 0.0, 0.0, 0.0, 0.0, 0.0, 0.0, 0.0, 0.0, 0.0, 0.0, 0.0, 0.0, 0.0, 0.0, 0.0, 0.0, 0.0, 0.0, 0.0, 0.0, 0.0, 0.0, 0.0, 0.0, 0.0, 0.0, 0.0, 0.0, 0.0, 0.0, 0.0, 0.0, 0.0, 0.0, 0.0, 0.0, 0.0, 0.0, 0.0, 0.0, 0.0, 0.0, 0.0, 0.0, 0.0, 0.0, 1.0, 1.0, 1.0, 1.0, 1.0, 1.0, 1.0, 1.0, 0.0, 0.0, 0.0, 0.0, 0.0, 0.0, 1.0, 1.0, 0.0, 0.0, 0.0, 0.0, 0.0, 0.0, 0.0, 0.0, 0.0]",NS,False
382,ENTm5,-0.46885925719328536,34.0194730233653,45.35929736448707,25.977330270186084,1.5,9,False,,,,,,,21,18,8.85885885885886,32.0,-18.0,-0.46885925719328536,-0.5230313280319829,0.008927464734043237,0.007555140084232801,-3482.5268902845155,3803.3815938106936,3955.231589843765,500.0,630.0,0.20732289748576097,30.483698753191558,39.51917545267296,22.369174181651,,Other,83.92857142857143,77.77777777777777,100.0,0.0,"[1.0, 1.0, 1.0, 1.0, 1.0, 1.0, 1.0, 1.0, 1.0, 1.0, 1.0, 1.0, 1.0, 1.0, 1.0, 1.0, 1.0, 1.0, 1.0, 1.0, 1.0, 1.0, 1.0, 1.0, 1.0, 1.0, 1.0, 1.0, 1.0, 1.0, 1.0, 1.0, 1.0, 1.0, 1.0, 1.0, 1.0, 1.0, 1.0, 1.0, 1.0, 1.0, 1.0, 1.0, 1.0, 1.0, 1.0, 1.0, 1.0, 1.0, 1.0, 1.0, 1.0, 1.0, 1.0, 1.0, 1.0, 1.0, 1.0, 1.0, 1.0, 1.0, 1.0, 1.0, 1.0, 1.0, 1.0, 1.0, 1.0, 1.0, 1.0, 1.0, 1.0, 1.0, 1.0, 1.0, 1.0, 1.0, 1.0, 1.0, 1.0, 1.0, 1.0, 1.0, 1.0, 1.0, 1.0, 1.0, 1.0, 1.0, 1.0, 1.0, 1.0, 1.0, 1.0, 1.0, 1.0, 1.0, 1.0, 1.0, 1.0, 1.0, 1.0, 1.0, 1.0, 0.0, 0.0, 1.0, 1.0, 1.0, 1.0, 1.0, 1.0, 1.0, 1.0, 1.0, 1.0, 1.0, 1.0, 1.0, 1.0, 1.0, 1.0, 1.0, 1.0, 1.0, 1.0, 1.0, 1.0, 1.0]",NS,False
383,ENTm5,-0.6780517337492405,51.08568032640953,68.11424043521271,35.121332368599724,1.5,9,False,,,,,,,21,18,8.85885885885886,27.0,-15.0,-0.6780517337492405,-0.943776545801549,0.1730889688743268,0.12142475014829418,-3482.5268902845155,3803.3815938106936,3955.231589843765,532.0,630.0,0.07159459199596013,4.503033009161863,3.9371750029461317,4.849607194035716,,Other,86.84210526315789,80.43478260869566,78.94736842105263,70.37037037037037,"[1.0, 1.0, 1.0, 1.0, 1.0, 1.0, 1.0, 1.0, 1.0, 1.0, 1.0, 1.0, 1.0, 1.0, 1.0, 1.0, 1.0, 1.0, 1.0, 0.0, 0.0, 1.0, 1.0, 1.0, 1.0, 1.0, 1.0, 1.0, 1.0, 1.0, 1.0, 1.0, 1.0, 1.0, 1.0, 1.0, 1.0, 0.0, 0.0, 0.0, 0.0, 1.0, 1.0, 1.0, 1.0, 1.0, 1.0, 1.0, 1.0, 1.0, 1.0, 1.0, 1.0, 1.0, 1.0, 1.0, 1.0, 1.0, 1.0, 0.0, 0.0, 1.0, 1.0, 1.0, 1.0, 1.0, 1.0, 0.0, 0.0, 0.0, 0.0, 0.0, 0.0, 1.0, 1.0, 1.0, 1.0, 1.0, 1.0, 1.0, 1.0, 1.0, 1.0, 0.0, 0.0, 0.0, 0.0, 0.0, 0.0, 0.0, 0.0, 0.0, 0.0, 0.0, 0.0, 0.0, 0.0, 0.0, 0.0, 0.0, 0.0, 1.0, 1.0, 1.0, 1.0, 1.0, 1.0, 0.0, 0.0, 0.0, 0.0, 0.0, 0.0, 0.0, 0.0, 0.0, 0.0, 0.0, 0.0, 0.0, 0.0, 1.0, 1.0, 1.0, 1.0, 1.0, 1.0, 1.0, 1.0, 1.0]",NS,False
384,ENTm5,-0.27939132472285255,66.0019141990561,88.00255226540814,47.23932535749865,1.5,9,False,,,,,,,21,18,8.85885885885886,4.0,18.0,-0.27939132472285255,-0.3014492327037153,0.09522850527170608,0.09343636950371548,-3482.322624429888,3788.4129479131993,3954.284005833736,500.0,645.0,0.054001911725994216,4.378100792821432,5.028289717111444,3.7643881769553467,,Other,96.15384615384616,75.75757575757575,74.19354838709677,77.5,"[1.0, 1.0, 1.0, 1.0, 1.0, 1.0, 1.0, 1.0, 1.0, 1.0, 1.0, 1.0, 1.0, 0.0, 0.0, 1.0, 1.0, 1.0, 1.0, 1.0, 1.0, 1.0, 1.0, 1.0, 1.0, 1.0, 1.0, 0.0, 0.0, 0.0, 0.0, 0.0, 0.0, 0.0, 0.0, 0.0, 0.0, 0.0, 0.0, 1.0, 1.0, 1.0, 1.0, 1.0, 1.0, 1.0, 1.0, 1.0, 1.0, 1.0, 1.0, 1.0, 1.0, 1.0, 1.0, 0.0, 0.0, 0.0, 0.0, 0.0, 0.0, 1.0, 1.0, 1.0, 1.0, 1.0, 1.0, 1.0, 1.0, 1.0, 1.0, 1.0, 1.0, 1.0, 1.0, 0.0, 0.0, 1.0, 1.0, 0.0, 0.0, 0.0, 0.0, 0.0, 0.0, 0.0, 0.0, 0.0, 0.0, 0.0, 0.0, 0.0, 0.0, 0.0, 0.0, 0.0, 0.0, 0.0, 0.0, 1.0, 1.0, 0.0, 0.0, 0.0, 0.0, 0.0, 0.0, 0.0, 0.0, 0.0, 0.0, 0.0, 0.0, 0.0, 0.0, 0.0, 0.0, 0.0, 0.0, 0.0, 0.0, 0.0, 0.0, 0.0, 0.0, 0.0, 0.0, 0.0, 0.0, 0.0]",NS,False
386,ENTm5,-0.2709358962546135,60.10385606489105,80.13847475318806,14.664153833032797,1.5,9,False,,,,,,,21,18,8.85885885885886,14.0,-18.0,-0.2709358962546135,-0.4046235208258396,0.07662526555122971,0.0793936670113676,-3482.7311561391425,3818.350239708188,3956.1791738537945,532.0,615.0,0.03135946178922461,3.489773243109376,4.218699257440693,2.9613038889828722,,Other,92.6829268292683,79.62962962962963,62.5,68.42105263157895,"[1.0, 1.0, 1.0, 1.0, 1.0, 1.0, 1.0, 1.0, 1.0, 1.0, 1.0, 1.0, 1.0, 1.0, 1.0, 1.0, 1.0, 1.0, 1.0, 1.0, 1.0, 1.0, 1.0, 1.0, 1.0, 1.0, 1.0, 1.0, 1.0, 1.0, 1.0, 1.0, 1.0, 1.0, 1.0, 1.0, 1.0, 1.0, 1.0, 1.0, 1.0, 1.0, 1.0, 1.0, 1.0, 1.0, 1.0, 1.0, 1.0, 1.0, 1.0, 1.0, 1.0, 1.0, 1.0, 1.0, 1.0, 1.0, 1.0, 1.0, 1.0, 1.0, 1.0, 1.0, 1.0, 1.0, 1.0, 1.0, 1.0, 1.0, 1.0, 0.0, 0.0, 1.0, 1.0, 1.0, 1.0, 0.0, 0.0, 1.0, 1.0, 0.0, 0.0, 0.0, 0.0, 0.0, 0.0, 0.0, 0.0, 1.0, 1.0, 1.0, 1.0, 1.0, 1.0, 1.0, 1.0, 1.0, 1.0, 1.0, 1.0, 1.0, 1.0, 1.0, 1.0, 0.0, 0.0, 0.0, 0.0, 0.0, 0.0, 0.0, 0.0, 1.0, 1.0, 0.0, 0.0, 0.0, 0.0, 0.0, 0.0, 0.0, 0.0, 0.0, 0.0, 0.0, 0.0, 0.0, 0.0, 0.0]",NS,False
387,ENTm5,-0.7220729928585343,41.19663932629281,54.92885243505708,27.421247172712693,1.5,9,False,,,,,,,21,18,8.85885885885886,22.0,-25.0,-0.7220729928585343,-0.6711854696155722,0.016464381470827773,0.011669221012576263,-3482.322624429888,3788.4129479131993,3954.284005833736,532.0,645.0,0.061941926264518686,16.928196331065234,22.96005206922214,13.455827198476563,,Other,91.83673469387755,79.03225806451613,37.5,63.63636363636363,"[1.0, 1.0, 1.0, 1.0, 1.0, 1.0, 1.0, 1.0, 1.0, 0.0, 0.0, 0.0, 0.0, 1.0, 1.0, 1.0, 1.0, 1.0, 1.0, 1.0, 1.0, 1.0, 1.0, 1.0, 1.0, 1.0, 1.0, 1.0, 1.0, 1.0, 1.0, 1.0, 1.0, 1.0, 1.0, 1.0, 1.0, 1.0, 1.0, 1.0, 1.0, 1.0, 1.0, 1.0, 1.0, 1.0, 1.0, 1.0, 1.0, 1.0, 1.0, 1.0, 1.0, 1.0, 1.0, 1.0, 1.0, 1.0, 1.0, 1.0, 1.0, 1.0, 1.0, 1.0, 1.0, 1.0, 1.0, 1.0, 1.0, 1.0, 1.0, 1.0, 1.0, 1.0, 1.0, 1.0, 1.0, 1.0, 1.0, 1.0, 1.0, 1.0, 1.0, 1.0, 1.0, 1.0, 1.0, 1.0, 1.0, 1.0, 1.0, 1.0, 1.0, 1.0, 1.0, 1.0, 1.0, 1.0, 1.0, 1.0, 1.0, 1.0, 1.0, 1.0, 1.0, 1.0, 1.0, 1.0, 1.0, 1.0, 1.0, 1.0, 1.0, 1.0, 1.0, 0.0, 0.0, 0.0, 0.0, 0.0, 0.0, 0.0, 0.0, 0.0, 0.0, 0.0, 0.0, 0.0, 0.0, 0.0]",NS,False
388,ENTm5,-0.036155797918547825,25.450998251496557,33.93466433532875,20.71342690691132,1.5,9,False,,,,,,,21,18,8.85885885885886,7.0,49.0,-0.036155797918547825,-0.3638675099052911,0.09405197319410698,0.06732155900646625,-3482.322624429888,3788.4129479131993,3954.284005833736,532.0,645.0,0.03652121700841162,1.0770346879176975,1.3809680886153344,0.4792958094884131,,Other,37.5,55.55555555555556,91.83673469387755,79.6875,"[0.0, 0.0, 0.0, 0.0, 0.0, 0.0, 0.0, 0.0, 0.0, 0.0, 0.0, 0.0, 0.0, 0.0, 0.0, 0.0, 0.0, 0.0, 0.0, 0.0, 0.0, 0.0, 0.0, 0.0, 0.0, 0.0, 0.0, 0.0, 0.0, 0.0, 0.0, 0.0, 0.0, 0.0, 0.0, 0.0, 0.0, 0.0, 0.0, 0.0, 0.0, 0.0, 0.0, 0.0, 0.0, 0.0, 0.0, 0.0, 0.0, 0.0, 0.0, 0.0, 0.0, 0.0, 0.0, 0.0, 0.0, 0.0, 0.0, 0.0, 0.0, 0.0, 0.0, 0.0, 0.0, 0.0, 0.0, 0.0, 0.0, 0.0, 0.0, 0.0, 0.0, 0.0, 0.0, 0.0, 0.0, 0.0, 0.0, 0.0, 0.0, 1.0, 1.0, 1.0, 1.0, 0.0, 0.0, 0.0, 0.0, 0.0, 0.0, 0.0, 0.0, 0.0, 0.0, 0.0, 0.0, 0.0, 0.0, 0.0, 0.0, 0.0, 0.0, 0.0, 0.0, 0.0, 0.0, 0.0, 0.0, 0.0, 0.0, 0.0, 0.0, 0.0, 0.0, 0.0, 0.0, 1.0, 1.0, 1.0, 1.0, 1.0, 1.0, 1.0, 1.0, 1.0, 1.0, 1.0, 1.0, 1.0]",NS,False
389,ENTm5,-0.620389291728028,30.79895869823126,41.06527826430835,45.58408037022715,1.5,9,False,,,,,,,21,18,8.85885885885886,-9.0,-50.0,-0.620389291728028,-0.42623596891387017,0.02525014035098163,0.030670419613967045,-3482.322624429888,3788.4129479131993,3954.284005833736,532.0,645.0,0.009560441085073403,5.312593771047856,5.6071635540159415,5.279473887597746,,Other,92.3076923076923,84.78260869565217,66.66666666666667,62.96296296296296,"[1.0, 1.0, 1.0, 1.0, 1.0, 1.0, 1.0, 1.0, 1.0, 1.0, 1.0, 1.0, 1.0, 1.0, 1.0, 1.0, 1.0, 1.0, 1.0, 1.0, 1.0, 1.0, 1.0, 1.0, 1.0, 1.0, 1.0, 1.0, 1.0, 0.0, 0.0, 0.0, 0.0, 0.0, 0.0, 0.0, 0.0, 0.0, 0.0, 0.0, 0.0, 0.0, 0.0, 1.0, 1.0, 1.0, 1.0, 1.0, 1.0, 1.0, 1.0, 1.0, 1.0, 1.0, 1.0, 1.0, 1.0, 1.0, 1.0, 1.0, 1.0, 1.0, 1.0, 1.0, 1.0, 1.0, 1.0, 0.0, 0.0, 1.0, 1.0, 0.0, 0.0, 1.0, 1.0, 1.0, 1.0, 1.0, 1.0, 1.0, 1.0, 1.0, 1.0, 1.0, 1.0, 1.0, 1.0, 1.0, 1.0, 1.0, 1.0, 1.0, 1.0, 1.0, 1.0, 1.0, 1.0, 1.0, 1.0, 0.0, 0.0, 0.0, 0.0, 0.0, 0.0, 0.0, 0.0, 0.0, 0.0, 0.0, 0.0, 1.0, 1.0, 1.0, 1.0, 0.0, 0.0, 0.0, 0.0, 0.0, 0.0, 0.0, 0.0, 0.0, 0.0, 0.0, 0.0, 0.0, 0.0, 0.0]",NS,False
390,ENTm5,-0.3400786631767906,47.21793375900772,62.9572450120103,26.618398821559182,1.5,9,False,,,,,,,21,18,8.85885885885886,3.0,-34.0,-0.3400786631767906,-0.3495615384720896,0.1432531977350113,0.1272825310945402,-3482.5268902845155,3803.3815938106936,3955.231589843765,500.0,630.0,0.06873959117671831,5.090571375151433,5.530535650425706,5.478856501278326,,Other,85.41666666666667,81.25,77.77777777777777,44.44444444444444,"[1.0, 1.0, 1.0, 1.0, 1.0, 1.0, 1.0, 1.0, 1.0, 1.0, 1.0, 1.0, 1.0, 1.0, 1.0, 1.0, 1.0, 1.0, 1.0, 1.0, 1.0, 1.0, 1.0, 1.0, 1.0, 1.0, 1.0, 1.0, 1.0, 1.0, 1.0, 1.0, 1.0, 1.0, 1.0, 1.0, 1.0, 1.0, 1.0, 1.0, 1.0, 1.0, 1.0, 1.0, 1.0, 1.0, 1.0, 1.0, 1.0, 1.0, 1.0, 1.0, 1.0, 1.0, 1.0, 1.0, 1.0, 1.0, 1.0, 1.0, 1.0, 1.0, 1.0, 0.0, 0.0, 0.0, 0.0, 1.0, 1.0, 1.0, 1.0, 1.0, 1.0, 1.0, 1.0, 1.0, 1.0, 1.0, 1.0, 1.0, 1.0, 1.0, 1.0, 1.0, 1.0, 1.0, 1.0, 1.0, 1.0, 1.0, 1.0, 1.0, 1.0, 1.0, 1.0, 1.0, 1.0, 1.0, 1.0, 1.0, 1.0, 0.0, 0.0, 0.0, 0.0, 0.0, 0.0, 0.0, 0.0, 0.0, 0.0, 0.0, 0.0, 0.0, 0.0, 1.0, 1.0, 1.0, 1.0, 1.0, 1.0, 1.0, 1.0, 1.0, 1.0, 1.0, 1.0, 1.0, 1.0, 1.0]",NS,False
391,ENTm5,0.14906918662777863,53.52105509028483,71.36140678704643,57.797581883188954,1.5,9,False,,,,,,,21,18,8.85885885885886,7.0,-39.0,0.14906918662777863,0.23983396682438293,0.1239186695786339,0.10588423456495885,-3482.5268902845155,3803.3815938106936,3955.231589843765,500.0,630.0,0.09610487954304944,6.179028437134542,7.803552486270849,4.4886080327756135,,Other,83.92857142857143,76.38888888888889,100.0,100.0,"[1.0, 1.0, 1.0, 1.0, 1.0, 1.0, 1.0, 1.0, 1.0, 1.0, 1.0, 1.0, 1.0, 1.0, 1.0, 1.0, 1.0, 1.0, 1.0, 1.0, 1.0, 1.0, 1.0, 1.0, 1.0, 1.0, 1.0, 1.0, 1.0, 1.0, 1.0, 1.0, 1.0, 1.0, 1.0, 1.0, 1.0, 1.0, 1.0, 1.0, 1.0, 1.0, 1.0, 1.0, 1.0, 1.0, 1.0, 1.0, 1.0, 1.0, 1.0, 1.0, 1.0, 1.0, 1.0, 1.0, 1.0, 1.0, 1.0, 1.0, 1.0, 1.0, 1.0, 1.0, 1.0, 1.0, 1.0, 1.0, 1.0, 1.0, 1.0, 1.0, 1.0, 1.0, 1.0, 1.0, 1.0, 1.0, 1.0, 1.0, 1.0, 1.0, 1.0, 1.0, 1.0, 1.0, 1.0, 1.0, 1.0, 1.0, 1.0, 1.0, 1.0, 1.0, 1.0, 1.0, 1.0, 1.0, 1.0, 1.0, 1.0, 1.0, 1.0, 1.0, 1.0, 1.0, 1.0, 1.0, 1.0, 1.0, 1.0, 1.0, 1.0, 1.0, 1.0, 0.0, 0.0, 1.0, 1.0, 1.0, 1.0, 1.0, 1.0, 1.0, 1.0, 1.0, 1.0, 1.0, 1.0, 1.0]",NS,False
392,ENTm5,-0.2144840170842478,33.470706269961795,44.62760835994906,10.812079606888156,1.5,9,False,,,,,,,21,18,8.85885885885886,3.0,-32.0,-0.2144840170842478,0.023403596933249483,0.014438339693897165,0.021061119758978335,-3482.322624429888,3788.4129479131993,3954.284005833736,500.0,645.0,0.03162084903429801,8.971322963874767,8.811376000881557,7.23386780832744,,Other,91.66666666666667,84.61538461538461,82.22222222222223,75.0,"[1.0, 1.0, 1.0, 1.0, 1.0, 1.0, 1.0, 1.0, 1.0, 0.0, 0.0, 0.0, 0.0, 0.0, 0.0, 0.0, 0.0, 0.0, 0.0, 1.0, 1.0, 1.0, 1.0, 1.0, 1.0, 1.0, 1.0, 0.0, 0.0, 0.0, 0.0, 0.0, 0.0, 0.0, 0.0, 0.0, 0.0, 0.0, 0.0, 0.0, 0.0, 0.0, 0.0, 0.0, 0.0, 0.0, 0.0, 1.0, 1.0, 1.0, 1.0, 1.0, 1.0, 1.0, 1.0, 0.0, 0.0, 0.0, 0.0, 0.0, 0.0, 0.0, 0.0, 0.0, 0.0, 0.0, 0.0, 0.0, 0.0, 0.0, 0.0, 0.0, 0.0, 0.0, 0.0, 0.0, 0.0, 0.0, 0.0, 0.0, 0.0, 0.0, 0.0, 0.0, 0.0, 0.0, 0.0, 0.0, 0.0, 0.0, 0.0, 0.0, 0.0, 0.0, 0.0, 0.0, 0.0, 0.0, 0.0, 0.0, 0.0, 0.0, 0.0, 0.0, 0.0, 0.0, 0.0, 0.0, 0.0, 0.0, 0.0, 0.0, 0.0, 0.0, 0.0, 0.0, 0.0, 0.0, 0.0, 0.0, 0.0, 0.0, 0.0, 0.0, 0.0, 0.0, 0.0, 0.0, 0.0, 0.0]",NS,False
393,ENTm5,0.21020616454012922,33.98750649723214,45.316675329642855,14.4156536496716,1.5,9,False,,,,,,,21,18,8.85885885885886,10.0,13.0,0.21020616454012922,0.2214728166938397,0.023650904951914666,0.02028245949711956,-3482.118358575261,3773.444302015705,3953.336421823706,500.0,660.0,0.04638975946474165,7.1113797202237015,8.871345664560874,6.085335092195298,,Other,100.0,95.0,70.96774193548387,54.54545454545455,"[0.0, 0.0, 0.0, 0.0, 0.0, 0.0, 0.0, 0.0, 0.0, 1.0, 1.0, 1.0, 1.0, 1.0, 1.0, 1.0, 1.0, 1.0, 1.0, 1.0, 1.0, 1.0, 1.0, 1.0, 1.0, 1.0, 1.0, 1.0, 1.0, 1.0, 1.0, 1.0, 1.0, 1.0, 1.0, 1.0, 1.0, 1.0, 1.0, 1.0, 1.0, 1.0, 1.0, 1.0, 1.0, 0.0, 0.0, 1.0, 1.0, 0.0, 0.0, 1.0, 1.0, 0.0, 0.0, 1.0, 1.0, 1.0, 1.0, 0.0, 0.0, 0.0, 0.0, 0.0, 0.0, 0.0, 0.0, 0.0, 0.0, 1.0, 1.0, 0.0, 0.0, 0.0, 0.0, 0.0, 0.0, 0.0, 0.0, 0.0, 0.0, 1.0, 1.0, 1.0, 1.0, 1.0, 1.0, 0.0, 0.0, 1.0, 1.0, 0.0, 0.0, 1.0, 1.0, 0.0, 0.0, 1.0, 1.0, 1.0, 1.0, 0.0, 0.0, 0.0, 0.0, 1.0, 1.0, 0.0, 0.0, 0.0, 0.0, 1.0, 1.0, 0.0, 0.0, 1.0, 1.0, 0.0, 0.0, 0.0, 0.0, 0.0, 0.0, 0.0, 0.0, 0.0, 0.0, 0.0, 0.0, 0.0]",NS,False
394,ENTm6,-0.1542062759452098,36.913769616142886,49.218359488190515,20.784823308978293,1.5,9,False,,,,,,,21,18,8.85885885885886,10.0,29.0,-0.1542062759452098,-0.21513441397454183,0.03521926559396423,0.029151904678339995,-3481.9140927206336,3758.475656118211,3952.3888378136767,532.0,675.0,0.018622956590887443,4.892345591891282,5.510545762532601,4.253680886294039,,Other,93.93939393939394,95.23809523809524,70.83333333333333,51.61290322580645,"[1.0, 1.0, 1.0, 1.0, 1.0, 1.0, 1.0, 1.0, 1.0, 1.0, 1.0, 1.0, 1.0, 1.0, 1.0, 1.0, 1.0, 1.0, 1.0, 1.0, 1.0, 1.0, 1.0, 1.0, 1.0, 1.0, 1.0, 1.0, 1.0, 1.0, 1.0, 1.0, 1.0, 1.0, 1.0, 1.0, 1.0, 1.0, 1.0, 1.0, 1.0, 1.0, 1.0, 1.0, 1.0, 1.0, 1.0, 1.0, 1.0, 1.0, 1.0, 1.0, 1.0, 1.0, 1.0, 0.0, 0.0, 0.0, 0.0, 0.0, 0.0, 0.0, 0.0, 0.0, 0.0, 0.0, 0.0, 0.0, 0.0, 1.0, 1.0, 0.0, 0.0, 0.0, 0.0, 1.0, 1.0, 1.0, 1.0, 1.0, 1.0, 1.0, 1.0, 0.0, 0.0, 0.0, 0.0, 0.0, 0.0, 0.0, 0.0, 0.0, 0.0, 0.0, 0.0, 0.0, 0.0, 1.0, 1.0, 0.0, 0.0, 1.0, 1.0, 0.0, 0.0, 0.0, 0.0, 1.0, 1.0, 1.0, 1.0, 1.0, 1.0, 0.0, 0.0, 0.0, 0.0, 0.0, 0.0, 0.0, 0.0, 0.0, 0.0, 0.0, 0.0, 0.0, 0.0, 0.0, 0.0, 0.0]",NS,False
396,ENTm6,-0.3704043186303102,25.30333175830428,33.737775677739045,27.366520331126242,1.5,9,False,,,,,,,21,18,8.85885885885886,-1.0,42.0,-0.3704043186303102,-0.3552956676994658,0.08924294298647266,0.0979659742579251,-3481.9140927206336,3758.475656118211,3952.3888378136767,532.0,675.0,0.057834418167717484,3.4352790001723115,3.7564330999126407,3.4050551656702908,,Other,76.92307692307692,83.33333333333333,90.3225806451613,70.27027027027027,"[1.0, 1.0, 1.0, 1.0, 1.0, 1.0, 1.0, 1.0, 1.0, 1.0, 1.0, 1.0, 1.0, 1.0, 1.0, 1.0, 1.0, 1.0, 1.0, 1.0, 1.0, 1.0, 1.0, 1.0, 1.0, 1.0, 1.0, 1.0, 1.0, 1.0, 1.0, 1.0, 1.0, 1.0, 1.0, 1.0, 1.0, 1.0, 1.0, 1.0, 1.0, 0.0, 0.0, 0.0, 0.0, 1.0, 1.0, 1.0, 1.0, 1.0, 1.0, 1.0, 1.0, 0.0, 0.0, 0.0, 0.0, 0.0, 0.0, 0.0, 0.0, 0.0, 0.0, 0.0, 0.0, 0.0, 0.0, 0.0, 0.0, 0.0, 0.0, 0.0, 0.0, 0.0, 0.0, 0.0, 0.0, 0.0, 0.0, 0.0, 0.0, 0.0, 0.0, 0.0, 0.0, 0.0, 0.0, 0.0, 0.0, 0.0, 0.0, 0.0, 0.0, 0.0, 0.0, 0.0, 0.0, 0.0, 0.0, 0.0, 0.0, 0.0, 0.0, 0.0, 0.0, 0.0, 0.0, 0.0, 0.0, 0.0, 0.0, 0.0, 0.0, 0.0, 0.0, 0.0, 0.0, 1.0, 1.0, 1.0, 1.0, 1.0, 1.0, 1.0, 1.0, 1.0, 1.0, 1.0, 1.0, 1.0]",NS,False
398,ENTm5,-0.10247370318971433,41.21469309265491,54.95292412353987,13.179395604652322,1.5,9,False,,,,,,,21,18,8.85885885885886,29.0,25.0,-0.10247370318971433,0.09029597641163431,0.039182557860120135,0.037005008710791126,-3482.118358575261,3773.444302015705,3953.336421823706,532.0,660.0,0.03753910963061718,3.8890804031460298,5.4430798908933715,3.1368050196877837,,Other,96.66666666666667,89.47368421052632,70.37037037037037,62.857142857142854,"[0.0, 0.0, 0.0, 0.0, 0.0, 0.0, 0.0, 0.0, 0.0, 0.0, 0.0, 0.0, 0.0, 0.0, 0.0, 1.0, 1.0, 1.0, 1.0, 1.0, 1.0, 1.0, 1.0, 1.0, 1.0, 1.0, 1.0, 1.0, 1.0, 1.0, 1.0, 1.0, 1.0, 1.0, 1.0, 1.0, 1.0, 1.0, 1.0, 1.0, 1.0, 1.0, 1.0, 1.0, 1.0, 1.0, 1.0, 1.0, 1.0, 1.0, 1.0, 1.0, 1.0, 1.0, 1.0, 1.0, 1.0, 1.0, 1.0, 0.0, 0.0, 0.0, 0.0, 1.0, 1.0, 0.0, 0.0, 0.0, 0.0, 0.0, 0.0, 0.0, 0.0, 1.0, 1.0, 1.0, 1.0, 1.0, 1.0, 1.0, 1.0, 1.0, 1.0, 1.0, 1.0, 0.0, 0.0, 0.0, 0.0, 0.0, 0.0, 0.0, 0.0, 0.0, 0.0, 0.0, 0.0, 1.0, 1.0, 1.0, 1.0, 1.0, 1.0, 1.0, 1.0, 1.0, 1.0, 0.0, 0.0, 0.0, 0.0, 0.0, 0.0, 0.0, 0.0, 0.0, 0.0, 0.0, 0.0, 0.0, 0.0, 0.0, 0.0, 0.0, 0.0, 0.0, 0.0, 0.0, 0.0, 0.0]",NS,False
399,ENTm6,-0.1982235338900335,43.36624885891151,57.82166514521535,27.70542504802812,1.5,9,False,,,,,,,21,18,8.85885885885886,8.0,-47.0,-0.1982235338900335,-0.3450630107193525,0.07756644701810178,0.08079146760164073,-3481.9140927206336,3758.475656118211,3952.3888378136767,532.0,675.0,0.05868688477731434,3.984504819817483,5.009965653209431,3.075712853936074,,Other,97.14285714285714,80.48780487804878,63.63636363636363,71.875,"[0.0, 0.0, 0.0, 0.0, 0.0, 0.0, 0.0, 0.0, 0.0, 1.0, 1.0, 1.0, 1.0, 1.0, 1.0, 1.0, 1.0, 1.0, 1.0, 1.0, 1.0, 1.0, 1.0, 1.0, 1.0, 1.0, 1.0, 1.0, 1.0, 1.0, 1.0, 1.0, 1.0, 1.0, 1.0, 0.0, 0.0, 0.0, 0.0, 0.0, 0.0, 0.0, 0.0, 1.0, 1.0, 1.0, 1.0, 1.0, 1.0, 1.0, 1.0, 1.0, 1.0, 0.0, 0.0, 0.0, 0.0, 0.0, 0.0, 0.0, 0.0, 1.0, 1.0, 1.0, 1.0, 0.0, 0.0, 1.0, 1.0, 1.0, 1.0, 1.0, 1.0, 1.0, 1.0, 1.0, 1.0, 1.0, 1.0, 0.0, 0.0, 0.0, 0.0, 0.0, 0.0, 1.0, 1.0, 0.0, 0.0, 0.0, 0.0, 1.0, 1.0, 1.0, 1.0, 1.0, 1.0, 1.0, 1.0, 1.0, 1.0, 1.0, 1.0, 1.0, 1.0, 1.0, 1.0, 1.0, 1.0, 1.0, 1.0, 1.0, 1.0, 0.0, 0.0, 0.0, 0.0, 0.0, 0.0, 0.0, 0.0, 0.0, 0.0, 0.0, 0.0, 0.0, 0.0, 0.0, 0.0, 0.0]",NS,False
400,ENTm5,-0.5244230003179084,37.13704524614882,49.516060328198435,40.03301962652228,1.5,9,False,,,,,,,21,18,8.85885885885886,-47.0,48.0,-0.5244230003179084,-0.04633280165819839,0.1264840288712098,0.1370730607298525,-3482.118358575261,3773.444302015705,3953.336421823706,532.0,660.0,0.08512789329865958,2.997183361538533,3.2575188145805627,2.961859272307888,,Other,86.04651162790698,83.01886792452831,78.57142857142857,60.0,"[1.0, 1.0, 1.0, 1.0, 1.0, 1.0, 1.0, 1.0, 1.0, 1.0, 1.0, 1.0, 1.0, 1.0, 1.0, 1.0, 1.0, 1.0, 1.0, 1.0, 1.0, 1.0, 1.0, 1.0, 1.0, 1.0, 1.0, 1.0, 1.0, 1.0, 1.0, 1.0, 1.0, 0.0, 0.0, 1.0, 1.0, 0.0, 0.0, 1.0, 1.0, 1.0, 1.0, 1.0, 1.0, 1.0, 1.0, 1.0, 1.0, 1.0, 1.0, 0.0, 0.0, 0.0, 0.0, 0.0, 0.0, 0.0, 0.0, 0.0, 0.0, 0.0, 0.0, 0.0, 0.0, 0.0, 0.0, 0.0, 0.0, 0.0, 0.0, 0.0, 0.0, 1.0, 1.0, 1.0, 1.0, 1.0, 1.0, 1.0, 1.0, 1.0, 1.0, 1.0, 1.0, 1.0, 1.0, 1.0, 1.0, 1.0, 1.0, 1.0, 1.0, 1.0, 1.0, 1.0, 1.0, 1.0, 1.0, 1.0, 1.0, 1.0, 1.0, 1.0, 1.0, 1.0, 1.0, 1.0, 1.0, 1.0, 1.0, 1.0, 1.0, 0.0, 0.0, 0.0, 0.0, 0.0, 0.0, 0.0, 0.0, 1.0, 1.0, 1.0, 1.0, 1.0, 1.0, 1.0, 1.0, 1.0]",NS,False
401,ENTm6,0.3278193006397701,53.856475239971985,71.80863365329597,7.876362809696443,1.5,9,True,"[ 0.20708742  0.509811   -0.52997723 -0.07833146 -0.34414368 -0.34652409
 -0.10244781 -0.60385122 -0.16777555 -0.07433697 -0.59574839 -0.21039433
  0.11693022 -0.15230349  0.08231546 -0.3345253  -0.17181261 -0.20942937
  0.38311233 -0.23378789 -0.16850559 -0.27732068  0.00708136 -0.42707537
  0.55758609 -0.42448165 -0.19574956 -0.30737129 -0.18705716 -0.04114462
 -0.30726053 -0.23899573  0.21248122 -0.34975737 -0.60389026 -0.3125176
 -0.38302713  0.56257914 -0.01022465 -0.6627681  -0.52725642 -0.38538177
 -0.19198048  0.31096467  0.39118544 -0.27287127 -0.35085326  0.16446912
 -0.30285177 -0.15063961 -0.02175328  0.16080563 -0.40217122 -0.16684217
 -0.38781312 -0.38101504 -0.00525487 -0.40041051 -0.33762199 -0.44381558
 -0.36000326 -0.29336706 -0.40109072  0.12737231 -0.35788774  0.00796706
 -0.37040022 -0.21516783 -0.12887315 -0.50568962 -0.421934   -0.7264064
 -0.46018143 -0.39000198 -0.18664997  0.46715691  0.00212283 -0.12664121
  0.13022058 -0.05793765 -0.32686956 -0.22137545 -0.40122337 -0.0849895
 -0.33388257 -0.22066989 -0.40939279 -0.35651592  0.01261716 -0.39734067
 -0.39393309 -0.69705028 -0.39357421  0.07143396  0.06448865 -0.27620266
  0.19957735 -0.038736   -0.40042073 -0.17777482 -0.81181071 -0.49439423
 -0.21507441 -0.37032279 -0.30598752 -0.36869848 -0.19353856 -0.33364644
 -0.42112753 -0.26742829  0.21265575 -0.23325891  0.31374545 -0.07972977
 -0.39211654  0.05673346  0.2774797   0.21067666 -0.03029763 -0.06594633
  0.22768195 -0.27004436  0.04154921 -0.37270871 -0.10182833 -0.2981383
 -0.67199918 -0.19002189 -0.0771189  -0.28557963 -0.09820013 -0.4543852
 -0.0866134  -0.24206712 -0.26806731  0.17977611  0.04151681 -0.64713816
  0.11907261 -0.15260394 -0.13342274 -0.06016152 -0.49772722 -0.09463691
  0.00879561 -0.35937837 -0.15682702 -0.26973985  0.35155309  0.01977205
 -0.79536918 -0.19058478 -0.42899146 -0.33018073 -0.0184689  -0.27020029
  0.27668399 -0.2569107  -0.3977108  -0.370797   -0.29908367 -0.42263203
 -0.40236161 -0.26115684 -0.22829014 -0.22278045 -0.11093057 -0.08324335
 -0.10279717  0.15109171  0.02417252 -0.24794969 -0.61604793  0.36916485
  0.02668385 -0.10676987 -0.42073892 -0.07922317 -0.63528832 -0.44684901
  0.14091431 -0.3864902  -0.4735892  -0.0503909  -0.23044189  0.65424821
  0.1367181  -0.14804976  0.62615887 -0.3589676  -0.38727891 -0.42137366
 -0.29491402 -0.29544454 -0.34486917 -0.16319119 -0.39116011 -0.46431962
 -0.00665893 -0.21331068]","[33.56988134 40.08304924 30.7854138  32.48671018 39.49847946 27.0929358
 19.38013517 35.64932327 31.56671506 26.99862381 35.19090618 29.5494725
 28.90804882 33.34408773 37.60946591 24.07441549 31.48733608 37.1927327
 40.60359355 35.19811624 37.99634956 36.41195384 25.04811984 24.04817585
 39.17877864 28.31241719 35.19399996 31.73372387 35.20043578 37.07015233
 26.43335202 22.26084481 27.52044165 29.92563239 33.55785467 38.361047
 27.11249387 34.3534822  32.10700923 41.22674686 38.49836418 25.47452574
 32.6916416  33.74600519 26.73198567 24.30545285 37.35983679 29.37530345
 39.17451184 33.27521746 34.499579   35.04629075 24.52970876 33.62924033
 26.25539501 37.10085242 26.28037461 38.71328081 32.35809168 35.44530582
 29.68190333 30.19295291 33.18214011 25.44331047 29.1220832  24.2995309
 32.31751077 29.905463   26.91941961 29.52508504 36.82418782 47.6611789
 26.8678574  26.23722562 32.57594303 29.60378411 23.90019128 24.47716245
 31.75916753 38.96004757 33.69820602 29.99817156 38.00417815 41.8200102
 27.77127457 26.27213937 28.39249944 39.40815155 30.13833562 26.40045373
 26.90786005 32.27509538 32.67658399 28.81063506 25.17715792 30.31637416
 38.08097984 31.6766366  23.05054281 28.35414684 30.8751007  27.22204196
 42.88905494 27.48992752 26.91189295 25.11096896 31.18083369 33.29620245
 32.84132586 21.05414885 31.74183795 25.86360878 31.94773021 26.00310888
 30.69408174 22.57145635 30.49541684 28.60023003 38.84449765 27.6876315
 27.88405884 33.8962846  47.71221439 29.48212669 27.99830723 39.43049958
 23.46365805 28.00884446 38.30499274 40.85513885 27.02265571 32.80187766
 42.88222608 29.90524031 29.5150229  25.82783837 30.87548504 34.43791496
 37.0066346  27.55012334 43.15281401 36.31188638 37.0879006  25.99085701
 32.09208019 24.57717794 31.49999723 31.41987853 33.08782109 30.72350485
 29.20805097 32.31077799 27.53448893 28.29220405 30.65337446 38.46762604
 28.50180853 31.33080101 25.1169536  30.80697432 29.02709917 24.48310848
 36.2188089  35.15722672 27.59725814 36.94518419 27.61896048 31.1401885
 28.81292532 27.54157429 28.19757709 26.06506186 33.23434331 22.04396379
 31.37827265 23.36268829 28.38089174 31.96911016 30.13184828 34.2184734
 41.27400099 33.73713258 30.11597408 24.96610983 27.92597211 26.90602179
 32.45667211 32.95098843 44.89962122 33.5559063  28.53764657 31.11403319
 26.74810293 27.76964697 36.98385802 39.85122946 30.94686153 22.72251422
 27.87087333 27.90102737]","[44.75984178 53.44406565 41.0472184  43.31561357 52.66463929 36.1239144
 25.84018023 47.53243102 42.08895342 35.99816508 46.92120824 39.39929667
 38.54406509 44.45878364 50.14595455 32.09922065 41.98311478 49.59031027
 54.13812473 46.93082166 50.66179941 48.54927178 33.39749312 32.06423447
 52.23837152 37.74988959 46.92533329 42.31163182 46.93391438 49.42686977
 35.24446936 29.68112642 36.6939222  39.90084319 44.74380622 51.14806267
 36.14999183 45.80464294 42.80934564 54.96899581 51.33115223 33.96603432
 43.58885546 44.99467358 35.64264756 32.40727047 49.81311572 39.16707126
 52.23268245 44.36695662 45.99943867 46.72838767 32.70627835 44.8389871
 35.00719335 49.46780322 35.04049948 51.61770775 43.14412224 47.26040776
 39.57587111 40.25727055 44.24285348 33.92441396 38.82944427 32.39937453
 43.09001436 39.87395067 35.89255947 39.36678005 49.09891709 63.54823853
 35.82380987 34.9829675  43.43459071 39.47171215 31.86692171 32.63621661
 42.3455567  51.94673009 44.93094136 39.99756208 50.67223754 55.7600136
 37.0283661  35.02951916 37.85666591 52.54420206 40.18444749 35.20060498
 35.87714674 43.03346051 43.56877865 38.41418008 33.5695439  40.42183221
 50.77463979 42.23551547 30.73405708 37.80552912 41.16680094 36.29605595
 57.18540659 36.6532367  35.88252394 33.48129195 41.57444492 44.3949366
 43.78843448 28.07219846 42.3224506  34.48481171 42.59697362 34.67081184
 40.92544233 30.09527513 40.66055579 38.13364004 51.79266353 36.91684199
 37.17874512 45.19504613 63.61628586 39.30950225 37.3310763  52.57399944
 31.28487739 37.34512595 51.07332366 54.47351847 36.03020761 43.73583688
 57.17630144 39.87365374 39.35336387 34.43711782 41.16731339 45.91721994
 49.34217946 36.73349779 57.53708534 48.41584851 49.45053413 34.65447601
 42.78944025 32.76957059 41.99999631 41.89317137 44.11709479 40.96467313
 38.94406796 43.08103732 36.71265191 37.72293873 40.87116595 51.29016806
 38.00241138 41.77440135 33.48927147 41.07596576 38.7027989  32.64414464
 48.2917452  46.87630229 36.79634419 49.26024558 36.82528064 41.52025134
 38.41723376 36.72209905 37.59676946 34.75341581 44.31245775 29.39195172
 41.83769686 31.15025106 37.84118898 42.62548021 40.1757977  45.6246312
 55.03200132 44.98284344 40.15463211 33.28814645 37.23462948 35.87469572
 43.27556281 43.93465124 59.86616163 44.7412084  38.05019543 41.48537758
 35.66413724 37.02619596 49.31181069 53.13497261 41.26248205 30.29668563
 37.16116445 37.20136983]","[30.95046099 55.62568616 43.85044984  3.11430175 42.44803554 37.15385664
 57.87938074 49.3829023  56.78787811  5.45862892  7.67483884 30.37370897
 27.30245611 37.67365017 37.47179274 24.20896981 28.73885249 44.34672007
 34.28896456 40.58682079 51.96093541 46.05284254 10.02896403 14.36897714
 19.31288572 53.73082356 17.28356941 25.22635087  8.61086129 18.71949401
 37.6605371  15.71977001 33.42636986 12.22606592 25.32289748  7.30691811
  9.53817606 31.44113845 31.17392247 48.28585849 38.32401574 52.53082977
 20.017738   45.76140066 37.80330651 36.00638549 34.31791019 24.25829239
 29.86786727  0.1840156  20.72277789  8.641651   57.62237184 34.93834912
 16.09285572 10.12880462 41.40420681 56.96418718 24.98500452 32.28932778
 34.02604836 11.60781329 40.6009808  16.23319732 35.77309368 28.28110928
 52.77463622  0.86476803 56.94917544 49.65666739  3.05706467 34.25940929
  3.68703367 28.72320138 52.07431299 40.54930215 20.33511218 14.3101584
 47.10548593 54.10242117 38.23512717 38.12861842 50.84642742 40.02762929
 31.04092886 50.73011775 12.33024163 17.16027726 35.60244528 50.22868964
 49.37227643 15.08603076 30.03072446 32.29477238 43.80567151 23.26185077
 37.07708284  5.54302734 45.          7.68822836 28.5571128   1.46299474
 15.07624227 24.47404677 40.54745113  5.82098969 45.23821552 29.04450467
 25.03613069 31.49759779 18.55257889 50.11298667 20.18718418 12.17953092
 44.96625666 59.02678283 41.96443395 25.70607392 57.26192394 42.01553834
 23.86203882 34.35916173 31.44446231  9.63838844 32.53913974 43.67714311
 43.63639315  4.62954483 58.93736616  3.4294331  15.69700112 30.92981699
 46.57126546  0.82889264  5.76193908  1.54242727 11.36989477 14.53622487
 33.941344    6.6565032  44.0014621  57.30450373  4.44723681 16.25013102
 20.83790023 54.07384179 39.04642686 22.40563258 26.30152651  3.55356548
  7.58742227 45.76353391 14.12078824 51.82106031 51.76468589 24.15174473
 36.69399624 47.05785088 45.56198817  5.26026432 14.28047387 39.14103262
  7.22946916  0.61660351 31.7944775  30.44527744 54.94479939 27.28392672
  3.90816502 49.32243823 53.9805368  29.70146125 55.37412309 43.67079791
 51.08140182 20.76234423 43.47262934 49.25497249 52.15480605 24.12659728
 53.53782452 20.82387678 34.65139258 21.56638859  6.46497844 45.08809357
 58.44168401 36.71313197 45.12116751 29.88856091 37.61085423 44.63032164
 37.05014088 37.28860958 52.51055133  2.3119244  39.10667281 23.09584476
 47.82194434 48.71696849]","[1.5 1.5 1.5 1.5 1.5 1.5 1.5 1.5 1.5 1.5 1.5 1.5 1.5 1.5 1.5 1.5 1.5 1.5
 1.5 1.5 1.5 1.5 1.5 1.5 1.5 1.5 1.5 1.5 1.5 1.5 1.5 1.5 1.5 1.5 1.5 1.5
 1.5 1.5 1.5 1.5 1.5 1.5 1.5 1.5 1.5 1.5 1.5 1.5 1.5 1.5 1.5 1.5 1.5 1.5
 1.5 1.5 1.5 1.5 1.5 1.5 1.5 1.5 1.5 1.5 1.5 1.5 1.5 1.5 1.5 1.5 1.5 1.5
 1.5 1.5 1.5 1.5 1.5 1.5 1.5 1.5 1.5 1.5 1.5 1.5 1.5 1.5 1.5 1.5 1.5 1.5
 1.5 1.5 1.5 1.5 1.5 1.5 1.5 1.5 1.5 1.5 1.5 1.5 1.5 1.5 1.5 1.5 1.5 1.5
 1.5 1.5 1.5 1.5 1.5 1.5 1.5 1.5 1.5 1.5 1.5 1.5 1.5 1.5 1.5 1.5 1.5 1.5
 1.5 1.5 1.5 1.5 1.5 1.5 1.5 1.5 1.5 1.5 1.5 1.5 1.5 1.5 1.5 1.5 1.5 1.5
 1.5 1.5 1.5 1.5 1.5 1.5 1.5 1.5 1.5 1.5 1.5 1.5 1.5 1.5 1.5 1.5 1.5 1.5
 1.5 1.5 1.5 1.5 1.5 1.5 1.5 1.5 1.5 1.5 1.5 1.5 1.5 1.5 1.5 1.5 1.5 1.5
 1.5 1.5 1.5 1.5 1.5 1.5 1.5 1.5 1.5 1.5 1.5 1.5 1.5 1.5 1.5 1.5 1.5 1.5
 1.5 1.5]",,21,18,8.85885885885886,18.0,9.0,0.3278193006397701,-0.5171733324563166,0.09848795953304076,0.08421630082178069,-3481.709826866006,3743.507010220717,3951.441253803647,500.0,690.0,0.14260657406087085,6.809876638122128,7.245501449255003,6.319151472026841,,Other,96.875,78.04878048780488,68.0,75.0,"[1.0, 1.0, 1.0, 1.0, 1.0, 1.0, 1.0, 1.0, 1.0, 1.0, 1.0, 1.0, 1.0, 1.0, 1.0, 1.0, 1.0, 1.0, 1.0, 1.0, 1.0, 1.0, 1.0, 1.0, 1.0, 1.0, 1.0, 1.0, 1.0, 1.0, 1.0, 0.0, 0.0, 0.0, 0.0, 0.0, 0.0, 0.0, 0.0, 0.0, 0.0, 0.0, 0.0, 0.0, 0.0, 0.0, 0.0, 1.0, 1.0, 1.0, 1.0, 1.0, 1.0, 1.0, 1.0, 0.0, 0.0, 1.0, 1.0, 1.0, 1.0, 1.0, 1.0, 1.0, 1.0, 0.0, 0.0, 1.0, 1.0, 1.0, 1.0, 1.0, 1.0, 1.0, 1.0, 1.0, 1.0, 1.0, 1.0, 1.0, 1.0, 0.0, 0.0, 1.0, 1.0, 0.0, 0.0, 0.0, 0.0, 0.0, 0.0, 0.0, 0.0, 0.0, 0.0, 0.0, 0.0, 0.0, 0.0, 0.0, 0.0, 0.0, 0.0, 1.0, 1.0, 1.0, 1.0, 1.0, 1.0, 1.0, 1.0, 1.0, 1.0, 0.0, 0.0, 0.0, 0.0, 0.0, 0.0, 0.0, 0.0, 0.0, 0.0, 0.0, 0.0, 0.0, 0.0, 0.0, 0.0, 0.0]",NS,False
402,ENTm6,-0.3236232813846136,46.91682756308511,62.555770084113476,25.283351190749492,1.5,9,False,,,,,,,21,18,8.85885885885886,8.0,45.0,-0.3236232813846136,-0.6716300509481772,0.03105953749136035,0.027052899451898087,-3481.709826866006,3743.507010220717,3951.441253803647,500.0,690.0,0.04556423027724266,9.71877456678009,10.488860759911283,9.263238477934232,,Other,81.57894736842105,76.78571428571429,89.47368421052632,76.47058823529412,"[1.0, 1.0, 1.0, 1.0, 1.0, 1.0, 1.0, 1.0, 1.0, 1.0, 1.0, 1.0, 1.0, 1.0, 1.0, 1.0, 1.0, 1.0, 1.0, 1.0, 1.0, 1.0, 1.0, 1.0, 1.0, 1.0, 1.0, 1.0, 1.0, 1.0, 1.0, 1.0, 1.0, 1.0, 1.0, 1.0, 1.0, 1.0, 1.0, 1.0, 1.0, 0.0, 0.0, 0.0, 0.0, 0.0, 0.0, 1.0, 1.0, 0.0, 0.0, 0.0, 0.0, 1.0, 1.0, 1.0, 1.0, 1.0, 1.0, 1.0, 1.0, 1.0, 1.0, 1.0, 1.0, 1.0, 1.0, 1.0, 1.0, 0.0, 0.0, 0.0, 0.0, 1.0, 1.0, 1.0, 1.0, 0.0, 0.0, 0.0, 0.0, 0.0, 0.0, 0.0, 0.0, 0.0, 0.0, 0.0, 0.0, 1.0, 1.0, 1.0, 1.0, 1.0, 1.0, 1.0, 1.0, 1.0, 1.0, 0.0, 0.0, 0.0, 0.0, 0.0, 0.0, 0.0, 0.0, 0.0, 0.0, 1.0, 1.0, 1.0, 1.0, 1.0, 1.0, 1.0, 1.0, 1.0, 1.0, 1.0, 1.0, 1.0, 1.0, 1.0, 1.0, 1.0, 1.0, 1.0, 1.0, 1.0]",NS,False
403,ENTm5,-0.3992677592200365,28.971449396739963,38.62859919565329,21.23609192357538,1.5,9,False,,,,,,,21,18,8.85885885885886,-2.0,-3.0,-0.3992677592200365,-0.31005981498059143,0.03140042215713503,0.02827761477810055,-3485.99940981318,4057.848574068095,3971.3405180142654,532.0,375.0,0.04863217198413971,4.736239812997334,6.657465580399498,2.3476053148406977,,Other,100.0,100.0,83.63636363636364,73.84615384615384,"[0.0, 0.0, 0.0, 0.0, 0.0, 0.0, 0.0, 0.0, 0.0, 0.0, 0.0, 0.0, 0.0, 1.0, 1.0, 0.0, 0.0, 0.0, 0.0, 0.0, 0.0, 1.0, 1.0, 0.0, 0.0, 0.0, 0.0, 0.0, 0.0, 0.0, 0.0, 0.0, 0.0, 0.0, 0.0, 0.0, 0.0, 1.0, 1.0, 1.0, 1.0, 1.0, 1.0, 0.0, 0.0, 0.0, 0.0, 0.0, 0.0, 0.0, 0.0, 0.0, 0.0, 0.0, 0.0, 0.0, 0.0, 0.0, 0.0, 0.0, 0.0, 0.0, 0.0, 0.0, 0.0, 0.0, 0.0, 0.0, 0.0, 0.0, 0.0, 0.0, 0.0, 0.0, 0.0, 0.0, 0.0, 0.0, 0.0, 0.0, 0.0, 0.0, 0.0, 0.0, 0.0, 0.0, 0.0, 0.0, 0.0, 0.0, 0.0, 0.0, 0.0, 0.0, 0.0, 0.0, 0.0, 0.0, 0.0, 0.0, 0.0, 0.0, 0.0, 0.0, 0.0, 0.0, 0.0, 0.0, 0.0, 0.0, 0.0, 0.0, 0.0, 0.0, 0.0, 0.0, 0.0, 0.0, 0.0, 0.0, 0.0, 0.0, 0.0, 0.0, 0.0, 0.0, 0.0, 0.0, 0.0, 0.0]",NS,False
404,ENTm6,-0.2965523444676462,39.62591311700954,52.83455082267939,4.2543923067465865,1.5,9,False,,,,,,,21,18,8.85885885885886,-31.0,18.0,-0.2965523444676462,-0.34470680441361634,0.011271325455990761,0.01489291824953806,-3481.505561011379,3728.538364323223,3950.493669793617,532.0,705.0,0.049914884810866214,19.85732138046403,20.153971556227532,17.668409718719452,,Other,82.05128205128206,77.77777777777777,88.88888888888889,73.6842105263158,"[0.0, 0.0, 0.0, 0.0, 0.0, 0.0, 0.0, 0.0, 0.0, 1.0, 1.0, 1.0, 1.0, 1.0, 1.0, 1.0, 1.0, 1.0, 1.0, 1.0, 1.0, 1.0, 1.0, 1.0, 1.0, 1.0, 1.0, 1.0, 1.0, 1.0, 1.0, 1.0, 1.0, 1.0, 1.0, 1.0, 1.0, 0.0, 0.0, 0.0, 0.0, 1.0, 1.0, 0.0, 0.0, 0.0, 0.0, 1.0, 1.0, 1.0, 1.0, 1.0, 1.0, 0.0, 0.0, 0.0, 0.0, 0.0, 0.0, 0.0, 0.0, 1.0, 1.0, 1.0, 1.0, 0.0, 0.0, 1.0, 1.0, 1.0, 1.0, 1.0, 1.0, 1.0, 1.0, 1.0, 1.0, 1.0, 1.0, 1.0, 1.0, 1.0, 1.0, 1.0, 1.0, 1.0, 1.0, 1.0, 1.0, 1.0, 1.0, 1.0, 1.0, 0.0, 0.0, 0.0, 0.0, 0.0, 0.0, 1.0, 1.0, 1.0, 1.0, 1.0, 1.0, 1.0, 1.0, 1.0, 1.0, 1.0, 1.0, 1.0, 1.0, 0.0, 0.0, 0.0, 0.0, 1.0, 1.0, 1.0, 1.0, 1.0, 1.0, 1.0, 1.0, 1.0, 1.0, 1.0, 1.0, 1.0]",NS,False
409,ENTm5,-0.2562433558441333,21.870714638499162,29.16095285133222,23.40668227760759,1.5,9,False,,,,,,,21,18,8.85885885885886,23.0,-21.0,-0.2562433558441333,-0.6274916335092386,0.017899029799638155,0.01437775296436773,-3486.407941522434,4087.785865863083,3973.235686034325,532.0,345.0,0.13783011570846904,14.501179808291791,14.21447611598872,12.237871566717477,,Other,94.28571428571429,85.41666666666667,68.18181818181819,60.0,"[1.0, 1.0, 1.0, 1.0, 1.0, 1.0, 1.0, 1.0, 1.0, 0.0, 0.0, 1.0, 1.0, 1.0, 1.0, 1.0, 1.0, 1.0, 1.0, 1.0, 1.0, 1.0, 1.0, 1.0, 1.0, 1.0, 1.0, 1.0, 1.0, 1.0, 1.0, 1.0, 1.0, 1.0, 1.0, 1.0, 1.0, 1.0, 1.0, 1.0, 1.0, 1.0, 1.0, 1.0, 1.0, 1.0, 1.0, 1.0, 1.0, 1.0, 1.0, 0.0, 0.0, 0.0, 0.0, 1.0, 1.0, 1.0, 1.0, 1.0, 1.0, 1.0, 1.0, 1.0, 1.0, 0.0, 0.0, 0.0, 0.0, 0.0, 0.0, 0.0, 0.0, 0.0, 0.0, 0.0, 0.0, 1.0, 1.0, 1.0, 1.0, 1.0, 1.0, 1.0, 1.0, 1.0, 1.0, 0.0, 0.0, 0.0, 0.0, 0.0, 0.0, 0.0, 0.0, 0.0, 0.0, 1.0, 1.0, 1.0, 1.0, 1.0, 1.0, 1.0, 1.0, 1.0, 1.0, 1.0, 1.0, 1.0, 1.0, 0.0, 0.0, 0.0, 0.0, 0.0, 0.0, 0.0, 0.0, 0.0, 0.0, 0.0, 0.0, 0.0, 0.0, 0.0, 0.0, 0.0, 0.0, 0.0]",NS,False
