cluster_id,brain_region,grid_score,field_size,field_spacing,orientation,_smooth_sigma,travel,sig,null_grid_score,null_field_size,null_field_spacing,null_orientation,null__smooth_sigma,null__skip_shuffles,mouse,day,session_travel_lag,optimal_travel_lag,optimal_travel_lag_grid_score,session_travel_lag_grid_score,zero_lag_grid_score,spatial_information_score,spatial_information_score_no_lag,SC_x,SC_y,SC_z,probe_x,probe_y,theta_index,firing_rate,firing_rate_OF1,firing_rate_VR,classified_by,cell_type,pct_b_1,pct_nb_1,pct_b_0,pct_nb_0,task_anchored_labels,cell_identity,shuffled
132,ENTm2,0.4247041369333626,30.948610018929617,41.26481335857282,51.82977539204817,1.5,7,True,,,,,,,29,23,7.357357357357358,4.0,8.0,0.4247041369333626,-0.27688426816042827,0.1658770432329244,0.1418662376319078,-3270.0,3313.9616086873407,4255.549130051141,532.0,690.0,0.04696860101086711,4.323986492214219,6.234658240786645,1.7717191640502887,OF1,GC,100.0,98.59154929577464,71.42857142857143,44.44444444444444,"[1.0, 1.0, 1.0, 1.0, 1.0, 1.0, 1.0, 1.0, 1.0, 1.0, 1.0, 1.0, 1.0, 1.0, 1.0, 1.0, 1.0, 1.0, 1.0, 1.0, 1.0, 1.0, 1.0, 1.0, 1.0, 1.0, 1.0, 1.0, 1.0, 1.0, 1.0, 1.0, 1.0, 1.0, 1.0, 1.0, 1.0, 1.0, 1.0, 1.0, 1.0, 1.0, 1.0, 1.0, 1.0, 1.0, 1.0, 1.0, 1.0, 1.0, 1.0, 1.0, 1.0, 1.0, 1.0, 1.0, 1.0, 1.0, 1.0, 1.0, 1.0, 1.0, 1.0, 1.0, 1.0, 1.0, 1.0, 1.0, 1.0, 1.0, 1.0, 1.0, 1.0, 1.0, 1.0, 1.0, 1.0, 1.0, 1.0, 1.0, 1.0, 1.0, 1.0, 1.0, 1.0, 1.0, 1.0, 1.0, 1.0, 1.0, 1.0, 1.0, 1.0, 0.0, 0.0, 0.0, 0.0, 0.0, 0.0, 1.0, 1.0, 1.0, 1.0, 1.0, 1.0, 1.0, 1.0, 1.0, 1.0, 1.0, 1.0, 1.0, 1.0, 1.0, 1.0, 1.0, 1.0, 1.0, 1.0, 1.0, 1.0, 1.0, 1.0, 1.0, 1.0, 1.0, 1.0, 1.0, 1.0, 1.0, 1.0, 1.0, 1.0, 1.0, 1.0, 1.0, 1.0, 0.0, 0.0, 0.0, 0.0, 0.0, 0.0, 0.0, 0.0, 0.0, 0.0]",GC,False
144,ENTm2,0.31851674151965403,22.630424037882495,30.173898717176662,50.040650306582506,1.5,7,True,,,,,,,29,23,7.357357357357358,9.0,-13.0,0.31851674151965403,-0.18677817343791833,0.5526817839620978,0.42315498060030066,-3270.0,3178.993482858564,4252.615700272283,532.0,825.0,0.09842674364559933,2.2157454173865734,2.447544883943234,2.2970001244182776,OF2,GC,97.01492537313433,92.5,,,"[1.0, 1.0, 1.0, 1.0, 1.0, 1.0, 1.0, 1.0, 1.0, 1.0, 1.0, 1.0, 1.0, 1.0, 1.0, 1.0, 1.0, 1.0, 1.0, 1.0, 1.0, 1.0, 1.0, 1.0, 1.0, 1.0, 1.0, 1.0, 1.0, 1.0, 1.0, 1.0, 1.0, 1.0, 1.0, 1.0, 1.0, 1.0, 1.0, 1.0, 1.0, 1.0, 1.0, 1.0, 1.0, 1.0, 1.0, 1.0, 1.0, 1.0, 1.0, 1.0, 1.0, 1.0, 1.0, 1.0, 1.0, 1.0, 1.0, 1.0, 1.0, 1.0, 1.0, 1.0, 1.0, 1.0, 1.0, 1.0, 1.0, 1.0, 1.0, 1.0, 1.0, 1.0, 1.0, 1.0, 1.0, 1.0, 1.0, 1.0, 1.0, 1.0, 1.0, 1.0, 1.0, 1.0, 1.0, 1.0, 1.0, 1.0, 1.0, 1.0, 1.0, 1.0, 1.0, 1.0, 1.0, 1.0, 1.0, 1.0, 1.0, 1.0, 1.0, 1.0, 1.0, 1.0, 1.0, 1.0, 1.0, 1.0, 1.0, 1.0, 1.0, 1.0, 1.0, 1.0, 1.0, 1.0, 1.0, 1.0, 1.0, 1.0, 1.0, 1.0, 1.0, 1.0, 1.0, 1.0, 1.0, 1.0, 1.0, 1.0, 1.0, 1.0, 1.0, 1.0, 1.0, 1.0, 1.0, 1.0, 1.0, 1.0, 1.0, 1.0, 1.0, 1.0, 1.0]",GC,False
160,ENTm2,0.8097261765462879,23.565777066105884,31.421036088141175,48.53481066464378,1.5,7,True,,,,,,,29,23,7.357357357357358,5.0,5.0,0.8097261765462879,0.4945734088477617,0.035117949866379006,0.029928452706697133,-3270.0,3059.0218154552067,4250.00820713552,532.0,945.0,0.04279432959121865,12.625864851243271,15.64329401997483,7.737892524985615,OF1,GC,98.38709677419355,100.0,80.0,33.333333333333336,"[1.0, 1.0, 1.0, 1.0, 1.0, 1.0, 1.0, 1.0, 1.0, 1.0, 1.0, 1.0, 1.0, 1.0, 1.0, 1.0, 1.0, 1.0, 1.0, 1.0, 1.0, 1.0, 1.0, 1.0, 1.0, 1.0, 1.0, 1.0, 1.0, 1.0, 1.0, 1.0, 1.0, 1.0, 1.0, 1.0, 1.0, 1.0, 1.0, 1.0, 1.0, 1.0, 1.0, 1.0, 1.0, 1.0, 1.0, 1.0, 1.0, 1.0, 1.0, 1.0, 1.0, 1.0, 1.0, 1.0, 1.0, 1.0, 1.0, 1.0, 1.0, 1.0, 1.0, 1.0, 1.0, 1.0, 1.0, 1.0, 1.0, 1.0, 1.0, 1.0, 1.0, 1.0, 1.0, 1.0, 1.0, 1.0, 1.0, 1.0, 1.0, 1.0, 1.0, 1.0, 1.0, 1.0, 1.0, 1.0, 1.0, 1.0, 1.0, 1.0, 1.0, 1.0, 1.0, 1.0, 1.0, 1.0, 1.0, 1.0, 1.0, 1.0, 1.0, 1.0, 1.0, 1.0, 1.0, 1.0, 1.0, 1.0, 1.0, 1.0, 1.0, 1.0, 1.0, 1.0, 1.0, 1.0, 1.0, 1.0, 1.0, 1.0, 1.0, 1.0, 1.0, 1.0, 1.0, 1.0, 1.0, 1.0, 1.0, 1.0, 1.0, 0.0, 0.0, 0.0, 0.0, 0.0, 0.0, 0.0, 0.0, 0.0, 0.0, 0.0, 0.0, 0.0, 0.0]",GC,False
184,ENTm3,1.2645036429300531,23.37492812957614,31.166570839434854,51.0987071980882,1.5,7,True,,,,,,,29,23,7.357357357357358,10.0,8.0,1.2645036429300531,-0.3212269090561537,0.3632561004154617,0.19186007623024956,-3270.0,2969.043064902689,4248.052587282948,532.0,1035.0,0.0435039932335981,6.631746379145853,4.4285733842893915,8.738056569207552,OF1,GC,98.38709677419355,100.0,80.0,45.45454545454545,"[1.0, 1.0, 1.0, 1.0, 1.0, 1.0, 1.0, 1.0, 1.0, 1.0, 1.0, 1.0, 1.0, 1.0, 1.0, 1.0, 1.0, 1.0, 1.0, 1.0, 1.0, 1.0, 1.0, 1.0, 1.0, 1.0, 1.0, 1.0, 1.0, 1.0, 1.0, 1.0, 1.0, 1.0, 1.0, 1.0, 1.0, 1.0, 1.0, 1.0, 1.0, 1.0, 1.0, 1.0, 1.0, 1.0, 1.0, 1.0, 1.0, 1.0, 1.0, 1.0, 1.0, 1.0, 1.0, 1.0, 1.0, 1.0, 1.0, 1.0, 1.0, 1.0, 1.0, 1.0, 1.0, 1.0, 1.0, 1.0, 1.0, 1.0, 1.0, 1.0, 1.0, 1.0, 1.0, 1.0, 1.0, 1.0, 1.0, 1.0, 1.0, 1.0, 1.0, 1.0, 1.0, 1.0, 1.0, 1.0, 1.0, 1.0, 1.0, 1.0, 1.0, 1.0, 1.0, 1.0, 1.0, 1.0, 1.0, 1.0, 1.0, 1.0, 1.0, 1.0, 1.0, 1.0, 1.0, 1.0, 1.0, 1.0, 1.0, 1.0, 1.0, 1.0, 1.0, 1.0, 1.0, 1.0, 1.0, 1.0, 1.0, 1.0, 1.0, 1.0, 1.0, 1.0, 1.0, 1.0, 1.0, 1.0, 1.0, 0.0, 0.0, 0.0, 0.0, 0.0, 0.0, 0.0, 0.0, 0.0, 0.0, 0.0, 0.0, 0.0, 0.0, 0.0, 0.0]",GC,False
191,ENTm3,1.0750157754405998,23.565777066105884,31.421036088141175,48.53481066464378,1.5,7,True,,,,,,,29,23,7.357357357357358,7.0,4.0,1.0750157754405998,0.5203311371609927,0.3539774462747438,0.24319765040991384,-3270.0,2924.0536896264302,4247.074777356662,532.0,1080.0,0.1795519135627752,2.2550480802575787,3.65465602650067,0.7673985939302863,OF1,GC,,,97.01492537313433,92.5,"[0.0, 0.0, 0.0, 0.0, 0.0, 0.0, 0.0, 0.0, 0.0, 0.0, 0.0, 0.0, 0.0, 0.0, 0.0, 0.0, 0.0, 0.0, 0.0, 0.0, 0.0, 0.0, 0.0, 0.0, 0.0, 0.0, 0.0, 0.0, 0.0, 0.0, 0.0, 0.0, 0.0, 0.0, 0.0, 0.0, 0.0, 0.0, 0.0, 0.0, 0.0, 0.0, 0.0, 0.0, 0.0, 0.0, 0.0, 0.0, 0.0, 0.0, 0.0, 0.0, 0.0, 0.0, 0.0, 0.0, 0.0, 0.0, 0.0, 0.0, 0.0, 0.0, 0.0, 0.0, 0.0, 0.0, 0.0, 0.0, 0.0, 0.0, 0.0, 0.0, 0.0, 0.0, 0.0, 0.0, 0.0, 0.0, 0.0, 0.0, 0.0, 0.0, 0.0, 0.0, 0.0, 0.0, 0.0, 0.0, 0.0, 0.0, 0.0, 0.0, 0.0, 0.0, 0.0, 0.0, 0.0, 0.0, 0.0, 0.0, 0.0, 0.0, 0.0, 0.0, 0.0, 0.0, 0.0, 0.0, 0.0, 0.0, 0.0, 0.0, 0.0, 0.0, 0.0, 0.0, 0.0, 0.0, 0.0, 0.0, 0.0, 0.0, 0.0, 0.0, 0.0, 0.0, 0.0, 0.0, 0.0, 0.0, 0.0, 0.0, 0.0, 0.0, 0.0, 0.0, 0.0, 0.0, 0.0, 0.0, 0.0, 0.0, 0.0, 0.0, 0.0, 0.0, 0.0]",GC,False
194,ENTm3,0.44765742261929486,22.28986046013956,29.719813946852746,45.0,1.5,7,True,,,,,,,29,23,7.357357357357358,7.0,13.0,0.44765742261929486,0.4290864694857075,0.04240674849248377,0.031189191930983125,-3270.0,2909.0572312010104,4246.748840714567,532.0,1095.0,0.11661357618490618,11.359625530393288,18.983051487547474,4.595039380311071,OF1,GC,98.33333333333333,100.0,85.71428571428571,33.333333333333336,"[1.0, 1.0, 1.0, 1.0, 1.0, 1.0, 1.0, 1.0, 1.0, 1.0, 1.0, 1.0, 1.0, 1.0, 1.0, 1.0, 1.0, 1.0, 1.0, 1.0, 1.0, 1.0, 1.0, 1.0, 1.0, 1.0, 1.0, 1.0, 1.0, 1.0, 1.0, 1.0, 1.0, 1.0, 1.0, 1.0, 1.0, 1.0, 1.0, 1.0, 1.0, 1.0, 1.0, 1.0, 1.0, 1.0, 1.0, 1.0, 1.0, 1.0, 1.0, 1.0, 1.0, 1.0, 1.0, 1.0, 1.0, 1.0, 1.0, 1.0, 1.0, 1.0, 1.0, 1.0, 1.0, 1.0, 1.0, 1.0, 1.0, 1.0, 1.0, 1.0, 1.0, 1.0, 1.0, 1.0, 1.0, 1.0, 1.0, 1.0, 1.0, 1.0, 1.0, 1.0, 1.0, 1.0, 1.0, 1.0, 1.0, 1.0, 1.0, 1.0, 1.0, 1.0, 1.0, 1.0, 1.0, 1.0, 1.0, 1.0, 1.0, 1.0, 1.0, 1.0, 1.0, 1.0, 1.0, 1.0, 1.0, 1.0, 1.0, 1.0, 1.0, 1.0, 1.0, 1.0, 1.0, 1.0, 1.0, 1.0, 1.0, 1.0, 1.0, 1.0, 1.0, 1.0, 1.0, 1.0, 1.0, 0.0, 0.0, 1.0, 1.0, 0.0, 0.0, 0.0, 0.0, 0.0, 0.0, 0.0, 0.0, 0.0, 0.0, 0.0, 0.0, 0.0, 0.0]",GC,False
202,ENTm3,0.7113930416531361,23.440635450800116,31.254180601066818,47.948581918843395,1.5,7,True,,,,,,,29,23,7.357357357357358,10.0,8.0,0.7113930416531361,0.789795957851396,0.09653214912166397,0.05401713495449966,-3270.0,2879.064314350171,4246.096967430375,532.0,1125.0,0.036380835644970105,9.085619695103812,4.128669994834128,12.529847319717526,OF1,GC,98.27586206896552,100.0,88.88888888888889,53.84615384615385,"[1.0, 1.0, 1.0, 1.0, 1.0, 1.0, 1.0, 1.0, 1.0, 1.0, 1.0, 1.0, 1.0, 1.0, 1.0, 1.0, 1.0, 1.0, 1.0, 1.0, 1.0, 1.0, 1.0, 1.0, 1.0, 1.0, 1.0, 1.0, 1.0, 1.0, 1.0, 1.0, 1.0, 1.0, 1.0, 1.0, 1.0, 1.0, 1.0, 1.0, 1.0, 1.0, 1.0, 1.0, 1.0, 1.0, 1.0, 1.0, 1.0, 1.0, 1.0, 1.0, 1.0, 1.0, 1.0, 1.0, 1.0, 1.0, 1.0, 1.0, 1.0, 1.0, 1.0, 1.0, 1.0, 1.0, 1.0, 1.0, 1.0, 1.0, 1.0, 1.0, 1.0, 1.0, 1.0, 1.0, 1.0, 1.0, 1.0, 1.0, 1.0, 1.0, 1.0, 1.0, 1.0, 1.0, 1.0, 1.0, 1.0, 1.0, 1.0, 1.0, 1.0, 1.0, 1.0, 1.0, 1.0, 1.0, 1.0, 1.0, 1.0, 1.0, 1.0, 1.0, 1.0, 1.0, 1.0, 1.0, 1.0, 1.0, 1.0, 1.0, 1.0, 1.0, 1.0, 1.0, 1.0, 1.0, 1.0, 1.0, 1.0, 1.0, 1.0, 1.0, 1.0, 0.0, 0.0, 0.0, 0.0, 0.0, 0.0, 0.0, 0.0, 0.0, 0.0, 0.0, 0.0, 0.0, 0.0, 0.0, 0.0, 0.0, 0.0, 0.0, 0.0, 0.0, 0.0]",GC,False
205,ENTm3,0.2728702372420083,23.76438297052458,31.68584396069944,50.376762690128125,1.5,7,True,,,,,,,29,23,7.357357357357358,10.0,-35.0,0.2728702372420083,0.15007471607664186,0.030740360801502286,0.021311324055109215,-3270.0,2864.067855924752,4245.77103078828,532.0,1140.0,0.053651288655233935,6.932989730445384,10.440803277896716,3.9845496390327457,OF2,GC,98.4375,100.0,66.66666666666667,33.333333333333336,"[1.0, 1.0, 1.0, 1.0, 1.0, 1.0, 1.0, 1.0, 1.0, 1.0, 1.0, 1.0, 1.0, 1.0, 1.0, 1.0, 1.0, 1.0, 1.0, 1.0, 1.0, 1.0, 1.0, 1.0, 1.0, 1.0, 1.0, 1.0, 1.0, 1.0, 1.0, 1.0, 1.0, 1.0, 1.0, 1.0, 1.0, 1.0, 1.0, 1.0, 1.0, 1.0, 1.0, 1.0, 1.0, 1.0, 1.0, 1.0, 1.0, 1.0, 1.0, 1.0, 1.0, 1.0, 1.0, 1.0, 1.0, 1.0, 1.0, 1.0, 1.0, 1.0, 1.0, 1.0, 1.0, 1.0, 1.0, 1.0, 1.0, 1.0, 1.0, 1.0, 1.0, 1.0, 1.0, 1.0, 1.0, 1.0, 1.0, 1.0, 1.0, 1.0, 1.0, 1.0, 1.0, 1.0, 1.0, 1.0, 1.0, 1.0, 1.0, 1.0, 1.0, 1.0, 1.0, 1.0, 1.0, 1.0, 1.0, 1.0, 1.0, 1.0, 1.0, 1.0, 1.0, 1.0, 1.0, 1.0, 1.0, 1.0, 1.0, 1.0, 1.0, 1.0, 1.0, 1.0, 1.0, 1.0, 1.0, 1.0, 1.0, 1.0, 1.0, 1.0, 1.0, 1.0, 1.0, 1.0, 1.0, 1.0, 1.0, 1.0, 1.0, 1.0, 1.0, 0.0, 0.0, 0.0, 0.0, 0.0, 0.0, 0.0, 0.0, 0.0, 0.0, 0.0, 0.0]",GC,False
210,ENTm3,0.3012377775431016,22.017096629257907,29.356128839010545,46.44600189790977,1.5,7,True,,,,,,,29,23,7.357357357357358,11.0,10.0,0.3012377775431016,-0.19259470290718683,0.04482584743511765,0.04283002901801922,-3270.0,2864.067855924752,4245.77103078828,500.0,1140.0,0.06912126571767668,7.71881179573096,6.279643749204935,9.099674322339224,OF2,GC,98.38709677419355,100.0,80.0,53.84615384615385,"[1.0, 1.0, 1.0, 1.0, 1.0, 1.0, 1.0, 1.0, 1.0, 1.0, 1.0, 1.0, 1.0, 1.0, 1.0, 1.0, 1.0, 1.0, 1.0, 1.0, 1.0, 1.0, 1.0, 1.0, 1.0, 1.0, 1.0, 1.0, 1.0, 1.0, 1.0, 1.0, 1.0, 1.0, 1.0, 1.0, 1.0, 1.0, 1.0, 1.0, 1.0, 1.0, 1.0, 1.0, 1.0, 1.0, 1.0, 1.0, 1.0, 1.0, 1.0, 1.0, 1.0, 1.0, 1.0, 1.0, 1.0, 1.0, 1.0, 1.0, 1.0, 1.0, 1.0, 1.0, 1.0, 1.0, 1.0, 1.0, 1.0, 1.0, 1.0, 1.0, 1.0, 1.0, 1.0, 1.0, 1.0, 1.0, 1.0, 0.0, 0.0, 1.0, 1.0, 1.0, 1.0, 1.0, 1.0, 1.0, 1.0, 1.0, 1.0, 1.0, 1.0, 1.0, 1.0, 1.0, 1.0, 1.0, 1.0, 1.0, 1.0, 1.0, 1.0, 1.0, 1.0, 1.0, 1.0, 1.0, 1.0, 1.0, 1.0, 1.0, 1.0, 1.0, 1.0, 1.0, 1.0, 1.0, 1.0, 1.0, 1.0, 1.0, 1.0, 1.0, 1.0, 1.0, 1.0, 1.0, 1.0, 1.0, 1.0, 0.0, 0.0, 0.0, 0.0, 0.0, 0.0, 0.0, 0.0, 0.0, 0.0, 0.0, 0.0, 0.0, 0.0, 0.0, 0.0]",GC,False
211,ENTm3,-0.14543188872749782,27.134961906667936,36.17994920889058,59.6417697372916,1.5,7,False,,,,,,,29,23,7.357357357357358,8.0,-20.0,-0.14543188872749782,-0.06990806221366135,0.028327249115856996,0.024550386135566295,-3270.0,2849.071397499332,4245.445094146185,500.0,1155.0,0.2295792245471691,27.403897282875903,12.685913373957648,36.20334057214783,OF2,GC,96.92307692307692,92.5,100.0,,"[1.0, 1.0, 1.0, 1.0, 1.0, 1.0, 1.0, 1.0, 1.0, 1.0, 1.0, 1.0, 1.0, 1.0, 1.0, 1.0, 1.0, 1.0, 1.0, 1.0, 1.0, 1.0, 1.0, 1.0, 1.0, 1.0, 1.0, 1.0, 1.0, 1.0, 1.0, 1.0, 1.0, 1.0, 1.0, 1.0, 1.0, 1.0, 1.0, 1.0, 1.0, 1.0, 1.0, 1.0, 1.0, 1.0, 1.0, 1.0, 1.0, 1.0, 1.0, 1.0, 1.0, 1.0, 1.0, 1.0, 1.0, 1.0, 1.0, 1.0, 1.0, 1.0, 1.0, 1.0, 1.0, 1.0, 1.0, 1.0, 1.0, 1.0, 1.0, 1.0, 1.0, 1.0, 1.0, 1.0, 1.0, 1.0, 1.0, 1.0, 1.0, 1.0, 1.0, 1.0, 1.0, 1.0, 1.0, 1.0, 1.0, 1.0, 1.0, 1.0, 1.0, 1.0, 1.0, 1.0, 1.0, 1.0, 1.0, 1.0, 1.0, 1.0, 1.0, 1.0, 1.0, 1.0, 1.0, 1.0, 1.0, 1.0, 1.0, 1.0, 1.0, 1.0, 1.0, 1.0, 1.0, 1.0, 1.0, 1.0, 1.0, 1.0, 1.0, 1.0, 1.0, 1.0, 1.0, 1.0, 1.0, 1.0, 1.0, 1.0, 1.0, 0.0, 0.0, 1.0, 1.0, 1.0, 1.0, 1.0, 1.0, 1.0, 1.0, 1.0, 1.0, 1.0, 1.0]",GC,False
213,ENTm3,0.4631639902103325,23.29751068900647,31.06334758534196,48.77155008446115,1.5,7,True,,,,,,,29,23,7.357357357357358,6.0,9.0,0.4631639902103325,0.3031604293263977,0.03183572806900621,0.03170651244169471,-3270.0,2834.074939073912,4245.119157504089,500.0,1170.0,0.04423238977001513,4.968781355433246,10.111742614466635,1.229292534352781,OF1,GC,87.5,100.0,98.30508474576271,91.42857142857143,"[0.0, 0.0, 0.0, 0.0, 0.0, 0.0, 0.0, 0.0, 0.0, 0.0, 0.0, 0.0, 0.0, 0.0, 0.0, 0.0, 0.0, 0.0, 0.0, 0.0, 0.0, 1.0, 1.0, 0.0, 0.0, 0.0, 0.0, 0.0, 0.0, 0.0, 0.0, 0.0, 0.0, 0.0, 0.0, 1.0, 1.0, 1.0, 1.0, 1.0, 1.0, 0.0, 0.0, 0.0, 0.0, 0.0, 0.0, 0.0, 0.0, 0.0, 0.0, 0.0, 0.0, 0.0, 0.0, 0.0, 0.0, 0.0, 0.0, 0.0, 0.0, 0.0, 0.0, 0.0, 0.0, 0.0, 0.0, 0.0, 0.0, 0.0, 0.0, 0.0, 0.0, 0.0, 0.0, 0.0, 0.0, 0.0, 0.0, 0.0, 0.0, 0.0, 0.0, 1.0, 1.0, 0.0, 0.0, 0.0, 0.0, 0.0, 0.0, 0.0, 0.0, 0.0, 0.0, 1.0, 1.0, 1.0, 1.0, 1.0, 1.0, 0.0, 0.0, 0.0, 0.0, 0.0, 0.0, 0.0, 0.0, 0.0, 0.0, 0.0, 0.0, 0.0, 0.0, 0.0, 0.0, 0.0, 0.0, 0.0, 0.0, 0.0, 0.0, 0.0, 0.0, 0.0, 0.0, 0.0, 0.0, 1.0, 1.0, 0.0, 0.0, 0.0, 0.0, 0.0, 0.0, 0.0, 0.0, 0.0, 0.0, 0.0, 0.0, 0.0, 0.0, 0.0, 0.0]",GC,False
214,ENTm3,0.8132417125837987,23.137003858947338,30.849338478596447,47.319035728939916,1.5,7,True,,,,,,,29,23,7.357357357357358,8.0,9.0,0.8132417125837987,0.6189097156968844,0.03208664518537952,0.023001405650125973,-3270.0,2849.071397499332,4245.445094146185,532.0,1155.0,0.10459223847297958,25.020306375816684,17.437715966882156,29.44742729058012,OF1,GC,98.38709677419355,100.0,80.0,33.333333333333336,"[1.0, 1.0, 1.0, 1.0, 1.0, 1.0, 1.0, 1.0, 1.0, 1.0, 1.0, 1.0, 1.0, 1.0, 1.0, 1.0, 1.0, 1.0, 1.0, 1.0, 1.0, 1.0, 1.0, 1.0, 1.0, 1.0, 1.0, 1.0, 1.0, 1.0, 1.0, 1.0, 1.0, 1.0, 1.0, 1.0, 1.0, 1.0, 1.0, 1.0, 1.0, 1.0, 1.0, 1.0, 1.0, 1.0, 1.0, 1.0, 1.0, 1.0, 1.0, 1.0, 1.0, 1.0, 1.0, 1.0, 1.0, 1.0, 1.0, 1.0, 1.0, 1.0, 1.0, 1.0, 1.0, 1.0, 1.0, 1.0, 1.0, 1.0, 1.0, 1.0, 1.0, 1.0, 1.0, 1.0, 1.0, 1.0, 1.0, 1.0, 1.0, 1.0, 1.0, 1.0, 1.0, 1.0, 1.0, 1.0, 1.0, 1.0, 1.0, 1.0, 1.0, 1.0, 1.0, 1.0, 1.0, 1.0, 1.0, 1.0, 1.0, 1.0, 1.0, 1.0, 1.0, 1.0, 1.0, 1.0, 1.0, 1.0, 1.0, 1.0, 1.0, 1.0, 1.0, 1.0, 1.0, 1.0, 1.0, 1.0, 1.0, 1.0, 1.0, 1.0, 1.0, 1.0, 1.0, 1.0, 1.0, 1.0, 1.0, 1.0, 1.0, 0.0, 0.0, 0.0, 0.0, 0.0, 0.0, 0.0, 0.0, 0.0, 0.0, 0.0, 0.0, 0.0, 0.0]",GC,False
216,ENTm3,1.0004502094157295,23.137003858947338,30.849338478596447,49.80062621516372,1.5,7,True,,,,,,,29,23,7.357357357357358,9.0,4.0,1.0004502094157295,0.6448538448402484,0.11989359249502,0.12313910605469054,-3270.0,2804.082022223073,4244.467284219899,500.0,1200.0,0.17808213029851194,6.914031975413487,3.77045205742923,10.330005988166521,OF1,GC,97.01492537313433,92.5,,,"[1.0, 1.0, 1.0, 1.0, 1.0, 1.0, 1.0, 1.0, 1.0, 1.0, 1.0, 1.0, 1.0, 1.0, 1.0, 1.0, 1.0, 1.0, 1.0, 1.0, 1.0, 1.0, 1.0, 1.0, 1.0, 1.0, 1.0, 1.0, 1.0, 1.0, 1.0, 1.0, 1.0, 1.0, 1.0, 1.0, 1.0, 1.0, 1.0, 1.0, 1.0, 1.0, 1.0, 1.0, 1.0, 1.0, 1.0, 1.0, 1.0, 1.0, 1.0, 1.0, 1.0, 1.0, 1.0, 1.0, 1.0, 1.0, 1.0, 1.0, 1.0, 1.0, 1.0, 1.0, 1.0, 1.0, 1.0, 1.0, 1.0, 1.0, 1.0, 1.0, 1.0, 1.0, 1.0, 1.0, 1.0, 1.0, 1.0, 1.0, 1.0, 1.0, 1.0, 1.0, 1.0, 1.0, 1.0, 1.0, 1.0, 1.0, 1.0, 1.0, 1.0, 1.0, 1.0, 1.0, 1.0, 1.0, 1.0, 1.0, 1.0, 1.0, 1.0, 1.0, 1.0, 1.0, 1.0, 1.0, 1.0, 1.0, 1.0, 1.0, 1.0, 1.0, 1.0, 1.0, 1.0, 1.0, 1.0, 1.0, 1.0, 1.0, 1.0, 1.0, 1.0, 1.0, 1.0, 1.0, 1.0, 1.0, 1.0, 1.0, 1.0, 1.0, 1.0, 1.0, 1.0, 1.0, 1.0, 1.0, 1.0, 1.0, 1.0, 1.0, 1.0, 1.0, 1.0]",GC,False
217,ENTm3,0.6249360048393894,24.019470567166845,32.02596075622246,49.66314504420805,1.5,7,True,,,,,,,29,23,7.357357357357358,7.0,0.0,0.6249360048393894,0.9410606743325001,0.05348470407795336,0.03237908855623772,-3270.0,2804.082022223073,4244.467284219899,532.0,1200.0,0.10522141063752727,13.203151611177985,19.71614866177145,7.440700923273954,OF1,GC,98.4375,98.63013698630137,66.66666666666667,28.571428571428573,"[1.0, 1.0, 1.0, 1.0, 1.0, 1.0, 1.0, 1.0, 1.0, 1.0, 1.0, 1.0, 1.0, 1.0, 1.0, 1.0, 1.0, 1.0, 1.0, 1.0, 1.0, 1.0, 1.0, 1.0, 1.0, 1.0, 1.0, 1.0, 1.0, 1.0, 1.0, 1.0, 1.0, 1.0, 1.0, 1.0, 1.0, 1.0, 1.0, 1.0, 1.0, 1.0, 1.0, 1.0, 1.0, 1.0, 1.0, 1.0, 1.0, 1.0, 1.0, 1.0, 1.0, 1.0, 1.0, 1.0, 1.0, 1.0, 1.0, 1.0, 1.0, 1.0, 1.0, 1.0, 1.0, 1.0, 1.0, 1.0, 1.0, 1.0, 1.0, 1.0, 1.0, 1.0, 1.0, 1.0, 1.0, 1.0, 1.0, 1.0, 1.0, 1.0, 1.0, 1.0, 1.0, 1.0, 1.0, 1.0, 1.0, 1.0, 1.0, 1.0, 1.0, 1.0, 1.0, 1.0, 1.0, 1.0, 1.0, 1.0, 1.0, 1.0, 1.0, 1.0, 1.0, 1.0, 1.0, 1.0, 1.0, 1.0, 1.0, 1.0, 1.0, 1.0, 1.0, 1.0, 1.0, 1.0, 1.0, 1.0, 1.0, 1.0, 1.0, 1.0, 1.0, 1.0, 1.0, 1.0, 1.0, 1.0, 1.0, 1.0, 1.0, 1.0, 1.0, 1.0, 1.0, 0.0, 0.0, 0.0, 0.0, 0.0, 0.0, 0.0, 0.0, 0.0, 0.0]",GC,False
219,ENTm3,0.5731627660107791,26.755966690495143,35.67462225399352,49.58572547989494,1.5,7,True,"[-0.38641346 -0.27005    -0.4448103  -0.50376923 -0.0343247   0.02325716
 -0.05442959  0.38460538 -0.406685   -0.27825267  0.31515269 -0.44168653
 -0.09747397 -0.17121421 -0.97300948  0.14123564 -0.05045259 -0.96300164
  0.33221547  0.18888705 -0.41587283 -0.17113764  0.22331953 -0.39955305
  0.17455255  0.01199617 -0.14253548  0.22854379  0.37275221 -0.25781745
 -0.30258973 -0.30491787 -0.40927111  0.37142684  0.68374268 -0.57127669
 -0.27308149 -0.50111272  0.4271088  -0.12234514 -0.3580976  -0.48095867
 -0.07878133 -0.2698198  -0.39821085 -0.42076124 -0.03054313 -0.26095662
 -0.27678658 -0.66702845  0.49351959 -0.17619974 -0.27550746 -0.52035759
 -0.44689798 -0.51276111 -0.39545797 -0.32637199 -0.66163518 -0.07139596
 -0.04623594  0.0033459  -0.19927194  0.18027302  0.06289216 -0.30455801
 -0.09105105  0.27651492 -0.55007235  0.16852722 -0.14602979  0.10295801
 -0.08086174  0.35630538 -0.05955022 -0.52169919 -0.31048729  0.08349086
  0.27401722  0.10360633  0.5334256  -0.34215795 -0.1079104  -0.33577836
 -0.21697048 -0.36458922 -0.10988567  0.24745114 -0.58236542 -0.47657101
  0.26665334 -0.1575568  -0.09254869 -0.55960171  0.08060797 -0.44546569
 -0.44989422  0.25078161 -0.19476079 -0.30137455 -0.21345481 -0.61925099
 -0.10896541 -0.41142366 -0.29769219 -0.13770242 -0.03925975 -0.04114362
 -0.09716745  0.17295335 -0.21245266 -0.46252436 -0.09768058 -0.45230306
 -0.42355686 -0.76102733  0.21779583  0.01642064 -0.71368565 -0.27815902
 -0.12888657  0.00466969 -0.26599598 -0.57849243 -0.38924354 -0.67411515
 -0.29120518 -0.89373845  0.02114465  0.32697499 -0.31754387 -0.09361252
 -0.43547241 -0.09247699  0.18393374  0.02165179 -0.16895001 -0.45745593
 -0.0337931   0.36862952  0.39569041 -0.22346541 -0.46547248  0.07782847
 -0.56856807 -0.33236355 -0.43620188 -0.22264902 -0.20016906 -0.37290484
 -0.60824839 -0.14358819 -0.80689052 -0.02478436  0.13534689 -0.40949145
 -0.06362933 -0.01350106 -0.26793361 -0.1818146  -0.21082089 -0.61305169
 -0.02266725 -0.29555636 -0.55623143 -0.05868712 -0.55115153  0.09033676
 -0.41727392 -0.07553861 -0.6530441  -0.3948159   0.43482228 -0.29824578
 -0.22468339 -0.20541168  0.51966514 -0.38009337 -0.69898331  0.82557051
 -0.6695526  -0.46006703 -0.58253192 -0.24100481 -0.41693822 -0.18662017
  0.11998605 -0.17699508 -0.18472423 -0.29748293 -0.32020219  0.31122281
 -0.33003802 -0.15497711 -0.01961939 -0.11818526 -0.30970165 -0.62166856
  0.24734664 -0.01860826]","[19.59401266 40.04132621 28.97702394 27.06387197 26.89827449 34.24078938
 26.39258023 28.1143638  37.51769192 42.50691315 38.62374929 23.16441759
 20.99353002 35.79908018 28.63815903 24.09662606 36.7955601  30.17676366
 21.33459067 27.68378631 31.31724164 29.22113537 27.333918   24.43157335
 29.30137996 30.16056318 28.92306135 32.89564387 27.37844301 33.54244132
 24.44579329 32.07004335 35.33359884 25.67846688 27.97032364 33.22309382
 24.54284164 30.04813231 49.58774183 26.49146253 32.53536859 25.31277476
 27.4206589  26.79799917 26.73906096 26.95674421 24.36208567 30.69082075
 27.38383319 29.99286254 32.24859366 25.14804768 31.30227235 28.54910885
 23.57706803 33.95629097 40.79535176 29.5580607  30.88350159 36.48658421
 24.20795717 26.87593984 24.65487649 37.11939936 26.6944024  32.83178108
 28.97465152 27.02877212 28.66038311 29.20635376 32.8973206  33.34072328
 30.10298002 29.40744829 30.34084654 33.94460115 36.37356565 30.36470295
 24.62999438 49.14153836 30.8502274  25.70018623 38.51211232 28.09601069
 33.67893403 27.66829673 28.26627674 22.45132335 31.75779149 25.78128464
 31.56709775 34.73549027 30.0697282  31.54874471 22.61353325 21.64496484
 31.84634314 21.27182833 36.34090895 37.10231363 32.44351225 20.14097124
 31.94370845 25.66149285 33.37956705 26.82179622 31.66895401 34.82897072
 46.510323   24.25208111 42.43958017 25.66501339 33.76357966 35.45583361
 33.00833934 23.48895581 29.35882076 33.16760799 35.63618587 32.00167827
 33.10461863 32.67870738 28.34682023 26.03631826 26.66846609 22.70319628
 24.33971321 32.52617111 26.27424229 30.76398478 25.72286901 30.90870438
 29.59731615 27.97383449 33.77468182 23.21834801 37.14936143 24.92387246
 24.6132874  34.73758249 27.23766694 34.55795441 27.40760958 27.86496282
 24.76238431 33.33805809 33.57325174 29.97875591 42.7934158  27.18220383
 31.51121015 33.31389129 29.00681331 31.79638991 23.66432161 32.52622011
 35.32378458 27.90204831 25.97349403 26.0831828  24.6230893  37.77642888
 27.14654025 25.77859819 25.37429159 29.10048015 26.25895071 38.32370559
 42.6024628  31.60158323 38.95595805 37.56739357 46.41065332 31.848437
 39.13877886 31.04175093 27.10502767 32.34185448 31.34172196 18.87703228
 34.04861659 23.80487162 29.64336189 31.04635179 26.12836254 30.0308075
 27.66112978 26.37034849 28.95702173 31.26040342 28.86345324 34.28813863
 31.20283965 23.45729389 28.11975764 29.06040786 27.06845536 27.26534352
 24.44957266 37.22775621]","[26.12535021 53.38843495 38.63603192 36.08516263 35.86436599 45.65438585
 35.19010698 37.4858184  50.02358923 56.6758842  51.49833239 30.88589013
 27.99137336 47.73210691 38.18421204 32.12883474 49.0607468  40.23568488
 28.44612089 36.91171508 41.75632219 38.96151382 36.445224   32.57543114
 39.06850661 40.21408425 38.56408181 43.86085849 36.50459069 44.72325509
 32.59439106 42.7600578  47.11146511 34.23795584 37.29376486 44.29745843
 32.72378885 40.06417641 66.11698911 35.32195004 43.38049146 33.75036634
 36.56087853 35.73066556 35.65208128 35.94232561 32.48278089 40.92109433
 36.51177759 39.99048338 42.99812489 33.53073024 41.73636313 38.06547847
 31.4360907  45.27505463 54.39380235 39.41074761 41.17800213 48.64877895
 32.27727622 35.83458646 32.87316865 49.49253249 35.59253653 43.7757081
 38.6328687  36.03836283 38.21384414 38.94180501 43.86309414 44.45429771
 40.13730669 39.20993106 40.45446206 45.2594682  48.49808754 40.4862706
 32.83999251 65.52205115 41.13363653 34.26691497 51.34948309 37.46134758
 44.90524537 36.8910623  37.68836899 29.9350978  42.34372198 34.37504618
 42.08946367 46.31398702 40.09297093 42.06499294 30.15137767 28.85995312
 42.46179085 28.36243778 48.45454527 49.46975151 43.25801634 26.85462832
 42.59161126 34.2153238  44.50608941 35.76239496 42.22527201 46.43862763
 62.013764   32.33610814 56.58610689 34.22001786 45.01810621 47.27444482
 44.01111911 31.31860774 39.14509434 44.22347731 47.51491449 42.66890437
 44.1394915  43.57160984 37.79576031 34.71509101 35.55795479 30.27092837
 32.45295095 43.36822814 35.03232305 41.01864637 34.29715868 41.21160584
 39.46308821 37.29844599 45.0329091  30.95779734 49.5324819  33.23182995
 32.81771654 46.31677666 36.31688926 46.07727255 36.54347944 37.15328376
 33.01651241 44.45074412 44.76433566 39.97167454 57.05788774 36.24293844
 42.01494686 44.41852172 38.67575108 42.39518654 31.55242881 43.36829348
 47.09837943 37.20273108 34.63132538 34.77757707 32.83078574 50.36857184
 36.195387   34.37146425 33.83238879 38.80064019 35.01193428 51.09827412
 56.80328373 42.1354443  51.9412774  50.08985809 61.8808711  42.46458266
 52.18503849 41.38900124 36.1400369  43.12247265 41.78896262 25.16937637
 45.39815546 31.73982882 39.52448252 41.39513572 34.83781672 40.04107667
 36.88150637 35.16046465 38.60936231 41.68053789 38.48460432 45.71751817
 41.6037862  31.27639186 37.49301018 38.74721048 36.09127382 36.35379136
 32.59943021 49.63700828]","[17.84121038 50.06727229  2.67088043 19.11976185 50.88862    24.24593174
 53.69671707  0.945296   14.0484747  51.96324338 28.03281712 32.20165765
  3.79216977 30.09244547 29.48261873 52.15294476 37.78886253 46.42265142
 27.82808319  3.5582451  10.64283999 31.21261195 42.41224503  0.58906714
 50.43002419 43.28287426 24.22475594 34.17752399 28.65861835 38.89598264
 50.37952495 53.98296515  2.57214363 23.17468842 28.5273148  17.12869579
 40.29999844 34.75432759 52.63085232  6.50164321 26.41460313 38.49815997
 42.12595195 27.44207789 52.50602088  0.87561874 19.55258571 51.45347075
 26.54984927 21.79552083 20.97773076  8.33245402 25.55342096 16.83323117
 30.06986772 36.28331325 33.10850927 11.2692583  11.21105361  6.0636662
  7.71722489 12.69744669 38.42582044  2.00924236 16.27301519 27.85336383
 53.77778126 43.36736431 23.17212875 59.47576332 27.55474419 54.90818491
 45.80928209 13.88638841 41.13180171 33.24871246 14.83698374 17.77255793
 30.12820528 53.35630007 39.14163886 45.31464756 19.756197   46.73787324
 45.75843525 53.58957216 55.78593804 39.26793959 48.72582788  3.31929954
 35.44141753 45.44937265 10.8777028  57.41986379 58.66508851 47.08567706
 16.53363198 16.74290472 40.78089005  2.31780969 14.72673409 46.31092503
 51.39613755 52.86623313 59.69697288 33.65730495  0.86511725 31.32228606
 59.51719938 10.2334106  26.88451911 59.05498725  6.74129414 55.06430943
 37.70784478 42.41116644 20.97287321 26.20225222 52.17987822 44.05200306
 45.96086326 30.38140992 10.71877255 54.85289708 11.44599552 44.95470946
  6.71289501 50.36494523 41.44640896 49.98975625 19.4365595  53.45845997
 46.27663217 30.87551336 39.37060454  3.54332841 20.61712212 37.85616208
  1.76945009 24.53534085 49.64164291 46.96993309 15.47733786 43.31168456
 19.09467057 10.51303491 37.07260714  0.17096287 13.74591553  6.89003625
 14.15383991 59.32743613 52.81147541  7.0017965  38.11826178 20.29364419
 36.0410288   6.16075072  3.80994687 51.76144057 29.13723292 36.12758032
 30.00578589 52.85334558 33.87669469 23.48772412 37.93892324  1.67460916
 54.70393123 28.78756865  8.28196837 44.10929956 59.37266269 23.14908603
 42.32316936 50.31273852 24.66438703 54.03737772 37.35884418 15.69529028
 28.00001371 58.42784843 17.98861491 13.20640954 17.01122462 48.9505672
 23.27388032 21.47738069 11.30739069  4.52504988 12.01097229 17.03526067
 13.62267323 59.73813618 37.78276801 44.20276144 36.25704373 35.61917858
 31.85519043 10.56975557]","[1.5 1.5 1.5 1.5 1.5 1.5 1.5 1.5 1.5 1.5 1.5 1.5 1.5 1.5 1.5 1.5 1.5 1.5
 1.5 1.5 1.5 1.5 1.5 1.5 1.5 1.5 1.5 1.5 1.5 1.5 1.5 1.5 1.5 1.5 1.5 1.5
 1.5 1.5 1.5 1.5 1.5 1.5 1.5 1.5 1.5 1.5 1.5 1.5 1.5 1.5 1.5 1.5 1.5 1.5
 1.5 1.5 1.5 1.5 1.5 1.5 1.5 1.5 1.5 1.5 1.5 1.5 1.5 1.5 1.5 1.5 1.5 1.5
 1.5 1.5 1.5 1.5 1.5 1.5 1.5 1.5 1.5 1.5 1.5 1.5 1.5 1.5 1.5 1.5 1.5 1.5
 1.5 1.5 1.5 1.5 1.5 1.5 1.5 1.5 1.5 1.5 1.5 1.5 1.5 1.5 1.5 1.5 1.5 1.5
 1.5 1.5 1.5 1.5 1.5 1.5 1.5 1.5 1.5 1.5 1.5 1.5 1.5 1.5 1.5 1.5 1.5 1.5
 1.5 1.5 1.5 1.5 1.5 1.5 1.5 1.5 1.5 1.5 1.5 1.5 1.5 1.5 1.5 1.5 1.5 1.5
 1.5 1.5 1.5 1.5 1.5 1.5 1.5 1.5 1.5 1.5 1.5 1.5 1.5 1.5 1.5 1.5 1.5 1.5
 1.5 1.5 1.5 1.5 1.5 1.5 1.5 1.5 1.5 1.5 1.5 1.5 1.5 1.5 1.5 1.5 1.5 1.5
 1.5 1.5 1.5 1.5 1.5 1.5 1.5 1.5 1.5 1.5 1.5 1.5 1.5 1.5 1.5 1.5 1.5 1.5
 1.5 1.5]",,29,23,7.357357357357358,7.0,7.0,0.5731627660107791,0.24927491904810561,0.0519724364187987,0.04271298983440877,-3270.0,2789.0855637976533,4244.141347577804,532.0,1215.0,0.022551935123660157,5.3389199628243045,4.361095121661958,4.096256272543248,OF1,GC,98.18181818181819,100.0,91.66666666666667,72.72727272727273,"[1.0, 1.0, 1.0, 1.0, 1.0, 1.0, 1.0, 1.0, 1.0, 1.0, 1.0, 1.0, 1.0, 1.0, 1.0, 1.0, 1.0, 1.0, 1.0, 1.0, 1.0, 1.0, 1.0, 1.0, 1.0, 1.0, 1.0, 1.0, 1.0, 1.0, 1.0, 1.0, 1.0, 1.0, 1.0, 1.0, 1.0, 1.0, 1.0, 1.0, 1.0, 1.0, 1.0, 1.0, 1.0, 1.0, 1.0, 1.0, 1.0, 1.0, 1.0, 1.0, 1.0, 1.0, 1.0, 1.0, 1.0, 1.0, 1.0, 1.0, 1.0, 1.0, 1.0, 1.0, 1.0, 1.0, 1.0, 1.0, 1.0, 1.0, 1.0, 1.0, 1.0, 1.0, 1.0, 1.0, 1.0, 1.0, 1.0, 1.0, 1.0, 1.0, 1.0, 1.0, 1.0, 1.0, 1.0, 1.0, 1.0, 1.0, 1.0, 1.0, 1.0, 0.0, 0.0, 1.0, 1.0, 1.0, 1.0, 0.0, 0.0, 0.0, 0.0, 0.0, 0.0, 0.0, 0.0, 0.0, 0.0, 0.0, 0.0, 0.0, 0.0, 1.0, 1.0, 1.0, 1.0, 1.0, 1.0, 1.0, 1.0, 1.0, 1.0, 1.0, 1.0, 1.0, 1.0, 1.0, 1.0, 0.0, 0.0, 0.0, 0.0, 0.0, 0.0, 0.0, 0.0, 0.0, 0.0, 0.0, 0.0, 0.0, 0.0, 0.0, 0.0, 0.0, 0.0]",GC,False
332,ENTm3,0.31855255420191114,42.4021560488263,56.53620806510173,14.657572477784866,1.5,7,True,,,,,,,29,23,7.357357357357358,-7.0,-30.0,0.31855255420191114,-0.07048443501361147,0.015259224109343383,0.01647002475091643,-3510.0,3268.699423848163,4297.733560930948,782.0,720.0,0.08513376847171038,13.49584085349971,20.578370906455334,6.488336926879767,OF1,GC,97.01492537313433,92.5,,,"[1.0, 1.0, 1.0, 1.0, 1.0, 1.0, 1.0, 1.0, 1.0, 1.0, 1.0, 1.0, 1.0, 1.0, 1.0, 1.0, 1.0, 1.0, 1.0, 1.0, 1.0, 1.0, 1.0, 1.0, 1.0, 1.0, 1.0, 1.0, 1.0, 1.0, 1.0, 1.0, 1.0, 1.0, 1.0, 1.0, 1.0, 1.0, 1.0, 1.0, 1.0, 1.0, 1.0, 1.0, 1.0, 1.0, 1.0, 1.0, 1.0, 1.0, 1.0, 1.0, 1.0, 1.0, 1.0, 1.0, 1.0, 1.0, 1.0, 1.0, 1.0, 1.0, 1.0, 1.0, 1.0, 1.0, 1.0, 1.0, 1.0, 1.0, 1.0, 1.0, 1.0, 1.0, 1.0, 1.0, 1.0, 1.0, 1.0, 1.0, 1.0, 1.0, 1.0, 1.0, 1.0, 1.0, 1.0, 1.0, 1.0, 1.0, 1.0, 1.0, 1.0, 1.0, 1.0, 1.0, 1.0, 1.0, 1.0, 1.0, 1.0, 1.0, 1.0, 1.0, 1.0, 1.0, 1.0, 1.0, 1.0, 1.0, 1.0, 1.0, 1.0, 1.0, 1.0, 1.0, 1.0, 1.0, 1.0, 1.0, 1.0, 1.0, 1.0, 1.0, 1.0, 1.0, 1.0, 1.0, 1.0, 1.0, 1.0, 1.0, 1.0, 1.0, 1.0, 1.0, 1.0, 1.0, 1.0, 1.0, 1.0, 1.0, 1.0, 1.0, 1.0, 1.0, 1.0]",GC,False
341,ENTm3,-0.5410807461269884,46.23397435099001,61.64529913465334,21.56067166095879,1.5,7,False,,,,,,,29,23,7.357357357357358,2.0,-29.0,-0.5410807461269884,-0.3808745289290237,0.027625932818062034,0.03465881577105146,-3510.0,3238.757592392758,4295.866282404284,782.0,750.0,0.0753088845574978,12.913699058739756,9.526931005028871,16.016652982456964,OF2,GC,97.01492537313433,92.5,,,"[1.0, 1.0, 1.0, 1.0, 1.0, 1.0, 1.0, 1.0, 1.0, 1.0, 1.0, 1.0, 1.0, 1.0, 1.0, 1.0, 1.0, 1.0, 1.0, 1.0, 1.0, 1.0, 1.0, 1.0, 1.0, 1.0, 1.0, 1.0, 1.0, 1.0, 1.0, 1.0, 1.0, 1.0, 1.0, 1.0, 1.0, 1.0, 1.0, 1.0, 1.0, 1.0, 1.0, 1.0, 1.0, 1.0, 1.0, 1.0, 1.0, 1.0, 1.0, 1.0, 1.0, 1.0, 1.0, 1.0, 1.0, 1.0, 1.0, 1.0, 1.0, 1.0, 1.0, 1.0, 1.0, 1.0, 1.0, 1.0, 1.0, 1.0, 1.0, 1.0, 1.0, 1.0, 1.0, 1.0, 1.0, 1.0, 1.0, 1.0, 1.0, 1.0, 1.0, 1.0, 1.0, 1.0, 1.0, 1.0, 1.0, 1.0, 1.0, 1.0, 1.0, 1.0, 1.0, 1.0, 1.0, 1.0, 1.0, 1.0, 1.0, 1.0, 1.0, 1.0, 1.0, 1.0, 1.0, 1.0, 1.0, 1.0, 1.0, 1.0, 1.0, 1.0, 1.0, 1.0, 1.0, 1.0, 1.0, 1.0, 1.0, 1.0, 1.0, 1.0, 1.0, 1.0, 1.0, 1.0, 1.0, 1.0, 1.0, 1.0, 1.0, 1.0, 1.0, 1.0, 1.0, 1.0, 1.0, 1.0, 1.0, 1.0, 1.0, 1.0, 1.0, 1.0, 1.0]",GC,False
343,ENTm3,0.35663600703873766,66.82581614551877,89.10108819402502,29.77935056926099,1.5,7,True,,,,,,,29,23,7.357357357357358,2.0,-38.0,0.35663600703873766,-0.5205024839603634,0.16573125735563587,0.15837712191029868,-3510.0,3238.757592392758,4295.866282404284,782.0,750.0,0.01616595457747577,5.463070139069775,6.174677562895592,4.645437256825112,OF1,GC,97.01492537313433,92.5,,,"[1.0, 1.0, 1.0, 1.0, 1.0, 1.0, 1.0, 1.0, 1.0, 1.0, 1.0, 1.0, 1.0, 1.0, 1.0, 1.0, 1.0, 1.0, 1.0, 1.0, 1.0, 1.0, 1.0, 1.0, 1.0, 1.0, 1.0, 1.0, 1.0, 1.0, 1.0, 1.0, 1.0, 1.0, 1.0, 1.0, 1.0, 1.0, 1.0, 1.0, 1.0, 1.0, 1.0, 1.0, 1.0, 1.0, 1.0, 1.0, 1.0, 1.0, 1.0, 1.0, 1.0, 1.0, 1.0, 1.0, 1.0, 1.0, 1.0, 1.0, 1.0, 1.0, 1.0, 1.0, 1.0, 1.0, 1.0, 1.0, 1.0, 1.0, 1.0, 1.0, 1.0, 1.0, 1.0, 1.0, 1.0, 1.0, 1.0, 1.0, 1.0, 1.0, 1.0, 1.0, 1.0, 1.0, 1.0, 1.0, 1.0, 1.0, 1.0, 1.0, 1.0, 1.0, 1.0, 1.0, 1.0, 1.0, 1.0, 1.0, 1.0, 1.0, 1.0, 1.0, 1.0, 1.0, 1.0, 1.0, 1.0, 1.0, 1.0, 1.0, 1.0, 1.0, 1.0, 1.0, 1.0, 1.0, 1.0, 1.0, 1.0, 1.0, 1.0, 1.0, 1.0, 1.0, 1.0, 1.0, 1.0, 1.0, 1.0, 1.0, 1.0, 1.0, 1.0, 1.0, 1.0, 1.0, 1.0, 1.0, 1.0, 1.0, 1.0, 1.0, 1.0, 1.0, 1.0]",GC,False
362,ENTm3,0.3275834396642837,24.095031002497116,32.12670800332949,47.199316833156516,1.5,7,True,,,,,,,29,23,7.357357357357358,4.0,2.0,0.3275834396642837,-0.38791623236499473,0.018439872396863632,0.025023992321207764,-3510.0,3148.932098026544,4290.264446824293,782.0,840.0,0.018469231777340722,7.071473819032045,7.186018437336398,7.104022325530673,OF1,GC,97.01492537313433,92.5,,,"[1.0, 1.0, 1.0, 1.0, 1.0, 1.0, 1.0, 1.0, 1.0, 1.0, 1.0, 1.0, 1.0, 1.0, 1.0, 1.0, 1.0, 1.0, 1.0, 1.0, 1.0, 1.0, 1.0, 1.0, 1.0, 1.0, 1.0, 1.0, 1.0, 1.0, 1.0, 1.0, 1.0, 1.0, 1.0, 1.0, 1.0, 1.0, 1.0, 1.0, 1.0, 1.0, 1.0, 1.0, 1.0, 1.0, 1.0, 1.0, 1.0, 1.0, 1.0, 1.0, 1.0, 1.0, 1.0, 1.0, 1.0, 1.0, 1.0, 1.0, 1.0, 1.0, 1.0, 1.0, 1.0, 1.0, 1.0, 1.0, 1.0, 1.0, 1.0, 1.0, 1.0, 1.0, 1.0, 1.0, 1.0, 1.0, 1.0, 1.0, 1.0, 1.0, 1.0, 1.0, 1.0, 1.0, 1.0, 1.0, 1.0, 1.0, 1.0, 1.0, 1.0, 1.0, 1.0, 1.0, 1.0, 1.0, 1.0, 1.0, 1.0, 1.0, 1.0, 1.0, 1.0, 1.0, 1.0, 1.0, 1.0, 1.0, 1.0, 1.0, 1.0, 1.0, 1.0, 1.0, 1.0, 1.0, 1.0, 1.0, 1.0, 1.0, 1.0, 1.0, 1.0, 1.0, 1.0, 1.0, 1.0, 1.0, 1.0, 1.0, 1.0, 1.0, 1.0, 1.0, 1.0, 1.0, 1.0, 1.0, 1.0, 1.0, 1.0, 1.0, 1.0, 1.0, 1.0]",GC,False
376,ENTm3,0.12333481758617917,24.58114235752013,32.7748564766935,51.15378143535048,1.5,7,False,,,,,,,29,23,7.357357357357358,9.0,-14.0,0.12333481758617917,-0.596775626643981,0.02995029143604789,0.02264475476579816,-3510.0,3089.0484351157347,4286.529889770966,750.0,900.0,0.0434489958203131,11.069710593685988,14.66111041950884,8.751045712639007,OF2,GC,97.01492537313433,92.5,,,"[1.0, 1.0, 1.0, 1.0, 1.0, 1.0, 1.0, 1.0, 1.0, 1.0, 1.0, 1.0, 1.0, 1.0, 1.0, 1.0, 1.0, 1.0, 1.0, 1.0, 1.0, 1.0, 1.0, 1.0, 1.0, 1.0, 1.0, 1.0, 1.0, 1.0, 1.0, 1.0, 1.0, 1.0, 1.0, 1.0, 1.0, 1.0, 1.0, 1.0, 1.0, 1.0, 1.0, 1.0, 1.0, 1.0, 1.0, 1.0, 1.0, 1.0, 1.0, 1.0, 1.0, 1.0, 1.0, 1.0, 1.0, 1.0, 1.0, 1.0, 1.0, 1.0, 1.0, 1.0, 1.0, 1.0, 1.0, 1.0, 1.0, 1.0, 1.0, 1.0, 1.0, 1.0, 1.0, 1.0, 1.0, 1.0, 1.0, 1.0, 1.0, 1.0, 1.0, 1.0, 1.0, 1.0, 1.0, 1.0, 1.0, 1.0, 1.0, 1.0, 1.0, 1.0, 1.0, 1.0, 1.0, 1.0, 1.0, 1.0, 1.0, 1.0, 1.0, 1.0, 1.0, 1.0, 1.0, 1.0, 1.0, 1.0, 1.0, 1.0, 1.0, 1.0, 1.0, 1.0, 1.0, 1.0, 1.0, 1.0, 1.0, 1.0, 1.0, 1.0, 1.0, 1.0, 1.0, 1.0, 1.0, 1.0, 1.0, 1.0, 1.0, 1.0, 1.0, 1.0, 1.0, 1.0, 1.0, 1.0, 1.0, 1.0, 1.0, 1.0, 1.0, 1.0, 1.0]",GC,False
385,ENTm3,-0.43258580609844044,54.76691886592528,73.02255848790037,43.32858297551193,1.5,7,False,,,,,,,29,23,7.357357357357358,4.0,-6.0,-0.43258580609844044,-0.11318674395682357,0.021270638975650045,0.017907412027868382,-3510.0,3074.077519388032,4285.596250507634,782.0,915.0,0.05855164843247384,19.42545672006177,22.219508898752192,17.13216062035021,OF2,GC,97.01492537313433,92.5,,,"[1.0, 1.0, 1.0, 1.0, 1.0, 1.0, 1.0, 1.0, 1.0, 1.0, 1.0, 1.0, 1.0, 1.0, 1.0, 1.0, 1.0, 1.0, 1.0, 1.0, 1.0, 1.0, 1.0, 1.0, 1.0, 1.0, 1.0, 1.0, 1.0, 1.0, 1.0, 1.0, 1.0, 1.0, 1.0, 1.0, 1.0, 1.0, 1.0, 1.0, 1.0, 1.0, 1.0, 1.0, 1.0, 1.0, 1.0, 1.0, 1.0, 1.0, 1.0, 1.0, 1.0, 1.0, 1.0, 1.0, 1.0, 1.0, 1.0, 1.0, 1.0, 1.0, 1.0, 1.0, 1.0, 1.0, 1.0, 1.0, 1.0, 1.0, 1.0, 1.0, 1.0, 1.0, 1.0, 1.0, 1.0, 1.0, 1.0, 1.0, 1.0, 1.0, 1.0, 1.0, 1.0, 1.0, 1.0, 1.0, 1.0, 1.0, 1.0, 1.0, 1.0, 1.0, 1.0, 1.0, 1.0, 1.0, 1.0, 1.0, 1.0, 1.0, 1.0, 1.0, 1.0, 1.0, 1.0, 1.0, 1.0, 1.0, 1.0, 1.0, 1.0, 1.0, 1.0, 1.0, 1.0, 1.0, 1.0, 1.0, 1.0, 1.0, 1.0, 1.0, 1.0, 1.0, 1.0, 1.0, 1.0, 1.0, 1.0, 1.0, 1.0, 1.0, 1.0, 1.0, 1.0, 1.0, 1.0, 1.0, 1.0, 1.0, 1.0, 1.0, 1.0, 1.0, 1.0]",GC,False
389,ENTm3,1.161533979268514,23.565777066105884,31.421036088141175,48.53481066464378,1.5,7,True,,,,,,,29,23,7.357357357357358,5.0,8.0,1.161533979268514,-0.04785023770778178,0.17913298966014007,0.13780664389848313,-3510.0,3044.135687932628,4283.7289719809705,750.0,945.0,-1.9882607606794414e-05,7.579171746471623,7.936609975945266,6.5299021858604185,OF1,GC,98.38709677419355,100.0,80.0,33.333333333333336,"[1.0, 1.0, 1.0, 1.0, 1.0, 1.0, 1.0, 1.0, 1.0, 1.0, 1.0, 1.0, 1.0, 1.0, 1.0, 1.0, 1.0, 1.0, 1.0, 1.0, 1.0, 1.0, 1.0, 1.0, 1.0, 1.0, 1.0, 1.0, 1.0, 1.0, 1.0, 1.0, 1.0, 1.0, 1.0, 1.0, 1.0, 1.0, 1.0, 1.0, 1.0, 1.0, 1.0, 1.0, 1.0, 1.0, 1.0, 1.0, 1.0, 1.0, 1.0, 1.0, 1.0, 1.0, 1.0, 1.0, 1.0, 1.0, 1.0, 1.0, 1.0, 1.0, 1.0, 1.0, 1.0, 1.0, 1.0, 1.0, 1.0, 1.0, 1.0, 1.0, 1.0, 1.0, 1.0, 1.0, 1.0, 1.0, 1.0, 1.0, 1.0, 1.0, 1.0, 1.0, 1.0, 1.0, 1.0, 1.0, 1.0, 1.0, 1.0, 1.0, 1.0, 1.0, 1.0, 1.0, 1.0, 1.0, 1.0, 1.0, 1.0, 1.0, 1.0, 1.0, 1.0, 1.0, 1.0, 1.0, 1.0, 1.0, 1.0, 1.0, 1.0, 1.0, 1.0, 1.0, 1.0, 1.0, 1.0, 1.0, 1.0, 1.0, 1.0, 1.0, 1.0, 1.0, 1.0, 1.0, 1.0, 1.0, 1.0, 1.0, 1.0, 0.0, 0.0, 0.0, 0.0, 0.0, 0.0, 0.0, 0.0, 0.0, 0.0, 0.0, 0.0, 0.0, 0.0]",GC,False
411,ENTm5,0.9038245426644558,25.59690435954743,34.129205812729914,51.143592383522765,1.5,7,True,"[-7.10690624e-02 -7.71563185e-02 -4.17404738e-03  1.93432988e-01
 -4.71280484e-01  2.30832054e-01 -2.53609157e-01  1.78902464e-01
 -1.56112809e-01 -6.51246867e-01 -7.29959823e-02 -3.83420601e-01
 -4.10555459e-01 -8.97880280e-01 -4.84749383e-02 -4.63852041e-01
  2.19722031e-01 -4.17633862e-01 -4.08032115e-01 -1.75779126e-01
  4.41785361e-01 -4.75033128e-01  2.94951781e-01 -1.12847465e-01
 -1.50821670e-02 -2.58550087e-01  1.96240328e-01 -1.57780411e-01
 -4.36524198e-01 -3.19283829e-01  5.56115250e-01 -8.92298440e-02
 -2.66609170e-01 -4.18351938e-02  2.49140075e-01  5.58068794e-01
 -7.99687228e-01  5.99311543e-01 -3.33896312e-01 -3.20168768e-01
 -3.41432298e-01 -2.48762407e-01  1.29729460e-01 -6.27056866e-01
 -8.01162143e-01 -2.38120586e-01 -7.93348116e-01 -3.68779138e-01
 -3.30337337e-01 -2.15967487e-01 -6.94640731e-02 -3.87224819e-01
 -4.73143685e-02  8.08622248e-01 -1.64357765e-01 -3.87570792e-01
  2.85948497e-01 -1.43735329e-01 -1.61280605e-01 -7.52179114e-01
  5.70614039e-02 -1.36244757e-01 -3.53347921e-01 -3.12789108e-01
 -4.77678101e-01 -6.47476282e-01 -2.09108356e-01 -9.67624600e-01
  9.27498779e-02 -1.55868917e-01  3.16735195e-01 -1.77753860e-01
  2.75023378e-01 -2.45987014e-01 -2.52063695e-01 -1.80465363e-02
  7.49738641e-02 -8.06884517e-02  2.02677850e-02  1.08299368e-02
 -2.29484388e-01 -3.76448455e-01 -4.71275082e-01  4.63160924e-01
 -2.43031758e-01 -2.78199788e-01 -1.72606613e-01 -2.28908961e-01
 -4.27618272e-01  7.79415078e-02 -1.39823247e-01 -2.02285532e-01
 -2.99557675e-01 -6.36494680e-01 -6.13843710e-01  6.57969731e-02
 -4.10189940e-01  4.59978006e-01 -4.66922622e-01 -3.36019631e-01
 -6.58544419e-01 -3.29675864e-01  3.73288647e-01 -3.22665497e-01
 -3.83391186e-01 -6.36085059e-02 -5.87937945e-01 -1.16124634e-01
  3.95947175e-01 -6.16067199e-01  1.93719018e-01  3.46875022e-02
  1.80771268e-01 -7.24834744e-01  4.00587693e-04 -4.94599193e-01
  1.38380653e-02 -3.04643461e-01 -3.10876351e-01 -2.92026699e-01
 -1.72677165e-01 -3.84362936e-01  4.66483387e-01 -2.69719082e-01
 -2.92049605e-01  6.74993513e-02  1.80332697e-01 -3.63359645e-01
 -1.90031343e-01 -2.58834190e-01  5.13730494e-02 -2.38633010e-01
  8.26148209e-02  6.61639383e-02 -8.02691704e-01 -1.13414785e-01
 -2.09321248e-01  2.29408614e-01 -3.28683548e-01 -1.23613815e-01
  8.00672309e-01 -3.04130239e-01 -5.09902396e-01  1.55434187e-04
 -1.98373757e-01 -7.65936404e-02 -9.93117029e-02  1.40992609e-01
 -5.99966217e-01 -3.70109349e-02 -3.59537539e-01 -1.38162346e-01
  2.13149487e-02 -3.21197861e-01 -4.97329233e-01 -8.83857353e-02
 -1.75320166e-01 -1.49843044e-01 -1.21590612e-01  6.99372513e-02
 -4.75075034e-01 -5.20967999e-01 -2.15957885e-01 -4.77371659e-01
  1.60633745e-01  3.77589331e-01 -2.64936210e-01 -3.35306536e-01
 -2.43265214e-01 -8.07019052e-01  4.38136684e-01  2.40380005e-01
 -6.38732585e-01 -6.10162404e-01  2.09454596e-01 -2.56575139e-01
 -9.68839400e-02  1.98877864e-03  1.54196374e-01 -5.17527102e-01
 -4.22767468e-01 -1.84485078e-01 -6.24093480e-01 -6.21034781e-01
 -1.74133217e-01 -1.87566942e-02  2.51663828e-02  4.52165517e-02
 -3.97643815e-01 -6.24280918e-01  6.70402155e-01 -4.82547874e-01
 -4.68610768e-01 -1.84869578e-01 -1.91588561e-03 -2.73951995e-01
 -1.91342547e-01 -2.43850449e-01 -2.28343685e-01  1.99419073e-01]","[26.26262727 30.86873798 37.01705445 37.02508621 23.61615466 26.14769529
 33.44297862 44.6639458  36.94972071 31.53484384 31.68200237 35.8611535
 26.96409637 29.29305042 28.56356176 31.99397028 25.45543176 32.77256758
 36.15316755 39.15745294 28.49284811 39.64541345 26.94656836 32.25646741
 41.98279804 42.42219108 43.64352798 25.33513452 27.82543962 29.81923817
 31.17886514 53.37535707 36.95775392 32.23208446 29.78495672 27.14948046
 31.60946118 21.66637599 28.17990357 37.43881131 29.80624288 37.08796622
 33.31081934 23.07848374 29.17476923 27.08530365 21.74738285 30.69351792
 29.45051869 29.7117985  27.35473736 27.32176618 27.37887555 26.81114946
 35.06217335 35.77926091 38.20306059 26.60124289 28.44660972 32.36600376
 27.94285059 21.51910009 33.6363673  32.87414791 31.28552086 31.91967227
 34.27125594 21.77674278 33.12041891 30.98697997 33.66325591 27.09047517
 30.1766813  33.71217675 32.1267562  26.13977088 35.20668042 29.83758585
 23.22810765 38.84404523 37.71281526 24.20527806 26.9469545  29.22673931
 40.55466491 33.95173631 25.23038895 30.49305668 29.97427555 41.17569106
 42.21092901 21.93749739 38.31643672 26.29315827 31.15164837 27.86466041
 28.16005554 28.61359459 40.85131163 38.97109228 31.45060609 24.11087817
 39.32563898 36.14649621 39.30016595 30.08863461 40.2124147  31.67865549
 24.37258347 32.99598555 34.99558473 28.15548504 29.69795069 29.55941828
 29.89686639 27.77844692 36.4881169  30.13884897 31.53228232 30.36440611
 24.90196923 32.31634423 50.24986633 32.38811767 32.08256036 34.79936218
 23.74446274 32.38190815 23.8812655  27.17300282 26.74338009 30.74095113
 25.64225246 30.48141196 27.32482532 23.78106643 33.28118456 34.32027346
 27.62628979 25.74188512 24.96886001 32.67446833 37.79997261 32.52573978
 30.8009873  29.75959324 37.02937365 27.73593475 31.47974781 46.20163373
 35.72391071 30.77477159 21.0438778  30.21079514 25.68933228 26.75495119
 49.27037676 40.22663    35.77125402 34.02709865 29.83379769 36.92236313
 28.18110157 31.68206915 27.58487124 32.68648704 23.25345148 31.35459004
 26.90953147 35.92032455 31.94366779 21.48956023 26.13705403 26.30244794
 28.33620366 35.25950616 21.0223825  45.84985164 27.75151758 30.33536606
 28.63787655 36.5031558  29.79494139 38.12279294 35.7707338  36.16878298
 40.6489511  26.69410445 21.81604048 28.84074235 35.85470463 27.96092181
 28.07625911 27.57956792 33.37775521 26.58922968 27.65156589 30.45976397
 32.41149529 35.06768933]","[35.01683636 41.1583173  49.3560726  49.36678162 31.48820622 34.86359372
 44.59063817 59.55192773 49.26629428 42.04645846 42.24266983 47.81487133
 35.95212849 39.05740056 38.08474902 42.65862704 33.94057568 43.69675677
 48.2042234  52.20993725 37.99046414 52.86055126 35.92875781 43.00862322
 55.97706406 56.56292144 58.19137064 33.78017936 37.10058617 39.75898422
 41.57182019 71.16714277 49.27700523 42.97611261 39.71327563 36.19930728
 42.14594823 28.88850132 37.57320476 49.91841509 39.74165718 49.45062163
 44.41442579 30.77131165 38.8996923  36.1137382  28.99651047 40.92469056
 39.26735825 39.61573133 36.47298314 36.42902157 36.50516739 35.74819929
 46.74956447 47.70568121 50.93741413 35.46832385 37.92881296 43.15467168
 37.25713412 28.69213345 44.84848973 43.83219721 41.71402781 42.55956302
 45.69500792 29.03565703 44.16055855 41.3159733  44.88434122 36.12063355
 40.23557507 44.949569   42.83567493 34.85302784 46.94224056 39.78344779
 30.9708102  51.7920603  50.28375368 32.27370408 35.92927266 38.96898575
 54.07288655 45.26898175 33.6405186  40.6574089  39.96570074 54.90092141
 56.28123868 29.24999653 51.0885823  35.05754436 41.53553116 37.15288054
 37.54674072 38.15145946 54.46841551 51.96145637 41.93414145 32.14783756
 52.4341853  48.19532828 52.40022126 40.11817947 53.61655293 42.23820732
 32.49677795 43.9946474  46.66077963 37.54064672 39.59726758 39.4125577
 39.86248851 37.03792923 48.65082254 40.18513196 42.04304309 40.48587482
 33.20262564 43.08845898 66.99982177 43.1841569  42.77674714 46.39914957
 31.65928366 43.17587753 31.84168733 36.23067043 35.65784013 40.98793484
 34.18966995 40.64188261 36.43310043 31.70808857 44.37491275 45.76036461
 36.83505305 34.3225135  33.29181334 43.56595778 50.39996348 43.36765305
 41.06798307 39.67945765 49.3724982  36.98124633 41.97299708 61.60217831
 47.63188094 41.03302878 28.05850374 40.28106018 34.25244305 35.67326825
 65.69383568 53.63550666 47.69500536 45.36946487 39.77839692 49.2298175
 37.57480209 42.24275887 36.77982832 43.58198273 31.00460198 41.80612005
 35.87937529 47.89376607 42.59155705 28.65274698 34.84940537 35.06993058
 37.78160488 47.01267488 28.02984333 61.13313552 37.00202344 40.44715475
 38.1838354  48.67087441 39.72658852 50.83039059 47.69431173 48.22504397
 54.19860147 35.59213927 29.08805397 38.45432313 47.80627284 37.28122908
 37.43501214 36.77275722 44.50367362 35.45230625 36.86875452 40.61301862
 43.21532705 46.75691911]","[4.83397330e+01 3.43782658e+01 4.26241216e+01 1.61177231e+01
 2.71342311e+01 2.63103615e+01 1.76399152e+01 3.51621938e+01
 1.51780246e+01 2.75833480e+00 3.38402034e+01 9.76171871e+00
 3.39190404e+01 3.87330578e+01 6.08310836e+00 3.72742417e+01
 2.70815726e+01 2.03911409e+01 2.55830186e+01 3.11914731e+01
 3.61523176e+01 1.71513659e+01 2.30190161e+00 5.03617590e+01
 3.07145922e+00 1.63917514e+01 3.08013291e+00 1.01689889e+01
 1.89225317e+01 5.48526813e-02 3.71280863e+01 4.24838556e+01
 3.31904609e+01 3.05996022e+01 3.19704520e+01 1.31440637e-01
 3.27524480e+01 2.72896643e+01 1.09531034e+01 2.73897499e+01
 4.69261678e+01 5.56041973e+01 1.87366321e+01 2.81858402e+01
 7.51413907e+00 2.44775606e+01 3.56654326e+01 3.89093670e+01
 5.65160535e+01 1.04956521e+01 3.76249659e-01 5.80917086e+01
 1.48281186e+01 3.41435734e+00 3.88505588e+01 2.43821762e+01
 6.44311677e+00 2.04969474e+00 1.97072904e+01 4.49830110e+01
 5.39301095e+01 4.48389087e+01 1.93918881e+01 3.52510559e+01
 5.23866683e+01 3.91362521e+01 3.54010847e+01 1.63316737e+01
 5.10530283e+01 3.43901194e+01 2.54611687e+00 5.02789296e+01
 5.68621408e+01 4.45613172e+01 5.77650528e+01 5.19206568e+01
 4.69696268e+01 2.37699752e+01 4.94340238e+01 2.29419917e+00
 2.44836177e+01 5.34759915e+01 5.66760165e+01 3.26160346e+01
 2.46179140e+01 1.91460600e+01 5.35723349e+01 5.94666243e+01
 5.38788184e+01 2.40414530e+01 5.25121744e-01 3.43132565e+01
 9.31596032e+00 3.10916551e+01 4.28516270e+00 4.55289444e+01
 3.52215053e+01 1.27796536e+01 2.24283265e+01 5.23145707e+01
 1.71941540e+01 2.39609170e+01 4.06991620e+01 5.27851312e+01
 5.00905964e+01 3.79987699e+01 1.98767310e+01 3.36400884e+01
 3.47618464e+01 1.28473844e+01 9.23979123e+00 1.55558452e+01
 3.31219882e+01 5.99047758e+00 3.36242832e+00 1.43502751e+01
 5.47631867e+01 2.48856751e+01 4.47310879e+01 3.58035381e+01
 5.44402001e+01 1.10490045e+01 2.86533704e+01 2.21135863e+01
 1.73313002e+00 5.25377423e+00 3.27959277e+01 4.42544784e-01
 4.60886164e+01 1.10425126e+01 5.82284566e+01 3.38677082e+01
 1.99901000e+01 3.57916356e+01 1.78767080e+00 4.41546076e+01
 2.74842194e+01 4.12070463e+01 5.97940337e+01 2.83080230e+01
 5.75520523e+01 3.23225301e+00 1.72306284e+01 5.64689261e+01
 3.73096720e+01 3.91177150e+01 4.95842127e+01 1.82652860e+01
 1.12523807e+01 5.56284556e+01 1.57328087e+01 3.04668141e+01
 2.46709709e+01 5.07433435e+00 4.87420730e+01 6.93268701e+00
 4.06308412e+01 2.01625509e+01 2.11831473e+01 1.94757082e+01
 4.78356277e+01 4.04218993e+01 5.19064744e+01 4.06824738e+01
 1.77924693e+01 8.01354160e+00 3.07505527e+01 6.06629500e+00
 1.55519341e+01 9.08699433e+00 1.37368247e+01 3.28976370e+01
 1.19893528e+01 2.18617391e+01 2.45132740e+01 1.65587016e+01
 9.88808209e+00 2.56439051e+01 4.24346001e+01 4.95263622e+01
 1.14233838e+01 5.25067779e+01 4.25703996e+01 5.85566560e+01
 2.41938172e+01 3.86322508e+01 2.72734016e+01 1.22051022e+01
 5.89436640e+01 1.96694590e+01 3.16166355e+01 1.22598173e+01
 4.01868818e+01 1.02892382e+01 3.86308704e+01 5.57529329e+01
 1.20774547e+01 3.20032691e+01 1.44879895e+00 4.16707482e+01]","[1.5 1.5 1.5 1.5 1.5 1.5 1.5 1.5 1.5 1.5 1.5 1.5 1.5 1.5 1.5 1.5 1.5 1.5
 1.5 1.5 1.5 1.5 1.5 1.5 1.5 1.5 1.5 1.5 1.5 1.5 1.5 1.5 1.5 1.5 1.5 1.5
 1.5 1.5 1.5 1.5 1.5 1.5 1.5 1.5 1.5 1.5 1.5 1.5 1.5 1.5 1.5 1.5 1.5 1.5
 1.5 1.5 1.5 1.5 1.5 1.5 1.5 1.5 1.5 1.5 1.5 1.5 1.5 1.5 1.5 1.5 1.5 1.5
 1.5 1.5 1.5 1.5 1.5 1.5 1.5 1.5 1.5 1.5 1.5 1.5 1.5 1.5 1.5 1.5 1.5 1.5
 1.5 1.5 1.5 1.5 1.5 1.5 1.5 1.5 1.5 1.5 1.5 1.5 1.5 1.5 1.5 1.5 1.5 1.5
 1.5 1.5 1.5 1.5 1.5 1.5 1.5 1.5 1.5 1.5 1.5 1.5 1.5 1.5 1.5 1.5 1.5 1.5
 1.5 1.5 1.5 1.5 1.5 1.5 1.5 1.5 1.5 1.5 1.5 1.5 1.5 1.5 1.5 1.5 1.5 1.5
 1.5 1.5 1.5 1.5 1.5 1.5 1.5 1.5 1.5 1.5 1.5 1.5 1.5 1.5 1.5 1.5 1.5 1.5
 1.5 1.5 1.5 1.5 1.5 1.5 1.5 1.5 1.5 1.5 1.5 1.5 1.5 1.5 1.5 1.5 1.5 1.5
 1.5 1.5 1.5 1.5 1.5 1.5 1.5 1.5 1.5 1.5 1.5 1.5 1.5 1.5 1.5 1.5 1.5 1.5
 1.5 1.5]",,29,23,7.357357357357358,4.0,7.0,0.9038245426644558,-0.20443487598502977,0.08583921728654599,0.08524954953756292,-3510.0,2939.3392778387115,4277.193497137649,782.0,1050.0,0.07679363484531164,5.914125993548198,6.155517068569284,5.929803759327257,OF1,GC,97.01492537313433,92.5,,,"[1.0, 1.0, 1.0, 1.0, 1.0, 1.0, 1.0, 1.0, 1.0, 1.0, 1.0, 1.0, 1.0, 1.0, 1.0, 1.0, 1.0, 1.0, 1.0, 1.0, 1.0, 1.0, 1.0, 1.0, 1.0, 1.0, 1.0, 1.0, 1.0, 1.0, 1.0, 1.0, 1.0, 1.0, 1.0, 1.0, 1.0, 1.0, 1.0, 1.0, 1.0, 1.0, 1.0, 1.0, 1.0, 1.0, 1.0, 1.0, 1.0, 1.0, 1.0, 1.0, 1.0, 1.0, 1.0, 1.0, 1.0, 1.0, 1.0, 1.0, 1.0, 1.0, 1.0, 1.0, 1.0, 1.0, 1.0, 1.0, 1.0, 1.0, 1.0, 1.0, 1.0, 1.0, 1.0, 1.0, 1.0, 1.0, 1.0, 1.0, 1.0, 1.0, 1.0, 1.0, 1.0, 1.0, 1.0, 1.0, 1.0, 1.0, 1.0, 1.0, 1.0, 1.0, 1.0, 1.0, 1.0, 1.0, 1.0, 1.0, 1.0, 1.0, 1.0, 1.0, 1.0, 1.0, 1.0, 1.0, 1.0, 1.0, 1.0, 1.0, 1.0, 1.0, 1.0, 1.0, 1.0, 1.0, 1.0, 1.0, 1.0, 1.0, 1.0, 1.0, 1.0, 1.0, 1.0, 1.0, 1.0, 1.0, 1.0, 1.0, 1.0, 1.0, 1.0, 1.0, 1.0, 1.0, 1.0, 1.0, 1.0, 1.0, 1.0, 1.0, 1.0, 1.0, 1.0]",GC,False
416,ENTm5,0.3310206941408679,28.859505850270494,38.47934113369399,50.26274766088485,1.5,7,False,,,,,,,29,23,7.357357357357358,6.0,46.0,0.3310206941408679,-0.20350021668509286,0.021819064003331314,0.020186369015942934,-3510.0,2924.368362111009,4276.259857874316,750.0,1065.0,0.039326438632836816,11.810681384871712,15.630798045414194,9.512729083459453,OF1,GC,97.01492537313433,92.5,,,"[1.0, 1.0, 1.0, 1.0, 1.0, 1.0, 1.0, 1.0, 1.0, 1.0, 1.0, 1.0, 1.0, 1.0, 1.0, 1.0, 1.0, 1.0, 1.0, 1.0, 1.0, 1.0, 1.0, 1.0, 1.0, 1.0, 1.0, 1.0, 1.0, 1.0, 1.0, 1.0, 1.0, 1.0, 1.0, 1.0, 1.0, 1.0, 1.0, 1.0, 1.0, 1.0, 1.0, 1.0, 1.0, 1.0, 1.0, 1.0, 1.0, 1.0, 1.0, 1.0, 1.0, 1.0, 1.0, 1.0, 1.0, 1.0, 1.0, 1.0, 1.0, 1.0, 1.0, 1.0, 1.0, 1.0, 1.0, 1.0, 1.0, 1.0, 1.0, 1.0, 1.0, 1.0, 1.0, 1.0, 1.0, 1.0, 1.0, 1.0, 1.0, 1.0, 1.0, 1.0, 1.0, 1.0, 1.0, 1.0, 1.0, 1.0, 1.0, 1.0, 1.0, 1.0, 1.0, 1.0, 1.0, 1.0, 1.0, 1.0, 1.0, 1.0, 1.0, 1.0, 1.0, 1.0, 1.0, 1.0, 1.0, 1.0, 1.0, 1.0, 1.0, 1.0, 1.0, 1.0, 1.0, 1.0, 1.0, 1.0, 1.0, 1.0, 1.0, 1.0, 1.0, 1.0, 1.0, 1.0, 1.0, 1.0, 1.0, 1.0, 1.0, 1.0, 1.0, 1.0, 1.0, 1.0, 1.0, 1.0, 1.0, 1.0, 1.0, 1.0, 1.0, 1.0, 1.0]",GC,False
420,ENTm5,-0.129891253430907,30.131105564575197,40.1748074194336,47.53575901745275,1.5,7,False,,,,,,,29,23,7.357357357357358,4.0,-38.0,-0.129891253430907,-0.36954669294141584,0.07690331963381683,0.06335085043221408,-3510.0,2909.3974463833065,4275.326218610985,782.0,1080.0,0.040481409168899786,6.0163129170128125,7.883293817819886,4.193415065410522,OF2,GC,97.01492537313433,92.5,,,"[1.0, 1.0, 1.0, 1.0, 1.0, 1.0, 1.0, 1.0, 1.0, 1.0, 1.0, 1.0, 1.0, 1.0, 1.0, 1.0, 1.0, 1.0, 1.0, 1.0, 1.0, 1.0, 1.0, 1.0, 1.0, 1.0, 1.0, 1.0, 1.0, 1.0, 1.0, 1.0, 1.0, 1.0, 1.0, 1.0, 1.0, 1.0, 1.0, 1.0, 1.0, 1.0, 1.0, 1.0, 1.0, 1.0, 1.0, 1.0, 1.0, 1.0, 1.0, 1.0, 1.0, 1.0, 1.0, 1.0, 1.0, 1.0, 1.0, 1.0, 1.0, 1.0, 1.0, 1.0, 1.0, 1.0, 1.0, 1.0, 1.0, 1.0, 1.0, 1.0, 1.0, 1.0, 1.0, 1.0, 1.0, 1.0, 1.0, 1.0, 1.0, 1.0, 1.0, 1.0, 1.0, 1.0, 1.0, 1.0, 1.0, 1.0, 1.0, 1.0, 1.0, 1.0, 1.0, 1.0, 1.0, 1.0, 1.0, 1.0, 1.0, 1.0, 1.0, 1.0, 1.0, 1.0, 1.0, 1.0, 1.0, 1.0, 1.0, 1.0, 1.0, 1.0, 1.0, 1.0, 1.0, 1.0, 1.0, 1.0, 1.0, 1.0, 1.0, 1.0, 1.0, 1.0, 1.0, 1.0, 1.0, 1.0, 1.0, 1.0, 1.0, 1.0, 1.0, 1.0, 1.0, 1.0, 1.0, 1.0, 1.0, 1.0, 1.0, 1.0, 1.0, 1.0, 1.0]",GC,False
425,ENTm5,0.34812326820213846,29.709323513991794,39.61243135198906,16.328558184578398,1.5,7,True,,,,,,,29,23,7.357357357357358,41.0,38.0,0.34812326820213846,0.3857701112471562,0.03185237039081674,0.03000429990849613,-3510.0,2894.4265306556044,4274.392579347653,782.0,1095.0,0.09811514328116448,9.607420342750046,8.3164876025886,9.007711186844531,OF1,GC,97.01492537313433,92.3076923076923,,100.0,"[1.0, 1.0, 1.0, 1.0, 1.0, 1.0, 1.0, 1.0, 1.0, 1.0, 1.0, 1.0, 1.0, 1.0, 1.0, 1.0, 1.0, 1.0, 1.0, 1.0, 1.0, 1.0, 1.0, 1.0, 1.0, 1.0, 1.0, 1.0, 1.0, 1.0, 1.0, 1.0, 1.0, 1.0, 1.0, 1.0, 1.0, 1.0, 1.0, 1.0, 1.0, 1.0, 1.0, 1.0, 1.0, 1.0, 1.0, 1.0, 1.0, 1.0, 1.0, 1.0, 1.0, 1.0, 1.0, 1.0, 1.0, 1.0, 1.0, 1.0, 1.0, 1.0, 1.0, 1.0, 1.0, 1.0, 1.0, 1.0, 1.0, 1.0, 1.0, 1.0, 1.0, 1.0, 1.0, 1.0, 1.0, 1.0, 1.0, 1.0, 1.0, 1.0, 1.0, 1.0, 1.0, 1.0, 1.0, 1.0, 1.0, 1.0, 1.0, 1.0, 1.0, 1.0, 1.0, 1.0, 1.0, 1.0, 1.0, 1.0, 1.0, 1.0, 1.0, 1.0, 1.0, 1.0, 1.0, 1.0, 1.0, 1.0, 1.0, 1.0, 1.0, 1.0, 1.0, 1.0, 1.0, 1.0, 1.0, 1.0, 1.0, 1.0, 1.0, 1.0, 1.0, 1.0, 1.0, 1.0, 1.0, 1.0, 1.0, 0.0, 0.0, 1.0, 1.0, 1.0, 1.0, 1.0, 1.0, 1.0, 1.0, 1.0, 1.0, 1.0, 1.0, 1.0, 1.0]",GC,False
430,ENTm5,0.280521297422448,37.377429864662574,49.83657315288343,8.788848720209685,1.5,7,False,,,,,,,29,23,7.357357357357358,7.0,-39.0,0.280521297422448,0.04979641179358802,0.054146204948199494,0.05335192358547985,-3510.0,2864.484699200199,4272.525300820989,782.0,1125.0,0.03989978978907398,2.3153892273712997,2.19262700290626,2.117749945064216,OF1,GC,96.66666666666667,100.0,97.29729729729729,88.23529411764706,"[1.0, 1.0, 1.0, 1.0, 1.0, 1.0, 1.0, 1.0, 1.0, 0.0, 0.0, 0.0, 0.0, 0.0, 0.0, 1.0, 1.0, 0.0, 0.0, 0.0, 0.0, 1.0, 1.0, 1.0, 1.0, 1.0, 1.0, 1.0, 1.0, 1.0, 1.0, 0.0, 0.0, 1.0, 1.0, 1.0, 1.0, 1.0, 1.0, 1.0, 1.0, 1.0, 1.0, 1.0, 1.0, 0.0, 0.0, 0.0, 0.0, 0.0, 0.0, 0.0, 0.0, 1.0, 1.0, 0.0, 0.0, 0.0, 0.0, 0.0, 0.0, 0.0, 0.0, 0.0, 0.0, 0.0, 0.0, 0.0, 0.0, 0.0, 0.0, 0.0, 0.0, 0.0, 0.0, 0.0, 0.0, 0.0, 0.0, 0.0, 0.0, 1.0, 1.0, 1.0, 1.0, 1.0, 1.0, 0.0, 0.0, 0.0, 0.0, 1.0, 1.0, 1.0, 1.0, 1.0, 1.0, 1.0, 1.0, 1.0, 1.0, 0.0, 0.0, 0.0, 0.0, 0.0, 0.0, 0.0, 0.0, 1.0, 1.0, 1.0, 1.0, 1.0, 1.0, 1.0, 1.0, 0.0, 0.0, 0.0, 0.0, 0.0, 0.0, 0.0, 0.0, 0.0, 0.0, 0.0, 0.0, 0.0, 0.0, 0.0, 0.0, 0.0, 0.0, 0.0, 0.0, 0.0, 0.0, 0.0, 0.0, 0.0, 0.0, 0.0, 0.0, 0.0, 0.0]",GC,False
20,PAR,0.03537668187448083,26.05030405883671,34.733738745115616,38.608531492497455,1.5,7,False,,,,,,,29,23,7.357357357357358,-7.0,25.0,0.03537668187448083,-0.4507383141259753,0.09951821804909376,0.10334079932111122,-2760.0,2910.3473665281635,4285.790444821189,0.0,1095.0,0.01870877358662013,1.693020001202199,0.9996779648508785,2.0798216462443713,OF2,NG,100.0,100.0,84.61538461538461,64.70588235294117,"[1.0, 1.0, 1.0, 1.0, 1.0, 1.0, 1.0, 1.0, 1.0, 1.0, 1.0, 1.0, 1.0, 1.0, 1.0, 1.0, 1.0, 1.0, 1.0, 1.0, 1.0, 1.0, 1.0, 1.0, 1.0, 1.0, 1.0, 1.0, 1.0, 1.0, 1.0, 1.0, 1.0, 1.0, 1.0, 1.0, 1.0, 1.0, 1.0, 1.0, 1.0, 1.0, 1.0, 1.0, 1.0, 1.0, 1.0, 1.0, 1.0, 1.0, 1.0, 1.0, 1.0, 1.0, 1.0, 1.0, 1.0, 1.0, 1.0, 1.0, 1.0, 1.0, 1.0, 1.0, 1.0, 1.0, 1.0, 1.0, 1.0, 1.0, 1.0, 1.0, 1.0, 1.0, 1.0, 1.0, 1.0, 1.0, 1.0, 1.0, 1.0, 1.0, 1.0, 1.0, 1.0, 1.0, 1.0, 1.0, 1.0, 0.0, 0.0, 0.0, 0.0, 0.0, 0.0, 0.0, 0.0, 1.0, 1.0, 1.0, 1.0, 1.0, 1.0, 1.0, 1.0, 1.0, 1.0, 1.0, 1.0, 1.0, 1.0, 1.0, 1.0, 0.0, 0.0, 1.0, 1.0, 1.0, 1.0, 1.0, 1.0, 1.0, 1.0, 1.0, 1.0, 1.0, 1.0, 0.0, 0.0, 0.0, 0.0, 0.0, 0.0, 0.0, 0.0, 0.0, 0.0, 0.0, 0.0, 0.0, 0.0, 0.0, 0.0, 0.0, 0.0, 0.0, 0.0]",NGS-ramp,False
24,PAR,-0.402173782858957,38.8970409683978,51.86272129119707,15.60432315737135,1.5,7,False,,,,,,,29,23,7.357357357357358,46.0,-34.0,-0.402173782858957,-0.26133253888475944,0.05711203588881538,0.05536527361068829,-2760.0,2865.3626795246164,4286.964299664375,0.0,1140.0,0.06413311437150447,4.060658650978482,6.148019483832902,1.0905684825048552,OF1,NG,96.29629629629629,86.48648648648648,97.5,97.67441860465117,"[0.0, 0.0, 0.0, 0.0, 0.0, 0.0, 0.0, 0.0, 0.0, 0.0, 0.0, 0.0, 0.0, 0.0, 0.0, 0.0, 0.0, 0.0, 0.0, 0.0, 0.0, 1.0, 1.0, 1.0, 1.0, 1.0, 1.0, 1.0, 1.0, 0.0, 0.0, 0.0, 0.0, 0.0, 0.0, 0.0, 0.0, 1.0, 1.0, 0.0, 0.0, 0.0, 0.0, 1.0, 1.0, 1.0, 1.0, 1.0, 1.0, 1.0, 1.0, 1.0, 1.0, 1.0, 1.0, 1.0, 1.0, 1.0, 1.0, 1.0, 1.0, 1.0, 1.0, 0.0, 0.0, 0.0, 0.0, 1.0, 1.0, 0.0, 0.0, 0.0, 0.0, 0.0, 0.0, 0.0, 0.0, 0.0, 0.0, 0.0, 0.0, 0.0, 0.0, 0.0, 0.0, 0.0, 0.0, 0.0, 0.0, 1.0, 1.0, 1.0, 1.0, 1.0, 1.0, 0.0, 0.0, 0.0, 0.0, 0.0, 0.0, 0.0, 0.0, 1.0, 1.0, 1.0, 1.0, 1.0, 1.0, 0.0, 0.0, 0.0, 0.0, 0.0, 0.0, 0.0, 0.0, 0.0, 0.0, 1.0, 1.0, 1.0, 1.0, 1.0, 1.0, 1.0, 1.0, 1.0, 1.0, 0.0, 0.0, 0.0, 0.0, 0.0, 0.0, 0.0, 0.0, 1.0, 1.0, 1.0, 1.0, 1.0, 1.0, 1.0, 1.0, 1.0, 1.0]",NGS-nonramp,False
28,PAR,-0.6048142865507283,49.33929580346437,65.78572773795248,54.45243364938925,1.5,7,False,,,,,,,29,23,7.357357357357358,17.0,-33.0,-0.6048142865507283,0.05659342869477926,0.050880972501532645,0.0474481113018165,-2760.0,2835.3728881889183,4287.746869559832,0.0,1170.0,-0.002638979399162079,4.1013484666567,5.409090854813962,3.0799856904663083,OF1,NG,100.0,100.0,91.30434782608695,76.0,"[1.0, 1.0, 1.0, 1.0, 1.0, 1.0, 1.0, 1.0, 1.0, 1.0, 1.0, 1.0, 1.0, 1.0, 1.0, 0.0, 0.0, 0.0, 0.0, 0.0, 0.0, 1.0, 1.0, 1.0, 1.0, 1.0, 1.0, 1.0, 1.0, 1.0, 1.0, 1.0, 1.0, 1.0, 1.0, 1.0, 1.0, 1.0, 1.0, 1.0, 1.0, 1.0, 1.0, 1.0, 1.0, 1.0, 1.0, 1.0, 1.0, 1.0, 1.0, 1.0, 1.0, 1.0, 1.0, 1.0, 1.0, 1.0, 1.0, 1.0, 1.0, 1.0, 1.0, 1.0, 1.0, 0.0, 0.0, 1.0, 1.0, 1.0, 1.0, 1.0, 1.0, 0.0, 0.0, 0.0, 0.0, 0.0, 0.0, 1.0, 1.0, 0.0, 0.0, 0.0, 0.0, 0.0, 0.0, 1.0, 1.0, 1.0, 1.0, 0.0, 0.0, 0.0, 0.0, 0.0, 0.0, 0.0, 0.0, 0.0, 0.0, 0.0, 0.0, 1.0, 1.0, 1.0, 1.0, 1.0, 1.0, 1.0, 1.0, 1.0, 1.0, 1.0, 1.0, 1.0, 1.0, 1.0, 1.0, 1.0, 1.0, 1.0, 1.0, 1.0, 1.0, 1.0, 1.0, 1.0, 1.0, 1.0, 1.0, 0.0, 0.0, 0.0, 0.0, 0.0, 0.0, 0.0, 0.0, 0.0, 0.0, 0.0, 0.0, 0.0, 0.0, 0.0, 0.0]",NGS-nonramp,False
29,ENTm1,-0.19235448590152507,25.73326143082764,34.311015241103526,10.009768903121024,1.5,7,False,,,,,,,29,23,7.357357357357358,-49.0,-10.0,-0.19235448590152507,-0.47116728406564123,0.010487949365002325,0.011519108455833593,-3000.0,3037.593526424813,4284.756629499177,282.0,975.0,0.3577353957569548,10.283888528400412,12.697576283547575,5.375427117672811,OF2,NG,98.33333333333333,100.0,85.71428571428571,45.45454545454545,"[1.0, 1.0, 1.0, 1.0, 1.0, 1.0, 1.0, 1.0, 1.0, 1.0, 1.0, 1.0, 1.0, 1.0, 1.0, 1.0, 1.0, 1.0, 1.0, 1.0, 1.0, 1.0, 1.0, 1.0, 1.0, 1.0, 1.0, 1.0, 1.0, 1.0, 1.0, 1.0, 1.0, 1.0, 1.0, 1.0, 1.0, 1.0, 1.0, 1.0, 1.0, 1.0, 1.0, 1.0, 1.0, 1.0, 1.0, 1.0, 1.0, 1.0, 1.0, 1.0, 1.0, 1.0, 1.0, 1.0, 1.0, 1.0, 1.0, 1.0, 1.0, 1.0, 1.0, 1.0, 1.0, 1.0, 1.0, 1.0, 1.0, 1.0, 1.0, 1.0, 1.0, 1.0, 1.0, 1.0, 1.0, 1.0, 1.0, 1.0, 1.0, 1.0, 1.0, 1.0, 1.0, 1.0, 1.0, 1.0, 1.0, 1.0, 1.0, 1.0, 1.0, 1.0, 1.0, 1.0, 1.0, 1.0, 1.0, 1.0, 1.0, 1.0, 1.0, 1.0, 1.0, 1.0, 1.0, 1.0, 1.0, 1.0, 1.0, 1.0, 1.0, 1.0, 1.0, 1.0, 1.0, 1.0, 1.0, 1.0, 1.0, 1.0, 1.0, 1.0, 1.0, 1.0, 1.0, 1.0, 1.0, 0.0, 0.0, 0.0, 0.0, 0.0, 0.0, 0.0, 0.0, 0.0, 0.0, 0.0, 0.0, 0.0, 0.0, 0.0, 0.0, 0.0, 0.0]",NGS-ramp,False
30,ENTm1,0.3710520200392301,30.15305012969769,40.20406683959692,2.0019403536578064,1.5,7,True,,,,,,,29,23,7.357357357357358,-36.0,23.0,0.3710520200392301,0.3074092871675798,0.018240601294427464,0.016182953653434765,-3000.0,3412.49698588818,4276.248040756081,282.0,600.0,0.26831176921541217,6.284264600939257,7.956603535242284,2.6627744034480143,OF2,NG,98.03921568627452,100.0,93.75,72.72727272727273,"[1.0, 1.0, 1.0, 1.0, 1.0, 1.0, 1.0, 1.0, 1.0, 1.0, 1.0, 1.0, 1.0, 1.0, 1.0, 1.0, 1.0, 1.0, 1.0, 1.0, 1.0, 1.0, 1.0, 1.0, 1.0, 1.0, 1.0, 1.0, 1.0, 1.0, 1.0, 1.0, 1.0, 1.0, 1.0, 0.0, 0.0, 0.0, 0.0, 0.0, 0.0, 0.0, 0.0, 1.0, 1.0, 1.0, 1.0, 1.0, 1.0, 1.0, 1.0, 1.0, 1.0, 1.0, 1.0, 1.0, 1.0, 1.0, 1.0, 0.0, 0.0, 1.0, 1.0, 1.0, 1.0, 1.0, 1.0, 1.0, 1.0, 1.0, 1.0, 1.0, 1.0, 0.0, 0.0, 0.0, 0.0, 0.0, 0.0, 1.0, 1.0, 1.0, 1.0, 1.0, 1.0, 1.0, 1.0, 1.0, 1.0, 1.0, 1.0, 1.0, 1.0, 1.0, 1.0, 1.0, 1.0, 1.0, 1.0, 1.0, 1.0, 1.0, 1.0, 1.0, 1.0, 1.0, 1.0, 1.0, 1.0, 1.0, 1.0, 1.0, 1.0, 1.0, 1.0, 1.0, 1.0, 1.0, 1.0, 1.0, 1.0, 1.0, 1.0, 1.0, 1.0, 0.0, 0.0, 0.0, 0.0, 0.0, 0.0, 0.0, 0.0, 0.0, 0.0, 0.0, 0.0, 0.0, 0.0, 0.0, 0.0, 0.0, 0.0, 0.0, 0.0, 0.0, 0.0]",NGS-nonramp,False
32,ENTm1,0.19600091021340613,38.2096554606514,50.946207280868535,21.422891389973625,1.5,7,False,,,,,,,29,23,7.357357357357358,-21.0,-42.0,0.19600091021340613,-0.3733872498351712,0.030057912194809466,0.028014687232172823,-3000.0,3337.5162939955067,4277.9497585047,282.0,675.0,0.13455984781552904,2.42219999352662,3.2406227360582642,0.8609204266367532,OF2,NG,100.0,100.0,95.0,89.47368421052632,"[0.0, 0.0, 0.0, 0.0, 0.0, 0.0, 0.0, 0.0, 0.0, 0.0, 0.0, 0.0, 0.0, 0.0, 0.0, 0.0, 0.0, 0.0, 0.0, 0.0, 0.0, 0.0, 0.0, 0.0, 0.0, 0.0, 0.0, 0.0, 0.0, 0.0, 0.0, 0.0, 0.0, 1.0, 1.0, 1.0, 1.0, 1.0, 1.0, 1.0, 1.0, 1.0, 1.0, 1.0, 1.0, 1.0, 1.0, 0.0, 0.0, 1.0, 1.0, 1.0, 1.0, 1.0, 1.0, 1.0, 1.0, 1.0, 1.0, 0.0, 0.0, 0.0, 0.0, 0.0, 0.0, 0.0, 0.0, 0.0, 0.0, 0.0, 0.0, 0.0, 0.0, 0.0, 0.0, 0.0, 0.0, 0.0, 0.0, 0.0, 0.0, 0.0, 0.0, 0.0, 0.0, 1.0, 1.0, 1.0, 1.0, 1.0, 1.0, 1.0, 1.0, 1.0, 1.0, 0.0, 0.0, 0.0, 0.0, 1.0, 1.0, 1.0, 1.0, 1.0, 1.0, 1.0, 1.0, 0.0, 0.0, 1.0, 1.0, 1.0, 1.0, 0.0, 0.0, 0.0, 0.0, 1.0, 1.0, 0.0, 0.0, 0.0, 0.0, 0.0, 0.0, 0.0, 0.0, 0.0, 0.0, 1.0, 1.0, 0.0, 0.0, 0.0, 0.0, 0.0, 0.0, 0.0, 0.0, 0.0, 0.0, 0.0, 0.0, 0.0, 0.0, 0.0, 0.0]",NGS-nonramp,False
33,ENTm1,0.1293715778240734,22.89356204030024,30.524749387066983,56.78777150221564,1.5,7,False,,,,,,,29,23,7.357357357357358,-27.0,8.0,0.1293715778240734,-0.2010437287707067,0.018502891713666036,0.01576646284646271,-3000.0,3352.512432374041,4277.609414954976,282.0,660.0,0.1746877802585551,4.199373931699678,5.222484301375131,2.1775000048489033,OF2,NG,100.0,100.0,93.33333333333333,82.85714285714286,"[0.0, 0.0, 0.0, 0.0, 0.0, 0.0, 0.0, 0.0, 0.0, 0.0, 0.0, 0.0, 0.0, 0.0, 0.0, 0.0, 0.0, 1.0, 1.0, 1.0, 1.0, 1.0, 1.0, 1.0, 1.0, 1.0, 1.0, 0.0, 0.0, 0.0, 0.0, 0.0, 0.0, 0.0, 0.0, 0.0, 0.0, 0.0, 0.0, 0.0, 0.0, 0.0, 0.0, 0.0, 0.0, 1.0, 1.0, 1.0, 1.0, 1.0, 1.0, 1.0, 1.0, 1.0, 1.0, 1.0, 1.0, 1.0, 1.0, 1.0, 1.0, 1.0, 1.0, 1.0, 1.0, 1.0, 1.0, 0.0, 0.0, 1.0, 1.0, 0.0, 0.0, 0.0, 0.0, 1.0, 1.0, 1.0, 1.0, 1.0, 1.0, 1.0, 1.0, 1.0, 1.0, 1.0, 1.0, 1.0, 1.0, 1.0, 1.0, 1.0, 1.0, 0.0, 0.0, 0.0, 0.0, 0.0, 0.0, 0.0, 0.0, 1.0, 1.0, 1.0, 1.0, 1.0, 1.0, 1.0, 1.0, 1.0, 1.0, 1.0, 1.0, 1.0, 1.0, 1.0, 1.0, 1.0, 1.0, 1.0, 1.0, 1.0, 1.0, 1.0, 1.0, 1.0, 1.0, 1.0, 1.0, 1.0, 1.0, 0.0, 0.0, 0.0, 0.0, 0.0, 0.0, 0.0, 0.0, 0.0, 0.0, 0.0, 0.0, 0.0, 0.0, 0.0, 0.0]",NGS-nonramp,False
34,ENTm3,-0.37795312276026555,30.542249645053282,40.72299952673771,48.30196066112063,1.5,7,False,,,,,,,29,23,7.357357357357358,-25.0,19.0,-0.37795312276026555,-0.4724080797343574,0.03724517749021538,0.032601631450285766,-3270.0,2984.0395233281088,4248.378523925043,500.0,1020.0,0.1324133260256747,1.813933487564175,2.4275513246462164,0.9767835860453205,OF2,NG,93.33333333333333,100.0,98.07692307692308,91.04477611940298,"[0.0, 0.0, 0.0, 0.0, 0.0, 0.0, 0.0, 0.0, 0.0, 0.0, 0.0, 0.0, 0.0, 0.0, 0.0, 0.0, 0.0, 0.0, 0.0, 0.0, 0.0, 0.0, 0.0, 0.0, 0.0, 0.0, 0.0, 0.0, 0.0, 0.0, 0.0, 0.0, 0.0, 0.0, 0.0, 0.0, 0.0, 0.0, 0.0, 0.0, 0.0, 0.0, 0.0, 0.0, 0.0, 0.0, 0.0, 0.0, 0.0, 0.0, 0.0, 0.0, 0.0, 0.0, 0.0, 0.0, 0.0, 0.0, 0.0, 0.0, 0.0, 0.0, 0.0, 0.0, 0.0, 0.0, 0.0, 0.0, 0.0, 0.0, 0.0, 0.0, 0.0, 0.0, 0.0, 0.0, 0.0, 0.0, 0.0, 0.0, 0.0, 0.0, 0.0, 0.0, 0.0, 0.0, 0.0, 1.0, 1.0, 1.0, 1.0, 1.0, 1.0, 1.0, 1.0, 1.0, 1.0, 0.0, 0.0, 0.0, 0.0, 0.0, 0.0, 0.0, 0.0, 1.0, 1.0, 0.0, 0.0, 0.0, 0.0, 1.0, 1.0, 1.0, 1.0, 1.0, 1.0, 1.0, 1.0, 1.0, 1.0, 1.0, 1.0, 1.0, 1.0, 1.0, 1.0, 0.0, 0.0, 0.0, 0.0, 0.0, 0.0, 0.0, 0.0, 0.0, 0.0, 0.0, 0.0, 0.0, 0.0, 0.0, 0.0, 0.0, 0.0, 0.0, 0.0]",NGS-nonramp,False
53,ENTm1,-0.41340111621173986,43.21538828066247,57.620517707549965,31.732764002343192,1.5,7,False,,,,,,,29,23,7.357357357357358,18.0,-29.0,-0.41340111621173986,-0.26401355906937074,0.022674795154172596,0.02069729318567239,-3000.0,3127.570356696021,4282.714568200834,250.0,885.0,0.15205934918433345,10.648940908831694,11.741217697173568,8.745330489529167,OF1,NG,97.01492537313433,92.5,,,"[1.0, 1.0, 1.0, 1.0, 1.0, 1.0, 1.0, 1.0, 1.0, 1.0, 1.0, 1.0, 1.0, 1.0, 1.0, 1.0, 1.0, 1.0, 1.0, 1.0, 1.0, 1.0, 1.0, 1.0, 1.0, 1.0, 1.0, 1.0, 1.0, 1.0, 1.0, 1.0, 1.0, 1.0, 1.0, 1.0, 1.0, 1.0, 1.0, 1.0, 1.0, 1.0, 1.0, 1.0, 1.0, 1.0, 1.0, 1.0, 1.0, 1.0, 1.0, 1.0, 1.0, 1.0, 1.0, 1.0, 1.0, 1.0, 1.0, 1.0, 1.0, 1.0, 1.0, 1.0, 1.0, 1.0, 1.0, 1.0, 1.0, 1.0, 1.0, 1.0, 1.0, 1.0, 1.0, 1.0, 1.0, 1.0, 1.0, 1.0, 1.0, 1.0, 1.0, 1.0, 1.0, 1.0, 1.0, 1.0, 1.0, 1.0, 1.0, 1.0, 1.0, 1.0, 1.0, 1.0, 1.0, 1.0, 1.0, 1.0, 1.0, 1.0, 1.0, 1.0, 1.0, 1.0, 1.0, 1.0, 1.0, 1.0, 1.0, 1.0, 1.0, 1.0, 1.0, 1.0, 1.0, 1.0, 1.0, 1.0, 1.0, 1.0, 1.0, 1.0, 1.0, 1.0, 1.0, 1.0, 1.0, 1.0, 1.0, 1.0, 1.0, 1.0, 1.0, 1.0, 1.0, 1.0, 1.0, 1.0, 1.0, 1.0, 1.0, 1.0, 1.0, 1.0, 1.0]",NGS-nonramp,False
61,ENTm1,-0.2393730176478616,42.597038475002265,56.796051300003015,20.654811752416663,1.5,7,False,,,,,,,29,23,7.357357357357358,11.0,-33.0,-0.2393730176478616,-0.41426380604524127,0.7271519853580635,0.6847972613254273,-3000.0,3067.585803181882,4284.075942399729,250.0,945.0,0.22301279814622127,1.2398834175129585,1.3320708881637955,1.3706144148869974,OF1,NG,98.4375,98.63013698630137,66.66666666666667,28.571428571428573,"[1.0, 1.0, 1.0, 1.0, 1.0, 1.0, 1.0, 1.0, 1.0, 1.0, 1.0, 1.0, 1.0, 1.0, 1.0, 1.0, 1.0, 1.0, 1.0, 1.0, 1.0, 1.0, 1.0, 1.0, 1.0, 1.0, 1.0, 1.0, 1.0, 1.0, 1.0, 1.0, 1.0, 1.0, 1.0, 1.0, 1.0, 1.0, 1.0, 1.0, 1.0, 1.0, 1.0, 1.0, 1.0, 1.0, 1.0, 1.0, 1.0, 1.0, 1.0, 1.0, 1.0, 1.0, 1.0, 1.0, 1.0, 1.0, 1.0, 1.0, 1.0, 1.0, 1.0, 1.0, 1.0, 1.0, 1.0, 1.0, 1.0, 1.0, 1.0, 1.0, 1.0, 1.0, 1.0, 1.0, 1.0, 1.0, 1.0, 1.0, 1.0, 1.0, 1.0, 1.0, 1.0, 1.0, 1.0, 1.0, 1.0, 1.0, 1.0, 1.0, 1.0, 1.0, 1.0, 1.0, 1.0, 1.0, 1.0, 1.0, 1.0, 1.0, 1.0, 1.0, 1.0, 1.0, 1.0, 1.0, 1.0, 1.0, 1.0, 1.0, 1.0, 1.0, 1.0, 1.0, 1.0, 1.0, 1.0, 1.0, 1.0, 1.0, 1.0, 1.0, 1.0, 1.0, 1.0, 1.0, 1.0, 1.0, 1.0, 1.0, 1.0, 1.0, 1.0, 1.0, 1.0, 0.0, 0.0, 0.0, 0.0, 0.0, 0.0, 0.0, 0.0, 0.0, 0.0]",NGS-nonramp,False
65,ENTm1,-0.5840590176318542,33.59354332311395,44.79139109748526,0.8553451187371953,1.5,7,False,,,,,,,29,23,7.357357357357358,8.0,-44.0,-0.5840590176318542,-0.682282825888542,0.9787872922927043,0.9270088291257624,-3000.0,3097.578079938952,4283.395255300282,282.0,915.0,0.24768343745490665,2.151936388254823,2.679970010771063,1.7930213592778728,OF1,NG,97.01492537313433,92.5,,,"[1.0, 1.0, 1.0, 1.0, 1.0, 1.0, 1.0, 1.0, 1.0, 1.0, 1.0, 1.0, 1.0, 1.0, 1.0, 1.0, 1.0, 1.0, 1.0, 1.0, 1.0, 1.0, 1.0, 1.0, 1.0, 1.0, 1.0, 1.0, 1.0, 1.0, 1.0, 1.0, 1.0, 1.0, 1.0, 1.0, 1.0, 1.0, 1.0, 1.0, 1.0, 1.0, 1.0, 1.0, 1.0, 1.0, 1.0, 1.0, 1.0, 1.0, 1.0, 1.0, 1.0, 1.0, 1.0, 1.0, 1.0, 1.0, 1.0, 1.0, 1.0, 1.0, 1.0, 1.0, 1.0, 1.0, 1.0, 1.0, 1.0, 1.0, 1.0, 1.0, 1.0, 1.0, 1.0, 1.0, 1.0, 1.0, 1.0, 1.0, 1.0, 1.0, 1.0, 1.0, 1.0, 1.0, 1.0, 1.0, 1.0, 1.0, 1.0, 1.0, 1.0, 1.0, 1.0, 1.0, 1.0, 1.0, 1.0, 1.0, 1.0, 1.0, 1.0, 1.0, 1.0, 1.0, 1.0, 1.0, 1.0, 1.0, 1.0, 1.0, 1.0, 1.0, 1.0, 1.0, 1.0, 1.0, 1.0, 1.0, 1.0, 1.0, 1.0, 1.0, 1.0, 1.0, 1.0, 1.0, 1.0, 1.0, 1.0, 1.0, 1.0, 1.0, 1.0, 1.0, 1.0, 1.0, 1.0, 1.0, 1.0, 1.0, 1.0, 1.0, 1.0, 1.0, 1.0]",NGS-nonramp,False
79,ENTm1,-0.2207629757147383,45.648492180621574,60.86465624082876,20.720191783006367,1.5,7,False,,,,,,,29,23,7.357357357357358,10.0,3.0,-0.2207629757147383,-0.12276527552664104,0.01857244594296168,0.016811298721915526,-3000.0,2992.6051112892083,4285.777660148348,250.0,1020.0,0.5655718377363081,17.49384643601912,29.170603014348632,3.849462547345627,OF1,NG,98.38709677419355,100.0,80.0,33.333333333333336,"[1.0, 1.0, 1.0, 1.0, 1.0, 1.0, 1.0, 1.0, 1.0, 1.0, 1.0, 1.0, 1.0, 1.0, 1.0, 1.0, 1.0, 1.0, 1.0, 1.0, 1.0, 1.0, 1.0, 1.0, 1.0, 1.0, 1.0, 1.0, 1.0, 1.0, 1.0, 1.0, 1.0, 1.0, 1.0, 1.0, 1.0, 1.0, 1.0, 1.0, 1.0, 1.0, 1.0, 1.0, 1.0, 1.0, 1.0, 1.0, 1.0, 1.0, 1.0, 1.0, 1.0, 1.0, 1.0, 1.0, 1.0, 1.0, 1.0, 1.0, 1.0, 1.0, 1.0, 1.0, 1.0, 1.0, 1.0, 1.0, 1.0, 1.0, 1.0, 1.0, 1.0, 1.0, 1.0, 1.0, 1.0, 1.0, 1.0, 1.0, 1.0, 1.0, 1.0, 1.0, 1.0, 1.0, 1.0, 1.0, 1.0, 1.0, 1.0, 1.0, 1.0, 1.0, 1.0, 1.0, 1.0, 1.0, 1.0, 1.0, 1.0, 1.0, 1.0, 1.0, 1.0, 1.0, 1.0, 1.0, 1.0, 1.0, 1.0, 1.0, 1.0, 1.0, 1.0, 1.0, 1.0, 1.0, 1.0, 1.0, 1.0, 1.0, 1.0, 1.0, 1.0, 1.0, 1.0, 1.0, 1.0, 1.0, 1.0, 1.0, 1.0, 0.0, 0.0, 0.0, 0.0, 0.0, 0.0, 0.0, 0.0, 0.0, 0.0, 0.0, 0.0, 0.0, 0.0]",NGS-ramp,False
81,ENTm1,-0.8573041005461168,34.541272448425985,46.05502993123465,36.261672357521306,1.5,7,False,,,,,,,29,23,7.357357357357358,12.0,35.0,-0.8573041005461168,-0.963461384280567,0.34511358643503603,0.3435402770274447,-3000.0,3007.601249667743,4285.437316598624,282.0,1005.0,0.3368729537973842,3.3166823620438,3.7138036394210134,3.072192204407436,OF1,NG,97.01492537313433,92.5,,,"[1.0, 1.0, 1.0, 1.0, 1.0, 1.0, 1.0, 1.0, 1.0, 1.0, 1.0, 1.0, 1.0, 1.0, 1.0, 1.0, 1.0, 1.0, 1.0, 1.0, 1.0, 1.0, 1.0, 1.0, 1.0, 1.0, 1.0, 1.0, 1.0, 1.0, 1.0, 1.0, 1.0, 1.0, 1.0, 1.0, 1.0, 1.0, 1.0, 1.0, 1.0, 1.0, 1.0, 1.0, 1.0, 1.0, 1.0, 1.0, 1.0, 1.0, 1.0, 1.0, 1.0, 1.0, 1.0, 1.0, 1.0, 1.0, 1.0, 1.0, 1.0, 1.0, 1.0, 1.0, 1.0, 1.0, 1.0, 1.0, 1.0, 1.0, 1.0, 1.0, 1.0, 1.0, 1.0, 1.0, 1.0, 1.0, 1.0, 1.0, 1.0, 1.0, 1.0, 1.0, 1.0, 1.0, 1.0, 1.0, 1.0, 1.0, 1.0, 1.0, 1.0, 1.0, 1.0, 1.0, 1.0, 1.0, 1.0, 1.0, 1.0, 1.0, 1.0, 1.0, 1.0, 1.0, 1.0, 1.0, 1.0, 1.0, 1.0, 1.0, 1.0, 1.0, 1.0, 1.0, 1.0, 1.0, 1.0, 1.0, 1.0, 1.0, 1.0, 1.0, 1.0, 1.0, 1.0, 1.0, 1.0, 1.0, 1.0, 1.0, 1.0, 1.0, 1.0, 1.0, 1.0, 1.0, 1.0, 1.0, 1.0, 1.0, 1.0, 1.0, 1.0, 1.0, 1.0]",NGS-nonramp,False
86,ENTm2,-0.2631307438010113,48.233351900258015,64.31113586701069,4.81564037738287,1.5,7,False,,,,,,,29,23,7.357357357357358,-39.0,-26.0,-0.2631307438010113,-0.1408147777139339,0.023036737786811264,0.02432108686826059,-3000.0,2977.608972910674,4286.118003698072,250.0,1035.0,0.2809785917176277,7.564144257726826,7.0618917567007475,8.6518086568227,OF1,NG,98.4375,100.0,66.66666666666667,33.333333333333336,"[1.0, 1.0, 1.0, 1.0, 1.0, 1.0, 1.0, 1.0, 1.0, 1.0, 1.0, 1.0, 1.0, 1.0, 1.0, 1.0, 1.0, 1.0, 1.0, 1.0, 1.0, 1.0, 1.0, 1.0, 1.0, 1.0, 1.0, 1.0, 1.0, 1.0, 1.0, 1.0, 1.0, 1.0, 1.0, 1.0, 1.0, 1.0, 1.0, 1.0, 1.0, 1.0, 1.0, 1.0, 1.0, 1.0, 1.0, 1.0, 1.0, 1.0, 1.0, 1.0, 1.0, 1.0, 1.0, 1.0, 1.0, 1.0, 1.0, 1.0, 1.0, 1.0, 1.0, 1.0, 1.0, 1.0, 1.0, 1.0, 1.0, 1.0, 1.0, 1.0, 1.0, 1.0, 1.0, 1.0, 1.0, 1.0, 1.0, 1.0, 1.0, 1.0, 1.0, 1.0, 1.0, 1.0, 1.0, 1.0, 1.0, 1.0, 1.0, 1.0, 1.0, 1.0, 1.0, 1.0, 1.0, 1.0, 1.0, 1.0, 1.0, 1.0, 1.0, 1.0, 1.0, 1.0, 1.0, 1.0, 1.0, 1.0, 1.0, 1.0, 1.0, 1.0, 1.0, 1.0, 1.0, 1.0, 1.0, 1.0, 1.0, 1.0, 1.0, 1.0, 1.0, 1.0, 1.0, 1.0, 1.0, 1.0, 1.0, 1.0, 1.0, 1.0, 1.0, 0.0, 0.0, 0.0, 0.0, 0.0, 0.0, 0.0, 0.0, 0.0, 0.0, 0.0, 0.0]",NGS-nonramp,False
89,ENTm2,-0.2910803046142832,35.445132861660326,47.26017714888044,49.65025940761313,1.5,7,False,,,,,,,29,23,7.357357357357358,-7.0,-34.0,-0.2910803046142832,-0.45573957025084966,0.036947270679136245,0.03748804223925496,-3000.0,2977.608972910674,4286.118003698072,250.0,1035.0,0.14773959092482636,10.4140497001438,17.803431489023435,2.27102183755537,OF1,NG,98.30508474576271,98.52941176470588,87.5,58.333333333333336,"[1.0, 1.0, 1.0, 1.0, 1.0, 1.0, 1.0, 1.0, 1.0, 1.0, 1.0, 1.0, 1.0, 1.0, 1.0, 1.0, 1.0, 1.0, 1.0, 1.0, 1.0, 1.0, 1.0, 1.0, 1.0, 1.0, 1.0, 1.0, 1.0, 1.0, 1.0, 1.0, 1.0, 1.0, 1.0, 1.0, 1.0, 1.0, 1.0, 1.0, 1.0, 1.0, 1.0, 1.0, 1.0, 1.0, 1.0, 1.0, 1.0, 1.0, 1.0, 1.0, 1.0, 1.0, 1.0, 1.0, 1.0, 1.0, 1.0, 1.0, 1.0, 1.0, 1.0, 0.0, 0.0, 1.0, 1.0, 1.0, 1.0, 0.0, 0.0, 1.0, 1.0, 1.0, 1.0, 1.0, 1.0, 1.0, 1.0, 1.0, 1.0, 1.0, 1.0, 1.0, 1.0, 1.0, 1.0, 1.0, 1.0, 1.0, 1.0, 1.0, 1.0, 1.0, 1.0, 1.0, 1.0, 1.0, 1.0, 1.0, 1.0, 1.0, 1.0, 1.0, 1.0, 1.0, 1.0, 1.0, 1.0, 1.0, 1.0, 1.0, 1.0, 1.0, 1.0, 1.0, 1.0, 1.0, 1.0, 1.0, 1.0, 1.0, 1.0, 1.0, 1.0, 1.0, 1.0, 1.0, 1.0, 0.0, 0.0, 0.0, 0.0, 0.0, 0.0, 1.0, 1.0, 0.0, 0.0, 0.0, 0.0, 0.0, 0.0, 0.0, 0.0, 0.0, 0.0]",NGS-nonramp,False
95,ENTm2,-0.416641106002824,55.03452668536038,73.37936891381383,55.07346863850119,1.5,7,False,,,,,,,29,23,7.357357357357358,24.0,-37.0,-0.416641106002824,-0.39239722072620514,0.5288421374067658,0.4800289627715948,-3000.0,2947.6166961536046,4286.79869079752,282.0,1065.0,0.27045056588332933,2.586346409046702,3.004865349347599,2.3853262997521627,OF1,NG,97.01492537313433,92.5,,,"[1.0, 1.0, 1.0, 1.0, 1.0, 1.0, 1.0, 1.0, 1.0, 1.0, 1.0, 1.0, 1.0, 1.0, 1.0, 1.0, 1.0, 1.0, 1.0, 1.0, 1.0, 1.0, 1.0, 1.0, 1.0, 1.0, 1.0, 1.0, 1.0, 1.0, 1.0, 1.0, 1.0, 1.0, 1.0, 1.0, 1.0, 1.0, 1.0, 1.0, 1.0, 1.0, 1.0, 1.0, 1.0, 1.0, 1.0, 1.0, 1.0, 1.0, 1.0, 1.0, 1.0, 1.0, 1.0, 1.0, 1.0, 1.0, 1.0, 1.0, 1.0, 1.0, 1.0, 1.0, 1.0, 1.0, 1.0, 1.0, 1.0, 1.0, 1.0, 1.0, 1.0, 1.0, 1.0, 1.0, 1.0, 1.0, 1.0, 1.0, 1.0, 1.0, 1.0, 1.0, 1.0, 1.0, 1.0, 1.0, 1.0, 1.0, 1.0, 1.0, 1.0, 1.0, 1.0, 1.0, 1.0, 1.0, 1.0, 1.0, 1.0, 1.0, 1.0, 1.0, 1.0, 1.0, 1.0, 1.0, 1.0, 1.0, 1.0, 1.0, 1.0, 1.0, 1.0, 1.0, 1.0, 1.0, 1.0, 1.0, 1.0, 1.0, 1.0, 1.0, 1.0, 1.0, 1.0, 1.0, 1.0, 1.0, 1.0, 1.0, 1.0, 1.0, 1.0, 1.0, 1.0, 1.0, 1.0, 1.0, 1.0, 1.0, 1.0, 1.0, 1.0, 1.0, 1.0]",NGS-ramp,False
104,ENTm2,-0.14522990727290014,35.83724558567665,47.78299411423553,34.62022852305729,1.5,7,False,,,,,,,29,23,7.357357357357358,17.0,-25.0,-0.14522990727290014,-0.28077319127222977,0.03873977954758993,0.03587520471928509,-3000.0,2917.624419396535,4287.479377896968,250.0,1095.0,0.14420885307176026,15.724301838285726,22.913452019352842,5.4195902053397536,OF1,NG,98.38709677419355,100.0,80.0,33.333333333333336,"[1.0, 1.0, 1.0, 1.0, 1.0, 1.0, 1.0, 1.0, 1.0, 1.0, 1.0, 1.0, 1.0, 1.0, 1.0, 1.0, 1.0, 1.0, 1.0, 1.0, 1.0, 1.0, 1.0, 1.0, 1.0, 1.0, 1.0, 1.0, 1.0, 1.0, 1.0, 1.0, 1.0, 1.0, 1.0, 1.0, 1.0, 1.0, 1.0, 1.0, 1.0, 1.0, 1.0, 1.0, 1.0, 1.0, 1.0, 1.0, 1.0, 1.0, 1.0, 1.0, 1.0, 1.0, 1.0, 1.0, 1.0, 1.0, 1.0, 1.0, 1.0, 1.0, 1.0, 1.0, 1.0, 1.0, 1.0, 1.0, 1.0, 1.0, 1.0, 1.0, 1.0, 1.0, 1.0, 1.0, 1.0, 1.0, 1.0, 1.0, 1.0, 1.0, 1.0, 1.0, 1.0, 1.0, 1.0, 1.0, 1.0, 1.0, 1.0, 1.0, 1.0, 1.0, 1.0, 1.0, 1.0, 1.0, 1.0, 1.0, 1.0, 1.0, 1.0, 1.0, 1.0, 1.0, 1.0, 1.0, 1.0, 1.0, 1.0, 1.0, 1.0, 1.0, 1.0, 1.0, 1.0, 1.0, 1.0, 1.0, 1.0, 1.0, 1.0, 1.0, 1.0, 1.0, 1.0, 1.0, 1.0, 1.0, 1.0, 1.0, 1.0, 0.0, 0.0, 0.0, 0.0, 0.0, 0.0, 0.0, 0.0, 0.0, 0.0, 0.0, 0.0, 0.0, 0.0]",NGS-nonramp,False
108,ENTm2,-0.5611726648827855,49.406057358516904,65.8747431446892,21.790421092227568,1.5,7,False,,,,,,,29,23,7.357357357357358,10.0,-47.0,-0.5611726648827855,-0.3790811836286238,0.012933650095691187,0.01236761915562801,-3000.0,2887.6321426394657,4288.160064996415,282.0,1125.0,0.4950196999084832,44.20694162090346,31.138302475163446,55.94008423337315,OF1,NG,97.01492537313433,92.5,,,"[1.0, 1.0, 1.0, 1.0, 1.0, 1.0, 1.0, 1.0, 1.0, 1.0, 1.0, 1.0, 1.0, 1.0, 1.0, 1.0, 1.0, 1.0, 1.0, 1.0, 1.0, 1.0, 1.0, 1.0, 1.0, 1.0, 1.0, 1.0, 1.0, 1.0, 1.0, 1.0, 1.0, 1.0, 1.0, 1.0, 1.0, 1.0, 1.0, 1.0, 1.0, 1.0, 1.0, 1.0, 1.0, 1.0, 1.0, 1.0, 1.0, 1.0, 1.0, 1.0, 1.0, 1.0, 1.0, 1.0, 1.0, 1.0, 1.0, 1.0, 1.0, 1.0, 1.0, 1.0, 1.0, 1.0, 1.0, 1.0, 1.0, 1.0, 1.0, 1.0, 1.0, 1.0, 1.0, 1.0, 1.0, 1.0, 1.0, 1.0, 1.0, 1.0, 1.0, 1.0, 1.0, 1.0, 1.0, 1.0, 1.0, 1.0, 1.0, 1.0, 1.0, 1.0, 1.0, 1.0, 1.0, 1.0, 1.0, 1.0, 1.0, 1.0, 1.0, 1.0, 1.0, 1.0, 1.0, 1.0, 1.0, 1.0, 1.0, 1.0, 1.0, 1.0, 1.0, 1.0, 1.0, 1.0, 1.0, 1.0, 1.0, 1.0, 1.0, 1.0, 1.0, 1.0, 1.0, 1.0, 1.0, 1.0, 1.0, 1.0, 1.0, 1.0, 1.0, 1.0, 1.0, 1.0, 1.0, 1.0, 1.0, 1.0, 1.0, 1.0, 1.0, 1.0, 1.0]",NGS-nonramp,False
133,ENTm2,0.6050379886975983,30.07205074391187,40.09606765854916,52.437341488019406,1.5,7,True,"[ 0.21603755 -0.16361447 -0.08178428 -0.47156838 -0.23511438 -0.39108469
  0.11369753  0.3493446  -0.44349229 -0.255855   -0.26502835 -0.32526932
  0.00532146  0.27645014 -0.35830552 -0.19250633 -0.5584758  -0.43622143
 -0.33303743 -0.31323806 -0.1160673  -0.31830698 -0.47617363  0.0468051
  0.190259   -0.1701773  -0.28492691 -0.3448729  -0.03524127 -0.60756757
  0.02517279  0.04821488 -0.09431461 -0.21261816 -0.34302058 -0.18734125
 -0.0753134  -0.33253941 -0.18155001 -0.22761439  0.07928852  0.27555374
 -0.30137814 -0.50183968 -0.41406937 -0.2337232  -0.39365958 -0.34271247
 -0.31136008 -0.2610816   0.1801513  -0.18220536 -0.32109014 -0.25739715
  0.11404727 -0.23217109  0.01385309 -0.45256265  0.10808638 -0.43041439
 -0.34234518 -0.5030135  -0.27638458 -0.41782787 -0.34939692 -0.15405545
 -0.40206868 -0.05106558 -0.32181192 -0.31006014  0.18436444  0.03417799
  0.09930051 -0.29305169 -0.47998246 -0.31732081 -0.53909822 -0.5153112
 -0.36270244  0.52303651 -0.13275579  0.27184009 -0.38844285 -0.10166463
  0.04545026 -0.2965818  -0.86971071 -0.8569838  -0.33896585 -0.15654943
  0.34906485 -0.12746566  0.00100345 -0.48391005 -0.39699299 -0.434514
  0.01806821 -0.45402336 -0.12064478 -0.2280888  -0.06944982 -0.33787284
 -0.06131215 -0.3102688  -0.23563557 -0.22532202  0.22810791  0.37456485
 -0.64780067 -0.42842951  0.29878085 -0.5040165  -0.16149599 -0.04805042
 -0.40905498 -0.38372716 -0.30006882 -0.24782554 -0.0466146  -0.03055042
 -0.093845   -0.02212326 -0.34576381  0.21217512 -0.17800882 -0.30055886
  0.11290603 -0.48277601  0.02858674 -0.10365214 -0.07128911 -0.09300317
 -0.21746345 -0.0560523  -0.09894429 -0.14776269  0.12374884 -0.14218823
 -0.16019084 -0.26296604 -0.1417247  -0.28570051 -0.38751946  0.10354503
 -0.49643959 -0.20370731 -0.26437398  0.12520131 -0.32497746 -0.07146498
 -0.52338895 -0.36143037 -0.19097656 -0.07930685 -0.34632901 -0.55452896
 -0.10294987  0.31245499  0.46039943  0.20527984 -0.17949807 -0.44322483
 -0.2055272  -0.11443021 -0.43218249 -0.25056809 -0.34866454 -0.18704281
 -0.3910739   0.13129661  0.33030797 -0.2036638   0.13033444 -0.19022868
 -0.43741125 -0.44077409 -0.13532769 -0.32098167 -0.15053172 -0.12417129
 -0.44232167 -0.13523543 -0.40273597 -0.12656279  0.48795363  0.02738092
 -0.11370212 -0.49892117 -0.306039   -0.41214369 -0.10209019 -0.3656786
 -0.02432008 -0.39491473 -0.28401076  0.0433212   0.35035706 -0.3375733
  0.26461964 -0.34807415]","[22.09063068 33.18021985 35.13029509 30.71625789 29.05485158 27.42981662
 24.99824879 29.65475479 26.47782643 28.18862861 27.00031957 31.70082075
 34.31983419 30.09246139 27.45236746 32.85668336 33.33686744 34.73862824
 26.66019556 32.4293171  33.45661935 31.28490592 32.95249317 30.764286
 28.66056736 33.85995144 38.51446925 26.14724151 27.1433611  26.36076864
 30.40809854 32.56308078 40.28197833 29.22133823 32.58204966 31.63588864
 30.86714156 28.36044462 30.63762277 33.8441009  32.3349816  39.19368735
 38.75991612 31.54598835 32.98181896 26.45377714 29.90576326 28.2168185
 23.9738851  32.52006247 34.80981679 34.6473798  22.48825963 26.71135682
 28.23037757 28.91978227 31.96617939 27.79425206 31.39575586 38.89123222
 27.89686162 27.33808343 31.65237451 33.6752926  38.68624354 35.74711447
 28.20337859 27.69479654 40.35400529 28.0232404  23.6201827  27.0996629
 41.20922817 26.27813571 21.20651779 28.11748589 43.43958005 30.97383405
 27.45920885 23.60971146 30.75305638 30.71603525 27.53407536 25.62814262
 28.12478982 27.1580169  37.00729413 20.41723168 31.1780696  30.55916067
 38.82005613 27.75427174 31.88242695 25.89745548 28.4334834  31.67912228
 39.44212872 28.54018737 33.52043969 40.85471369 34.78734831 26.9571678
 42.87995112 30.37317211 25.72506947 26.36757805 25.32902027 44.69085697
 32.65045281 32.28304778 24.64229814 32.97941397 33.50371096 22.75889077
 33.67981434 22.59884051 28.36359688 28.26109757 37.46649276 28.10618558
 30.98528857 26.33319445 38.96830401 29.27458391 33.89821026 24.80344938
 31.5545467  24.53578025 25.75981688 23.07005489 24.59794078 35.36170848
 27.80821889 26.36202971 24.57908572 28.51284932 23.27685292 25.65135574
 28.72934183 22.09372138 22.00699053 28.81998472 29.40491608 31.26229721
 27.13996056 25.61078314 22.52875127 34.76327037 24.5400828  25.47856835
 24.03500157 25.68051907 41.47362619 26.42894711 28.33170574 33.97318448
 26.32566236 27.34467416 22.46164715 29.05535566 24.22048109 28.26173386
 32.17097784 31.51540522 23.13181546 25.42363199 28.11247713 20.89530371
 22.30903309 27.37912952 31.83530815 31.26691835 28.14588641 22.73892189
 27.67987443 28.36973034 35.35845193 30.92968822 39.61924732 32.62521261
 28.71395424 29.44718926 36.81716603 29.41265278 20.37285484 36.77002043
 32.66935368 25.26093341 28.93096811 29.99108315 33.22636014 26.89482293
 35.27362101 18.87935518 24.39271078 40.70351402 21.55624687 37.51326923
 35.374348   40.8788757 ]","[29.45417425 44.24029313 46.84039346 40.95501052 38.7398021  36.57308883
 33.33099838 39.53967306 35.30376858 37.58483814 36.00042609 42.267761
 45.75977892 40.12328185 36.60315661 43.80891115 44.44915659 46.31817098
 35.54692741 43.23908947 44.60882579 41.71320789 43.93665756 41.019048
 38.21408981 45.14660191 51.35262566 34.86298868 36.19114813 35.14769152
 40.54413138 43.41744104 53.70930444 38.9617843  43.44273288 42.18118486
 41.15618875 37.81392616 40.8501637  45.12546787 43.1133088  52.25824981
 51.67988816 42.0613178  43.97575862 35.27170286 39.87435102 37.62242467
 31.96518013 43.36008329 46.41308905 46.1965064  29.98434617 35.61514243
 37.64050342 38.55970969 42.62157252 37.05900275 41.86100781 51.85497629
 37.19581549 36.45077791 42.20316601 44.90039013 51.58165806 47.6628193
 37.60450479 36.92639539 53.80534039 37.36432054 31.49357693 36.13288387
 54.94563756 35.03751428 28.27535705 37.48998118 57.91944007 41.29844541
 36.61227847 31.47961527 41.00407518 40.95471367 36.71210048 34.17085683
 37.49971976 36.2106892  49.34305884 27.22297557 41.57075946 40.74554756
 51.76007483 37.00569566 42.5099026  34.52994064 37.91131121 42.23882971
 52.58950497 38.05358316 44.69391958 54.47295159 46.38313108 35.9428904
 57.17326816 40.49756281 34.30009263 35.15677073 33.77202703 59.58780929
 43.53393708 43.04406371 32.85639752 43.97255196 44.67161462 30.3451877
 44.90641912 30.13178735 37.81812917 37.68146343 49.95532368 37.47491411
 41.31371809 35.11092593 51.95773867 39.03277855 45.19761368 33.07126584
 42.07272894 32.71437366 34.3464225  30.76007319 32.79725438 47.14894464
 37.07762518 35.14937295 32.77211429 38.01713242 31.03580389 34.20180765
 38.30578911 29.45829517 29.34265404 38.4266463  39.20655477 41.68306294
 36.18661407 34.14771085 30.03833502 46.35102716 32.7201104  33.97142447
 32.04666876 34.2406921  55.29816826 35.23859615 37.77560766 45.29757931
 35.10088314 36.45956554 29.94886287 38.74047421 32.29397478 37.68231181
 42.89463712 42.0205403  30.84242061 33.89817599 37.48330284 27.86040494
 29.74537745 36.50550602 42.44707754 41.68922447 37.52784855 30.31856252
 36.90649924 37.82630712 47.14460257 41.23958429 52.82566309 43.50028347
 38.28527232 39.26291901 49.08955471 39.21687038 27.16380646 49.02669391
 43.55913824 33.68124454 38.57462415 39.98811087 44.30181352 35.85976391
 47.03149468 25.17247358 32.52361438 54.27135203 28.7416625  50.0176923
 47.16579734 54.5051676 ]","[36.2011718  20.44965761 43.80371484  9.85566627 38.75854164 36.18655233
 47.95839931 31.61442081 46.29218218 54.54708838 31.61145051  2.36027244
  2.54390213 40.3312718  39.04914836  3.86204639 44.95827006 28.1412376
 24.65106385 58.47725424 40.48160099 39.12069583 21.23339012 27.36975211
 39.13199741 26.59087945 40.22239445 14.89749685 30.16357939 35.0440302
 58.96243288 10.84030523 48.88710532 57.61251872  8.46975785 58.48094312
 36.10325896 10.22157204 35.47307468  2.61926592 32.70480416  0.22297109
 30.46492632  1.85916483 15.33988398 30.78898052 45.35376667 13.44529663
 25.29244902  9.48121436  6.11518092 46.8181754   7.88389591 22.22270863
 45.56676088 48.49394623 20.23827273  8.37336791 43.24856667 35.67960704
 19.77809069 50.55942029 56.49294846 13.99623583  8.4153646  23.44087391
 43.6362732  42.14958607 20.54323418 17.67782058  2.99259625 18.91244472
 38.72571613 46.81048084  2.18124717 39.02110455 24.37547048 31.47522956
 43.26805205 28.16029103 10.09581862 14.77589676 28.67054965 55.17761958
  7.15643039  4.8707109  22.07662407 11.1671894  16.99537357 57.47036071
 54.03341188 17.22552371 50.13836304 18.43783603  3.47069418 19.7647306
 26.37630385 18.38752599 21.68650379 16.11989142  5.8068466  36.86509356
 40.48403793 38.01152838 18.48629244 26.38309332 13.68473465 37.99599824
  8.21175599 13.39578366 10.59387965 41.63150986 40.6922539   1.18536737
  9.35061699 40.21349383 39.24234058 36.37175456  6.58363604 24.33802617
 17.64248257 23.67958053 59.32041834 20.9885136  32.19690857  0.48267688
 41.90013899 50.49432555 54.16664454 57.54251425 11.97807588 10.07675578
 10.27144485 23.33245605  2.35838828 25.09314185  7.28014793 30.64733512
 53.1542827  54.63108371 37.12715922 24.79239895 27.99930437 18.5980355
  2.19788276 35.87483529  3.21010871 24.27452245 25.90391484  2.60420561
 12.20988822 34.33391666  7.38006203 33.10371635 14.62402301 49.16217404
  0.74645233 46.04112106 45.89718033 47.3627925  54.37676194 45.84706341
 51.37853403 44.29123497  5.80901161 20.31232264  3.85076407 13.78188194
 26.96935589 17.82138149 57.3491604   5.9743191  37.61134593 42.94446784
 30.97208024 48.17621479 17.74392414 30.65781686 15.47161278 54.42538397
 23.76427481 16.0045251  30.52205053  8.5232596  18.39846638  6.25114809
 35.26024435 41.95290712 48.35446544 41.08443761  1.36732886 40.61246452
 46.96789207  5.35258967 44.07357112 51.31752611 40.35231604 55.39784322
 50.66359657 56.45597599]","[1.5 1.5 1.5 1.5 1.5 1.5 1.5 1.5 1.5 1.5 1.5 1.5 1.5 1.5 1.5 1.5 1.5 1.5
 1.5 1.5 1.5 1.5 1.5 1.5 1.5 1.5 1.5 1.5 1.5 1.5 1.5 1.5 1.5 1.5 1.5 1.5
 1.5 1.5 1.5 1.5 1.5 1.5 1.5 1.5 1.5 1.5 1.5 1.5 1.5 1.5 1.5 1.5 1.5 1.5
 1.5 1.5 1.5 1.5 1.5 1.5 1.5 1.5 1.5 1.5 1.5 1.5 1.5 1.5 1.5 1.5 1.5 1.5
 1.5 1.5 1.5 1.5 1.5 1.5 1.5 1.5 1.5 1.5 1.5 1.5 1.5 1.5 1.5 1.5 1.5 1.5
 1.5 1.5 1.5 1.5 1.5 1.5 1.5 1.5 1.5 1.5 1.5 1.5 1.5 1.5 1.5 1.5 1.5 1.5
 1.5 1.5 1.5 1.5 1.5 1.5 1.5 1.5 1.5 1.5 1.5 1.5 1.5 1.5 1.5 1.5 1.5 1.5
 1.5 1.5 1.5 1.5 1.5 1.5 1.5 1.5 1.5 1.5 1.5 1.5 1.5 1.5 1.5 1.5 1.5 1.5
 1.5 1.5 1.5 1.5 1.5 1.5 1.5 1.5 1.5 1.5 1.5 1.5 1.5 1.5 1.5 1.5 1.5 1.5
 1.5 1.5 1.5 1.5 1.5 1.5 1.5 1.5 1.5 1.5 1.5 1.5 1.5 1.5 1.5 1.5 1.5 1.5
 1.5 1.5 1.5 1.5 1.5 1.5 1.5 1.5 1.5 1.5 1.5 1.5 1.5 1.5 1.5 1.5 1.5 1.5
 1.5 1.5]",,29,23,7.357357357357358,2.0,7.0,0.6050379886975983,-0.2554254053211664,0.029802020527566787,0.035173165284047674,-3270.0,3283.9686918365014,4254.897256766951,532.0,720.0,0.04358753432006578,4.48720813919616,3.9570586108680605,4.281221675007149,OF2,NG,98.38709677419355,100.0,80.0,33.333333333333336,"[1.0, 1.0, 1.0, 1.0, 1.0, 1.0, 1.0, 1.0, 1.0, 1.0, 1.0, 1.0, 1.0, 1.0, 1.0, 1.0, 1.0, 1.0, 1.0, 1.0, 1.0, 1.0, 1.0, 1.0, 1.0, 1.0, 1.0, 1.0, 1.0, 1.0, 1.0, 1.0, 1.0, 1.0, 1.0, 1.0, 1.0, 1.0, 1.0, 1.0, 1.0, 1.0, 1.0, 1.0, 1.0, 1.0, 1.0, 1.0, 1.0, 1.0, 1.0, 1.0, 1.0, 1.0, 1.0, 1.0, 1.0, 1.0, 1.0, 1.0, 1.0, 1.0, 1.0, 1.0, 1.0, 1.0, 1.0, 1.0, 1.0, 1.0, 1.0, 1.0, 1.0, 1.0, 1.0, 1.0, 1.0, 1.0, 1.0, 1.0, 1.0, 1.0, 1.0, 1.0, 1.0, 1.0, 1.0, 1.0, 1.0, 1.0, 1.0, 1.0, 1.0, 1.0, 1.0, 1.0, 1.0, 1.0, 1.0, 1.0, 1.0, 1.0, 1.0, 1.0, 1.0, 1.0, 1.0, 1.0, 1.0, 1.0, 1.0, 1.0, 1.0, 1.0, 1.0, 1.0, 1.0, 1.0, 1.0, 1.0, 1.0, 1.0, 1.0, 1.0, 1.0, 1.0, 1.0, 1.0, 1.0, 1.0, 1.0, 1.0, 1.0, 0.0, 0.0, 0.0, 0.0, 0.0, 0.0, 0.0, 0.0, 0.0, 0.0, 0.0, 0.0, 0.0, 0.0]",NGS-nonramp,False
157,ENTm2,-0.01195372858973863,28.942176459560205,38.58956861274694,28.039203656522645,1.5,7,False,,,,,,,29,23,7.357357357357358,18.0,11.0,-0.01195372858973863,-0.17354615379607158,0.007659839979331665,0.005997890773555433,-3270.0,3059.0218154552067,4250.00820713552,500.0,945.0,0.26932474422785146,28.90040396972308,42.46298768698248,15.09442379882375,OF1,NG,98.41269841269842,98.61111111111111,75.0,37.5,"[1.0, 1.0, 1.0, 1.0, 1.0, 1.0, 1.0, 1.0, 1.0, 1.0, 1.0, 1.0, 1.0, 1.0, 1.0, 1.0, 1.0, 1.0, 1.0, 1.0, 1.0, 1.0, 1.0, 1.0, 1.0, 1.0, 1.0, 1.0, 1.0, 1.0, 1.0, 1.0, 1.0, 1.0, 1.0, 1.0, 1.0, 1.0, 1.0, 1.0, 1.0, 1.0, 1.0, 1.0, 1.0, 1.0, 1.0, 1.0, 1.0, 1.0, 1.0, 1.0, 1.0, 1.0, 1.0, 1.0, 1.0, 1.0, 1.0, 1.0, 1.0, 1.0, 1.0, 1.0, 1.0, 0.0, 0.0, 1.0, 1.0, 1.0, 1.0, 1.0, 1.0, 1.0, 1.0, 1.0, 1.0, 1.0, 1.0, 1.0, 1.0, 1.0, 1.0, 1.0, 1.0, 1.0, 1.0, 1.0, 1.0, 1.0, 1.0, 1.0, 1.0, 1.0, 1.0, 1.0, 1.0, 1.0, 1.0, 1.0, 1.0, 1.0, 1.0, 1.0, 1.0, 1.0, 1.0, 1.0, 1.0, 1.0, 1.0, 1.0, 1.0, 1.0, 1.0, 1.0, 1.0, 1.0, 1.0, 1.0, 1.0, 1.0, 1.0, 1.0, 1.0, 1.0, 1.0, 1.0, 1.0, 1.0, 1.0, 1.0, 1.0, 1.0, 1.0, 1.0, 1.0, 0.0, 0.0, 0.0, 0.0, 0.0, 0.0, 0.0, 0.0, 0.0, 0.0]",NGS-nonramp,False
163,ENTm3,-0.010964610464151554,34.045213775299935,45.39361836706658,52.17044451828638,1.5,7,False,,,,,,,29,23,7.357357357357358,12.0,-14.0,-0.010964610464151554,-0.12291279057095583,0.008371479310193759,0.0063022167554025775,-3270.0,3044.025357029788,4249.682270493425,500.0,960.0,0.5227855012053273,44.42287507455946,63.597845993871466,25.83384758794969,OF1,NG,98.4375,98.63013698630137,66.66666666666667,28.571428571428573,"[1.0, 1.0, 1.0, 1.0, 1.0, 1.0, 1.0, 1.0, 1.0, 1.0, 1.0, 1.0, 1.0, 1.0, 1.0, 1.0, 1.0, 1.0, 1.0, 1.0, 1.0, 1.0, 1.0, 1.0, 1.0, 1.0, 1.0, 1.0, 1.0, 1.0, 1.0, 1.0, 1.0, 1.0, 1.0, 1.0, 1.0, 1.0, 1.0, 1.0, 1.0, 1.0, 1.0, 1.0, 1.0, 1.0, 1.0, 1.0, 1.0, 1.0, 1.0, 1.0, 1.0, 1.0, 1.0, 1.0, 1.0, 1.0, 1.0, 1.0, 1.0, 1.0, 1.0, 1.0, 1.0, 1.0, 1.0, 1.0, 1.0, 1.0, 1.0, 1.0, 1.0, 1.0, 1.0, 1.0, 1.0, 1.0, 1.0, 1.0, 1.0, 1.0, 1.0, 1.0, 1.0, 1.0, 1.0, 1.0, 1.0, 1.0, 1.0, 1.0, 1.0, 1.0, 1.0, 1.0, 1.0, 1.0, 1.0, 1.0, 1.0, 1.0, 1.0, 1.0, 1.0, 1.0, 1.0, 1.0, 1.0, 1.0, 1.0, 1.0, 1.0, 1.0, 1.0, 1.0, 1.0, 1.0, 1.0, 1.0, 1.0, 1.0, 1.0, 1.0, 1.0, 1.0, 1.0, 1.0, 1.0, 1.0, 1.0, 1.0, 1.0, 1.0, 1.0, 1.0, 1.0, 0.0, 0.0, 0.0, 0.0, 0.0, 0.0, 0.0, 0.0, 0.0, 0.0]",NGS-nonramp,False
169,ENTm3,-0.3510590730324952,33.4887782460772,44.65170432810294,18.281783543234667,1.5,7,False,,,,,,,29,23,7.357357357357358,6.0,22.0,-0.3510590730324952,-0.33867235951344987,0.01486686309531887,0.013320589187212939,-3270.0,3014.032440178948,4249.030397209234,532.0,990.0,0.2596947714949674,23.67060669439945,16.067324090065743,26.321719815235095,OF1,NG,98.4375,98.63013698630137,66.66666666666667,28.571428571428573,"[1.0, 1.0, 1.0, 1.0, 1.0, 1.0, 1.0, 1.0, 1.0, 1.0, 1.0, 1.0, 1.0, 1.0, 1.0, 1.0, 1.0, 1.0, 1.0, 1.0, 1.0, 1.0, 1.0, 1.0, 1.0, 1.0, 1.0, 1.0, 1.0, 1.0, 1.0, 1.0, 1.0, 1.0, 1.0, 1.0, 1.0, 1.0, 1.0, 1.0, 1.0, 1.0, 1.0, 1.0, 1.0, 1.0, 1.0, 1.0, 1.0, 1.0, 1.0, 1.0, 1.0, 1.0, 1.0, 1.0, 1.0, 1.0, 1.0, 1.0, 1.0, 1.0, 1.0, 1.0, 1.0, 1.0, 1.0, 1.0, 1.0, 1.0, 1.0, 1.0, 1.0, 1.0, 1.0, 1.0, 1.0, 1.0, 1.0, 1.0, 1.0, 1.0, 1.0, 1.0, 1.0, 1.0, 1.0, 1.0, 1.0, 1.0, 1.0, 1.0, 1.0, 1.0, 1.0, 1.0, 1.0, 1.0, 1.0, 1.0, 1.0, 1.0, 1.0, 1.0, 1.0, 1.0, 1.0, 1.0, 1.0, 1.0, 1.0, 1.0, 1.0, 1.0, 1.0, 1.0, 1.0, 1.0, 1.0, 1.0, 1.0, 1.0, 1.0, 1.0, 1.0, 1.0, 1.0, 1.0, 1.0, 1.0, 1.0, 1.0, 1.0, 1.0, 1.0, 1.0, 1.0, 0.0, 0.0, 0.0, 0.0, 0.0, 0.0, 0.0, 0.0, 0.0, 0.0]",NGS-nonramp,False
186,ENTm3,0.24119360111609875,22.567343538716234,30.08979138495498,50.71119747230473,1.5,7,False,,,,,,,29,23,7.357357357357358,10.0,-21.0,0.24119360111609875,-0.008157112056700305,0.16465088000836156,0.11316651387150017,-3270.0,2969.043064902689,4248.052587282948,532.0,1035.0,0.03943301017075207,8.681264651801525,11.941153290143744,4.359156535595871,OF1,NG,97.01492537313433,92.5,,,"[1.0, 1.0, 1.0, 1.0, 1.0, 1.0, 1.0, 1.0, 1.0, 1.0, 1.0, 1.0, 1.0, 1.0, 1.0, 1.0, 1.0, 1.0, 1.0, 1.0, 1.0, 1.0, 1.0, 1.0, 1.0, 1.0, 1.0, 1.0, 1.0, 1.0, 1.0, 1.0, 1.0, 1.0, 1.0, 1.0, 1.0, 1.0, 1.0, 1.0, 1.0, 1.0, 1.0, 1.0, 1.0, 1.0, 1.0, 1.0, 1.0, 1.0, 1.0, 1.0, 1.0, 1.0, 1.0, 1.0, 1.0, 1.0, 1.0, 1.0, 1.0, 1.0, 1.0, 1.0, 1.0, 1.0, 1.0, 1.0, 1.0, 1.0, 1.0, 1.0, 1.0, 1.0, 1.0, 1.0, 1.0, 1.0, 1.0, 1.0, 1.0, 1.0, 1.0, 1.0, 1.0, 1.0, 1.0, 1.0, 1.0, 1.0, 1.0, 1.0, 1.0, 1.0, 1.0, 1.0, 1.0, 1.0, 1.0, 1.0, 1.0, 1.0, 1.0, 1.0, 1.0, 1.0, 1.0, 1.0, 1.0, 1.0, 1.0, 1.0, 1.0, 1.0, 1.0, 1.0, 1.0, 1.0, 1.0, 1.0, 1.0, 1.0, 1.0, 1.0, 1.0, 1.0, 1.0, 1.0, 1.0, 1.0, 1.0, 1.0, 1.0, 1.0, 1.0, 1.0, 1.0, 1.0, 1.0, 1.0, 1.0, 1.0, 1.0, 1.0, 1.0, 1.0, 1.0]",NGS-nonramp,False
198,ENTm3,-0.01635621341091892,24.88069585283376,33.17426113711168,53.64316984478013,1.5,7,False,,,,,,,29,23,7.357357357357358,-15.0,-26.0,-0.01635621341091892,-0.24067408946410632,0.01723733587356156,0.01479530831239116,-3270.0,2894.0607727755905,4246.422904072471,532.0,1110.0,0.11408710621095378,8.81766801117737,8.386465060128161,9.744974968013846,OF2,NG,96.92307692307692,93.58974358974359,100.0,50.0,"[1.0, 1.0, 1.0, 1.0, 1.0, 1.0, 1.0, 1.0, 1.0, 1.0, 1.0, 1.0, 1.0, 1.0, 1.0, 1.0, 1.0, 1.0, 1.0, 1.0, 1.0, 1.0, 1.0, 1.0, 1.0, 1.0, 1.0, 1.0, 1.0, 1.0, 1.0, 1.0, 1.0, 1.0, 1.0, 1.0, 1.0, 1.0, 1.0, 1.0, 1.0, 1.0, 1.0, 1.0, 1.0, 1.0, 1.0, 1.0, 1.0, 1.0, 1.0, 1.0, 1.0, 1.0, 1.0, 1.0, 1.0, 1.0, 1.0, 1.0, 1.0, 1.0, 1.0, 1.0, 1.0, 1.0, 1.0, 1.0, 1.0, 1.0, 1.0, 1.0, 1.0, 1.0, 1.0, 1.0, 1.0, 1.0, 1.0, 1.0, 1.0, 1.0, 1.0, 1.0, 1.0, 1.0, 1.0, 1.0, 1.0, 1.0, 1.0, 1.0, 1.0, 1.0, 1.0, 1.0, 1.0, 1.0, 1.0, 1.0, 1.0, 1.0, 1.0, 1.0, 1.0, 1.0, 1.0, 1.0, 1.0, 1.0, 1.0, 1.0, 1.0, 1.0, 1.0, 1.0, 1.0, 1.0, 1.0, 1.0, 1.0, 1.0, 1.0, 1.0, 1.0, 1.0, 1.0, 1.0, 1.0, 1.0, 1.0, 1.0, 1.0, 0.0, 0.0, 0.0, 0.0, 1.0, 1.0, 1.0, 1.0, 1.0, 1.0, 1.0, 1.0, 1.0, 1.0]",NGS-nonramp,False
221,ENTm3,-0.28340145814667017,48.883858252140335,65.17847766952045,50.25283139197693,1.5,7,False,,,,,,,29,23,7.357357357357358,35.0,-17.0,-0.28340145814667017,-0.36242631330010827,0.013170902892098667,0.010821704172183155,-3270.0,2774.089105372233,4243.815410935708,500.0,1230.0,0.6377875119181067,35.15623193811449,59.26757427612575,13.66821585005013,OF1,NG,96.96969696969697,92.20779220779221,100.0,100.0,"[1.0, 1.0, 1.0, 1.0, 1.0, 1.0, 1.0, 1.0, 1.0, 1.0, 1.0, 1.0, 1.0, 1.0, 1.0, 1.0, 1.0, 1.0, 1.0, 1.0, 1.0, 1.0, 1.0, 1.0, 1.0, 1.0, 1.0, 1.0, 1.0, 1.0, 1.0, 1.0, 1.0, 1.0, 1.0, 1.0, 1.0, 1.0, 1.0, 1.0, 1.0, 1.0, 1.0, 1.0, 1.0, 1.0, 1.0, 1.0, 1.0, 1.0, 1.0, 1.0, 1.0, 1.0, 1.0, 1.0, 1.0, 1.0, 1.0, 1.0, 1.0, 1.0, 1.0, 1.0, 1.0, 1.0, 1.0, 1.0, 1.0, 1.0, 1.0, 1.0, 1.0, 1.0, 1.0, 1.0, 1.0, 1.0, 1.0, 1.0, 1.0, 1.0, 1.0, 1.0, 1.0, 1.0, 1.0, 1.0, 1.0, 1.0, 1.0, 1.0, 1.0, 1.0, 1.0, 1.0, 1.0, 1.0, 1.0, 1.0, 1.0, 1.0, 1.0, 1.0, 1.0, 1.0, 1.0, 0.0, 0.0, 0.0, 0.0, 1.0, 1.0, 1.0, 1.0, 1.0, 1.0, 1.0, 1.0, 1.0, 1.0, 1.0, 1.0, 1.0, 1.0, 1.0, 1.0, 1.0, 1.0, 1.0, 1.0, 1.0, 1.0, 1.0, 1.0, 1.0, 1.0, 1.0, 1.0, 1.0, 1.0, 1.0, 1.0, 1.0, 1.0, 1.0, 1.0]",NGS-nonramp,False
226,ENTm3,-0.3478253948226534,30.066684089110357,40.08891211881381,53.716584996568905,1.5,7,False,,,,,,,29,23,7.357357357357358,46.0,-12.0,-0.3478253948226534,-0.7077263217172491,0.03654033153213204,0.027622375320582176,-3270.0,2744.0961885213947,4243.163537651517,500.0,1260.0,0.12400985109585255,21.087034590967168,7.9516051454180285,31.099126769323775,OF1,NG,97.01492537313433,92.5,,,"[1.0, 1.0, 1.0, 1.0, 1.0, 1.0, 1.0, 1.0, 1.0, 1.0, 1.0, 1.0, 1.0, 1.0, 1.0, 1.0, 1.0, 1.0, 1.0, 1.0, 1.0, 1.0, 1.0, 1.0, 1.0, 1.0, 1.0, 1.0, 1.0, 1.0, 1.0, 1.0, 1.0, 1.0, 1.0, 1.0, 1.0, 1.0, 1.0, 1.0, 1.0, 1.0, 1.0, 1.0, 1.0, 1.0, 1.0, 1.0, 1.0, 1.0, 1.0, 1.0, 1.0, 1.0, 1.0, 1.0, 1.0, 1.0, 1.0, 1.0, 1.0, 1.0, 1.0, 1.0, 1.0, 1.0, 1.0, 1.0, 1.0, 1.0, 1.0, 1.0, 1.0, 1.0, 1.0, 1.0, 1.0, 1.0, 1.0, 1.0, 1.0, 1.0, 1.0, 1.0, 1.0, 1.0, 1.0, 1.0, 1.0, 1.0, 1.0, 1.0, 1.0, 1.0, 1.0, 1.0, 1.0, 1.0, 1.0, 1.0, 1.0, 1.0, 1.0, 1.0, 1.0, 1.0, 1.0, 1.0, 1.0, 1.0, 1.0, 1.0, 1.0, 1.0, 1.0, 1.0, 1.0, 1.0, 1.0, 1.0, 1.0, 1.0, 1.0, 1.0, 1.0, 1.0, 1.0, 1.0, 1.0, 1.0, 1.0, 1.0, 1.0, 1.0, 1.0, 1.0, 1.0, 1.0, 1.0, 1.0, 1.0, 1.0, 1.0, 1.0, 1.0, 1.0, 1.0]",NGS-nonramp,False
231,ENTm3,-0.44857621068107123,47.24854564935896,62.99806086581195,52.76986379543486,1.5,7,False,,,,,,,29,23,7.357357357357358,19.0,-49.0,-0.44857621068107123,-0.2685184585567733,0.01646712600984591,0.014174248549805639,-3270.0,2714.103271670555,4242.511664367326,500.0,1290.0,0.45282537985342186,17.522745452836034,23.961447752504846,11.50942021174252,OF1,NG,100.0,100.0,85.71428571428571,66.66666666666667,"[1.0, 1.0, 1.0, 1.0, 1.0, 1.0, 1.0, 1.0, 1.0, 1.0, 1.0, 1.0, 1.0, 1.0, 1.0, 1.0, 1.0, 1.0, 1.0, 1.0, 1.0, 1.0, 1.0, 1.0, 1.0, 1.0, 1.0, 1.0, 1.0, 1.0, 1.0, 1.0, 1.0, 1.0, 1.0, 1.0, 1.0, 1.0, 1.0, 1.0, 1.0, 1.0, 1.0, 1.0, 1.0, 1.0, 1.0, 1.0, 1.0, 1.0, 1.0, 1.0, 1.0, 1.0, 1.0, 1.0, 1.0, 1.0, 1.0, 1.0, 1.0, 1.0, 1.0, 1.0, 1.0, 1.0, 1.0, 1.0, 1.0, 1.0, 1.0, 1.0, 1.0, 1.0, 1.0, 1.0, 1.0, 1.0, 1.0, 0.0, 0.0, 0.0, 0.0, 1.0, 1.0, 1.0, 1.0, 1.0, 1.0, 0.0, 0.0, 0.0, 0.0, 0.0, 0.0, 0.0, 0.0, 0.0, 0.0, 1.0, 1.0, 1.0, 1.0, 1.0, 1.0, 1.0, 1.0, 1.0, 1.0, 1.0, 1.0, 1.0, 1.0, 1.0, 1.0, 1.0, 1.0, 1.0, 1.0, 1.0, 1.0, 1.0, 1.0, 0.0, 0.0, 1.0, 1.0, 0.0, 0.0, 1.0, 1.0, 1.0, 1.0, 0.0, 0.0, 0.0, 0.0, 0.0, 0.0, 0.0, 0.0, 0.0, 0.0, 0.0, 0.0, 0.0, 0.0]",NGS-nonramp,False
239,ENTm3,-0.623349701420564,52.95823976071965,70.61098634762621,4.1026390220166045,1.5,7,False,,,,,,,29,23,7.357357357357358,10.0,-12.0,-0.623349701420564,-0.44021791523797893,0.29889876430589407,0.2907160354151356,-3270.0,2624.1245211180376,4240.556044514754,532.0,1380.0,0.0460554642337031,2.965270317550103,1.7877574271416543,4.637643770766239,OF1,NG,96.92307692307692,92.3076923076923,100.0,100.0,"[1.0, 1.0, 1.0, 1.0, 1.0, 1.0, 1.0, 1.0, 1.0, 1.0, 1.0, 1.0, 1.0, 1.0, 1.0, 1.0, 1.0, 1.0, 1.0, 1.0, 1.0, 1.0, 1.0, 1.0, 1.0, 1.0, 1.0, 1.0, 1.0, 1.0, 1.0, 1.0, 1.0, 1.0, 1.0, 1.0, 1.0, 1.0, 1.0, 1.0, 1.0, 1.0, 1.0, 1.0, 1.0, 1.0, 1.0, 1.0, 1.0, 1.0, 1.0, 1.0, 1.0, 1.0, 1.0, 1.0, 1.0, 1.0, 1.0, 1.0, 1.0, 1.0, 1.0, 1.0, 1.0, 1.0, 1.0, 1.0, 1.0, 1.0, 1.0, 1.0, 1.0, 1.0, 1.0, 1.0, 1.0, 1.0, 1.0, 1.0, 1.0, 1.0, 1.0, 1.0, 1.0, 1.0, 1.0, 1.0, 1.0, 1.0, 1.0, 1.0, 1.0, 1.0, 1.0, 1.0, 1.0, 1.0, 1.0, 1.0, 1.0, 0.0, 0.0, 0.0, 0.0, 1.0, 1.0, 1.0, 1.0, 1.0, 1.0, 1.0, 1.0, 1.0, 1.0, 1.0, 1.0, 1.0, 1.0, 1.0, 1.0, 1.0, 1.0, 1.0, 1.0, 1.0, 1.0, 1.0, 1.0, 1.0, 1.0, 1.0, 1.0, 1.0, 1.0, 1.0, 1.0, 1.0, 1.0, 1.0, 1.0, 1.0, 1.0, 1.0, 1.0, 1.0, 1.0]",NGS-ramp,False
241,ENTm3,-0.13423595952533401,37.42359866092917,49.898131547905564,33.02904741696416,1.5,7,False,,,,,,,29,23,7.357357357357358,11.0,-7.0,-0.13423595952533401,-0.5239407879366972,0.03186560312507094,0.027747051301854158,-3270.0,2624.1245211180376,4240.556044514754,532.0,1380.0,0.016127479583371337,4.795156062397216,3.822935150583901,4.810659161273203,OF1,NG,96.49122807017544,93.05555555555556,100.0,87.5,"[1.0, 1.0, 1.0, 1.0, 1.0, 1.0, 1.0, 1.0, 1.0, 1.0, 1.0, 1.0, 1.0, 1.0, 1.0, 1.0, 1.0, 1.0, 1.0, 1.0, 1.0, 0.0, 0.0, 1.0, 1.0, 1.0, 1.0, 1.0, 1.0, 1.0, 1.0, 1.0, 1.0, 1.0, 1.0, 1.0, 1.0, 1.0, 1.0, 1.0, 1.0, 1.0, 1.0, 0.0, 0.0, 1.0, 1.0, 1.0, 1.0, 1.0, 1.0, 1.0, 1.0, 1.0, 1.0, 1.0, 1.0, 1.0, 1.0, 1.0, 1.0, 1.0, 1.0, 1.0, 1.0, 1.0, 1.0, 1.0, 1.0, 1.0, 1.0, 0.0, 0.0, 1.0, 1.0, 1.0, 1.0, 1.0, 1.0, 1.0, 1.0, 1.0, 1.0, 1.0, 1.0, 1.0, 1.0, 1.0, 1.0, 0.0, 0.0, 0.0, 0.0, 0.0, 0.0, 1.0, 1.0, 1.0, 1.0, 1.0, 1.0, 1.0, 1.0, 1.0, 1.0, 1.0, 1.0, 1.0, 1.0, 1.0, 1.0, 1.0, 1.0, 1.0, 1.0, 1.0, 1.0, 1.0, 1.0, 1.0, 1.0, 1.0, 1.0, 1.0, 1.0, 1.0, 1.0, 1.0, 1.0, 1.0, 1.0, 0.0, 0.0, 0.0, 0.0, 0.0, 0.0, 1.0, 1.0, 1.0, 1.0, 1.0, 1.0, 1.0, 1.0, 1.0, 1.0]",NGS-nonramp,False
244,ENTm5,0.07475034482269599,24.626582705179594,32.835443606906125,11.968748633692682,1.5,7,False,,,,,,,29,23,7.357357357357358,-30.0,6.0,0.07475034482269599,-0.21423271757295553,0.022209675895255583,0.019612738594828486,-3270.0,2594.131604267198,4239.904171230563,532.0,1410.0,0.0037278442039596696,20.75920414419608,4.250297480557651,18.876862366063076,OF2,NG,97.01492537313433,92.5,,,"[1.0, 1.0, 1.0, 1.0, 1.0, 1.0, 1.0, 1.0, 1.0, 1.0, 1.0, 1.0, 1.0, 1.0, 1.0, 1.0, 1.0, 1.0, 1.0, 1.0, 1.0, 1.0, 1.0, 1.0, 1.0, 1.0, 1.0, 1.0, 1.0, 1.0, 1.0, 1.0, 1.0, 1.0, 1.0, 1.0, 1.0, 1.0, 1.0, 1.0, 1.0, 1.0, 1.0, 1.0, 1.0, 1.0, 1.0, 1.0, 1.0, 1.0, 1.0, 1.0, 1.0, 1.0, 1.0, 1.0, 1.0, 1.0, 1.0, 1.0, 1.0, 1.0, 1.0, 1.0, 1.0, 1.0, 1.0, 1.0, 1.0, 1.0, 1.0, 1.0, 1.0, 1.0, 1.0, 1.0, 1.0, 1.0, 1.0, 1.0, 1.0, 1.0, 1.0, 1.0, 1.0, 1.0, 1.0, 1.0, 1.0, 1.0, 1.0, 1.0, 1.0, 1.0, 1.0, 1.0, 1.0, 1.0, 1.0, 1.0, 1.0, 1.0, 1.0, 1.0, 1.0, 1.0, 1.0, 1.0, 1.0, 1.0, 1.0, 1.0, 1.0, 1.0, 1.0, 1.0, 1.0, 1.0, 1.0, 1.0, 1.0, 1.0, 1.0, 1.0, 1.0, 1.0, 1.0, 1.0, 1.0, 1.0, 1.0, 1.0, 1.0, 1.0, 1.0, 1.0, 1.0, 1.0, 1.0, 1.0, 1.0, 1.0, 1.0, 1.0, 1.0, 1.0, 1.0]",NGS-nonramp,False
247,ENTm5,-0.241986339961551,33.621938220119546,44.8292509601594,35.48573821739756,1.5,7,False,,,,,,,29,23,7.357357357357358,20.0,-23.0,-0.241986339961551,-0.05900949449267282,0.014029904257743801,0.010997713338147272,-3270.0,2594.131604267198,4239.904171230563,532.0,1410.0,-0.012227675187758667,10.750896640161772,14.12711577328433,8.757800067223362,OF1,NG,100.0,100.0,96.875,92.40506329113924,"[0.0, 0.0, 0.0, 0.0, 0.0, 0.0, 0.0, 0.0, 0.0, 0.0, 0.0, 0.0, 0.0, 0.0, 0.0, 0.0, 0.0, 0.0, 0.0, 0.0, 0.0, 0.0, 0.0, 0.0, 0.0, 0.0, 0.0, 0.0, 0.0, 0.0, 0.0, 0.0, 0.0, 0.0, 0.0, 0.0, 0.0, 0.0, 0.0, 0.0, 0.0, 0.0, 0.0, 0.0, 0.0, 0.0, 0.0, 0.0, 0.0, 0.0, 0.0, 0.0, 0.0, 0.0, 0.0, 0.0, 0.0, 0.0, 0.0, 0.0, 0.0, 0.0, 0.0, 0.0, 0.0, 0.0, 0.0, 0.0, 0.0, 0.0, 0.0, 0.0, 0.0, 1.0, 1.0, 0.0, 0.0, 0.0, 0.0, 0.0, 0.0, 0.0, 0.0, 0.0, 0.0, 0.0, 0.0, 0.0, 0.0, 0.0, 0.0, 0.0, 0.0, 0.0, 0.0, 0.0, 0.0, 0.0, 0.0, 0.0, 0.0, 0.0, 0.0, 0.0, 0.0, 0.0, 0.0, 0.0, 0.0, 0.0, 0.0, 0.0, 0.0, 0.0, 0.0, 0.0, 0.0, 1.0, 1.0, 0.0, 0.0, 0.0, 0.0, 0.0, 0.0, 0.0, 0.0, 0.0, 0.0, 0.0, 0.0, 0.0, 0.0, 0.0, 0.0, 0.0, 0.0, 0.0, 0.0, 0.0, 0.0, 0.0, 0.0, 0.0, 0.0, 0.0, 0.0]",NGS-nonramp,False
249,ENTm2,0.1945264260489669,45.817676020549,61.09023469406534,29.737541046541917,1.5,7,False,,,,,,,29,23,7.357357357357358,6.0,-43.0,0.1945264260489669,0.12640696101364207,0.4566649015671675,0.32491030204573146,-3510.0,3508.2340754914003,4312.671789144255,782.0,480.0,0.1423601980455355,2.2201380679427443,3.0015330894647625,1.4947906260916952,OF1,NG,97.01492537313433,92.5,,,"[1.0, 1.0, 1.0, 1.0, 1.0, 1.0, 1.0, 1.0, 1.0, 1.0, 1.0, 1.0, 1.0, 1.0, 1.0, 1.0, 1.0, 1.0, 1.0, 1.0, 1.0, 1.0, 1.0, 1.0, 1.0, 1.0, 1.0, 1.0, 1.0, 1.0, 1.0, 1.0, 1.0, 1.0, 1.0, 1.0, 1.0, 1.0, 1.0, 1.0, 1.0, 1.0, 1.0, 1.0, 1.0, 1.0, 1.0, 1.0, 1.0, 1.0, 1.0, 1.0, 1.0, 1.0, 1.0, 1.0, 1.0, 1.0, 1.0, 1.0, 1.0, 1.0, 1.0, 1.0, 1.0, 1.0, 1.0, 1.0, 1.0, 1.0, 1.0, 1.0, 1.0, 1.0, 1.0, 1.0, 1.0, 1.0, 1.0, 1.0, 1.0, 1.0, 1.0, 1.0, 1.0, 1.0, 1.0, 1.0, 1.0, 1.0, 1.0, 1.0, 1.0, 1.0, 1.0, 1.0, 1.0, 1.0, 1.0, 1.0, 1.0, 1.0, 1.0, 1.0, 1.0, 1.0, 1.0, 1.0, 1.0, 1.0, 1.0, 1.0, 1.0, 1.0, 1.0, 1.0, 1.0, 1.0, 1.0, 1.0, 1.0, 1.0, 1.0, 1.0, 1.0, 1.0, 1.0, 1.0, 1.0, 1.0, 1.0, 1.0, 1.0, 1.0, 1.0, 1.0, 1.0, 1.0, 1.0, 1.0, 1.0, 1.0, 1.0, 1.0, 1.0, 1.0, 1.0]",NGS-nonramp,False
251,ENTm2,-0.44763290522365556,49.69256003053019,66.25674670737358,6.913092907184217,1.5,7,False,,,,,,,29,23,7.357357357357358,9.0,-40.0,-0.44763290522365556,-0.3903147248698407,0.6855860781216689,0.6336960457583379,-3510.0,3523.2049912191023,4313.605428407587,750.0,465.0,0.15017908496081453,0.806860549528291,1.1687901539048187,0.247313290934879,OF1,NG,98.03921568627452,100.0,93.75,76.92307692307692,"[1.0, 1.0, 1.0, 1.0, 1.0, 1.0, 1.0, 1.0, 1.0, 1.0, 1.0, 1.0, 1.0, 1.0, 1.0, 1.0, 1.0, 1.0, 1.0, 1.0, 1.0, 1.0, 1.0, 1.0, 1.0, 1.0, 1.0, 1.0, 1.0, 1.0, 1.0, 1.0, 1.0, 1.0, 1.0, 1.0, 1.0, 1.0, 1.0, 1.0, 1.0, 1.0, 1.0, 1.0, 1.0, 1.0, 1.0, 1.0, 1.0, 1.0, 1.0, 1.0, 1.0, 1.0, 1.0, 0.0, 0.0, 0.0, 0.0, 1.0, 1.0, 1.0, 1.0, 0.0, 0.0, 0.0, 0.0, 0.0, 0.0, 0.0, 0.0, 0.0, 0.0, 0.0, 0.0, 0.0, 0.0, 0.0, 0.0, 1.0, 1.0, 1.0, 1.0, 1.0, 1.0, 1.0, 1.0, 1.0, 1.0, 1.0, 1.0, 1.0, 1.0, 1.0, 1.0, 1.0, 1.0, 1.0, 1.0, 1.0, 1.0, 1.0, 1.0, 1.0, 1.0, 1.0, 1.0, 1.0, 1.0, 1.0, 1.0, 1.0, 1.0, 1.0, 1.0, 1.0, 1.0, 1.0, 1.0, 1.0, 1.0, 1.0, 1.0, 1.0, 1.0, 0.0, 0.0, 0.0, 0.0, 0.0, 0.0, 0.0, 0.0, 0.0, 0.0, 0.0, 0.0, 0.0, 0.0, 0.0, 0.0, 0.0, 0.0, 0.0, 0.0, 0.0, 0.0]",NGS-nonramp,False
255,ENTm2,-0.17241096104518555,48.17199143418044,64.2293219122406,28.0776951282122,1.5,7,False,"[-1.50284620e-02 -3.35522697e-02  2.13958426e-01 -3.54765363e-01
 -2.80424520e-01 -1.62351488e-02  2.74604137e-01 -2.68500383e-01
  1.90292022e-03 -5.65850181e-01  2.76638474e-01 -5.35280527e-01
 -4.16513033e-01 -2.33453385e-01 -7.43356477e-01 -2.44671438e-01
 -5.46803307e-02 -2.67545922e-01  1.77319251e-01 -7.05981642e-01
 -1.84604733e-01  9.43190701e-01  3.65042956e-02 -1.29280393e-01
 -2.76161599e-01  4.51294503e-03  4.09316678e-02 -2.12560728e-01
 -5.64022135e-02 -2.59085066e-02 -1.76493237e-03 -3.78598841e-01
 -5.28403628e-01 -2.96568178e-01  1.08413016e-01 -3.29659925e-01
 -7.71332409e-01 -3.68920813e-01 -2.92800888e-02 -1.53842255e-01
 -2.01588228e-01  1.72410675e-01 -1.58368138e-01 -4.15619736e-01
 -1.98314426e-01 -4.78371991e-01 -1.24814878e-01 -4.09285326e-01
 -7.95059393e-01 -9.77111728e-02  9.82365628e-01 -4.72128858e-02
 -2.46997229e-01 -3.59463344e-01 -6.15026412e-01  4.10415166e-02
  1.80929599e-01 -2.53414762e-01 -3.65635355e-01 -7.23472147e-03
 -7.66796431e-01 -5.16934001e-01  1.15585959e-01  2.80198217e-04
 -1.57042241e-01 -2.70499557e-02 -5.92885038e-01 -3.21982526e-01
 -6.17468646e-01 -2.95763400e-01 -4.77367283e-01  3.31926598e-01
 -1.92023400e-02 -2.20368061e-01 -4.56202172e-01 -4.80847191e-02
 -4.63691146e-01 -2.74599379e-01 -1.21637462e-01 -3.50446367e-02
  1.53206640e-02 -3.95067152e-01 -5.76361716e-01 -1.97971072e-01
 -3.33913138e-01 -4.22534379e-01 -1.65868383e-01  5.39836960e-01
 -2.47536874e-01 -4.76080655e-01 -2.32486422e-01 -4.16251094e-01
 -4.65430586e-01 -5.41484576e-01 -5.01905658e-01 -2.93844697e-01
  4.13295813e-01 -8.26331471e-02  6.85717799e-03  2.02864390e-01
 -2.14639273e-01 -2.51312142e-02 -2.46083133e-01 -2.37705742e-01
  2.37337931e-01 -2.68284015e-01 -3.70815133e-01 -2.19843267e-01
  8.71932882e-01 -3.63983792e-01 -5.65743866e-01 -5.03556064e-01
 -3.59257137e-01 -4.68007678e-01 -6.65522316e-02 -2.45831929e-01
  3.37181995e-01 -1.08742748e-01 -3.97684630e-01  3.55304974e-01
 -4.27560354e-01 -6.96731186e-02 -3.78917112e-01 -3.85742533e-01
 -6.33776613e-02  4.01986025e-02 -3.88406238e-01 -3.64553654e-01
 -3.25744520e-01 -2.71789675e-01 -4.22517182e-01 -4.54161371e-02
 -4.58266460e-01  2.62197411e-02 -2.46079545e-01 -5.09830020e-02
 -7.86455635e-02 -2.36053604e-01 -3.24758033e-01 -6.36208615e-01
  2.08571194e-02 -4.45754487e-01  1.99290042e-01  1.58575880e-01
 -2.63849997e-01  3.56336163e-01 -3.92634892e-01 -4.52364349e-01
 -1.11108623e-01  2.18169224e-02 -9.17125621e-02  7.54168127e-02
 -4.16525460e-01 -2.62957007e-01 -2.07499566e-01 -4.23374812e-01
 -5.12670012e-02  1.38909414e-01  1.56195569e-01 -6.04626728e-01
 -8.12579955e-02 -3.37411199e-01 -6.27734015e-02 -3.11853840e-01
 -5.88758834e-01 -4.36383942e-01  1.20376496e-01  2.56387925e-01
  1.88901952e-01 -1.54718928e-01 -6.84342505e-01 -2.01705754e-01
 -3.20821777e-01 -5.26709216e-01 -2.58919851e-01 -2.02442460e-01
 -1.66223488e-01 -4.12516960e-02 -6.01364482e-01 -1.27016830e-01
  3.34755192e-01 -8.66512924e-01  2.26748767e-01  2.17399160e-01
 -4.06717956e-01 -7.19611143e-01 -2.37905785e-01 -3.20676358e-01
  1.25415453e-01  1.57361642e-03 -5.33945750e-01 -2.45906739e-01
  2.33558169e-01 -3.71475380e-01  9.63335925e-02 -4.71515516e-02
  1.75751217e-01  1.67097171e-01 -3.56015604e-01  8.13229921e-02]","[32.27737833 37.00451466 37.07512506 25.58303342 31.71543856 29.36839021
 40.69647024 32.24751509 27.96757556 33.05712075 29.83731229 33.50411658
 32.75576594 36.15723886 22.66827263 34.73540541 27.22962542 27.57741868
 31.32536124 37.59104404 37.368178   22.21443056 25.91383753 26.64373288
 40.68157959 29.14471154 33.62287417 31.71408187 28.07185605 25.1250633
 30.03682802 30.85054909 30.70415535 32.08508545 44.19057883 33.85225571
 36.1793492  24.18765523 32.85276377 36.02631228 27.16333632 36.43919473
 38.7532628  27.84478241 40.22475989 38.99973588 36.61925052 23.02915088
 27.35448314 34.08654265 36.84436381 42.64499901 21.60199489 28.66757984
 31.72342268 26.88073341 30.80407942 26.94293847 33.11805141 25.2825306
 30.62885299 30.1108483  24.71474249 31.33422124 27.53079834 42.47782614
 33.0385052  37.25282561 29.82835764 21.70732892 36.94914925 32.72242976
 37.61471997 38.2014016  23.07901443 41.08368675 33.24479514 28.18584921
 25.79190344 39.59845302 26.95556926 29.39860884 38.97135709 24.20151406
 29.67139559 26.76959525 30.72014516 40.15889378 26.66862775 30.71936457
 28.29359776 24.99979775 39.00710203 31.28482091 29.1026039  22.67197071
 33.67476658 36.01529339 30.05425727 34.22506012 29.02036053 49.01271959
 30.07712446 30.32883625 29.25289962 22.37008812 31.10142777 35.86593784
 29.11707971 32.52124106 31.59474646 29.78737986 25.42857079 34.8424762
 51.6612978  31.09954227 41.96013097 32.92875557 18.93952963 30.21344536
 35.54220355 32.76568828 40.57263344 34.45918652 29.51205662 40.71654768
 24.39734353 36.84287677 26.51683457 33.73009797 25.93317278 20.87178888
 28.17603819 29.83280285 32.66868291 37.59019003 24.39043766 40.99642885
 30.82510649 22.19147852 39.72662365 29.0853011  26.23089145 30.62557027
 31.26602598 45.31425304 28.3764572  26.64312597 27.1359798  41.46678937
 24.20357364 29.33981724 38.74860305 22.23335634 32.04387474 39.60582998
 43.06348306 33.25492566 38.05819955 32.88715588 32.25290975 30.9894495
 48.46756583 30.61739588 34.18397491 30.02188063 40.53730201 24.23315588
 37.90154194 24.98086678 36.33658271 36.77697352 36.77828307 27.51950015
 27.16917852 29.43317972 38.62248264 35.45213906 30.68057406 27.3894876
 31.34276622 36.2976433  31.57703025 31.41718991 40.70797404 35.94768101
 30.80056965 35.15258313 27.44149845 35.7817032  25.03784723 30.96141795
 27.29263712 34.29488161 37.66087035 23.81613642 24.66000157 22.25562581
 36.84816609 33.42897033]","[43.03650443 49.33935288 49.43350007 34.11071123 42.28725141 39.15785361
 54.26196032 42.99668679 37.29010075 44.076161   39.78308305 44.67215544
 43.67435458 48.20965181 30.2243635  46.31387388 36.30616722 36.76989158
 41.76714832 50.12139205 49.82423733 29.61924075 34.55178338 35.52497718
 54.24210612 38.85961538 44.8304989  42.2854425  37.4291414  33.50008441
 40.04910403 41.13406545 40.93887381 42.78011394 58.92077178 45.13634095
 48.23913227 32.25020697 43.80368503 48.03508304 36.21778175 48.58559297
 51.67101707 37.12637655 53.63301318 51.99964784 48.82566735 30.70553451
 36.47264419 45.44872353 49.12581841 56.85999867 28.80265985 38.22343978
 42.29789691 35.84097788 41.07210589 35.92391796 44.15740188 33.71004079
 40.83847065 40.14779773 32.95298999 41.77896165 36.70773111 56.63710152
 44.05134027 49.67043415 39.77114352 28.94310523 49.26553233 43.62990635
 50.15295997 50.93520213 30.77201924 54.778249   44.32639352 37.58113228
 34.38920459 52.79793736 35.94075901 39.19814512 51.96180945 32.26868541
 39.56186078 35.69279366 40.96019354 53.5451917  35.55817033 40.95915277
 37.72479701 33.33306366 52.00946937 41.71309455 38.80347187 30.22929428
 44.89968877 48.02039119 40.07234303 45.63341349 38.69381404 65.35029278
 40.10283261 40.43844834 39.00386615 29.82678416 41.46857036 47.82125045
 38.82277295 43.36165475 42.12632861 39.71650648 33.90476105 46.45663494
 68.8817304  41.46605636 55.94684129 43.90500742 25.25270617 40.28459382
 47.38960473 43.68758437 54.09684459 45.94558202 39.34940883 54.28873024
 32.52979138 49.1238357  35.35577943 44.97346396 34.57756371 27.82905184
 37.56805092 39.77707047 43.55824388 50.12025338 32.52058354 54.66190513
 41.10014198 29.58863803 52.96883154 38.78040146 34.97452193 40.83409369
 41.68803464 60.41900405 37.83527626 35.52416797 36.1813064  55.28905249
 32.27143151 39.11975632 51.66480407 29.64447512 42.72516632 52.80777331
 57.41797742 44.33990088 50.74426607 43.84954118 43.00387967 41.31926601
 64.6234211  40.82319451 45.57863321 40.02917417 54.04973602 32.31087451
 50.53538925 33.30782237 48.44877694 49.0359647  49.03771076 36.69266686
 36.22557136 39.24423962 51.49664352 47.26951875 40.90743209 36.51931679
 41.79035496 48.39685774 42.102707   41.88958655 54.27729872 47.93024134
 41.0674262  46.87011084 36.58866461 47.7089376  33.38379631 41.2818906
 36.39018282 45.72650881 50.21449379 31.75484856 32.8800021  29.67416775
 49.13088812 44.57196044]","[ 8.31948391  9.93757224 54.78202182 50.31169787 21.30067508 54.79996669
  8.77931209 35.77977687 42.51007086  2.49119235 44.12769648 54.4189362
 32.06810635 53.29193688  7.12036641 34.99827547 46.91944975  1.31503097
 55.77238532 52.73315714 58.40388853 14.58559833  0.7747116  47.63066145
 44.96125289  3.49940412 38.62663974 20.97656591  2.58069166 17.57846377
 10.13089335 11.58238199 12.43855103  9.30163482 13.20805753 18.30323171
 11.44972296  2.7262755  33.14761107  5.17623947  0.84026159 52.28359691
 16.04035348 36.94259044 54.89924972 38.94242729 33.62531022 53.6268235
 32.17360429 51.97696729 32.26629885  7.84542022 23.69109036 47.87147207
 34.31616137  3.9059962  53.5307891  57.81127369 30.63200317  0.73379803
 51.09451429 19.48937976 28.14165988 12.91038065 55.31128402 15.26718268
 40.90893733 28.72727032 51.97606659 30.26849207 31.02822514 17.42828821
 15.13408839 14.81572228  8.43864641 16.44991562 44.26646154 14.27232942
  1.96814216 27.44233347 12.07698175 34.26796894 13.67882866 35.89054063
 58.23756593 41.29165413 52.27553202 57.03605511  3.75687606 58.36768355
 53.12819559 12.65529172  2.52808927  2.57222938 58.44739275 22.42388962
 24.96160466  8.10568949 19.94178623 52.73115701 40.16027767 52.78731797
 35.85700455 24.06088552 11.77087199  8.63341617 29.99259865 40.43155778
 57.35415772 42.40287019 25.34401669 55.09577185 31.96847631  1.8791177
 18.87432347 35.08453721  7.66525041 58.5830383  13.23525489  9.49096396
  4.25918573  9.27111069  3.54352304 59.39610024 38.58963547 33.19082872
  6.64879788 12.69599067 46.07757449  2.34146087 32.74725001 10.99016336
 48.83592461 10.52611367 57.1660652  22.71070348  7.92501302 12.41796642
 12.06227349 59.74030418 33.1889517  44.9650735   0.43700059 45.27960462
 12.38784622 18.1488082   8.69314817  5.21856894 28.44018323  7.26246685
 44.06709734 44.38485936 10.72416665 29.13222533 52.82310606 19.23376222
 43.99019894 54.07499933 38.51018603 57.94434845  3.28413434 28.03525942
 23.6086174  26.90288551  7.26599058 10.62287016 15.44403451  1.02115312
 42.98070381 37.64954845 53.71234447  4.22583255 39.01164408 47.71201826
 46.90373299  2.78067979 21.92533107 21.45275999 20.5101386   6.42593162
 14.27109432 23.02573594 19.48057688 35.77924363 22.37900488  4.50076275
 36.89813031 56.90025207 58.82394676 16.2556977  32.73616173 27.87497147
  7.07909238 51.58584379 45.16940958 39.47522979 14.33332195 36.89462156
 10.03102182 20.96967623]","[1.5 1.5 1.5 1.5 1.5 1.5 1.5 1.5 1.5 1.5 1.5 1.5 1.5 1.5 1.5 1.5 1.5 1.5
 1.5 1.5 1.5 1.5 1.5 1.5 1.5 1.5 1.5 1.5 1.5 1.5 1.5 1.5 1.5 1.5 1.5 1.5
 1.5 1.5 1.5 1.5 1.5 1.5 1.5 1.5 1.5 1.5 1.5 1.5 1.5 1.5 1.5 1.5 1.5 1.5
 1.5 1.5 1.5 1.5 1.5 1.5 1.5 1.5 1.5 1.5 1.5 1.5 1.5 1.5 1.5 1.5 1.5 1.5
 1.5 1.5 1.5 1.5 1.5 1.5 1.5 1.5 1.5 1.5 1.5 1.5 1.5 1.5 1.5 1.5 1.5 1.5
 1.5 1.5 1.5 1.5 1.5 1.5 1.5 1.5 1.5 1.5 1.5 1.5 1.5 1.5 1.5 1.5 1.5 1.5
 1.5 1.5 1.5 1.5 1.5 1.5 1.5 1.5 1.5 1.5 1.5 1.5 1.5 1.5 1.5 1.5 1.5 1.5
 1.5 1.5 1.5 1.5 1.5 1.5 1.5 1.5 1.5 1.5 1.5 1.5 1.5 1.5 1.5 1.5 1.5 1.5
 1.5 1.5 1.5 1.5 1.5 1.5 1.5 1.5 1.5 1.5 1.5 1.5 1.5 1.5 1.5 1.5 1.5 1.5
 1.5 1.5 1.5 1.5 1.5 1.5 1.5 1.5 1.5 1.5 1.5 1.5 1.5 1.5 1.5 1.5 1.5 1.5
 1.5 1.5 1.5 1.5 1.5 1.5 1.5 1.5 1.5 1.5 1.5 1.5 1.5 1.5 1.5 1.5 1.5 1.5
 1.5 1.5]",,29,23,7.357357357357358,19.0,7.0,-0.17241096104518555,-0.33965839286532645,0.33614013854375385,0.2311031414960322,-3510.0,3493.263159763698,4311.738149880924,750.0,495.0,0.19331953284371403,2.1239621399760487,3.2339582162925917,1.275533884968756,OF1,NG,97.95918367346938,100.0,94.44444444444444,66.66666666666667,"[1.0, 1.0, 1.0, 1.0, 1.0, 1.0, 1.0, 1.0, 1.0, 1.0, 1.0, 1.0, 1.0, 1.0, 1.0, 1.0, 1.0, 1.0, 1.0, 1.0, 1.0, 1.0, 1.0, 1.0, 1.0, 1.0, 1.0, 1.0, 1.0, 1.0, 1.0, 1.0, 1.0, 1.0, 1.0, 1.0, 1.0, 1.0, 1.0, 1.0, 1.0, 1.0, 1.0, 1.0, 1.0, 1.0, 1.0, 1.0, 1.0, 1.0, 1.0, 1.0, 1.0, 1.0, 1.0, 1.0, 1.0, 1.0, 1.0, 1.0, 1.0, 1.0, 1.0, 0.0, 0.0, 1.0, 1.0, 1.0, 1.0, 1.0, 1.0, 0.0, 0.0, 0.0, 0.0, 0.0, 0.0, 1.0, 1.0, 1.0, 1.0, 1.0, 1.0, 1.0, 1.0, 1.0, 1.0, 1.0, 1.0, 1.0, 1.0, 1.0, 1.0, 1.0, 1.0, 1.0, 1.0, 1.0, 1.0, 1.0, 1.0, 1.0, 1.0, 1.0, 1.0, 1.0, 1.0, 1.0, 1.0, 1.0, 1.0, 1.0, 1.0, 1.0, 1.0, 0.0, 0.0, 0.0, 0.0, 1.0, 1.0, 1.0, 1.0, 0.0, 0.0, 0.0, 0.0, 0.0, 0.0, 0.0, 0.0, 0.0, 0.0, 0.0, 0.0, 0.0, 0.0, 0.0, 0.0, 0.0, 0.0, 0.0, 0.0, 0.0, 0.0, 0.0, 0.0]",NGS-nonramp,False
256,ENTm2,-0.4899841524596219,48.389671367091545,64.51956182278873,42.91783813219808,1.5,7,False,,,,,,,29,23,7.357357357357358,12.0,-7.0,-0.4899841524596219,-0.17312857390438993,0.28712320889656234,0.21983240249093694,-3510.0,3508.2340754914003,4312.671789144255,750.0,480.0,0.11268132062408147,2.0573788052298743,3.408068795170786,0.8416964943582016,OF1,NG,100.0,100.0,96.29629629629629,90.76923076923077,"[0.0, 0.0, 0.0, 0.0, 0.0, 0.0, 0.0, 0.0, 0.0, 1.0, 1.0, 1.0, 1.0, 1.0, 1.0, 0.0, 0.0, 0.0, 0.0, 0.0, 0.0, 0.0, 0.0, 0.0, 0.0, 0.0, 0.0, 0.0, 0.0, 0.0, 0.0, 0.0, 0.0, 0.0, 0.0, 0.0, 0.0, 0.0, 0.0, 0.0, 0.0, 0.0, 0.0, 1.0, 1.0, 0.0, 0.0, 0.0, 0.0, 0.0, 0.0, 0.0, 0.0, 0.0, 0.0, 0.0, 0.0, 0.0, 0.0, 0.0, 0.0, 0.0, 0.0, 1.0, 1.0, 1.0, 1.0, 1.0, 1.0, 1.0, 1.0, 1.0, 1.0, 0.0, 0.0, 0.0, 0.0, 0.0, 0.0, 0.0, 0.0, 0.0, 0.0, 0.0, 0.0, 1.0, 1.0, 1.0, 1.0, 1.0, 1.0, 0.0, 0.0, 0.0, 0.0, 0.0, 0.0, 0.0, 0.0, 0.0, 0.0, 0.0, 0.0, 0.0, 0.0, 0.0, 0.0, 0.0, 0.0, 0.0, 0.0, 0.0, 0.0, 0.0, 0.0, 0.0, 0.0, 0.0, 0.0, 0.0, 0.0, 0.0, 0.0, 0.0, 0.0, 0.0, 0.0, 1.0, 1.0, 1.0, 1.0, 0.0, 0.0, 0.0, 0.0, 0.0, 0.0, 0.0, 0.0, 0.0, 0.0, 0.0, 0.0, 0.0, 0.0, 0.0, 0.0]",NGS-nonramp,False
259,ENTm2,-0.3249492557170293,59.138394491037474,78.85119265471663,2.974565696806099,1.5,7,False,,,,,,,29,23,7.357357357357358,13.0,-8.0,-0.3249492557170293,-0.17703618606941954,0.4140633401936197,0.30397722876594363,-3510.0,3523.2049912191023,4313.605428407587,782.0,465.0,0.21038457085609574,4.00632849936268,6.262982449790753,1.6459842556338165,OF1,NG,98.4375,100.0,66.66666666666667,33.333333333333336,"[1.0, 1.0, 1.0, 1.0, 1.0, 1.0, 1.0, 1.0, 1.0, 1.0, 1.0, 1.0, 1.0, 1.0, 1.0, 1.0, 1.0, 1.0, 1.0, 1.0, 1.0, 1.0, 1.0, 1.0, 1.0, 1.0, 1.0, 1.0, 1.0, 1.0, 1.0, 1.0, 1.0, 1.0, 1.0, 1.0, 1.0, 1.0, 1.0, 1.0, 1.0, 1.0, 1.0, 1.0, 1.0, 1.0, 1.0, 1.0, 1.0, 1.0, 1.0, 1.0, 1.0, 1.0, 1.0, 1.0, 1.0, 1.0, 1.0, 1.0, 1.0, 1.0, 1.0, 1.0, 1.0, 1.0, 1.0, 1.0, 1.0, 1.0, 1.0, 1.0, 1.0, 1.0, 1.0, 1.0, 1.0, 1.0, 1.0, 1.0, 1.0, 1.0, 1.0, 1.0, 1.0, 1.0, 1.0, 1.0, 1.0, 1.0, 1.0, 1.0, 1.0, 1.0, 1.0, 1.0, 1.0, 1.0, 1.0, 1.0, 1.0, 1.0, 1.0, 1.0, 1.0, 1.0, 1.0, 1.0, 1.0, 1.0, 1.0, 1.0, 1.0, 1.0, 1.0, 1.0, 1.0, 1.0, 1.0, 1.0, 1.0, 1.0, 1.0, 1.0, 1.0, 1.0, 1.0, 1.0, 1.0, 1.0, 1.0, 1.0, 1.0, 1.0, 1.0, 0.0, 0.0, 0.0, 0.0, 0.0, 0.0, 0.0, 0.0, 0.0, 0.0, 0.0, 0.0]",NGS-ramp,False
266,ENTm2,-0.3696441792919797,38.313843573217035,51.085124764289375,59.39750915553871,1.5,7,False,,,,,,,29,23,7.357357357357358,11.0,46.0,-0.3696441792919797,-0.2544558503735203,0.016021848365085703,0.013754407805084658,-3510.0,3493.263159763698,4311.738149880924,782.0,495.0,0.3161313236377228,16.983374202965116,19.15216367660141,16.46711647665978,OF1,NG,96.0,96.875,97.61904761904762,89.58333333333333,"[1.0, 1.0, 1.0, 1.0, 1.0, 1.0, 1.0, 1.0, 1.0, 1.0, 1.0, 1.0, 1.0, 1.0, 1.0, 1.0, 1.0, 0.0, 0.0, 0.0, 0.0, 1.0, 1.0, 1.0, 1.0, 1.0, 1.0, 0.0, 0.0, 0.0, 0.0, 0.0, 0.0, 0.0, 0.0, 0.0, 0.0, 0.0, 0.0, 0.0, 0.0, 1.0, 1.0, 1.0, 1.0, 1.0, 1.0, 1.0, 1.0, 0.0, 0.0, 0.0, 0.0, 0.0, 0.0, 0.0, 0.0, 0.0, 0.0, 1.0, 1.0, 1.0, 1.0, 1.0, 1.0, 0.0, 0.0, 1.0, 1.0, 1.0, 1.0, 0.0, 0.0, 1.0, 1.0, 1.0, 1.0, 1.0, 1.0, 0.0, 0.0, 0.0, 0.0, 0.0, 0.0, 0.0, 0.0, 1.0, 1.0, 0.0, 0.0, 1.0, 1.0, 0.0, 0.0, 1.0, 1.0, 0.0, 0.0, 0.0, 0.0, 0.0, 0.0, 0.0, 0.0, 0.0, 0.0, 0.0, 0.0, 0.0, 0.0, 0.0, 0.0, 0.0, 0.0, 0.0, 0.0, 0.0, 0.0, 0.0, 0.0, 0.0, 0.0, 0.0, 0.0, 0.0, 0.0, 0.0, 0.0, 0.0, 0.0, 0.0, 0.0, 1.0, 1.0, 1.0, 1.0, 0.0, 0.0, 0.0, 0.0, 0.0, 0.0, 0.0, 0.0, 0.0, 0.0]",NGS-nonramp,False
267,ENTm2,-0.27323751635712556,27.796932334196526,37.06257644559537,7.721248190869963,1.5,7,False,,,,,,,29,23,7.357357357357358,-4.0,-35.0,-0.27323751635712556,-0.14484657495721304,0.012517313036843601,0.0129866986778507,-3510.0,3448.3504125805907,4308.937232090928,782.0,540.0,0.05642045504493793,13.661836806096074,17.376069159049685,8.45489324240186,OF1,NG,96.875,92.20779220779221,100.0,100.0,"[1.0, 1.0, 1.0, 1.0, 1.0, 1.0, 1.0, 1.0, 1.0, 1.0, 1.0, 1.0, 1.0, 1.0, 1.0, 1.0, 1.0, 1.0, 1.0, 1.0, 1.0, 1.0, 1.0, 1.0, 1.0, 1.0, 1.0, 1.0, 1.0, 1.0, 1.0, 1.0, 1.0, 1.0, 1.0, 1.0, 1.0, 1.0, 1.0, 1.0, 1.0, 1.0, 1.0, 1.0, 1.0, 1.0, 1.0, 1.0, 1.0, 1.0, 1.0, 1.0, 1.0, 1.0, 1.0, 1.0, 1.0, 1.0, 1.0, 1.0, 1.0, 1.0, 1.0, 1.0, 1.0, 1.0, 1.0, 1.0, 1.0, 1.0, 1.0, 1.0, 1.0, 1.0, 1.0, 1.0, 1.0, 1.0, 1.0, 1.0, 1.0, 1.0, 1.0, 1.0, 1.0, 1.0, 1.0, 1.0, 1.0, 1.0, 1.0, 1.0, 1.0, 1.0, 1.0, 1.0, 1.0, 1.0, 1.0, 1.0, 1.0, 1.0, 1.0, 1.0, 1.0, 1.0, 1.0, 1.0, 1.0, 1.0, 1.0, 1.0, 1.0, 1.0, 1.0, 1.0, 1.0, 1.0, 1.0, 1.0, 1.0, 1.0, 1.0, 0.0, 0.0, 0.0, 0.0, 0.0, 0.0, 1.0, 1.0, 1.0, 1.0, 1.0, 1.0, 1.0, 1.0, 1.0, 1.0, 1.0, 1.0, 1.0, 1.0, 1.0, 1.0, 1.0, 1.0]",NGS-nonramp,False
269,ENTm2,-0.15032786678990148,45.95543800727944,61.273917343039244,45.87384241900053,1.5,7,False,,,,,,,29,23,7.357357357357358,9.0,-2.0,-0.15032786678990148,-0.3157082676799343,0.3991625058474207,0.3813103603426241,-3510.0,3448.3504125805907,4308.937232090928,782.0,540.0,0.18226114385483666,4.106203501481941,5.781470896720914,2.246082682166979,OF1,NG,98.4375,100.0,66.66666666666667,33.333333333333336,"[1.0, 1.0, 1.0, 1.0, 1.0, 1.0, 1.0, 1.0, 1.0, 1.0, 1.0, 1.0, 1.0, 1.0, 1.0, 1.0, 1.0, 1.0, 1.0, 1.0, 1.0, 1.0, 1.0, 1.0, 1.0, 1.0, 1.0, 1.0, 1.0, 1.0, 1.0, 1.0, 1.0, 1.0, 1.0, 1.0, 1.0, 1.0, 1.0, 1.0, 1.0, 1.0, 1.0, 1.0, 1.0, 1.0, 1.0, 1.0, 1.0, 1.0, 1.0, 1.0, 1.0, 1.0, 1.0, 1.0, 1.0, 1.0, 1.0, 1.0, 1.0, 1.0, 1.0, 1.0, 1.0, 1.0, 1.0, 1.0, 1.0, 1.0, 1.0, 1.0, 1.0, 1.0, 1.0, 1.0, 1.0, 1.0, 1.0, 1.0, 1.0, 1.0, 1.0, 1.0, 1.0, 1.0, 1.0, 1.0, 1.0, 1.0, 1.0, 1.0, 1.0, 1.0, 1.0, 1.0, 1.0, 1.0, 1.0, 1.0, 1.0, 1.0, 1.0, 1.0, 1.0, 1.0, 1.0, 1.0, 1.0, 1.0, 1.0, 1.0, 1.0, 1.0, 1.0, 1.0, 1.0, 1.0, 1.0, 1.0, 1.0, 1.0, 1.0, 1.0, 1.0, 1.0, 1.0, 1.0, 1.0, 1.0, 1.0, 1.0, 1.0, 1.0, 1.0, 0.0, 0.0, 0.0, 0.0, 0.0, 0.0, 0.0, 0.0, 0.0, 0.0, 0.0, 0.0]",NGS-nonramp,False
270,ENTm2,-0.5126082275693595,42.847232676323266,57.129643568431014,46.38537695676636,1.5,7,False,,,,,,,29,23,7.357357357357358,8.0,-48.0,-0.5126082275693595,-0.27780738084729195,0.008610235365844984,0.0071497102006574,-3510.0,3448.3504125805907,4308.937232090928,750.0,540.0,0.3973471665493641,16.96534121647136,29.354710372875335,4.642319862401563,OF1,NG,96.42857142857143,90.76923076923077,100.0,100.0,"[1.0, 1.0, 1.0, 1.0, 1.0, 1.0, 1.0, 1.0, 1.0, 1.0, 1.0, 1.0, 1.0, 1.0, 1.0, 1.0, 1.0, 1.0, 1.0, 1.0, 1.0, 1.0, 1.0, 1.0, 1.0, 1.0, 1.0, 1.0, 1.0, 0.0, 0.0, 1.0, 1.0, 1.0, 1.0, 1.0, 1.0, 1.0, 1.0, 1.0, 1.0, 1.0, 1.0, 1.0, 1.0, 1.0, 1.0, 1.0, 1.0, 1.0, 1.0, 1.0, 1.0, 1.0, 1.0, 1.0, 1.0, 1.0, 1.0, 1.0, 1.0, 0.0, 0.0, 1.0, 1.0, 1.0, 1.0, 1.0, 1.0, 1.0, 1.0, 1.0, 1.0, 1.0, 1.0, 1.0, 1.0, 1.0, 1.0, 1.0, 1.0, 1.0, 1.0, 1.0, 1.0, 1.0, 1.0, 1.0, 1.0, 1.0, 1.0, 1.0, 1.0, 1.0, 1.0, 1.0, 1.0, 0.0, 0.0, 1.0, 1.0, 0.0, 0.0, 0.0, 0.0, 0.0, 0.0, 0.0, 0.0, 1.0, 1.0, 1.0, 1.0, 1.0, 1.0, 1.0, 1.0, 1.0, 1.0, 1.0, 1.0, 0.0, 0.0, 0.0, 0.0, 0.0, 0.0, 0.0, 0.0, 0.0, 0.0, 0.0, 0.0, 1.0, 1.0, 1.0, 1.0, 1.0, 1.0, 1.0, 1.0, 1.0, 1.0, 1.0, 1.0, 1.0, 1.0]",NGS-nonramp,False
272,ENTm2,-0.2885737113091054,40.74960751908513,54.33281002544685,10.913535740853126,1.5,7,False,,,,,,,29,23,7.357357357357358,49.0,46.0,-0.2885737113091054,0.24055806632656243,0.06532022281399295,0.06959242954804502,-3510.0,3433.379496852888,4308.003592827597,750.0,555.0,0.0839567320167,5.57959097487558,1.5703274697865883,10.54406707191688,OF2,NG,97.01492537313433,92.5,,,"[1.0, 1.0, 1.0, 1.0, 1.0, 1.0, 1.0, 1.0, 1.0, 1.0, 1.0, 1.0, 1.0, 1.0, 1.0, 1.0, 1.0, 1.0, 1.0, 1.0, 1.0, 1.0, 1.0, 1.0, 1.0, 1.0, 1.0, 1.0, 1.0, 1.0, 1.0, 1.0, 1.0, 1.0, 1.0, 1.0, 1.0, 1.0, 1.0, 1.0, 1.0, 1.0, 1.0, 1.0, 1.0, 1.0, 1.0, 1.0, 1.0, 1.0, 1.0, 1.0, 1.0, 1.0, 1.0, 1.0, 1.0, 1.0, 1.0, 1.0, 1.0, 1.0, 1.0, 1.0, 1.0, 1.0, 1.0, 1.0, 1.0, 1.0, 1.0, 1.0, 1.0, 1.0, 1.0, 1.0, 1.0, 1.0, 1.0, 1.0, 1.0, 1.0, 1.0, 1.0, 1.0, 1.0, 1.0, 1.0, 1.0, 1.0, 1.0, 1.0, 1.0, 1.0, 1.0, 1.0, 1.0, 1.0, 1.0, 1.0, 1.0, 1.0, 1.0, 1.0, 1.0, 1.0, 1.0, 1.0, 1.0, 1.0, 1.0, 1.0, 1.0, 1.0, 1.0, 1.0, 1.0, 1.0, 1.0, 1.0, 1.0, 1.0, 1.0, 1.0, 1.0, 1.0, 1.0, 1.0, 1.0, 1.0, 1.0, 1.0, 1.0, 1.0, 1.0, 1.0, 1.0, 1.0, 1.0, 1.0, 1.0, 1.0, 1.0, 1.0, 1.0, 1.0, 1.0]",NGS-nonramp,False
278,ENTm2,-0.11622694037816915,51.44016216851721,68.58688289135628,51.553991311013455,1.5,7,False,,,,,,,29,23,7.357357357357358,8.0,41.0,-0.11622694037816915,-0.29070116551473657,0.02727680061693995,0.021832145083682353,-3510.0,3433.379496852888,4308.003592827597,782.0,555.0,0.051676974043820545,9.73781270662797,11.530452259584173,6.33038894275329,OF1,NG,96.82539682539682,92.0,100.0,100.0,"[0.0, 0.0, 0.0, 0.0, 0.0, 0.0, 0.0, 0.0, 0.0, 1.0, 1.0, 1.0, 1.0, 1.0, 1.0, 1.0, 1.0, 1.0, 1.0, 1.0, 1.0, 1.0, 1.0, 1.0, 1.0, 1.0, 1.0, 1.0, 1.0, 1.0, 1.0, 1.0, 1.0, 1.0, 1.0, 1.0, 1.0, 1.0, 1.0, 1.0, 1.0, 1.0, 1.0, 1.0, 1.0, 1.0, 1.0, 1.0, 1.0, 1.0, 1.0, 1.0, 1.0, 1.0, 1.0, 1.0, 1.0, 1.0, 1.0, 1.0, 1.0, 1.0, 1.0, 1.0, 1.0, 1.0, 1.0, 1.0, 1.0, 1.0, 1.0, 1.0, 1.0, 1.0, 1.0, 1.0, 1.0, 1.0, 1.0, 1.0, 1.0, 1.0, 1.0, 1.0, 1.0, 1.0, 1.0, 1.0, 1.0, 1.0, 1.0, 1.0, 1.0, 1.0, 1.0, 1.0, 1.0, 1.0, 1.0, 1.0, 1.0, 1.0, 1.0, 1.0, 1.0, 1.0, 1.0, 1.0, 1.0, 1.0, 1.0, 1.0, 1.0, 1.0, 1.0, 1.0, 1.0, 1.0, 1.0, 1.0, 1.0, 1.0, 1.0, 1.0, 1.0, 1.0, 1.0, 1.0, 1.0, 1.0, 1.0, 1.0, 1.0, 1.0, 1.0, 1.0, 1.0, 1.0, 1.0, 1.0, 1.0, 1.0, 1.0, 1.0, 1.0, 1.0, 1.0]",NGS-nonramp,False
292,ENTm3,-0.4431104989110449,59.15830326110908,78.87773768147879,56.68841221953377,1.5,7,False,,,,,,,29,23,7.357357357357358,4.0,-34.0,-0.4431104989110449,-0.4470882189896675,0.030427330983021802,0.03137043436899123,-3510.0,3403.437665397484,4306.136314300933,782.0,585.0,0.02091770662643948,28.394324387225247,30.667620766712822,24.718859515793703,OF1,NG,98.14814814814815,100.0,92.3076923076923,64.70588235294117,"[1.0, 1.0, 1.0, 1.0, 1.0, 1.0, 1.0, 1.0, 1.0, 1.0, 1.0, 1.0, 1.0, 1.0, 1.0, 1.0, 1.0, 1.0, 1.0, 1.0, 1.0, 1.0, 1.0, 0.0, 0.0, 0.0, 0.0, 1.0, 1.0, 1.0, 1.0, 1.0, 1.0, 0.0, 0.0, 0.0, 0.0, 1.0, 1.0, 1.0, 1.0, 1.0, 1.0, 1.0, 1.0, 1.0, 1.0, 1.0, 1.0, 1.0, 1.0, 1.0, 1.0, 1.0, 1.0, 1.0, 1.0, 1.0, 1.0, 1.0, 1.0, 0.0, 0.0, 1.0, 1.0, 1.0, 1.0, 1.0, 1.0, 1.0, 1.0, 1.0, 1.0, 1.0, 1.0, 1.0, 1.0, 1.0, 1.0, 1.0, 1.0, 1.0, 1.0, 1.0, 1.0, 1.0, 1.0, 1.0, 1.0, 1.0, 1.0, 1.0, 1.0, 1.0, 1.0, 1.0, 1.0, 1.0, 1.0, 1.0, 1.0, 1.0, 1.0, 1.0, 1.0, 1.0, 1.0, 1.0, 1.0, 1.0, 1.0, 1.0, 1.0, 0.0, 0.0, 1.0, 1.0, 1.0, 1.0, 1.0, 1.0, 1.0, 1.0, 1.0, 1.0, 1.0, 1.0, 1.0, 1.0, 0.0, 0.0, 0.0, 0.0, 0.0, 0.0, 0.0, 0.0, 0.0, 0.0, 0.0, 0.0, 0.0, 0.0, 0.0, 0.0, 0.0, 0.0]",NGS-nonramp,False
293,ENTm3,-0.580567166696349,37.58562208850234,50.11416278466979,14.46035553122001,1.5,7,False,,,,,,,29,23,7.357357357357358,1.0,-39.0,-0.580567166696349,-0.6386372818024288,0.16027080559815224,0.16718743270278805,-3510.0,3358.524918214377,4303.335396510938,782.0,630.0,0.06992519955146867,5.5520791108658765,4.2886184692102685,6.947113472878712,OF1,NG,97.01492537313433,92.5,,,"[1.0, 1.0, 1.0, 1.0, 1.0, 1.0, 1.0, 1.0, 1.0, 1.0, 1.0, 1.0, 1.0, 1.0, 1.0, 1.0, 1.0, 1.0, 1.0, 1.0, 1.0, 1.0, 1.0, 1.0, 1.0, 1.0, 1.0, 1.0, 1.0, 1.0, 1.0, 1.0, 1.0, 1.0, 1.0, 1.0, 1.0, 1.0, 1.0, 1.0, 1.0, 1.0, 1.0, 1.0, 1.0, 1.0, 1.0, 1.0, 1.0, 1.0, 1.0, 1.0, 1.0, 1.0, 1.0, 1.0, 1.0, 1.0, 1.0, 1.0, 1.0, 1.0, 1.0, 1.0, 1.0, 1.0, 1.0, 1.0, 1.0, 1.0, 1.0, 1.0, 1.0, 1.0, 1.0, 1.0, 1.0, 1.0, 1.0, 1.0, 1.0, 1.0, 1.0, 1.0, 1.0, 1.0, 1.0, 1.0, 1.0, 1.0, 1.0, 1.0, 1.0, 1.0, 1.0, 1.0, 1.0, 1.0, 1.0, 1.0, 1.0, 1.0, 1.0, 1.0, 1.0, 1.0, 1.0, 1.0, 1.0, 1.0, 1.0, 1.0, 1.0, 1.0, 1.0, 1.0, 1.0, 1.0, 1.0, 1.0, 1.0, 1.0, 1.0, 1.0, 1.0, 1.0, 1.0, 1.0, 1.0, 1.0, 1.0, 1.0, 1.0, 1.0, 1.0, 1.0, 1.0, 1.0, 1.0, 1.0, 1.0, 1.0, 1.0, 1.0, 1.0, 1.0, 1.0]",NGS-nonramp,False
296,ENTm3,-0.2769296371851028,43.85873265211558,58.478310202820765,45.634271697825916,1.5,7,False,,,,,,,29,23,7.357357357357358,6.0,-11.0,-0.2769296371851028,-0.2203524591905083,0.591306975678671,0.4687070171060924,-3510.0,3358.524918214377,4303.335396510938,750.0,630.0,0.10096811733686574,1.5993871867153917,1.8002534017022902,1.0900489167675969,OF1,NG,97.01492537313433,92.5,,,"[1.0, 1.0, 1.0, 1.0, 1.0, 1.0, 1.0, 1.0, 1.0, 1.0, 1.0, 1.0, 1.0, 1.0, 1.0, 1.0, 1.0, 1.0, 1.0, 1.0, 1.0, 1.0, 1.0, 1.0, 1.0, 1.0, 1.0, 1.0, 1.0, 1.0, 1.0, 1.0, 1.0, 1.0, 1.0, 1.0, 1.0, 1.0, 1.0, 1.0, 1.0, 1.0, 1.0, 1.0, 1.0, 1.0, 1.0, 1.0, 1.0, 1.0, 1.0, 1.0, 1.0, 1.0, 1.0, 1.0, 1.0, 1.0, 1.0, 1.0, 1.0, 1.0, 1.0, 1.0, 1.0, 1.0, 1.0, 1.0, 1.0, 1.0, 1.0, 1.0, 1.0, 1.0, 1.0, 1.0, 1.0, 1.0, 1.0, 1.0, 1.0, 1.0, 1.0, 1.0, 1.0, 1.0, 1.0, 1.0, 1.0, 1.0, 1.0, 1.0, 1.0, 1.0, 1.0, 1.0, 1.0, 1.0, 1.0, 1.0, 1.0, 1.0, 1.0, 1.0, 1.0, 1.0, 1.0, 1.0, 1.0, 1.0, 1.0, 1.0, 1.0, 1.0, 1.0, 1.0, 1.0, 1.0, 1.0, 1.0, 1.0, 1.0, 1.0, 1.0, 1.0, 1.0, 1.0, 1.0, 1.0, 1.0, 1.0, 1.0, 1.0, 1.0, 1.0, 1.0, 1.0, 1.0, 1.0, 1.0, 1.0, 1.0, 1.0, 1.0, 1.0, 1.0, 1.0]",NGS-nonramp,False
297,ENTm3,0.05025461129505224,39.38156507348769,52.50875343131692,24.176274804894334,1.5,7,False,,,,,,,29,23,7.357357357357358,6.0,12.0,0.05025461129505224,-0.2859553493391939,0.09982752576955323,0.09437507318245258,-3510.0,3358.524918214377,4303.335396510938,750.0,630.0,0.07674834581745589,7.041418841542452,10.675727599636673,4.252645559457951,OF1,NG,100.0,100.0,91.66666666666667,81.25,"[1.0, 1.0, 1.0, 1.0, 1.0, 1.0, 1.0, 1.0, 1.0, 1.0, 1.0, 1.0, 1.0, 1.0, 1.0, 1.0, 1.0, 1.0, 1.0, 1.0, 1.0, 1.0, 1.0, 1.0, 1.0, 0.0, 0.0, 0.0, 0.0, 0.0, 0.0, 0.0, 0.0, 0.0, 0.0, 1.0, 1.0, 1.0, 1.0, 1.0, 1.0, 1.0, 1.0, 0.0, 0.0, 1.0, 1.0, 0.0, 0.0, 0.0, 0.0, 0.0, 0.0, 0.0, 0.0, 0.0, 0.0, 0.0, 0.0, 1.0, 1.0, 1.0, 1.0, 1.0, 1.0, 0.0, 0.0, 1.0, 1.0, 1.0, 1.0, 1.0, 1.0, 1.0, 1.0, 1.0, 1.0, 0.0, 0.0, 1.0, 1.0, 1.0, 1.0, 1.0, 1.0, 1.0, 1.0, 1.0, 1.0, 1.0, 1.0, 1.0, 1.0, 1.0, 1.0, 0.0, 0.0, 0.0, 0.0, 0.0, 0.0, 0.0, 0.0, 1.0, 1.0, 1.0, 1.0, 1.0, 1.0, 1.0, 1.0, 1.0, 1.0, 1.0, 1.0, 1.0, 1.0, 1.0, 1.0, 1.0, 1.0, 1.0, 1.0, 1.0, 1.0, 0.0, 0.0, 0.0, 0.0, 0.0, 0.0, 0.0, 0.0, 1.0, 1.0, 0.0, 0.0, 0.0, 0.0, 0.0, 0.0, 0.0, 0.0, 0.0, 0.0, 0.0, 0.0]",NGS-nonramp,False
301,ENTm3,-0.45781647139340453,49.06120899084135,65.41494532112179,41.806156354697336,1.5,7,False,,,,,,,29,23,7.357357357357358,6.0,-8.0,-0.45781647139340453,-0.7042724644470699,0.01791226523613376,0.02156619482750163,-3510.0,3373.495833942079,4304.2690357742695,782.0,615.0,0.020466404268453205,10.45866978210912,12.049451736335921,8.674149983524801,OF1,NG,96.96969696969697,92.40506329113924,100.0,100.0,"[1.0, 1.0, 1.0, 1.0, 1.0, 1.0, 1.0, 1.0, 1.0, 1.0, 1.0, 1.0, 1.0, 1.0, 1.0, 1.0, 1.0, 1.0, 1.0, 1.0, 1.0, 1.0, 1.0, 1.0, 1.0, 1.0, 1.0, 1.0, 1.0, 1.0, 1.0, 1.0, 1.0, 0.0, 0.0, 1.0, 1.0, 1.0, 1.0, 1.0, 1.0, 1.0, 1.0, 1.0, 1.0, 1.0, 1.0, 1.0, 1.0, 1.0, 1.0, 1.0, 1.0, 1.0, 1.0, 1.0, 1.0, 1.0, 1.0, 1.0, 1.0, 1.0, 1.0, 1.0, 1.0, 1.0, 1.0, 1.0, 1.0, 1.0, 1.0, 1.0, 1.0, 1.0, 1.0, 1.0, 1.0, 1.0, 1.0, 1.0, 1.0, 1.0, 1.0, 1.0, 1.0, 1.0, 1.0, 1.0, 1.0, 1.0, 1.0, 1.0, 1.0, 1.0, 1.0, 1.0, 1.0, 1.0, 1.0, 1.0, 1.0, 1.0, 1.0, 1.0, 1.0, 1.0, 1.0, 1.0, 1.0, 1.0, 1.0, 1.0, 1.0, 1.0, 1.0, 1.0, 1.0, 1.0, 1.0, 1.0, 1.0, 1.0, 1.0, 1.0, 1.0, 1.0, 1.0, 1.0, 1.0, 1.0, 1.0, 1.0, 1.0, 1.0, 1.0, 1.0, 1.0, 1.0, 1.0, 1.0, 1.0, 1.0, 1.0, 1.0, 1.0, 1.0, 1.0]",NGS-nonramp,False
311,ENTm3,-0.4261401419049191,45.94002862409251,61.25337149879002,59.6649404444524,1.5,7,False,,,,,,,29,23,7.357357357357358,12.0,-41.0,-0.4261401419049191,-0.1932434614052249,0.04165438827005164,0.0397974755974582,-3510.0,3328.583086758972,4301.468117984275,750.0,660.0,0.06384519996283856,7.756033729391148,8.398961034688798,7.55136842530994,OF1,NG,98.36065573770492,100.0,83.33333333333333,50.0,"[1.0, 1.0, 1.0, 1.0, 1.0, 1.0, 1.0, 1.0, 1.0, 1.0, 1.0, 1.0, 1.0, 1.0, 1.0, 1.0, 1.0, 1.0, 1.0, 1.0, 1.0, 1.0, 1.0, 1.0, 1.0, 1.0, 1.0, 1.0, 1.0, 1.0, 1.0, 1.0, 1.0, 1.0, 1.0, 1.0, 1.0, 1.0, 1.0, 1.0, 1.0, 1.0, 1.0, 1.0, 1.0, 1.0, 1.0, 1.0, 1.0, 1.0, 1.0, 1.0, 1.0, 1.0, 1.0, 1.0, 1.0, 1.0, 1.0, 1.0, 1.0, 1.0, 1.0, 1.0, 1.0, 1.0, 1.0, 1.0, 1.0, 1.0, 1.0, 1.0, 1.0, 1.0, 1.0, 1.0, 1.0, 1.0, 1.0, 1.0, 1.0, 1.0, 1.0, 1.0, 1.0, 1.0, 1.0, 1.0, 1.0, 1.0, 1.0, 1.0, 1.0, 1.0, 1.0, 1.0, 1.0, 1.0, 1.0, 1.0, 1.0, 1.0, 1.0, 1.0, 1.0, 1.0, 1.0, 1.0, 1.0, 1.0, 1.0, 1.0, 1.0, 1.0, 1.0, 1.0, 1.0, 1.0, 1.0, 1.0, 1.0, 0.0, 0.0, 1.0, 1.0, 1.0, 1.0, 1.0, 1.0, 1.0, 1.0, 0.0, 0.0, 0.0, 0.0, 0.0, 0.0, 0.0, 0.0, 0.0, 0.0, 0.0, 0.0, 0.0, 0.0, 0.0, 0.0]",NGS-ramp,False
312,ENTm3,0.24997077091455833,47.966141284291425,63.9548550457219,41.69629714961512,1.5,7,True,,,,,,,29,23,7.357357357357358,9.0,2.0,0.24997077091455833,-0.2497157707192427,0.023666383935289564,0.02271630040481897,-3510.0,3328.583086758972,4301.468117984275,782.0,660.0,0.021535142105611308,10.707201326734596,14.584468442203608,3.6255297145873646,OF1,NG,100.0,100.0,96.55172413793103,91.30434782608695,"[0.0, 0.0, 0.0, 0.0, 0.0, 0.0, 0.0, 0.0, 0.0, 0.0, 0.0, 0.0, 0.0, 0.0, 0.0, 0.0, 0.0, 0.0, 0.0, 0.0, 0.0, 0.0, 0.0, 0.0, 0.0, 0.0, 0.0, 0.0, 0.0, 0.0, 0.0, 0.0, 0.0, 0.0, 0.0, 0.0, 0.0, 0.0, 0.0, 0.0, 0.0, 0.0, 0.0, 0.0, 0.0, 0.0, 0.0, 0.0, 0.0, 0.0, 0.0, 0.0, 0.0, 0.0, 0.0, 0.0, 0.0, 0.0, 0.0, 0.0, 0.0, 0.0, 0.0, 0.0, 0.0, 0.0, 0.0, 0.0, 0.0, 0.0, 0.0, 0.0, 0.0, 0.0, 0.0, 0.0, 0.0, 0.0, 0.0, 0.0, 0.0, 1.0, 1.0, 0.0, 0.0, 0.0, 0.0, 1.0, 1.0, 0.0, 0.0, 1.0, 1.0, 0.0, 0.0, 0.0, 0.0, 0.0, 0.0, 0.0, 0.0, 0.0, 0.0, 1.0, 1.0, 1.0, 1.0, 1.0, 1.0, 0.0, 0.0, 0.0, 0.0, 0.0, 0.0, 1.0, 1.0, 0.0, 0.0, 1.0, 1.0, 1.0, 1.0, 1.0, 1.0, 0.0, 0.0, 0.0, 0.0, 0.0, 0.0, 0.0, 0.0, 0.0, 0.0, 0.0, 0.0, 0.0, 0.0, 0.0, 0.0, 0.0, 0.0, 0.0, 0.0, 0.0, 0.0]",NGS-nonramp,False
315,ENTm3,0.1816341188275075,46.54103872699462,62.0547183026595,42.84820902103533,1.5,7,False,,,,,,,29,23,7.357357357357358,1.0,36.0,0.1816341188275075,-0.4058414647419102,0.01796650016408645,0.01837961989078728,-3510.0,3313.61217103127,4300.534478720942,782.0,675.0,0.03766189983315253,8.021904684106774,8.159871388095295,5.603516476329139,OF1,NG,98.18181818181819,98.38709677419355,91.66666666666667,72.22222222222223,"[1.0, 1.0, 1.0, 1.0, 1.0, 1.0, 1.0, 1.0, 1.0, 1.0, 1.0, 1.0, 1.0, 1.0, 1.0, 1.0, 1.0, 1.0, 1.0, 1.0, 1.0, 1.0, 1.0, 1.0, 1.0, 1.0, 1.0, 1.0, 1.0, 1.0, 1.0, 1.0, 1.0, 1.0, 1.0, 1.0, 1.0, 1.0, 1.0, 1.0, 1.0, 1.0, 1.0, 1.0, 1.0, 1.0, 1.0, 1.0, 1.0, 1.0, 1.0, 0.0, 0.0, 0.0, 0.0, 0.0, 0.0, 0.0, 0.0, 1.0, 1.0, 1.0, 1.0, 1.0, 1.0, 1.0, 1.0, 1.0, 1.0, 1.0, 1.0, 1.0, 1.0, 1.0, 1.0, 0.0, 0.0, 1.0, 1.0, 1.0, 1.0, 1.0, 1.0, 1.0, 1.0, 1.0, 1.0, 1.0, 1.0, 1.0, 1.0, 1.0, 1.0, 1.0, 1.0, 1.0, 1.0, 1.0, 1.0, 1.0, 1.0, 0.0, 0.0, 1.0, 1.0, 1.0, 1.0, 1.0, 1.0, 1.0, 1.0, 1.0, 1.0, 1.0, 1.0, 1.0, 1.0, 0.0, 0.0, 0.0, 0.0, 0.0, 0.0, 1.0, 1.0, 1.0, 1.0, 0.0, 0.0, 1.0, 1.0, 1.0, 1.0, 1.0, 1.0, 1.0, 1.0, 0.0, 0.0, 0.0, 0.0, 0.0, 0.0, 0.0, 0.0, 0.0, 0.0]",NGS-ramp,False
318,ENTm3,-0.14462406580289378,32.31592206010454,43.08789608013939,28.27166988894637,1.5,7,False,,,,,,,29,23,7.357357357357358,39.0,-40.0,-0.14462406580289378,-0.17971648826020925,0.009150387305193951,0.007840872623281545,-3510.0,3298.6412553035675,4299.600839457611,750.0,690.0,0.13739999197258254,13.898346359725714,20.85661460667216,5.519346826893319,OF1,NG,96.55172413793103,91.17647058823529,100.0,100.0,"[0.0, 0.0, 0.0, 0.0, 0.0, 0.0, 0.0, 0.0, 0.0, 0.0, 0.0, 0.0, 0.0, 1.0, 1.0, 1.0, 1.0, 1.0, 1.0, 1.0, 1.0, 1.0, 1.0, 1.0, 1.0, 1.0, 1.0, 1.0, 1.0, 0.0, 0.0, 0.0, 0.0, 0.0, 0.0, 0.0, 0.0, 1.0, 1.0, 1.0, 1.0, 1.0, 1.0, 1.0, 1.0, 1.0, 1.0, 1.0, 1.0, 1.0, 1.0, 1.0, 1.0, 1.0, 1.0, 1.0, 1.0, 1.0, 1.0, 1.0, 1.0, 1.0, 1.0, 1.0, 1.0, 1.0, 1.0, 1.0, 1.0, 1.0, 1.0, 1.0, 1.0, 1.0, 1.0, 1.0, 1.0, 1.0, 1.0, 1.0, 1.0, 1.0, 1.0, 1.0, 1.0, 1.0, 1.0, 1.0, 1.0, 1.0, 1.0, 1.0, 1.0, 1.0, 1.0, 1.0, 1.0, 1.0, 1.0, 1.0, 1.0, 1.0, 1.0, 1.0, 1.0, 1.0, 1.0, 1.0, 1.0, 1.0, 1.0, 1.0, 1.0, 1.0, 1.0, 1.0, 1.0, 1.0, 1.0, 1.0, 1.0, 1.0, 1.0, 1.0, 1.0, 1.0, 1.0, 1.0, 1.0, 1.0, 1.0, 1.0, 1.0, 1.0, 1.0, 1.0, 1.0, 1.0, 1.0, 1.0, 1.0, 1.0, 1.0, 1.0, 1.0, 1.0, 1.0]",NGS-nonramp,False
321,ENTm3,-0.36649896604438736,35.783841595220466,47.711788793627285,38.60988019703281,1.5,7,False,,,,,,,29,23,7.357357357357358,-28.0,-11.0,-0.36649896604438736,0.12716379283850857,0.043487604467758366,0.03869512383328529,-3510.0,3298.6412553035675,4299.600839457611,782.0,690.0,0.0071120018426413835,3.5254488595292,4.2611273251768695,4.033388818335012,OF1,NG,96.7741935483871,91.04477611940298,100.0,100.0,"[1.0, 1.0, 1.0, 1.0, 1.0, 1.0, 1.0, 1.0, 1.0, 1.0, 1.0, 1.0, 1.0, 1.0, 1.0, 1.0, 1.0, 1.0, 1.0, 1.0, 1.0, 1.0, 1.0, 1.0, 1.0, 1.0, 1.0, 0.0, 0.0, 0.0, 0.0, 1.0, 1.0, 1.0, 1.0, 0.0, 0.0, 0.0, 0.0, 1.0, 1.0, 1.0, 1.0, 1.0, 1.0, 1.0, 1.0, 1.0, 1.0, 1.0, 1.0, 1.0, 1.0, 1.0, 1.0, 1.0, 1.0, 0.0, 0.0, 1.0, 1.0, 1.0, 1.0, 1.0, 1.0, 1.0, 1.0, 0.0, 0.0, 1.0, 1.0, 1.0, 1.0, 1.0, 1.0, 1.0, 1.0, 1.0, 1.0, 1.0, 1.0, 1.0, 1.0, 1.0, 1.0, 1.0, 1.0, 1.0, 1.0, 1.0, 1.0, 1.0, 1.0, 0.0, 0.0, 1.0, 1.0, 1.0, 1.0, 0.0, 0.0, 1.0, 1.0, 1.0, 1.0, 1.0, 1.0, 1.0, 1.0, 1.0, 1.0, 1.0, 1.0, 1.0, 1.0, 1.0, 1.0, 1.0, 1.0, 1.0, 1.0, 1.0, 1.0, 1.0, 1.0, 1.0, 1.0, 0.0, 0.0, 1.0, 1.0, 1.0, 1.0, 1.0, 1.0, 1.0, 1.0, 1.0, 1.0, 1.0, 1.0, 1.0, 1.0, 1.0, 1.0, 1.0, 1.0]",NGS-nonramp,False
323,ENTm3,-0.20050330644329992,40.32462923244612,53.766172309928166,55.130265291845205,1.5,7,False,,,,,,,29,23,7.357357357357358,10.0,-30.0,-0.20050330644329992,-0.1803679520084463,0.043931708529313065,0.041954833438789675,-3510.0,3313.61217103127,4300.534478720942,750.0,675.0,0.01797549648546828,5.490813195214014,9.398638999539676,1.0339358171437167,OF1,NG,94.11764705882354,76.19047619047619,98.0,98.30508474576271,"[0.0, 0.0, 0.0, 0.0, 0.0, 0.0, 0.0, 0.0, 0.0, 0.0, 0.0, 0.0, 0.0, 0.0, 0.0, 0.0, 0.0, 0.0, 0.0, 0.0, 0.0, 0.0, 0.0, 0.0, 0.0, 0.0, 0.0, 0.0, 0.0, 0.0, 0.0, 0.0, 0.0, 0.0, 0.0, 0.0, 0.0, 0.0, 0.0, 0.0, 0.0, 0.0, 0.0, 0.0, 0.0, 0.0, 0.0, 0.0, 0.0, 0.0, 0.0, 0.0, 0.0, 0.0, 0.0, 0.0, 0.0, 0.0, 0.0, 0.0, 0.0, 1.0, 1.0, 1.0, 1.0, 0.0, 0.0, 0.0, 0.0, 0.0, 0.0, 1.0, 1.0, 0.0, 0.0, 0.0, 0.0, 0.0, 0.0, 1.0, 1.0, 1.0, 1.0, 0.0, 0.0, 1.0, 1.0, 1.0, 1.0, 0.0, 0.0, 0.0, 0.0, 0.0, 0.0, 0.0, 0.0, 0.0, 0.0, 0.0, 0.0, 0.0, 0.0, 0.0, 0.0, 0.0, 0.0, 1.0, 1.0, 1.0, 1.0, 1.0, 1.0, 0.0, 0.0, 0.0, 0.0, 0.0, 0.0, 0.0, 0.0, 0.0, 0.0, 1.0, 1.0, 1.0, 1.0, 1.0, 1.0, 0.0, 0.0, 1.0, 1.0, 0.0, 0.0, 0.0, 0.0, 1.0, 1.0, 1.0, 1.0, 1.0, 1.0, 1.0, 1.0, 1.0, 1.0]",NGS-ramp,False
327,ENTm3,-0.2779371987443627,42.39728050248221,56.52970733664294,52.22710602876518,1.5,7,False,,,,,,,29,23,7.357357357357358,4.0,25.0,-0.2779371987443627,-0.2595489288484645,0.017687090500190423,0.019834800651720597,-3510.0,3268.699423848163,4297.733560930948,782.0,720.0,0.01644421991708405,5.1421754563347415,7.5042492561472605,1.14252505623067,OF1,NG,90.0,100.0,98.24561403508773,91.66666666666667,"[0.0, 0.0, 0.0, 0.0, 0.0, 0.0, 0.0, 0.0, 0.0, 0.0, 0.0, 0.0, 0.0, 0.0, 0.0, 0.0, 0.0, 0.0, 0.0, 0.0, 0.0, 0.0, 0.0, 0.0, 0.0, 0.0, 0.0, 0.0, 0.0, 0.0, 0.0, 0.0, 0.0, 0.0, 0.0, 0.0, 0.0, 0.0, 0.0, 0.0, 0.0, 1.0, 1.0, 0.0, 0.0, 1.0, 1.0, 1.0, 1.0, 0.0, 0.0, 0.0, 0.0, 0.0, 0.0, 0.0, 0.0, 0.0, 0.0, 0.0, 0.0, 0.0, 0.0, 0.0, 0.0, 0.0, 0.0, 0.0, 0.0, 0.0, 0.0, 0.0, 0.0, 0.0, 0.0, 0.0, 0.0, 0.0, 0.0, 0.0, 0.0, 0.0, 0.0, 0.0, 0.0, 0.0, 0.0, 0.0, 0.0, 0.0, 0.0, 0.0, 0.0, 0.0, 0.0, 1.0, 1.0, 1.0, 1.0, 1.0, 1.0, 0.0, 0.0, 0.0, 0.0, 0.0, 0.0, 0.0, 0.0, 0.0, 0.0, 0.0, 0.0, 0.0, 0.0, 0.0, 0.0, 1.0, 1.0, 1.0, 1.0, 1.0, 1.0, 0.0, 0.0, 0.0, 0.0, 0.0, 0.0, 0.0, 0.0, 0.0, 0.0, 0.0, 0.0, 0.0, 0.0, 0.0, 0.0, 0.0, 0.0, 0.0, 0.0, 0.0, 0.0, 0.0, 0.0]",NGS-nonramp,False
329,ENTm3,-0.511826109046826,57.081682126090456,76.10890950145395,22.49938831888918,1.5,7,False,,,,,,,29,23,7.357357357357358,7.0,-14.0,-0.511826109046826,-0.7085062550816568,0.094232079985436,0.08580263684457265,-3510.0,3268.699423848163,4297.733560930948,782.0,720.0,0.04150783399541977,7.882033442712901,12.43432775280351,4.681287292695924,OF1,NG,97.01492537313433,92.5,,,"[1.0, 1.0, 1.0, 1.0, 1.0, 1.0, 1.0, 1.0, 1.0, 1.0, 1.0, 1.0, 1.0, 1.0, 1.0, 1.0, 1.0, 1.0, 1.0, 1.0, 1.0, 1.0, 1.0, 1.0, 1.0, 1.0, 1.0, 1.0, 1.0, 1.0, 1.0, 1.0, 1.0, 1.0, 1.0, 1.0, 1.0, 1.0, 1.0, 1.0, 1.0, 1.0, 1.0, 1.0, 1.0, 1.0, 1.0, 1.0, 1.0, 1.0, 1.0, 1.0, 1.0, 1.0, 1.0, 1.0, 1.0, 1.0, 1.0, 1.0, 1.0, 1.0, 1.0, 1.0, 1.0, 1.0, 1.0, 1.0, 1.0, 1.0, 1.0, 1.0, 1.0, 1.0, 1.0, 1.0, 1.0, 1.0, 1.0, 1.0, 1.0, 1.0, 1.0, 1.0, 1.0, 1.0, 1.0, 1.0, 1.0, 1.0, 1.0, 1.0, 1.0, 1.0, 1.0, 1.0, 1.0, 1.0, 1.0, 1.0, 1.0, 1.0, 1.0, 1.0, 1.0, 1.0, 1.0, 1.0, 1.0, 1.0, 1.0, 1.0, 1.0, 1.0, 1.0, 1.0, 1.0, 1.0, 1.0, 1.0, 1.0, 1.0, 1.0, 1.0, 1.0, 1.0, 1.0, 1.0, 1.0, 1.0, 1.0, 1.0, 1.0, 1.0, 1.0, 1.0, 1.0, 1.0, 1.0, 1.0, 1.0, 1.0, 1.0, 1.0, 1.0, 1.0, 1.0]",NGS-nonramp,False
334,ENTm3,-0.6980287846622775,50.53628325388701,67.38171100518268,4.9936371155052655,1.5,7,False,,,,,,,29,23,7.357357357357358,9.0,42.0,-0.6980287846622775,-0.6074731079663999,0.016465128203597714,0.015206301734184415,-3510.0,3268.699423848163,4297.733560930948,750.0,720.0,0.41668956649861955,25.180522525049668,32.85691550973625,21.585878120127067,OF1,NG,98.4375,100.0,66.66666666666667,33.333333333333336,"[1.0, 1.0, 1.0, 1.0, 1.0, 1.0, 1.0, 1.0, 1.0, 1.0, 1.0, 1.0, 1.0, 1.0, 1.0, 1.0, 1.0, 1.0, 1.0, 1.0, 1.0, 1.0, 1.0, 1.0, 1.0, 1.0, 1.0, 1.0, 1.0, 1.0, 1.0, 1.0, 1.0, 1.0, 1.0, 1.0, 1.0, 1.0, 1.0, 1.0, 1.0, 1.0, 1.0, 1.0, 1.0, 1.0, 1.0, 1.0, 1.0, 1.0, 1.0, 1.0, 1.0, 1.0, 1.0, 1.0, 1.0, 1.0, 1.0, 1.0, 1.0, 1.0, 1.0, 1.0, 1.0, 1.0, 1.0, 1.0, 1.0, 1.0, 1.0, 1.0, 1.0, 1.0, 1.0, 1.0, 1.0, 1.0, 1.0, 1.0, 1.0, 1.0, 1.0, 1.0, 1.0, 1.0, 1.0, 1.0, 1.0, 1.0, 1.0, 1.0, 1.0, 1.0, 1.0, 1.0, 1.0, 1.0, 1.0, 1.0, 1.0, 1.0, 1.0, 1.0, 1.0, 1.0, 1.0, 1.0, 1.0, 1.0, 1.0, 1.0, 1.0, 1.0, 1.0, 1.0, 1.0, 1.0, 1.0, 1.0, 1.0, 1.0, 1.0, 1.0, 1.0, 1.0, 1.0, 1.0, 1.0, 1.0, 1.0, 1.0, 1.0, 1.0, 1.0, 0.0, 0.0, 0.0, 0.0, 0.0, 0.0, 0.0, 0.0, 0.0, 0.0, 0.0, 0.0]",NGS-nonramp,False
340,ENTm3,-0.33529590121010466,31.83144512595781,42.44192683461041,9.332982976385086,1.5,7,False,,,,,,,29,23,7.357357357357358,5.0,-47.0,-0.33529590121010466,-0.3667079432628163,0.04143964871251511,0.035509539166103936,-3510.0,3253.7285081204604,4296.799921667615,782.0,735.0,0.0031799794763346955,8.657220669809853,4.407746760021665,12.697667052851907,OF1,NG,97.01492537313433,92.5,,,"[1.0, 1.0, 1.0, 1.0, 1.0, 1.0, 1.0, 1.0, 1.0, 1.0, 1.0, 1.0, 1.0, 1.0, 1.0, 1.0, 1.0, 1.0, 1.0, 1.0, 1.0, 1.0, 1.0, 1.0, 1.0, 1.0, 1.0, 1.0, 1.0, 1.0, 1.0, 1.0, 1.0, 1.0, 1.0, 1.0, 1.0, 1.0, 1.0, 1.0, 1.0, 1.0, 1.0, 1.0, 1.0, 1.0, 1.0, 1.0, 1.0, 1.0, 1.0, 1.0, 1.0, 1.0, 1.0, 1.0, 1.0, 1.0, 1.0, 1.0, 1.0, 1.0, 1.0, 1.0, 1.0, 1.0, 1.0, 1.0, 1.0, 1.0, 1.0, 1.0, 1.0, 1.0, 1.0, 1.0, 1.0, 1.0, 1.0, 1.0, 1.0, 1.0, 1.0, 1.0, 1.0, 1.0, 1.0, 1.0, 1.0, 1.0, 1.0, 1.0, 1.0, 1.0, 1.0, 1.0, 1.0, 1.0, 1.0, 1.0, 1.0, 1.0, 1.0, 1.0, 1.0, 1.0, 1.0, 1.0, 1.0, 1.0, 1.0, 1.0, 1.0, 1.0, 1.0, 1.0, 1.0, 1.0, 1.0, 1.0, 1.0, 1.0, 1.0, 1.0, 1.0, 1.0, 1.0, 1.0, 1.0, 1.0, 1.0, 1.0, 1.0, 1.0, 1.0, 1.0, 1.0, 1.0, 1.0, 1.0, 1.0, 1.0, 1.0, 1.0, 1.0, 1.0, 1.0]",NGS-nonramp,False
342,ENTm3,-0.6062732955888115,42.85880275488022,57.1450703398403,59.28784184581168,1.5,7,False,,,,,,,29,23,7.357357357357358,8.0,-15.0,-0.6062732955888115,-0.343999045072622,0.02968951827476255,0.025804188882425545,-3510.0,3253.7285081204604,4296.799921667615,750.0,735.0,0.017693963015756122,13.6070442702112,16.72211315704307,11.475128873083483,OF1,NG,96.82539682539682,92.10526315789474,100.0,100.0,"[1.0, 1.0, 1.0, 1.0, 1.0, 1.0, 1.0, 1.0, 1.0, 1.0, 1.0, 1.0, 1.0, 1.0, 1.0, 1.0, 1.0, 1.0, 1.0, 1.0, 1.0, 1.0, 1.0, 1.0, 1.0, 1.0, 1.0, 1.0, 1.0, 1.0, 1.0, 1.0, 1.0, 1.0, 1.0, 1.0, 1.0, 1.0, 1.0, 1.0, 1.0, 1.0, 1.0, 1.0, 1.0, 1.0, 1.0, 1.0, 1.0, 1.0, 1.0, 1.0, 1.0, 1.0, 1.0, 1.0, 1.0, 1.0, 1.0, 1.0, 1.0, 1.0, 1.0, 1.0, 1.0, 1.0, 1.0, 1.0, 1.0, 1.0, 1.0, 1.0, 1.0, 1.0, 1.0, 1.0, 1.0, 1.0, 1.0, 1.0, 1.0, 1.0, 1.0, 1.0, 1.0, 1.0, 1.0, 1.0, 1.0, 1.0, 1.0, 1.0, 1.0, 1.0, 1.0, 1.0, 1.0, 1.0, 1.0, 1.0, 1.0, 1.0, 1.0, 1.0, 1.0, 0.0, 0.0, 1.0, 1.0, 1.0, 1.0, 1.0, 1.0, 1.0, 1.0, 1.0, 1.0, 1.0, 1.0, 1.0, 1.0, 1.0, 1.0, 1.0, 1.0, 0.0, 0.0, 0.0, 0.0, 0.0, 0.0, 1.0, 1.0, 1.0, 1.0, 1.0, 1.0, 1.0, 1.0, 1.0, 1.0, 1.0, 1.0, 1.0, 1.0, 1.0, 1.0]",NGS-nonramp,False
345,ENTm3,-0.5537040115750356,33.74099829681881,44.987997729091745,5.543943807122529,1.5,7,False,,,,,,,29,23,7.357357357357358,20.0,45.0,-0.5537040115750356,-0.42718422501767106,0.01255213861970922,0.01061850389143647,-3510.0,3208.8157609373534,4293.99900387762,750.0,780.0,0.03141661837663141,9.006783177227266,14.72525642225344,3.8323168780161083,OF1,NG,97.67441860465117,100.0,95.83333333333333,83.78378378378379,"[0.0, 0.0, 0.0, 0.0, 0.0, 0.0, 0.0, 0.0, 0.0, 0.0, 0.0, 0.0, 0.0, 0.0, 0.0, 0.0, 0.0, 0.0, 0.0, 0.0, 0.0, 0.0, 0.0, 0.0, 0.0, 1.0, 1.0, 0.0, 0.0, 0.0, 0.0, 0.0, 0.0, 0.0, 0.0, 0.0, 0.0, 1.0, 1.0, 1.0, 1.0, 1.0, 1.0, 1.0, 1.0, 1.0, 1.0, 1.0, 1.0, 1.0, 1.0, 1.0, 1.0, 1.0, 1.0, 1.0, 1.0, 1.0, 1.0, 1.0, 1.0, 1.0, 1.0, 0.0, 0.0, 0.0, 0.0, 0.0, 0.0, 0.0, 0.0, 0.0, 0.0, 0.0, 0.0, 1.0, 1.0, 1.0, 1.0, 1.0, 1.0, 1.0, 1.0, 1.0, 1.0, 1.0, 1.0, 1.0, 1.0, 1.0, 1.0, 1.0, 1.0, 1.0, 1.0, 1.0, 1.0, 1.0, 1.0, 1.0, 1.0, 1.0, 1.0, 1.0, 1.0, 1.0, 1.0, 1.0, 1.0, 1.0, 1.0, 1.0, 1.0, 1.0, 1.0, 1.0, 1.0, 1.0, 1.0, 1.0, 1.0, 1.0, 1.0, 0.0, 0.0, 1.0, 1.0, 1.0, 1.0, 1.0, 1.0, 1.0, 1.0, 1.0, 1.0, 0.0, 0.0, 0.0, 0.0, 0.0, 0.0, 0.0, 0.0, 0.0, 0.0, 0.0, 0.0]",NGS-nonramp,False
346,ENTm3,-0.36929002814306683,40.93491922120655,54.57989229494206,31.99606498280681,1.5,7,False,,,,,,,29,23,7.357357357357358,9.0,-13.0,-0.36929002814306683,-0.2771135618408157,0.023308898140241993,0.020089732000852217,-3510.0,3208.8157609373534,4293.99900387762,750.0,780.0,0.0024091710016475366,4.865438471295955,7.555066219360514,2.1717847817390634,OF1,NG,95.0,78.57142857142857,97.87234042553192,100.0,"[0.0, 0.0, 0.0, 0.0, 0.0, 0.0, 0.0, 0.0, 0.0, 0.0, 0.0, 0.0, 0.0, 0.0, 0.0, 0.0, 0.0, 1.0, 1.0, 0.0, 0.0, 0.0, 0.0, 0.0, 0.0, 0.0, 0.0, 0.0, 0.0, 0.0, 0.0, 0.0, 0.0, 0.0, 0.0, 0.0, 0.0, 0.0, 0.0, 0.0, 0.0, 1.0, 1.0, 0.0, 0.0, 0.0, 0.0, 0.0, 0.0, 0.0, 0.0, 0.0, 0.0, 0.0, 0.0, 0.0, 0.0, 0.0, 0.0, 0.0, 0.0, 0.0, 0.0, 0.0, 0.0, 1.0, 1.0, 1.0, 1.0, 1.0, 1.0, 1.0, 1.0, 1.0, 1.0, 1.0, 1.0, 1.0, 1.0, 1.0, 1.0, 1.0, 1.0, 1.0, 1.0, 1.0, 1.0, 1.0, 1.0, 0.0, 0.0, 0.0, 0.0, 0.0, 0.0, 0.0, 0.0, 0.0, 0.0, 0.0, 0.0, 0.0, 0.0, 0.0, 0.0, 0.0, 0.0, 1.0, 1.0, 0.0, 0.0, 0.0, 0.0, 0.0, 0.0, 0.0, 0.0, 0.0, 0.0, 0.0, 0.0, 0.0, 0.0, 0.0, 0.0, 0.0, 0.0, 0.0, 0.0, 1.0, 1.0, 1.0, 1.0, 1.0, 1.0, 1.0, 1.0, 1.0, 1.0, 1.0, 1.0, 1.0, 1.0, 1.0, 1.0, 1.0, 1.0]",NGS-nonramp,False
349,ENTm3,-0.2032388243414405,26.219725823564907,34.95963443141987,30.433742864868993,1.5,7,False,,,,,,,29,23,7.357357357357358,1.0,-30.0,-0.2032388243414405,-0.014275526687164933,0.025425103640609945,0.023611036608969897,-3510.0,3208.8157609373534,4293.99900387762,782.0,780.0,0.018460061145749856,4.763020355696805,5.427418284169561,3.692553694693666,OF1,NG,100.0,100.0,95.55555555555556,89.65517241379311,"[0.0, 0.0, 0.0, 0.0, 0.0, 0.0, 0.0, 0.0, 0.0, 0.0, 0.0, 0.0, 0.0, 1.0, 1.0, 0.0, 0.0, 1.0, 1.0, 1.0, 1.0, 0.0, 0.0, 0.0, 0.0, 0.0, 0.0, 0.0, 0.0, 0.0, 0.0, 1.0, 1.0, 0.0, 0.0, 0.0, 0.0, 0.0, 0.0, 0.0, 0.0, 1.0, 1.0, 1.0, 1.0, 1.0, 1.0, 0.0, 0.0, 1.0, 1.0, 1.0, 1.0, 0.0, 0.0, 0.0, 0.0, 1.0, 1.0, 1.0, 1.0, 0.0, 0.0, 0.0, 0.0, 0.0, 0.0, 1.0, 1.0, 0.0, 0.0, 0.0, 0.0, 0.0, 0.0, 1.0, 1.0, 1.0, 1.0, 1.0, 1.0, 1.0, 1.0, 1.0, 1.0, 1.0, 1.0, 1.0, 1.0, 1.0, 1.0, 1.0, 1.0, 0.0, 0.0, 0.0, 0.0, 0.0, 0.0, 0.0, 0.0, 0.0, 0.0, 0.0, 0.0, 0.0, 0.0, 0.0, 0.0, 1.0, 1.0, 0.0, 0.0, 0.0, 0.0, 0.0, 0.0, 0.0, 0.0, 0.0, 0.0, 0.0, 0.0, 0.0, 0.0, 0.0, 0.0, 0.0, 0.0, 0.0, 0.0, 0.0, 0.0, 0.0, 0.0, 0.0, 0.0, 0.0, 0.0, 0.0, 0.0, 0.0, 0.0, 0.0, 0.0, 0.0, 0.0]",NGS-nonramp,False
350,ENTm3,-0.17418553114689705,43.63532232750531,58.18042977000707,50.467560699052505,1.5,7,False,,,,,,,29,23,7.357357357357358,9.0,-31.0,-0.17418553114689705,-0.3252503380954832,0.01894147930762481,0.01838393276884767,-3510.0,3208.8157609373534,4293.99900387762,782.0,780.0,0.013541410825130952,25.882190653364383,35.31862249818153,14.031911866130834,OF1,NG,97.01492537313433,92.5,,,"[1.0, 1.0, 1.0, 1.0, 1.0, 1.0, 1.0, 1.0, 1.0, 1.0, 1.0, 1.0, 1.0, 1.0, 1.0, 1.0, 1.0, 1.0, 1.0, 1.0, 1.0, 1.0, 1.0, 1.0, 1.0, 1.0, 1.0, 1.0, 1.0, 1.0, 1.0, 1.0, 1.0, 1.0, 1.0, 1.0, 1.0, 1.0, 1.0, 1.0, 1.0, 1.0, 1.0, 1.0, 1.0, 1.0, 1.0, 1.0, 1.0, 1.0, 1.0, 1.0, 1.0, 1.0, 1.0, 1.0, 1.0, 1.0, 1.0, 1.0, 1.0, 1.0, 1.0, 1.0, 1.0, 1.0, 1.0, 1.0, 1.0, 1.0, 1.0, 1.0, 1.0, 1.0, 1.0, 1.0, 1.0, 1.0, 1.0, 1.0, 1.0, 1.0, 1.0, 1.0, 1.0, 1.0, 1.0, 1.0, 1.0, 1.0, 1.0, 1.0, 1.0, 1.0, 1.0, 1.0, 1.0, 1.0, 1.0, 1.0, 1.0, 1.0, 1.0, 1.0, 1.0, 1.0, 1.0, 1.0, 1.0, 1.0, 1.0, 1.0, 1.0, 1.0, 1.0, 1.0, 1.0, 1.0, 1.0, 1.0, 1.0, 1.0, 1.0, 1.0, 1.0, 1.0, 1.0, 1.0, 1.0, 1.0, 1.0, 1.0, 1.0, 1.0, 1.0, 1.0, 1.0, 1.0, 1.0, 1.0, 1.0, 1.0, 1.0, 1.0, 1.0, 1.0, 1.0]",NGS-nonramp,False
352,ENTm3,-0.623187859977659,34.66725718291412,46.223009577218825,21.33301925896374,1.5,7,False,,,,,,,29,23,7.357357357357358,10.0,-7.0,-0.623187859977659,-0.620365273602737,0.023199905047059446,0.019149470191226453,-3510.0,3178.873929481949,4292.131725350957,750.0,810.0,0.05378857711926341,8.971873164912433,11.197226271300547,7.563318437266878,OF1,NG,96.61016949152543,91.89189189189189,100.0,100.0,"[1.0, 1.0, 1.0, 1.0, 1.0, 1.0, 1.0, 1.0, 1.0, 1.0, 1.0, 1.0, 1.0, 1.0, 1.0, 1.0, 1.0, 1.0, 1.0, 1.0, 1.0, 1.0, 1.0, 1.0, 1.0, 1.0, 1.0, 1.0, 1.0, 1.0, 1.0, 1.0, 1.0, 1.0, 1.0, 1.0, 1.0, 1.0, 1.0, 1.0, 1.0, 1.0, 1.0, 1.0, 1.0, 1.0, 1.0, 1.0, 1.0, 1.0, 1.0, 1.0, 1.0, 1.0, 1.0, 1.0, 1.0, 1.0, 1.0, 1.0, 1.0, 1.0, 1.0, 1.0, 1.0, 1.0, 1.0, 1.0, 1.0, 1.0, 1.0, 1.0, 1.0, 1.0, 1.0, 1.0, 1.0, 1.0, 1.0, 1.0, 1.0, 1.0, 1.0, 0.0, 0.0, 1.0, 1.0, 0.0, 0.0, 0.0, 0.0, 1.0, 1.0, 1.0, 1.0, 1.0, 1.0, 1.0, 1.0, 1.0, 1.0, 1.0, 1.0, 1.0, 1.0, 1.0, 1.0, 1.0, 1.0, 1.0, 1.0, 1.0, 1.0, 1.0, 1.0, 1.0, 1.0, 1.0, 1.0, 0.0, 0.0, 1.0, 1.0, 1.0, 1.0, 0.0, 0.0, 0.0, 0.0, 1.0, 1.0, 1.0, 1.0, 0.0, 0.0, 1.0, 1.0, 1.0, 1.0, 1.0, 1.0, 1.0, 1.0, 1.0, 1.0, 1.0, 1.0]",NGS-ramp,False
353,ENTm3,-0.4906872259368883,52.131286015159795,69.5083813535464,25.01177087350745,1.5,7,False,,,,,,,29,23,7.357357357357358,-1.0,-50.0,-0.4906872259368883,-0.22947314388327866,0.11756198366297313,0.134949419883209,-3510.0,3178.873929481949,4292.131725350957,750.0,810.0,-0.010556922259438753,6.743412180126415,8.352309396329089,5.347370567860871,OF1,NG,98.4375,100.0,66.66666666666667,33.333333333333336,"[1.0, 1.0, 1.0, 1.0, 1.0, 1.0, 1.0, 1.0, 1.0, 1.0, 1.0, 1.0, 1.0, 1.0, 1.0, 1.0, 1.0, 1.0, 1.0, 1.0, 1.0, 1.0, 1.0, 1.0, 1.0, 1.0, 1.0, 1.0, 1.0, 1.0, 1.0, 1.0, 1.0, 1.0, 1.0, 1.0, 1.0, 1.0, 1.0, 1.0, 1.0, 1.0, 1.0, 1.0, 1.0, 1.0, 1.0, 1.0, 1.0, 1.0, 1.0, 1.0, 1.0, 1.0, 1.0, 1.0, 1.0, 1.0, 1.0, 1.0, 1.0, 1.0, 1.0, 1.0, 1.0, 1.0, 1.0, 1.0, 1.0, 1.0, 1.0, 1.0, 1.0, 1.0, 1.0, 1.0, 1.0, 1.0, 1.0, 1.0, 1.0, 1.0, 1.0, 1.0, 1.0, 1.0, 1.0, 1.0, 1.0, 1.0, 1.0, 1.0, 1.0, 1.0, 1.0, 1.0, 1.0, 1.0, 1.0, 1.0, 1.0, 1.0, 1.0, 1.0, 1.0, 1.0, 1.0, 1.0, 1.0, 1.0, 1.0, 1.0, 1.0, 1.0, 1.0, 1.0, 1.0, 1.0, 1.0, 1.0, 1.0, 1.0, 1.0, 1.0, 1.0, 1.0, 1.0, 1.0, 1.0, 1.0, 1.0, 1.0, 1.0, 1.0, 1.0, 0.0, 0.0, 0.0, 0.0, 0.0, 0.0, 0.0, 0.0, 0.0, 0.0, 0.0, 0.0]",NGS-nonramp,False
354,ENTm3,-0.11529906266197236,39.17860984385695,52.238146458475924,21.48376435976914,1.5,7,False,,,,,,,29,23,7.357357357357358,5.0,4.0,-0.11529906266197236,-0.3812185537232443,0.039664930809907496,0.03750672671827094,-3510.0,3178.873929481949,4292.131725350957,782.0,810.0,0.09170888283596787,18.86458460167907,20.615025765166532,15.233147850671676,OF1,NG,97.01492537313433,92.5,,,"[1.0, 1.0, 1.0, 1.0, 1.0, 1.0, 1.0, 1.0, 1.0, 1.0, 1.0, 1.0, 1.0, 1.0, 1.0, 1.0, 1.0, 1.0, 1.0, 1.0, 1.0, 1.0, 1.0, 1.0, 1.0, 1.0, 1.0, 1.0, 1.0, 1.0, 1.0, 1.0, 1.0, 1.0, 1.0, 1.0, 1.0, 1.0, 1.0, 1.0, 1.0, 1.0, 1.0, 1.0, 1.0, 1.0, 1.0, 1.0, 1.0, 1.0, 1.0, 1.0, 1.0, 1.0, 1.0, 1.0, 1.0, 1.0, 1.0, 1.0, 1.0, 1.0, 1.0, 1.0, 1.0, 1.0, 1.0, 1.0, 1.0, 1.0, 1.0, 1.0, 1.0, 1.0, 1.0, 1.0, 1.0, 1.0, 1.0, 1.0, 1.0, 1.0, 1.0, 1.0, 1.0, 1.0, 1.0, 1.0, 1.0, 1.0, 1.0, 1.0, 1.0, 1.0, 1.0, 1.0, 1.0, 1.0, 1.0, 1.0, 1.0, 1.0, 1.0, 1.0, 1.0, 1.0, 1.0, 1.0, 1.0, 1.0, 1.0, 1.0, 1.0, 1.0, 1.0, 1.0, 1.0, 1.0, 1.0, 1.0, 1.0, 1.0, 1.0, 1.0, 1.0, 1.0, 1.0, 1.0, 1.0, 1.0, 1.0, 1.0, 1.0, 1.0, 1.0, 1.0, 1.0, 1.0, 1.0, 1.0, 1.0, 1.0, 1.0, 1.0, 1.0, 1.0, 1.0]",NGS-ramp,False
356,ENTm3,-0.24555401209466304,52.008192501637836,69.34425666885046,40.833349422683064,1.5,7,False,,,,,,,29,23,7.357357357357358,21.0,-39.0,-0.24555401209466304,-0.5810113475404517,0.00922772483863599,0.008905421761589602,-3510.0,3163.9030137542463,4291.198086087625,782.0,825.0,0.09897609727460216,24.21252105775025,27.208735008328784,19.342912832383636,OF1,NG,97.01492537313433,92.5,,,"[1.0, 1.0, 1.0, 1.0, 1.0, 1.0, 1.0, 1.0, 1.0, 1.0, 1.0, 1.0, 1.0, 1.0, 1.0, 1.0, 1.0, 1.0, 1.0, 1.0, 1.0, 1.0, 1.0, 1.0, 1.0, 1.0, 1.0, 1.0, 1.0, 1.0, 1.0, 1.0, 1.0, 1.0, 1.0, 1.0, 1.0, 1.0, 1.0, 1.0, 1.0, 1.0, 1.0, 1.0, 1.0, 1.0, 1.0, 1.0, 1.0, 1.0, 1.0, 1.0, 1.0, 1.0, 1.0, 1.0, 1.0, 1.0, 1.0, 1.0, 1.0, 1.0, 1.0, 1.0, 1.0, 1.0, 1.0, 1.0, 1.0, 1.0, 1.0, 1.0, 1.0, 1.0, 1.0, 1.0, 1.0, 1.0, 1.0, 1.0, 1.0, 1.0, 1.0, 1.0, 1.0, 1.0, 1.0, 1.0, 1.0, 1.0, 1.0, 1.0, 1.0, 1.0, 1.0, 1.0, 1.0, 1.0, 1.0, 1.0, 1.0, 1.0, 1.0, 1.0, 1.0, 1.0, 1.0, 1.0, 1.0, 1.0, 1.0, 1.0, 1.0, 1.0, 1.0, 1.0, 1.0, 1.0, 1.0, 1.0, 1.0, 1.0, 1.0, 1.0, 1.0, 1.0, 1.0, 1.0, 1.0, 1.0, 1.0, 1.0, 1.0, 1.0, 1.0, 1.0, 1.0, 1.0, 1.0, 1.0, 1.0, 1.0, 1.0, 1.0, 1.0, 1.0, 1.0]",NGS-nonramp,False
363,ENTm3,-0.505006384676391,33.44291885624313,44.59055847499084,10.49530523009584,1.5,7,False,,,,,,,29,23,7.357357357357358,20.0,-27.0,-0.505006384676391,-0.6200040297934827,0.0196040364241806,0.01897493245258038,-3510.0,3148.932098026544,4290.264446824293,750.0,840.0,0.054493335222674175,5.676691671380417,7.327639482356939,4.16328025264955,OF1,NG,100.0,100.0,93.93939393939394,84.61538461538461,"[1.0, 1.0, 1.0, 1.0, 1.0, 1.0, 1.0, 1.0, 1.0, 0.0, 0.0, 1.0, 1.0, 1.0, 1.0, 1.0, 1.0, 1.0, 1.0, 0.0, 0.0, 0.0, 0.0, 0.0, 0.0, 0.0, 0.0, 1.0, 1.0, 0.0, 0.0, 0.0, 0.0, 0.0, 0.0, 0.0, 0.0, 0.0, 0.0, 0.0, 0.0, 0.0, 0.0, 1.0, 1.0, 0.0, 0.0, 0.0, 0.0, 0.0, 0.0, 0.0, 0.0, 1.0, 1.0, 0.0, 0.0, 1.0, 1.0, 0.0, 0.0, 1.0, 1.0, 1.0, 1.0, 1.0, 1.0, 1.0, 1.0, 1.0, 1.0, 0.0, 0.0, 0.0, 0.0, 0.0, 0.0, 1.0, 1.0, 1.0, 1.0, 1.0, 1.0, 0.0, 0.0, 0.0, 0.0, 1.0, 1.0, 0.0, 0.0, 0.0, 0.0, 0.0, 0.0, 0.0, 0.0, 1.0, 1.0, 0.0, 0.0, 1.0, 1.0, 1.0, 1.0, 1.0, 1.0, 1.0, 1.0, 0.0, 0.0, 1.0, 1.0, 1.0, 1.0, 1.0, 1.0, 1.0, 1.0, 1.0, 1.0, 1.0, 1.0, 1.0, 1.0, 1.0, 1.0, 1.0, 1.0, 1.0, 1.0, 1.0, 1.0, 0.0, 0.0, 0.0, 0.0, 0.0, 0.0, 0.0, 0.0, 0.0, 0.0, 0.0, 0.0, 0.0, 0.0]",NGS-nonramp,False
364,ENTm3,-0.23217956227368308,24.376447999974424,32.50193066663256,47.99605166554409,1.5,7,False,,,,,,,29,23,7.357357357357358,14.0,-11.0,-0.23217956227368308,-0.4987298885343605,0.01256526011556574,0.012394916577462271,-3510.0,3133.961182298842,4289.330807560961,782.0,855.0,0.0569260851594542,7.904227887628292,9.793511795655773,3.8795973601065996,OF2,NG,95.65217391304348,88.88888888888889,100.0,100.0,"[0.0, 0.0, 0.0, 0.0, 0.0, 0.0, 0.0, 0.0, 0.0, 1.0, 1.0, 1.0, 1.0, 0.0, 0.0, 0.0, 0.0, 1.0, 1.0, 1.0, 1.0, 1.0, 1.0, 1.0, 1.0, 1.0, 1.0, 1.0, 1.0, 1.0, 1.0, 0.0, 0.0, 0.0, 0.0, 1.0, 1.0, 1.0, 1.0, 1.0, 1.0, 1.0, 1.0, 1.0, 1.0, 1.0, 1.0, 1.0, 1.0, 0.0, 0.0, 1.0, 1.0, 1.0, 1.0, 1.0, 1.0, 0.0, 0.0, 0.0, 0.0, 1.0, 1.0, 1.0, 1.0, 1.0, 1.0, 1.0, 1.0, 0.0, 0.0, 0.0, 0.0, 0.0, 0.0, 0.0, 0.0, 0.0, 0.0, 0.0, 0.0, 0.0, 0.0, 0.0, 0.0, 1.0, 1.0, 1.0, 1.0, 1.0, 1.0, 1.0, 1.0, 0.0, 0.0, 1.0, 1.0, 1.0, 1.0, 1.0, 1.0, 1.0, 1.0, 1.0, 1.0, 1.0, 1.0, 0.0, 0.0, 0.0, 0.0, 0.0, 0.0, 1.0, 1.0, 1.0, 1.0, 1.0, 1.0, 1.0, 1.0, 1.0, 1.0, 1.0, 1.0, 1.0, 1.0, 1.0, 1.0, 1.0, 1.0, 1.0, 1.0, 1.0, 1.0, 1.0, 1.0, 1.0, 1.0, 1.0, 1.0, 1.0, 1.0, 1.0, 1.0, 1.0, 1.0]",NGS-nonramp,False
366,ENTm3,-0.24274794641316252,33.75058206062438,45.00077608083251,30.10420930633227,1.5,7,False,,,,,,,29,23,7.357357357357358,13.0,-18.0,-0.24274794641316252,-0.1350520483810835,0.01764511307804391,0.017395394224567855,-3510.0,3118.99026657114,4288.39716829763,750.0,870.0,0.032447050660281765,9.047935377174554,12.775884390794227,5.890316763295637,OF1,NG,96.875,92.40506329113924,100.0,100.0,"[1.0, 1.0, 1.0, 1.0, 1.0, 1.0, 1.0, 1.0, 1.0, 1.0, 1.0, 1.0, 1.0, 1.0, 1.0, 1.0, 1.0, 1.0, 1.0, 1.0, 1.0, 1.0, 1.0, 1.0, 1.0, 1.0, 1.0, 1.0, 1.0, 1.0, 1.0, 1.0, 1.0, 1.0, 1.0, 1.0, 1.0, 1.0, 1.0, 1.0, 1.0, 1.0, 1.0, 1.0, 1.0, 1.0, 1.0, 1.0, 1.0, 1.0, 1.0, 1.0, 1.0, 1.0, 1.0, 1.0, 1.0, 1.0, 1.0, 1.0, 1.0, 1.0, 1.0, 1.0, 1.0, 1.0, 1.0, 1.0, 1.0, 1.0, 1.0, 1.0, 1.0, 1.0, 1.0, 1.0, 1.0, 1.0, 1.0, 1.0, 1.0, 1.0, 1.0, 1.0, 1.0, 1.0, 1.0, 1.0, 1.0, 1.0, 1.0, 1.0, 1.0, 1.0, 1.0, 1.0, 1.0, 1.0, 1.0, 1.0, 1.0, 1.0, 1.0, 1.0, 1.0, 1.0, 1.0, 1.0, 1.0, 1.0, 1.0, 1.0, 1.0, 1.0, 1.0, 1.0, 1.0, 1.0, 1.0, 1.0, 1.0, 1.0, 1.0, 0.0, 0.0, 1.0, 1.0, 1.0, 1.0, 0.0, 0.0, 1.0, 1.0, 1.0, 1.0, 1.0, 1.0, 1.0, 1.0, 1.0, 1.0, 1.0, 1.0, 1.0, 1.0, 1.0, 1.0]",NGS-nonramp,False
368,ENTm3,-0.6686756894983892,41.78153488550868,55.708713180678224,43.96303487199171,1.5,7,False,,,,,,,29,23,7.357357357357358,18.0,-37.0,-0.6686756894983892,-0.32008080579060305,0.04526385805066589,0.046182609434667704,-3510.0,3133.961182298842,4289.330807560961,782.0,855.0,-0.016524043634433515,1.8303481291161832,2.1509737543708067,1.2157838251840691,OF2,NG,100.0,100.0,95.23809523809524,88.23529411764706,"[0.0, 0.0, 0.0, 0.0, 0.0, 0.0, 0.0, 0.0, 0.0, 0.0, 0.0, 0.0, 0.0, 0.0, 0.0, 0.0, 0.0, 0.0, 0.0, 0.0, 0.0, 1.0, 1.0, 1.0, 1.0, 1.0, 1.0, 0.0, 0.0, 0.0, 0.0, 0.0, 0.0, 0.0, 0.0, 0.0, 0.0, 0.0, 0.0, 0.0, 0.0, 1.0, 1.0, 1.0, 1.0, 1.0, 1.0, 1.0, 1.0, 1.0, 1.0, 1.0, 1.0, 0.0, 0.0, 1.0, 1.0, 1.0, 1.0, 1.0, 1.0, 1.0, 1.0, 1.0, 1.0, 1.0, 1.0, 0.0, 0.0, 0.0, 0.0, 0.0, 0.0, 0.0, 0.0, 0.0, 0.0, 0.0, 0.0, 1.0, 1.0, 1.0, 1.0, 1.0, 1.0, 1.0, 1.0, 1.0, 1.0, 1.0, 1.0, 1.0, 1.0, 0.0, 0.0, 0.0, 0.0, 0.0, 0.0, 1.0, 1.0, 0.0, 0.0, 0.0, 0.0, 0.0, 0.0, 0.0, 0.0, 0.0, 0.0, 1.0, 1.0, 0.0, 0.0, 1.0, 1.0, 0.0, 0.0, 0.0, 0.0, 0.0, 0.0, 0.0, 0.0, 0.0, 0.0, 0.0, 0.0, 0.0, 0.0, 1.0, 1.0, 1.0, 1.0, 0.0, 0.0, 0.0, 0.0, 0.0, 0.0, 0.0, 0.0, 0.0, 0.0, 0.0, 0.0]",NGS-nonramp,False
369,ENTm3,-0.11938234823454771,54.01371296029262,72.01828394705683,46.39413316387517,1.5,7,False,,,,,,,29,23,7.357357357357358,3.0,-1.0,-0.11938234823454771,0.2698006999715405,0.06559225954807374,0.06419079851478378,-3510.0,3148.932098026544,4290.264446824293,782.0,840.0,0.027406240134882996,6.979228157352449,7.9982567837777365,6.199458376964236,OF1,NG,97.01492537313433,92.5,,,"[1.0, 1.0, 1.0, 1.0, 1.0, 1.0, 1.0, 1.0, 1.0, 1.0, 1.0, 1.0, 1.0, 1.0, 1.0, 1.0, 1.0, 1.0, 1.0, 1.0, 1.0, 1.0, 1.0, 1.0, 1.0, 1.0, 1.0, 1.0, 1.0, 1.0, 1.0, 1.0, 1.0, 1.0, 1.0, 1.0, 1.0, 1.0, 1.0, 1.0, 1.0, 1.0, 1.0, 1.0, 1.0, 1.0, 1.0, 1.0, 1.0, 1.0, 1.0, 1.0, 1.0, 1.0, 1.0, 1.0, 1.0, 1.0, 1.0, 1.0, 1.0, 1.0, 1.0, 1.0, 1.0, 1.0, 1.0, 1.0, 1.0, 1.0, 1.0, 1.0, 1.0, 1.0, 1.0, 1.0, 1.0, 1.0, 1.0, 1.0, 1.0, 1.0, 1.0, 1.0, 1.0, 1.0, 1.0, 1.0, 1.0, 1.0, 1.0, 1.0, 1.0, 1.0, 1.0, 1.0, 1.0, 1.0, 1.0, 1.0, 1.0, 1.0, 1.0, 1.0, 1.0, 1.0, 1.0, 1.0, 1.0, 1.0, 1.0, 1.0, 1.0, 1.0, 1.0, 1.0, 1.0, 1.0, 1.0, 1.0, 1.0, 1.0, 1.0, 1.0, 1.0, 1.0, 1.0, 1.0, 1.0, 1.0, 1.0, 1.0, 1.0, 1.0, 1.0, 1.0, 1.0, 1.0, 1.0, 1.0, 1.0, 1.0, 1.0, 1.0, 1.0, 1.0, 1.0]",NGS-nonramp,False
370,ENTm3,-0.6966695806635306,51.7255362048342,68.9673816064456,36.58669569542129,1.5,7,False,,,,,,,29,23,7.357357357357358,6.0,19.0,-0.6966695806635306,-0.7957760803064755,0.07098115082152628,0.07052499471929764,-3510.0,3118.99026657114,4288.39716829763,782.0,870.0,0.07260188708214724,15.628819486722636,12.696743218576865,15.122999914372947,OF1,NG,97.01492537313433,92.5,,,"[1.0, 1.0, 1.0, 1.0, 1.0, 1.0, 1.0, 1.0, 1.0, 1.0, 1.0, 1.0, 1.0, 1.0, 1.0, 1.0, 1.0, 1.0, 1.0, 1.0, 1.0, 1.0, 1.0, 1.0, 1.0, 1.0, 1.0, 1.0, 1.0, 1.0, 1.0, 1.0, 1.0, 1.0, 1.0, 1.0, 1.0, 1.0, 1.0, 1.0, 1.0, 1.0, 1.0, 1.0, 1.0, 1.0, 1.0, 1.0, 1.0, 1.0, 1.0, 1.0, 1.0, 1.0, 1.0, 1.0, 1.0, 1.0, 1.0, 1.0, 1.0, 1.0, 1.0, 1.0, 1.0, 1.0, 1.0, 1.0, 1.0, 1.0, 1.0, 1.0, 1.0, 1.0, 1.0, 1.0, 1.0, 1.0, 1.0, 1.0, 1.0, 1.0, 1.0, 1.0, 1.0, 1.0, 1.0, 1.0, 1.0, 1.0, 1.0, 1.0, 1.0, 1.0, 1.0, 1.0, 1.0, 1.0, 1.0, 1.0, 1.0, 1.0, 1.0, 1.0, 1.0, 1.0, 1.0, 1.0, 1.0, 1.0, 1.0, 1.0, 1.0, 1.0, 1.0, 1.0, 1.0, 1.0, 1.0, 1.0, 1.0, 1.0, 1.0, 1.0, 1.0, 1.0, 1.0, 1.0, 1.0, 1.0, 1.0, 1.0, 1.0, 1.0, 1.0, 1.0, 1.0, 1.0, 1.0, 1.0, 1.0, 1.0, 1.0, 1.0, 1.0, 1.0, 1.0]",NGS-ramp,False
371,ENTm3,-0.5727035048017455,33.474628295342804,44.632837727123736,18.26376703726536,1.5,7,False,,,,,,,29,23,7.357357357357358,-8.0,-43.0,-0.5727035048017455,-0.031867588364548,0.04521482147076888,0.0553686476620725,-3510.0,3089.0484351157347,4286.529889770966,750.0,900.0,0.0014293787876640243,2.2952755116667256,2.5691723696667577,2.057999885279529,OF1,NG,100.0,100.0,91.30434782608695,73.91304347826087,"[1.0, 1.0, 1.0, 1.0, 1.0, 1.0, 1.0, 1.0, 1.0, 1.0, 1.0, 1.0, 1.0, 1.0, 1.0, 1.0, 1.0, 1.0, 1.0, 1.0, 1.0, 1.0, 1.0, 1.0, 1.0, 1.0, 1.0, 1.0, 1.0, 1.0, 1.0, 1.0, 1.0, 1.0, 1.0, 1.0, 1.0, 1.0, 1.0, 1.0, 1.0, 1.0, 1.0, 0.0, 0.0, 0.0, 0.0, 0.0, 0.0, 0.0, 0.0, 0.0, 0.0, 1.0, 1.0, 1.0, 1.0, 1.0, 1.0, 1.0, 1.0, 1.0, 1.0, 1.0, 1.0, 1.0, 1.0, 1.0, 1.0, 1.0, 1.0, 1.0, 1.0, 1.0, 1.0, 1.0, 1.0, 1.0, 1.0, 1.0, 1.0, 1.0, 1.0, 1.0, 1.0, 1.0, 1.0, 1.0, 1.0, 1.0, 1.0, 1.0, 1.0, 0.0, 0.0, 0.0, 0.0, 1.0, 1.0, 0.0, 0.0, 0.0, 0.0, 0.0, 0.0, 0.0, 0.0, 0.0, 0.0, 1.0, 1.0, 1.0, 1.0, 1.0, 1.0, 1.0, 1.0, 1.0, 1.0, 1.0, 1.0, 1.0, 1.0, 0.0, 0.0, 0.0, 0.0, 0.0, 0.0, 0.0, 0.0, 1.0, 1.0, 0.0, 0.0, 0.0, 0.0, 0.0, 0.0, 0.0, 0.0, 0.0, 0.0, 0.0, 0.0, 0.0, 0.0]",NGS-nonramp,False
373,ENTm3,-0.931976013338089,35.07624882940891,46.76833177254522,3.5922235049472397,1.5,7,False,,,,,,,29,23,7.357357357357358,4.0,36.0,-0.931976013338089,-0.43836184069573975,0.12243951862798358,0.11125183409038901,-3510.0,3089.0484351157347,4286.529889770966,782.0,900.0,0.017582094222431704,7.053209640403754,6.357118791480878,6.830211181995629,OF1,NG,98.38709677419355,100.0,80.0,33.333333333333336,"[1.0, 1.0, 1.0, 1.0, 1.0, 1.0, 1.0, 1.0, 1.0, 1.0, 1.0, 1.0, 1.0, 1.0, 1.0, 1.0, 1.0, 1.0, 1.0, 1.0, 1.0, 1.0, 1.0, 1.0, 1.0, 1.0, 1.0, 1.0, 1.0, 1.0, 1.0, 1.0, 1.0, 1.0, 1.0, 1.0, 1.0, 1.0, 1.0, 1.0, 1.0, 1.0, 1.0, 1.0, 1.0, 1.0, 1.0, 1.0, 1.0, 1.0, 1.0, 1.0, 1.0, 1.0, 1.0, 1.0, 1.0, 1.0, 1.0, 1.0, 1.0, 1.0, 1.0, 1.0, 1.0, 1.0, 1.0, 1.0, 1.0, 1.0, 1.0, 1.0, 1.0, 1.0, 1.0, 1.0, 1.0, 1.0, 1.0, 1.0, 1.0, 1.0, 1.0, 1.0, 1.0, 1.0, 1.0, 1.0, 1.0, 1.0, 1.0, 1.0, 1.0, 1.0, 1.0, 1.0, 1.0, 1.0, 1.0, 1.0, 1.0, 1.0, 1.0, 1.0, 1.0, 1.0, 1.0, 1.0, 1.0, 1.0, 1.0, 1.0, 1.0, 1.0, 1.0, 1.0, 1.0, 1.0, 1.0, 1.0, 1.0, 1.0, 1.0, 1.0, 1.0, 1.0, 1.0, 1.0, 1.0, 1.0, 1.0, 1.0, 1.0, 0.0, 0.0, 0.0, 0.0, 0.0, 0.0, 0.0, 0.0, 0.0, 0.0, 0.0, 0.0, 0.0, 0.0]",NGS-nonramp,False
374,ENTm3,-0.2249833616929119,27.136554160028396,36.18207221337119,56.112220997412166,1.5,7,False,,,,,,,29,23,7.357357357357358,-13.0,48.0,-0.2249833616929119,-0.6054621137827823,0.0581387255802642,0.05911502732520261,-3510.0,3089.0484351157347,4286.529889770966,782.0,900.0,0.021826481671508732,3.414939019221314,3.07484280688716,2.463261160340885,OF1,NG,97.14285714285714,97.77777777777777,96.875,85.71428571428571,"[0.0, 0.0, 0.0, 0.0, 0.0, 0.0, 0.0, 0.0, 0.0, 0.0, 0.0, 1.0, 1.0, 1.0, 1.0, 1.0, 1.0, 1.0, 1.0, 0.0, 0.0, 1.0, 1.0, 0.0, 0.0, 0.0, 0.0, 0.0, 0.0, 0.0, 0.0, 0.0, 0.0, 0.0, 0.0, 0.0, 0.0, 0.0, 0.0, 0.0, 0.0, 0.0, 0.0, 0.0, 0.0, 1.0, 1.0, 0.0, 0.0, 1.0, 1.0, 1.0, 1.0, 1.0, 1.0, 1.0, 1.0, 1.0, 1.0, 1.0, 1.0, 1.0, 1.0, 1.0, 1.0, 0.0, 0.0, 0.0, 0.0, 0.0, 0.0, 0.0, 0.0, 0.0, 0.0, 0.0, 0.0, 1.0, 1.0, 1.0, 1.0, 1.0, 1.0, 1.0, 1.0, 1.0, 1.0, 1.0, 1.0, 1.0, 1.0, 1.0, 1.0, 1.0, 1.0, 1.0, 1.0, 1.0, 1.0, 1.0, 1.0, 1.0, 1.0, 1.0, 1.0, 1.0, 1.0, 1.0, 1.0, 1.0, 1.0, 1.0, 1.0, 1.0, 1.0, 1.0, 1.0, 1.0, 1.0, 1.0, 1.0, 0.0, 0.0, 0.0, 0.0, 0.0, 0.0, 1.0, 1.0, 0.0, 0.0, 1.0, 1.0, 1.0, 1.0, 1.0, 1.0, 0.0, 0.0, 0.0, 0.0, 0.0, 0.0, 0.0, 0.0, 0.0, 0.0]",NGS-nonramp,False
375,ENTm3,-0.2961887791286344,28.557920172829768,38.07722689710636,59.64967771958997,1.5,7,False,,,,,,,29,23,7.357357357357358,7.0,20.0,-0.2961887791286344,-0.29441717292458014,0.03216653927912558,0.02665109528337751,-3510.0,3118.99026657114,4288.39716829763,782.0,870.0,0.04802081542001585,11.108550872287925,12.125260648670446,10.35286688060588,OF1,NG,97.01492537313433,92.5,,,"[1.0, 1.0, 1.0, 1.0, 1.0, 1.0, 1.0, 1.0, 1.0, 1.0, 1.0, 1.0, 1.0, 1.0, 1.0, 1.0, 1.0, 1.0, 1.0, 1.0, 1.0, 1.0, 1.0, 1.0, 1.0, 1.0, 1.0, 1.0, 1.0, 1.0, 1.0, 1.0, 1.0, 1.0, 1.0, 1.0, 1.0, 1.0, 1.0, 1.0, 1.0, 1.0, 1.0, 1.0, 1.0, 1.0, 1.0, 1.0, 1.0, 1.0, 1.0, 1.0, 1.0, 1.0, 1.0, 1.0, 1.0, 1.0, 1.0, 1.0, 1.0, 1.0, 1.0, 1.0, 1.0, 1.0, 1.0, 1.0, 1.0, 1.0, 1.0, 1.0, 1.0, 1.0, 1.0, 1.0, 1.0, 1.0, 1.0, 1.0, 1.0, 1.0, 1.0, 1.0, 1.0, 1.0, 1.0, 1.0, 1.0, 1.0, 1.0, 1.0, 1.0, 1.0, 1.0, 1.0, 1.0, 1.0, 1.0, 1.0, 1.0, 1.0, 1.0, 1.0, 1.0, 1.0, 1.0, 1.0, 1.0, 1.0, 1.0, 1.0, 1.0, 1.0, 1.0, 1.0, 1.0, 1.0, 1.0, 1.0, 1.0, 1.0, 1.0, 1.0, 1.0, 1.0, 1.0, 1.0, 1.0, 1.0, 1.0, 1.0, 1.0, 1.0, 1.0, 1.0, 1.0, 1.0, 1.0, 1.0, 1.0, 1.0, 1.0, 1.0, 1.0, 1.0, 1.0]",NGS-nonramp,False
377,ENTm3,-0.707987001907693,26.83691344172604,35.782551255634715,43.82680359537766,1.5,7,False,,,,,,,29,23,7.357357357357358,4.0,19.0,-0.707987001907693,-0.280923665381855,0.007097708328616694,0.006736064723896982,-3510.0,3089.0484351157347,4286.529889770966,782.0,900.0,0.1912513473241184,18.357349058508564,27.591111829884245,9.191117892096658,OF1,NG,96.07843137254902,89.47368421052632,100.0,100.0,"[0.0, 0.0, 0.0, 0.0, 0.0, 0.0, 0.0, 0.0, 0.0, 0.0, 0.0, 0.0, 0.0, 1.0, 1.0, 1.0, 1.0, 1.0, 1.0, 0.0, 0.0, 1.0, 1.0, 1.0, 1.0, 0.0, 0.0, 0.0, 0.0, 0.0, 0.0, 0.0, 0.0, 0.0, 0.0, 1.0, 1.0, 1.0, 1.0, 1.0, 1.0, 1.0, 1.0, 1.0, 1.0, 1.0, 1.0, 1.0, 1.0, 1.0, 1.0, 1.0, 1.0, 0.0, 0.0, 0.0, 0.0, 0.0, 0.0, 0.0, 0.0, 0.0, 0.0, 0.0, 0.0, 1.0, 1.0, 1.0, 1.0, 1.0, 1.0, 1.0, 1.0, 0.0, 0.0, 1.0, 1.0, 1.0, 1.0, 1.0, 1.0, 1.0, 1.0, 1.0, 1.0, 1.0, 1.0, 1.0, 1.0, 1.0, 1.0, 1.0, 1.0, 1.0, 1.0, 1.0, 1.0, 1.0, 1.0, 1.0, 1.0, 1.0, 1.0, 1.0, 1.0, 1.0, 1.0, 1.0, 1.0, 1.0, 1.0, 1.0, 1.0, 1.0, 1.0, 1.0, 1.0, 1.0, 1.0, 1.0, 1.0, 1.0, 1.0, 1.0, 1.0, 1.0, 1.0, 1.0, 1.0, 1.0, 1.0, 1.0, 1.0, 1.0, 1.0, 1.0, 1.0, 1.0, 1.0, 1.0, 1.0, 1.0, 1.0, 1.0, 1.0, 1.0, 1.0]",NGS-ramp,False
378,ENTm3,-0.36103310839853286,36.094970292041765,48.12662705605569,50.81258423918548,1.5,7,False,,,,,,,29,23,7.357357357357358,7.0,-24.0,-0.36103310839853286,0.14621698898336052,0.16538732377990087,0.13389574083054026,-3510.0,3059.1066036603297,4284.662611244303,782.0,930.0,0.06631894582457942,5.814250991428937,6.29297278873628,4.735322129370771,OF1,NG,97.01492537313433,92.5,,,"[1.0, 1.0, 1.0, 1.0, 1.0, 1.0, 1.0, 1.0, 1.0, 1.0, 1.0, 1.0, 1.0, 1.0, 1.0, 1.0, 1.0, 1.0, 1.0, 1.0, 1.0, 1.0, 1.0, 1.0, 1.0, 1.0, 1.0, 1.0, 1.0, 1.0, 1.0, 1.0, 1.0, 1.0, 1.0, 1.0, 1.0, 1.0, 1.0, 1.0, 1.0, 1.0, 1.0, 1.0, 1.0, 1.0, 1.0, 1.0, 1.0, 1.0, 1.0, 1.0, 1.0, 1.0, 1.0, 1.0, 1.0, 1.0, 1.0, 1.0, 1.0, 1.0, 1.0, 1.0, 1.0, 1.0, 1.0, 1.0, 1.0, 1.0, 1.0, 1.0, 1.0, 1.0, 1.0, 1.0, 1.0, 1.0, 1.0, 1.0, 1.0, 1.0, 1.0, 1.0, 1.0, 1.0, 1.0, 1.0, 1.0, 1.0, 1.0, 1.0, 1.0, 1.0, 1.0, 1.0, 1.0, 1.0, 1.0, 1.0, 1.0, 1.0, 1.0, 1.0, 1.0, 1.0, 1.0, 1.0, 1.0, 1.0, 1.0, 1.0, 1.0, 1.0, 1.0, 1.0, 1.0, 1.0, 1.0, 1.0, 1.0, 1.0, 1.0, 1.0, 1.0, 1.0, 1.0, 1.0, 1.0, 1.0, 1.0, 1.0, 1.0, 1.0, 1.0, 1.0, 1.0, 1.0, 1.0, 1.0, 1.0, 1.0, 1.0, 1.0, 1.0, 1.0, 1.0]",NGS-nonramp,False
380,ENTm3,0.3416452950123413,50.06963047169498,66.7595072955933,37.895807386843025,1.5,7,True,,,,,,,29,23,7.357357357357358,2.0,19.0,0.3416452950123413,-0.6968432673377385,0.06908873967982694,0.063385471075946,-3510.0,3059.1066036603297,4284.662611244303,782.0,930.0,0.0077212956834228795,3.097743410638845,6.290473593824153,0.6832289444944661,OF1,NG,100.0,100.0,96.42857142857143,90.1639344262295,"[0.0, 0.0, 0.0, 0.0, 0.0, 0.0, 0.0, 0.0, 0.0, 0.0, 0.0, 0.0, 0.0, 0.0, 0.0, 0.0, 0.0, 0.0, 0.0, 0.0, 0.0, 0.0, 0.0, 0.0, 0.0, 0.0, 0.0, 0.0, 0.0, 0.0, 0.0, 0.0, 0.0, 0.0, 0.0, 0.0, 0.0, 0.0, 0.0, 0.0, 0.0, 0.0, 0.0, 0.0, 0.0, 0.0, 0.0, 0.0, 0.0, 0.0, 0.0, 0.0, 0.0, 1.0, 1.0, 1.0, 1.0, 1.0, 1.0, 1.0, 1.0, 1.0, 1.0, 1.0, 1.0, 0.0, 0.0, 1.0, 1.0, 1.0, 1.0, 0.0, 0.0, 1.0, 1.0, 1.0, 1.0, 0.0, 0.0, 0.0, 0.0, 0.0, 0.0, 0.0, 0.0, 0.0, 0.0, 0.0, 0.0, 1.0, 1.0, 1.0, 1.0, 1.0, 1.0, 0.0, 0.0, 0.0, 0.0, 0.0, 0.0, 0.0, 0.0, 0.0, 0.0, 0.0, 0.0, 1.0, 1.0, 1.0, 1.0, 0.0, 0.0, 0.0, 0.0, 0.0, 0.0, 0.0, 0.0, 0.0, 0.0, 0.0, 0.0, 0.0, 0.0, 0.0, 0.0, 0.0, 0.0, 0.0, 0.0, 0.0, 0.0, 0.0, 0.0, 0.0, 0.0, 0.0, 0.0, 0.0, 0.0, 0.0, 0.0, 0.0, 0.0, 0.0, 0.0]",NGS-nonramp,False
382,ENTm3,-0.6777955216195248,35.487583250642714,47.31677766752362,47.862183853123675,1.5,7,False,,,,,,,29,23,7.357357357357358,3.0,44.0,-0.6777955216195248,-0.9743740341672953,0.1270530741349382,0.13092527376618923,-3510.0,3074.077519388032,4285.596250507634,750.0,915.0,0.03746909847989766,6.945242913575756,6.133857379330848,7.338346473034099,OF1,NG,97.01492537313433,92.5,,,"[1.0, 1.0, 1.0, 1.0, 1.0, 1.0, 1.0, 1.0, 1.0, 1.0, 1.0, 1.0, 1.0, 1.0, 1.0, 1.0, 1.0, 1.0, 1.0, 1.0, 1.0, 1.0, 1.0, 1.0, 1.0, 1.0, 1.0, 1.0, 1.0, 1.0, 1.0, 1.0, 1.0, 1.0, 1.0, 1.0, 1.0, 1.0, 1.0, 1.0, 1.0, 1.0, 1.0, 1.0, 1.0, 1.0, 1.0, 1.0, 1.0, 1.0, 1.0, 1.0, 1.0, 1.0, 1.0, 1.0, 1.0, 1.0, 1.0, 1.0, 1.0, 1.0, 1.0, 1.0, 1.0, 1.0, 1.0, 1.0, 1.0, 1.0, 1.0, 1.0, 1.0, 1.0, 1.0, 1.0, 1.0, 1.0, 1.0, 1.0, 1.0, 1.0, 1.0, 1.0, 1.0, 1.0, 1.0, 1.0, 1.0, 1.0, 1.0, 1.0, 1.0, 1.0, 1.0, 1.0, 1.0, 1.0, 1.0, 1.0, 1.0, 1.0, 1.0, 1.0, 1.0, 1.0, 1.0, 1.0, 1.0, 1.0, 1.0, 1.0, 1.0, 1.0, 1.0, 1.0, 1.0, 1.0, 1.0, 1.0, 1.0, 1.0, 1.0, 1.0, 1.0, 1.0, 1.0, 1.0, 1.0, 1.0, 1.0, 1.0, 1.0, 1.0, 1.0, 1.0, 1.0, 1.0, 1.0, 1.0, 1.0, 1.0, 1.0, 1.0, 1.0, 1.0, 1.0]",NGS-ramp,False
383,ENTm3,-0.43423422384818267,52.6569588272333,70.20927843631107,49.218333620333034,1.5,7,False,,,,,,,29,23,7.357357357357358,9.0,19.0,-0.43423422384818267,-0.3996416974862308,0.19526489442375516,0.17681609625045816,-3510.0,3074.077519388032,4285.596250507634,750.0,915.0,0.10517223136248491,7.627490902589506,9.672717374902957,7.164811516789877,OF1,NG,97.01492537313433,92.5,,,"[1.0, 1.0, 1.0, 1.0, 1.0, 1.0, 1.0, 1.0, 1.0, 1.0, 1.0, 1.0, 1.0, 1.0, 1.0, 1.0, 1.0, 1.0, 1.0, 1.0, 1.0, 1.0, 1.0, 1.0, 1.0, 1.0, 1.0, 1.0, 1.0, 1.0, 1.0, 1.0, 1.0, 1.0, 1.0, 1.0, 1.0, 1.0, 1.0, 1.0, 1.0, 1.0, 1.0, 1.0, 1.0, 1.0, 1.0, 1.0, 1.0, 1.0, 1.0, 1.0, 1.0, 1.0, 1.0, 1.0, 1.0, 1.0, 1.0, 1.0, 1.0, 1.0, 1.0, 1.0, 1.0, 1.0, 1.0, 1.0, 1.0, 1.0, 1.0, 1.0, 1.0, 1.0, 1.0, 1.0, 1.0, 1.0, 1.0, 1.0, 1.0, 1.0, 1.0, 1.0, 1.0, 1.0, 1.0, 1.0, 1.0, 1.0, 1.0, 1.0, 1.0, 1.0, 1.0, 1.0, 1.0, 1.0, 1.0, 1.0, 1.0, 1.0, 1.0, 1.0, 1.0, 1.0, 1.0, 1.0, 1.0, 1.0, 1.0, 1.0, 1.0, 1.0, 1.0, 1.0, 1.0, 1.0, 1.0, 1.0, 1.0, 1.0, 1.0, 1.0, 1.0, 1.0, 1.0, 1.0, 1.0, 1.0, 1.0, 1.0, 1.0, 1.0, 1.0, 1.0, 1.0, 1.0, 1.0, 1.0, 1.0, 1.0, 1.0, 1.0, 1.0, 1.0, 1.0]",NGS-ramp,False
387,ENTm5,-0.5566568369728295,31.70327809675745,42.271037462343266,23.049885205546307,1.5,7,False,,,,,,,29,23,7.357357357357358,6.0,32.0,-0.5566568369728295,-0.61780757605171,0.014984608126283307,0.0127979279938569,-3510.0,3014.1938564772227,4281.861693454307,750.0,975.0,0.05311536010358869,8.552490632865348,15.22342927473746,3.0602421924504983,OF1,NG,98.33333333333333,100.0,85.71428571428571,60.0,"[1.0, 1.0, 1.0, 1.0, 1.0, 1.0, 1.0, 1.0, 1.0, 1.0, 1.0, 1.0, 1.0, 1.0, 1.0, 1.0, 1.0, 1.0, 1.0, 1.0, 1.0, 1.0, 1.0, 1.0, 1.0, 1.0, 1.0, 1.0, 1.0, 1.0, 1.0, 1.0, 1.0, 1.0, 1.0, 1.0, 1.0, 1.0, 1.0, 1.0, 1.0, 1.0, 1.0, 1.0, 1.0, 1.0, 1.0, 1.0, 1.0, 1.0, 1.0, 1.0, 1.0, 1.0, 1.0, 1.0, 1.0, 1.0, 1.0, 1.0, 1.0, 1.0, 1.0, 1.0, 1.0, 1.0, 1.0, 1.0, 1.0, 1.0, 1.0, 1.0, 1.0, 1.0, 1.0, 1.0, 1.0, 1.0, 1.0, 1.0, 1.0, 1.0, 1.0, 1.0, 1.0, 1.0, 1.0, 1.0, 1.0, 1.0, 1.0, 1.0, 1.0, 1.0, 1.0, 1.0, 1.0, 0.0, 0.0, 0.0, 0.0, 0.0, 0.0, 1.0, 1.0, 1.0, 1.0, 1.0, 1.0, 1.0, 1.0, 1.0, 1.0, 1.0, 1.0, 1.0, 1.0, 1.0, 1.0, 1.0, 1.0, 1.0, 1.0, 1.0, 1.0, 1.0, 1.0, 1.0, 1.0, 1.0, 1.0, 0.0, 0.0, 0.0, 0.0, 0.0, 0.0, 0.0, 0.0, 0.0, 0.0, 0.0, 0.0, 0.0, 0.0, 0.0, 0.0]",NGS-nonramp,False
388,ENTm3,0.5447487198982296,25.916841174979652,34.555788233306195,14.827323567986909,1.5,7,True,,,,,,,29,23,7.357357357357358,-1.0,-47.0,0.5447487198982296,0.18840140107494752,0.04864130048037428,0.05024472296546832,-3510.0,3029.164772204925,4282.795332717639,782.0,960.0,0.007614590857660621,4.523274112183671,1.9202147574843957,6.572506576315587,OF2,NG,98.4375,98.63013698630137,66.66666666666667,28.571428571428573,"[1.0, 1.0, 1.0, 1.0, 1.0, 1.0, 1.0, 1.0, 1.0, 1.0, 1.0, 1.0, 1.0, 1.0, 1.0, 1.0, 1.0, 1.0, 1.0, 1.0, 1.0, 1.0, 1.0, 1.0, 1.0, 1.0, 1.0, 1.0, 1.0, 1.0, 1.0, 1.0, 1.0, 1.0, 1.0, 1.0, 1.0, 1.0, 1.0, 1.0, 1.0, 1.0, 1.0, 1.0, 1.0, 1.0, 1.0, 1.0, 1.0, 1.0, 1.0, 1.0, 1.0, 1.0, 1.0, 1.0, 1.0, 1.0, 1.0, 1.0, 1.0, 1.0, 1.0, 1.0, 1.0, 1.0, 1.0, 1.0, 1.0, 1.0, 1.0, 1.0, 1.0, 1.0, 1.0, 1.0, 1.0, 1.0, 1.0, 1.0, 1.0, 1.0, 1.0, 1.0, 1.0, 1.0, 1.0, 1.0, 1.0, 1.0, 1.0, 1.0, 1.0, 1.0, 1.0, 1.0, 1.0, 1.0, 1.0, 1.0, 1.0, 1.0, 1.0, 1.0, 1.0, 1.0, 1.0, 1.0, 1.0, 1.0, 1.0, 1.0, 1.0, 1.0, 1.0, 1.0, 1.0, 1.0, 1.0, 1.0, 1.0, 1.0, 1.0, 1.0, 1.0, 1.0, 1.0, 1.0, 1.0, 1.0, 1.0, 1.0, 1.0, 1.0, 1.0, 1.0, 1.0, 0.0, 0.0, 0.0, 0.0, 0.0, 0.0, 0.0, 0.0, 0.0, 0.0]",NGS-nonramp,False
391,ENTm3,-0.529005390801283,47.06718195686722,62.7562426091563,7.5990024579368995,1.5,7,False,,,,,,,29,23,7.357357357357358,9.0,-41.0,-0.529005390801283,-0.35044821180706726,0.08428568105133599,0.0716462791845795,-3510.0,3029.164772204925,4282.795332717639,782.0,960.0,0.0005613706862988687,4.994906066635738,6.163014653305666,3.894145200749828,OF1,NG,98.21428571428571,100.0,90.9090909090909,68.42105263157895,"[1.0, 1.0, 1.0, 1.0, 1.0, 1.0, 1.0, 1.0, 1.0, 1.0, 1.0, 1.0, 1.0, 1.0, 1.0, 1.0, 1.0, 1.0, 1.0, 1.0, 1.0, 1.0, 1.0, 1.0, 1.0, 1.0, 1.0, 1.0, 1.0, 0.0, 0.0, 1.0, 1.0, 1.0, 1.0, 1.0, 1.0, 1.0, 1.0, 1.0, 1.0, 1.0, 1.0, 1.0, 1.0, 0.0, 0.0, 0.0, 0.0, 1.0, 1.0, 1.0, 1.0, 1.0, 1.0, 0.0, 0.0, 1.0, 1.0, 1.0, 1.0, 1.0, 1.0, 1.0, 1.0, 1.0, 1.0, 1.0, 1.0, 1.0, 1.0, 0.0, 0.0, 1.0, 1.0, 1.0, 1.0, 1.0, 1.0, 1.0, 1.0, 1.0, 1.0, 1.0, 1.0, 1.0, 1.0, 1.0, 1.0, 1.0, 1.0, 1.0, 1.0, 1.0, 1.0, 1.0, 1.0, 1.0, 1.0, 0.0, 0.0, 0.0, 0.0, 1.0, 1.0, 1.0, 1.0, 1.0, 1.0, 1.0, 1.0, 1.0, 1.0, 1.0, 1.0, 1.0, 1.0, 1.0, 1.0, 1.0, 1.0, 1.0, 1.0, 1.0, 1.0, 1.0, 1.0, 1.0, 1.0, 1.0, 1.0, 0.0, 0.0, 0.0, 0.0, 0.0, 0.0, 0.0, 0.0, 0.0, 0.0, 0.0, 0.0, 0.0, 0.0, 0.0, 0.0]",NGS-nonramp,False
392,ENTm3,-0.15349514049749066,33.4812649712699,44.64168662835987,58.151365537687184,1.5,7,False,,,,,,,29,23,7.357357357357358,10.0,-9.0,-0.15349514049749066,-0.019960188259871725,0.10019811693688403,0.0975342956243501,-3510.0,3029.164772204925,4282.795332717639,782.0,960.0,0.04207074840568808,4.44073852015456,5.132513284538552,3.81776903737288,OF1,NG,96.92307692307692,93.58974358974359,100.0,50.0,"[1.0, 1.0, 1.0, 1.0, 1.0, 1.0, 1.0, 1.0, 1.0, 1.0, 1.0, 1.0, 1.0, 1.0, 1.0, 1.0, 1.0, 1.0, 1.0, 1.0, 1.0, 1.0, 1.0, 1.0, 1.0, 1.0, 1.0, 1.0, 1.0, 1.0, 1.0, 1.0, 1.0, 1.0, 1.0, 1.0, 1.0, 1.0, 1.0, 1.0, 1.0, 1.0, 1.0, 1.0, 1.0, 1.0, 1.0, 1.0, 1.0, 1.0, 1.0, 1.0, 1.0, 1.0, 1.0, 1.0, 1.0, 1.0, 1.0, 1.0, 1.0, 1.0, 1.0, 1.0, 1.0, 1.0, 1.0, 1.0, 1.0, 1.0, 1.0, 1.0, 1.0, 1.0, 1.0, 1.0, 1.0, 1.0, 1.0, 1.0, 1.0, 1.0, 1.0, 1.0, 1.0, 1.0, 1.0, 1.0, 1.0, 1.0, 1.0, 1.0, 1.0, 1.0, 1.0, 1.0, 1.0, 1.0, 1.0, 1.0, 1.0, 1.0, 1.0, 1.0, 1.0, 1.0, 1.0, 1.0, 1.0, 1.0, 1.0, 1.0, 1.0, 1.0, 1.0, 1.0, 1.0, 1.0, 1.0, 1.0, 1.0, 1.0, 1.0, 1.0, 1.0, 1.0, 1.0, 1.0, 1.0, 1.0, 1.0, 1.0, 1.0, 0.0, 0.0, 0.0, 0.0, 1.0, 1.0, 1.0, 1.0, 1.0, 1.0, 1.0, 1.0, 1.0, 1.0]",NGS-nonramp,False
393,ENTm3,-0.4021765735216715,32.41640735079451,43.221876467726005,57.01299076120754,1.5,7,False,,,,,,,29,23,7.357357357357358,-3.0,14.0,-0.4021765735216715,-0.17658965104839616,0.018275252768834946,0.021317249360939386,-3510.0,3029.164772204925,4282.795332717639,782.0,960.0,0.03269200727445062,14.36997831417778,16.117307988308287,11.955207614310012,OF1,NG,96.49122807017544,91.89189189189189,100.0,100.0,"[1.0, 1.0, 1.0, 1.0, 1.0, 1.0, 1.0, 1.0, 1.0, 1.0, 1.0, 1.0, 1.0, 1.0, 1.0, 1.0, 1.0, 1.0, 1.0, 1.0, 1.0, 1.0, 1.0, 1.0, 1.0, 1.0, 1.0, 1.0, 1.0, 1.0, 1.0, 1.0, 1.0, 1.0, 1.0, 1.0, 1.0, 1.0, 1.0, 1.0, 1.0, 1.0, 1.0, 1.0, 1.0, 0.0, 0.0, 0.0, 0.0, 0.0, 0.0, 1.0, 1.0, 1.0, 1.0, 1.0, 1.0, 1.0, 1.0, 1.0, 1.0, 1.0, 1.0, 1.0, 1.0, 1.0, 1.0, 1.0, 1.0, 1.0, 1.0, 1.0, 1.0, 1.0, 1.0, 1.0, 1.0, 1.0, 1.0, 1.0, 1.0, 1.0, 1.0, 1.0, 1.0, 1.0, 1.0, 1.0, 1.0, 1.0, 1.0, 1.0, 1.0, 1.0, 1.0, 1.0, 1.0, 1.0, 1.0, 1.0, 1.0, 1.0, 1.0, 1.0, 1.0, 1.0, 1.0, 1.0, 1.0, 1.0, 1.0, 1.0, 1.0, 1.0, 1.0, 0.0, 0.0, 0.0, 0.0, 1.0, 1.0, 0.0, 0.0, 1.0, 1.0, 0.0, 0.0, 0.0, 0.0, 1.0, 1.0, 1.0, 1.0, 1.0, 1.0, 1.0, 1.0, 1.0, 1.0, 1.0, 1.0, 1.0, 1.0, 1.0, 1.0, 1.0, 1.0]",NGS-nonramp,False
394,ENTm3,-0.46154722778160207,50.13213181518978,66.84284242025305,41.56242775436746,1.5,7,False,,,,,,,29,23,7.357357357357358,2.0,32.0,-0.46154722778160207,-0.33070007900477216,0.09427551826142887,0.09677480438890596,-3510.0,3029.164772204925,4282.795332717639,782.0,960.0,0.05409932064995127,5.534739700775726,6.819469850224409,3.9268778421970914,OF1,NG,97.01492537313433,92.5,,,"[1.0, 1.0, 1.0, 1.0, 1.0, 1.0, 1.0, 1.0, 1.0, 1.0, 1.0, 1.0, 1.0, 1.0, 1.0, 1.0, 1.0, 1.0, 1.0, 1.0, 1.0, 1.0, 1.0, 1.0, 1.0, 1.0, 1.0, 1.0, 1.0, 1.0, 1.0, 1.0, 1.0, 1.0, 1.0, 1.0, 1.0, 1.0, 1.0, 1.0, 1.0, 1.0, 1.0, 1.0, 1.0, 1.0, 1.0, 1.0, 1.0, 1.0, 1.0, 1.0, 1.0, 1.0, 1.0, 1.0, 1.0, 1.0, 1.0, 1.0, 1.0, 1.0, 1.0, 1.0, 1.0, 1.0, 1.0, 1.0, 1.0, 1.0, 1.0, 1.0, 1.0, 1.0, 1.0, 1.0, 1.0, 1.0, 1.0, 1.0, 1.0, 1.0, 1.0, 1.0, 1.0, 1.0, 1.0, 1.0, 1.0, 1.0, 1.0, 1.0, 1.0, 1.0, 1.0, 1.0, 1.0, 1.0, 1.0, 1.0, 1.0, 1.0, 1.0, 1.0, 1.0, 1.0, 1.0, 1.0, 1.0, 1.0, 1.0, 1.0, 1.0, 1.0, 1.0, 1.0, 1.0, 1.0, 1.0, 1.0, 1.0, 1.0, 1.0, 1.0, 1.0, 1.0, 1.0, 1.0, 1.0, 1.0, 1.0, 1.0, 1.0, 1.0, 1.0, 1.0, 1.0, 1.0, 1.0, 1.0, 1.0, 1.0, 1.0, 1.0, 1.0, 1.0, 1.0]",NGS-nonramp,False
396,ENTm5,-0.24278629892752937,25.39011400370251,33.85348533827002,43.86276608127635,1.5,7,False,,,,,,,29,23,7.357357357357358,13.0,49.0,-0.24278629892752937,-0.2394854266361517,0.0169255192221595,0.012669515049592463,-3510.0,3014.1938564772227,4281.861693454307,750.0,975.0,0.037406073883134806,9.924153567063444,8.623888576780244,11.100521976520357,OF1,NG,98.21428571428571,100.0,90.9090909090909,71.42857142857143,"[1.0, 1.0, 1.0, 1.0, 1.0, 1.0, 1.0, 1.0, 1.0, 1.0, 1.0, 1.0, 1.0, 1.0, 1.0, 1.0, 1.0, 1.0, 1.0, 0.0, 0.0, 1.0, 1.0, 1.0, 1.0, 0.0, 0.0, 0.0, 0.0, 0.0, 0.0, 1.0, 1.0, 1.0, 1.0, 1.0, 1.0, 1.0, 1.0, 1.0, 1.0, 0.0, 0.0, 1.0, 1.0, 1.0, 1.0, 1.0, 1.0, 1.0, 1.0, 1.0, 1.0, 1.0, 1.0, 1.0, 1.0, 1.0, 1.0, 1.0, 1.0, 1.0, 1.0, 1.0, 1.0, 1.0, 1.0, 1.0, 1.0, 1.0, 1.0, 1.0, 1.0, 1.0, 1.0, 1.0, 1.0, 1.0, 1.0, 1.0, 1.0, 1.0, 1.0, 0.0, 0.0, 0.0, 0.0, 1.0, 1.0, 1.0, 1.0, 0.0, 0.0, 1.0, 1.0, 1.0, 1.0, 1.0, 1.0, 1.0, 1.0, 1.0, 1.0, 1.0, 1.0, 1.0, 1.0, 1.0, 1.0, 1.0, 1.0, 0.0, 0.0, 1.0, 1.0, 1.0, 1.0, 1.0, 1.0, 1.0, 1.0, 1.0, 1.0, 1.0, 1.0, 1.0, 1.0, 1.0, 1.0, 1.0, 1.0, 0.0, 0.0, 1.0, 1.0, 0.0, 0.0, 0.0, 0.0, 0.0, 0.0, 0.0, 0.0, 0.0, 0.0, 0.0, 0.0]",NGS-nonramp,False
397,ENTm5,0.021065844910829214,27.576096175139256,36.768128233519015,56.11690376154246,1.5,7,False,,,,,,,29,23,7.357357357357358,2.0,8.0,0.021065844910829214,0.3666700374540079,0.027199340878325994,0.027868815416832327,-3510.0,3014.1938564772227,4281.861693454307,750.0,975.0,0.03620455227824464,3.558971719036822,4.012873963905568,2.9968551725050045,OF1,NG,96.29629629629629,90.47619047619048,100.0,100.0,"[1.0, 1.0, 1.0, 1.0, 1.0, 1.0, 1.0, 1.0, 1.0, 1.0, 1.0, 1.0, 1.0, 1.0, 1.0, 1.0, 1.0, 1.0, 1.0, 1.0, 1.0, 1.0, 1.0, 1.0, 1.0, 0.0, 0.0, 0.0, 0.0, 0.0, 0.0, 1.0, 1.0, 1.0, 1.0, 1.0, 1.0, 1.0, 1.0, 1.0, 1.0, 1.0, 1.0, 1.0, 1.0, 1.0, 1.0, 0.0, 0.0, 1.0, 1.0, 1.0, 1.0, 1.0, 1.0, 1.0, 1.0, 1.0, 1.0, 1.0, 1.0, 1.0, 1.0, 1.0, 1.0, 1.0, 1.0, 1.0, 1.0, 1.0, 1.0, 1.0, 1.0, 1.0, 1.0, 1.0, 1.0, 0.0, 0.0, 1.0, 1.0, 1.0, 1.0, 1.0, 1.0, 1.0, 1.0, 1.0, 1.0, 1.0, 1.0, 1.0, 1.0, 1.0, 1.0, 1.0, 1.0, 1.0, 1.0, 1.0, 1.0, 1.0, 1.0, 0.0, 0.0, 0.0, 0.0, 0.0, 0.0, 0.0, 0.0, 0.0, 0.0, 0.0, 0.0, 1.0, 1.0, 0.0, 0.0, 1.0, 1.0, 1.0, 1.0, 1.0, 1.0, 0.0, 0.0, 0.0, 0.0, 0.0, 0.0, 1.0, 1.0, 1.0, 1.0, 1.0, 1.0, 1.0, 1.0, 1.0, 1.0, 1.0, 1.0, 1.0, 1.0, 1.0, 1.0]",NGS-nonramp,False
398,ENTm5,-0.6135268472085564,44.11699992354079,58.82266656472105,23.938984276240678,1.5,7,False,,,,,,,29,23,7.357357357357358,6.0,-49.0,-0.6135268472085564,-0.41834765759426706,0.17281615138020248,0.16420186997825806,-3510.0,2999.2229407495206,4280.928054190976,782.0,990.0,0.09958325158144878,7.608070763288539,9.731031922852592,4.737919958057062,OF1,NG,97.01492537313433,92.5,,,"[1.0, 1.0, 1.0, 1.0, 1.0, 1.0, 1.0, 1.0, 1.0, 1.0, 1.0, 1.0, 1.0, 1.0, 1.0, 1.0, 1.0, 1.0, 1.0, 1.0, 1.0, 1.0, 1.0, 1.0, 1.0, 1.0, 1.0, 1.0, 1.0, 1.0, 1.0, 1.0, 1.0, 1.0, 1.0, 1.0, 1.0, 1.0, 1.0, 1.0, 1.0, 1.0, 1.0, 1.0, 1.0, 1.0, 1.0, 1.0, 1.0, 1.0, 1.0, 1.0, 1.0, 1.0, 1.0, 1.0, 1.0, 1.0, 1.0, 1.0, 1.0, 1.0, 1.0, 1.0, 1.0, 1.0, 1.0, 1.0, 1.0, 1.0, 1.0, 1.0, 1.0, 1.0, 1.0, 1.0, 1.0, 1.0, 1.0, 1.0, 1.0, 1.0, 1.0, 1.0, 1.0, 1.0, 1.0, 1.0, 1.0, 1.0, 1.0, 1.0, 1.0, 1.0, 1.0, 1.0, 1.0, 1.0, 1.0, 1.0, 1.0, 1.0, 1.0, 1.0, 1.0, 1.0, 1.0, 1.0, 1.0, 1.0, 1.0, 1.0, 1.0, 1.0, 1.0, 1.0, 1.0, 1.0, 1.0, 1.0, 1.0, 1.0, 1.0, 1.0, 1.0, 1.0, 1.0, 1.0, 1.0, 1.0, 1.0, 1.0, 1.0, 1.0, 1.0, 1.0, 1.0, 1.0, 1.0, 1.0, 1.0, 1.0, 1.0, 1.0, 1.0, 1.0, 1.0]",NGS-nonramp,False
399,ENTm5,-0.5145393852992185,47.86431811665905,63.81909082221206,1.5445216331460638,1.5,7,False,,,,,,,29,23,7.357357357357358,5.0,-25.0,-0.5145393852992185,-0.40437086356076524,0.034665691552828885,0.035940293972795315,-3510.0,3014.1938564772227,4281.861693454307,782.0,975.0,0.13110663724140525,19.640696597314165,18.853093352116858,18.69865131818353,OF1,NG,97.01492537313433,92.5,,,"[1.0, 1.0, 1.0, 1.0, 1.0, 1.0, 1.0, 1.0, 1.0, 1.0, 1.0, 1.0, 1.0, 1.0, 1.0, 1.0, 1.0, 1.0, 1.0, 1.0, 1.0, 1.0, 1.0, 1.0, 1.0, 1.0, 1.0, 1.0, 1.0, 1.0, 1.0, 1.0, 1.0, 1.0, 1.0, 1.0, 1.0, 1.0, 1.0, 1.0, 1.0, 1.0, 1.0, 1.0, 1.0, 1.0, 1.0, 1.0, 1.0, 1.0, 1.0, 1.0, 1.0, 1.0, 1.0, 1.0, 1.0, 1.0, 1.0, 1.0, 1.0, 1.0, 1.0, 1.0, 1.0, 1.0, 1.0, 1.0, 1.0, 1.0, 1.0, 1.0, 1.0, 1.0, 1.0, 1.0, 1.0, 1.0, 1.0, 1.0, 1.0, 1.0, 1.0, 1.0, 1.0, 1.0, 1.0, 1.0, 1.0, 1.0, 1.0, 1.0, 1.0, 1.0, 1.0, 1.0, 1.0, 1.0, 1.0, 1.0, 1.0, 1.0, 1.0, 1.0, 1.0, 1.0, 1.0, 1.0, 1.0, 1.0, 1.0, 1.0, 1.0, 1.0, 1.0, 1.0, 1.0, 1.0, 1.0, 1.0, 1.0, 1.0, 1.0, 1.0, 1.0, 1.0, 1.0, 1.0, 1.0, 1.0, 1.0, 1.0, 1.0, 1.0, 1.0, 1.0, 1.0, 1.0, 1.0, 1.0, 1.0, 1.0, 1.0, 1.0, 1.0, 1.0, 1.0]",NGS-nonramp,False
400,ENTm5,-0.6278908303293331,31.573998862810647,42.0986651504142,56.89124349989569,1.5,7,False,,,,,,,29,23,7.357357357357358,-4.0,-44.0,-0.6278908303293331,-0.4388531723892678,0.031316343732346326,0.033144503583559276,-3510.0,2969.281109294116,4279.060775664312,782.0,1020.0,0.08710065891524058,7.218974400865584,4.393584655519611,7.785173007076107,OF1,NG,96.92307692307692,92.5,100.0,,"[1.0, 1.0, 1.0, 1.0, 1.0, 1.0, 1.0, 1.0, 1.0, 1.0, 1.0, 1.0, 1.0, 1.0, 1.0, 1.0, 1.0, 1.0, 1.0, 1.0, 1.0, 1.0, 1.0, 1.0, 1.0, 1.0, 1.0, 1.0, 1.0, 1.0, 1.0, 1.0, 1.0, 1.0, 1.0, 1.0, 1.0, 1.0, 1.0, 1.0, 1.0, 1.0, 1.0, 1.0, 1.0, 1.0, 1.0, 1.0, 1.0, 1.0, 1.0, 1.0, 1.0, 1.0, 1.0, 1.0, 1.0, 1.0, 1.0, 1.0, 1.0, 1.0, 1.0, 1.0, 1.0, 1.0, 1.0, 1.0, 1.0, 1.0, 1.0, 1.0, 1.0, 1.0, 1.0, 1.0, 1.0, 1.0, 1.0, 1.0, 1.0, 1.0, 1.0, 1.0, 1.0, 1.0, 1.0, 1.0, 1.0, 1.0, 1.0, 1.0, 1.0, 1.0, 1.0, 1.0, 1.0, 1.0, 1.0, 1.0, 1.0, 1.0, 1.0, 1.0, 1.0, 1.0, 1.0, 1.0, 1.0, 1.0, 1.0, 1.0, 1.0, 1.0, 1.0, 1.0, 1.0, 1.0, 1.0, 1.0, 1.0, 1.0, 1.0, 1.0, 1.0, 1.0, 1.0, 1.0, 1.0, 1.0, 1.0, 1.0, 1.0, 0.0, 0.0, 1.0, 1.0, 1.0, 1.0, 1.0, 1.0, 1.0, 1.0, 1.0, 1.0, 1.0, 1.0]",NGS-ramp,False
403,ENTm5,-0.33680861605262635,30.07286243809355,40.09714991745807,43.879048391645476,1.5,7,False,,,,,,,29,23,7.357357357357358,-1.0,17.0,-0.33680861605262635,-0.5489160540014655,0.03845721105361751,0.041330776038475264,-3510.0,2954.310193566413,4278.12713640098,782.0,1035.0,0.04411863353872381,2.577792300068895,3.4472228487941123,1.5067406380486326,OF1,NG,100.0,100.0,92.5925925925926,81.81818181818181,"[1.0, 1.0, 1.0, 1.0, 1.0, 1.0, 1.0, 1.0, 1.0, 1.0, 1.0, 1.0, 1.0, 1.0, 1.0, 1.0, 1.0, 1.0, 1.0, 0.0, 0.0, 1.0, 1.0, 1.0, 1.0, 1.0, 1.0, 1.0, 1.0, 1.0, 1.0, 1.0, 1.0, 1.0, 1.0, 1.0, 1.0, 1.0, 1.0, 1.0, 1.0, 1.0, 1.0, 1.0, 1.0, 1.0, 1.0, 1.0, 1.0, 1.0, 1.0, 1.0, 1.0, 0.0, 0.0, 1.0, 1.0, 1.0, 1.0, 1.0, 1.0, 1.0, 1.0, 1.0, 1.0, 1.0, 1.0, 0.0, 0.0, 0.0, 0.0, 0.0, 0.0, 1.0, 1.0, 1.0, 1.0, 1.0, 1.0, 1.0, 1.0, 1.0, 1.0, 1.0, 1.0, 1.0, 1.0, 1.0, 1.0, 1.0, 1.0, 0.0, 0.0, 0.0, 0.0, 0.0, 0.0, 0.0, 0.0, 0.0, 0.0, 0.0, 0.0, 0.0, 0.0, 0.0, 0.0, 1.0, 1.0, 1.0, 1.0, 1.0, 1.0, 0.0, 0.0, 0.0, 0.0, 0.0, 0.0, 0.0, 0.0, 0.0, 0.0, 0.0, 0.0, 0.0, 0.0, 0.0, 0.0, 0.0, 0.0, 0.0, 0.0, 0.0, 0.0, 0.0, 0.0, 0.0, 0.0, 0.0, 0.0, 0.0, 0.0, 0.0, 0.0, 0.0, 0.0]",NGS-nonramp,False
404,ENTm5,-0.572537661354459,57.91718205265177,77.2229094035357,59.7581354371467,1.5,7,False,,,,,,,29,23,7.357357357357358,8.0,40.0,-0.572537661354459,-0.5000911400880383,0.0268342630815849,0.024915567773633185,-3510.0,2969.281109294116,4279.060775664312,782.0,1020.0,0.08758098566391165,16.43961030253803,21.139023631742532,10.267658099695543,OF1,NG,97.01492537313433,92.5,,,"[1.0, 1.0, 1.0, 1.0, 1.0, 1.0, 1.0, 1.0, 1.0, 1.0, 1.0, 1.0, 1.0, 1.0, 1.0, 1.0, 1.0, 1.0, 1.0, 1.0, 1.0, 1.0, 1.0, 1.0, 1.0, 1.0, 1.0, 1.0, 1.0, 1.0, 1.0, 1.0, 1.0, 1.0, 1.0, 1.0, 1.0, 1.0, 1.0, 1.0, 1.0, 1.0, 1.0, 1.0, 1.0, 1.0, 1.0, 1.0, 1.0, 1.0, 1.0, 1.0, 1.0, 1.0, 1.0, 1.0, 1.0, 1.0, 1.0, 1.0, 1.0, 1.0, 1.0, 1.0, 1.0, 1.0, 1.0, 1.0, 1.0, 1.0, 1.0, 1.0, 1.0, 1.0, 1.0, 1.0, 1.0, 1.0, 1.0, 1.0, 1.0, 1.0, 1.0, 1.0, 1.0, 1.0, 1.0, 1.0, 1.0, 1.0, 1.0, 1.0, 1.0, 1.0, 1.0, 1.0, 1.0, 1.0, 1.0, 1.0, 1.0, 1.0, 1.0, 1.0, 1.0, 1.0, 1.0, 1.0, 1.0, 1.0, 1.0, 1.0, 1.0, 1.0, 1.0, 1.0, 1.0, 1.0, 1.0, 1.0, 1.0, 1.0, 1.0, 1.0, 1.0, 1.0, 1.0, 1.0, 1.0, 1.0, 1.0, 1.0, 1.0, 1.0, 1.0, 1.0, 1.0, 1.0, 1.0, 1.0, 1.0, 1.0, 1.0, 1.0, 1.0, 1.0, 1.0]",NGS-ramp,False
405,ENTm5,-0.13821389988062072,60.015039571140136,80.02005276152018,54.568194335213526,1.5,7,False,,,,,,,29,23,7.357357357357358,6.0,-2.0,-0.13821389988062072,0.24120585325968888,0.047235569320252725,0.03803370336682872,-3510.0,2954.310193566413,4278.12713640098,782.0,1035.0,0.07716780083306218,11.631045096337765,19.93941007392148,3.4795317424178247,OF1,NG,97.14285714285714,100.0,96.875,83.33333333333333,"[1.0, 1.0, 1.0, 1.0, 1.0, 1.0, 1.0, 1.0, 1.0, 1.0, 1.0, 1.0, 1.0, 1.0, 1.0, 1.0, 1.0, 1.0, 1.0, 1.0, 1.0, 1.0, 1.0, 1.0, 1.0, 1.0, 1.0, 0.0, 0.0, 1.0, 1.0, 1.0, 1.0, 1.0, 1.0, 1.0, 1.0, 1.0, 1.0, 1.0, 1.0, 1.0, 1.0, 1.0, 1.0, 1.0, 1.0, 1.0, 1.0, 1.0, 1.0, 1.0, 1.0, 1.0, 1.0, 1.0, 1.0, 1.0, 1.0, 1.0, 1.0, 1.0, 1.0, 1.0, 1.0, 1.0, 1.0, 1.0, 1.0, 1.0, 1.0, 1.0, 1.0, 1.0, 1.0, 0.0, 0.0, 1.0, 1.0, 0.0, 0.0, 0.0, 0.0, 1.0, 1.0, 0.0, 0.0, 0.0, 0.0, 0.0, 0.0, 0.0, 0.0, 0.0, 0.0, 1.0, 1.0, 0.0, 0.0, 0.0, 0.0, 0.0, 0.0, 0.0, 0.0, 0.0, 0.0, 0.0, 0.0, 0.0, 0.0, 0.0, 0.0, 0.0, 0.0, 0.0, 0.0, 0.0, 0.0, 0.0, 0.0, 0.0, 0.0, 0.0, 0.0, 0.0, 0.0, 0.0, 0.0, 0.0, 0.0, 0.0, 0.0, 0.0, 0.0, 0.0, 0.0, 0.0, 0.0, 0.0, 0.0, 0.0, 0.0, 0.0, 0.0, 0.0, 0.0]",NGS-nonramp,False
409,ENTm5,-0.3812313012172699,32.820812018744114,43.76108269165882,5.203811164027914,1.5,7,False,,,,,,,29,23,7.357357357357358,1.0,40.0,-0.3812313012172699,-0.011166609733896592,0.037186132329040736,0.03224748616061786,-3510.0,2939.3392778387115,4277.193497137649,782.0,1050.0,0.054871477350265783,4.141344705931311,5.493230416855577,2.959966005159676,OF1,NG,100.0,100.0,96.82539682539682,91.42857142857143,"[0.0, 0.0, 0.0, 0.0, 0.0, 0.0, 0.0, 0.0, 0.0, 0.0, 0.0, 0.0, 0.0, 0.0, 0.0, 0.0, 0.0, 0.0, 0.0, 0.0, 0.0, 0.0, 0.0, 0.0, 0.0, 0.0, 0.0, 0.0, 0.0, 0.0, 0.0, 0.0, 0.0, 0.0, 0.0, 0.0, 0.0, 0.0, 0.0, 0.0, 0.0, 0.0, 0.0, 0.0, 0.0, 0.0, 0.0, 0.0, 0.0, 0.0, 0.0, 0.0, 0.0, 0.0, 0.0, 0.0, 0.0, 0.0, 0.0, 0.0, 0.0, 0.0, 0.0, 0.0, 0.0, 0.0, 0.0, 0.0, 0.0, 0.0, 0.0, 0.0, 0.0, 0.0, 0.0, 0.0, 0.0, 1.0, 1.0, 0.0, 0.0, 0.0, 0.0, 0.0, 0.0, 0.0, 0.0, 0.0, 0.0, 0.0, 0.0, 0.0, 0.0, 0.0, 0.0, 0.0, 0.0, 0.0, 0.0, 0.0, 0.0, 0.0, 0.0, 0.0, 0.0, 1.0, 1.0, 1.0, 1.0, 1.0, 1.0, 1.0, 1.0, 1.0, 1.0, 1.0, 1.0, 0.0, 0.0, 0.0, 0.0, 0.0, 0.0, 0.0, 0.0, 0.0, 0.0, 0.0, 0.0, 0.0, 0.0, 0.0, 0.0, 0.0, 0.0, 0.0, 0.0, 0.0, 0.0, 0.0, 0.0, 0.0, 0.0, 0.0, 0.0, 0.0, 0.0]",NGS-nonramp,False
412,ENTm5,-0.16066774615618962,43.66526920160297,58.22035893547063,52.8473642994205,1.5,7,False,,,,,,,29,23,7.357357357357358,7.0,-38.0,-0.16066774615618962,-0.2177605464662657,0.021363643185288363,0.01823855144759397,-3510.0,2954.310193566413,4278.12713640098,782.0,1035.0,0.05685708434899971,13.483587670369335,8.168202037802386,18.58122946156319,OF1,NG,97.01492537313433,92.5,,,"[1.0, 1.0, 1.0, 1.0, 1.0, 1.0, 1.0, 1.0, 1.0, 1.0, 1.0, 1.0, 1.0, 1.0, 1.0, 1.0, 1.0, 1.0, 1.0, 1.0, 1.0, 1.0, 1.0, 1.0, 1.0, 1.0, 1.0, 1.0, 1.0, 1.0, 1.0, 1.0, 1.0, 1.0, 1.0, 1.0, 1.0, 1.0, 1.0, 1.0, 1.0, 1.0, 1.0, 1.0, 1.0, 1.0, 1.0, 1.0, 1.0, 1.0, 1.0, 1.0, 1.0, 1.0, 1.0, 1.0, 1.0, 1.0, 1.0, 1.0, 1.0, 1.0, 1.0, 1.0, 1.0, 1.0, 1.0, 1.0, 1.0, 1.0, 1.0, 1.0, 1.0, 1.0, 1.0, 1.0, 1.0, 1.0, 1.0, 1.0, 1.0, 1.0, 1.0, 1.0, 1.0, 1.0, 1.0, 1.0, 1.0, 1.0, 1.0, 1.0, 1.0, 1.0, 1.0, 1.0, 1.0, 1.0, 1.0, 1.0, 1.0, 1.0, 1.0, 1.0, 1.0, 1.0, 1.0, 1.0, 1.0, 1.0, 1.0, 1.0, 1.0, 1.0, 1.0, 1.0, 1.0, 1.0, 1.0, 1.0, 1.0, 1.0, 1.0, 1.0, 1.0, 1.0, 1.0, 1.0, 1.0, 1.0, 1.0, 1.0, 1.0, 1.0, 1.0, 1.0, 1.0, 1.0, 1.0, 1.0, 1.0, 1.0, 1.0, 1.0, 1.0, 1.0, 1.0]",NGS-nonramp,False
414,ENTm5,-0.8005141446965918,47.39411058827528,63.192147451033705,16.10275031740961,1.5,7,False,,,,,,,29,23,7.357357357357358,2.0,-47.0,-0.8005141446965918,-0.5573745407613153,0.05599768120169329,0.05459396030255186,-3510.0,2909.3974463833065,4275.326218610985,782.0,1080.0,0.023956951588268938,2.2527361589122257,3.3597510268696604,1.5093384667349232,OF1,NG,100.0,100.0,95.23809523809524,88.46153846153847,"[1.0, 1.0, 1.0, 1.0, 1.0, 1.0, 1.0, 1.0, 1.0, 1.0, 1.0, 1.0, 1.0, 1.0, 1.0, 1.0, 1.0, 1.0, 1.0, 0.0, 0.0, 0.0, 0.0, 0.0, 0.0, 0.0, 0.0, 0.0, 0.0, 0.0, 0.0, 0.0, 0.0, 0.0, 0.0, 0.0, 0.0, 0.0, 0.0, 0.0, 0.0, 1.0, 1.0, 1.0, 1.0, 1.0, 1.0, 1.0, 1.0, 0.0, 0.0, 0.0, 0.0, 0.0, 0.0, 0.0, 0.0, 0.0, 0.0, 0.0, 0.0, 0.0, 0.0, 0.0, 0.0, 0.0, 0.0, 0.0, 0.0, 1.0, 1.0, 0.0, 0.0, 1.0, 1.0, 0.0, 0.0, 1.0, 1.0, 1.0, 1.0, 1.0, 1.0, 1.0, 1.0, 1.0, 1.0, 0.0, 0.0, 0.0, 0.0, 0.0, 0.0, 0.0, 0.0, 0.0, 0.0, 0.0, 0.0, 0.0, 0.0, 0.0, 0.0, 0.0, 0.0, 1.0, 1.0, 1.0, 1.0, 0.0, 0.0, 0.0, 0.0, 0.0, 0.0, 0.0, 0.0, 1.0, 1.0, 1.0, 1.0, 1.0, 1.0, 1.0, 1.0, 0.0, 0.0, 0.0, 0.0, 0.0, 0.0, 0.0, 0.0, 0.0, 0.0, 0.0, 0.0, 0.0, 0.0, 0.0, 0.0, 0.0, 0.0, 0.0, 0.0, 0.0, 0.0]",NGS-nonramp,False
418,ENTm5,-0.023979257346344332,40.93104297213097,54.57472396284129,20.270032092913905,1.5,7,False,,,,,,,29,23,7.357357357357358,3.0,1.0,-0.023979257346344332,-0.26088821195648804,0.08105710412808576,0.07450222477283311,-3510.0,2909.3974463833065,4275.326218610985,782.0,1080.0,0.021684543285508423,5.35695294931806,3.468049473061839,5.785884050106749,OF1,NG,97.01492537313433,92.5,,,"[1.0, 1.0, 1.0, 1.0, 1.0, 1.0, 1.0, 1.0, 1.0, 1.0, 1.0, 1.0, 1.0, 1.0, 1.0, 1.0, 1.0, 1.0, 1.0, 1.0, 1.0, 1.0, 1.0, 1.0, 1.0, 1.0, 1.0, 1.0, 1.0, 1.0, 1.0, 1.0, 1.0, 1.0, 1.0, 1.0, 1.0, 1.0, 1.0, 1.0, 1.0, 1.0, 1.0, 1.0, 1.0, 1.0, 1.0, 1.0, 1.0, 1.0, 1.0, 1.0, 1.0, 1.0, 1.0, 1.0, 1.0, 1.0, 1.0, 1.0, 1.0, 1.0, 1.0, 1.0, 1.0, 1.0, 1.0, 1.0, 1.0, 1.0, 1.0, 1.0, 1.0, 1.0, 1.0, 1.0, 1.0, 1.0, 1.0, 1.0, 1.0, 1.0, 1.0, 1.0, 1.0, 1.0, 1.0, 1.0, 1.0, 1.0, 1.0, 1.0, 1.0, 1.0, 1.0, 1.0, 1.0, 1.0, 1.0, 1.0, 1.0, 1.0, 1.0, 1.0, 1.0, 1.0, 1.0, 1.0, 1.0, 1.0, 1.0, 1.0, 1.0, 1.0, 1.0, 1.0, 1.0, 1.0, 1.0, 1.0, 1.0, 1.0, 1.0, 1.0, 1.0, 1.0, 1.0, 1.0, 1.0, 1.0, 1.0, 1.0, 1.0, 1.0, 1.0, 1.0, 1.0, 1.0, 1.0, 1.0, 1.0, 1.0, 1.0, 1.0, 1.0, 1.0, 1.0]",NGS-nonramp,False
419,ENTm5,-0.07768731669243661,48.351022452654874,64.46802993687317,38.48110900407072,1.5,7,False,,,,,,,29,23,7.357357357357358,3.0,18.0,-0.07768731669243661,-0.5916329140017531,0.033003228639054534,0.031546870723654676,-3510.0,2909.3974463833065,4275.326218610985,782.0,1080.0,0.10752521292668474,11.981994756562388,15.23342605438597,8.811834903898209,OF1,NG,98.36065573770492,98.4375,83.33333333333333,68.75,"[1.0, 1.0, 1.0, 1.0, 1.0, 1.0, 1.0, 1.0, 1.0, 1.0, 1.0, 1.0, 1.0, 1.0, 1.0, 1.0, 1.0, 0.0, 0.0, 0.0, 0.0, 0.0, 0.0, 0.0, 0.0, 0.0, 0.0, 1.0, 1.0, 1.0, 1.0, 1.0, 1.0, 0.0, 0.0, 1.0, 1.0, 1.0, 1.0, 1.0, 1.0, 1.0, 1.0, 1.0, 1.0, 1.0, 1.0, 1.0, 1.0, 1.0, 1.0, 1.0, 1.0, 1.0, 1.0, 1.0, 1.0, 1.0, 1.0, 1.0, 1.0, 1.0, 1.0, 1.0, 1.0, 1.0, 1.0, 1.0, 1.0, 1.0, 1.0, 1.0, 1.0, 1.0, 1.0, 1.0, 1.0, 1.0, 1.0, 1.0, 1.0, 1.0, 1.0, 1.0, 1.0, 1.0, 1.0, 1.0, 1.0, 1.0, 1.0, 1.0, 1.0, 1.0, 1.0, 1.0, 1.0, 1.0, 1.0, 1.0, 1.0, 1.0, 1.0, 1.0, 1.0, 1.0, 1.0, 1.0, 1.0, 1.0, 1.0, 1.0, 1.0, 1.0, 1.0, 1.0, 1.0, 1.0, 1.0, 1.0, 1.0, 1.0, 1.0, 1.0, 1.0, 1.0, 1.0, 1.0, 1.0, 1.0, 1.0, 1.0, 1.0, 1.0, 1.0, 1.0, 1.0, 0.0, 0.0, 0.0, 0.0, 0.0, 0.0, 0.0, 0.0, 0.0, 0.0]",NGS-nonramp,False
422,ENTm5,-0.3511177815168862,34.68925412901116,46.252338838681545,16.62824131660063,1.5,7,False,,,,,,,29,23,7.357357357357358,10.0,-37.0,-0.3511177815168862,-0.45667639807263694,0.030007819078204087,0.023491264581708443,-3510.0,2879.455614927902,4273.4589400843215,782.0,1110.0,0.029444394582350545,10.0043772377472,12.320197851816367,7.4583661583407315,OF1,NG,98.38709677419355,92.20779220779221,80.0,100.0,"[1.0, 1.0, 1.0, 1.0, 1.0, 1.0, 1.0, 1.0, 1.0, 1.0, 1.0, 1.0, 1.0, 1.0, 1.0, 1.0, 1.0, 1.0, 1.0, 1.0, 1.0, 1.0, 1.0, 1.0, 1.0, 1.0, 1.0, 1.0, 1.0, 1.0, 1.0, 1.0, 1.0, 1.0, 1.0, 1.0, 1.0, 1.0, 1.0, 1.0, 1.0, 1.0, 1.0, 1.0, 1.0, 1.0, 1.0, 1.0, 1.0, 1.0, 1.0, 1.0, 1.0, 1.0, 1.0, 1.0, 1.0, 1.0, 1.0, 1.0, 1.0, 1.0, 1.0, 1.0, 1.0, 1.0, 1.0, 1.0, 1.0, 1.0, 1.0, 1.0, 1.0, 1.0, 1.0, 1.0, 1.0, 1.0, 1.0, 1.0, 1.0, 1.0, 1.0, 0.0, 0.0, 0.0, 0.0, 0.0, 0.0, 1.0, 1.0, 1.0, 1.0, 1.0, 1.0, 0.0, 0.0, 1.0, 1.0, 1.0, 1.0, 1.0, 1.0, 1.0, 1.0, 1.0, 1.0, 1.0, 1.0, 1.0, 1.0, 1.0, 1.0, 1.0, 1.0, 1.0, 1.0, 1.0, 1.0, 1.0, 1.0, 1.0, 1.0, 1.0, 1.0, 1.0, 1.0, 1.0, 1.0, 1.0, 1.0, 1.0, 1.0, 1.0, 1.0, 1.0, 1.0, 1.0, 1.0, 1.0, 1.0, 1.0, 1.0, 1.0, 1.0, 1.0, 1.0]",NGS-nonramp,False
426,ENTm5,-0.4883564921683285,30.286999300164194,40.38266573355226,33.222256540146795,1.5,7,False,,,,,,,29,23,7.357357357357358,9.0,-16.0,-0.4883564921683285,-0.28435309213254667,0.0641019346345108,0.0601789795795591,-3510.0,2894.4265306556044,4274.392579347653,782.0,1095.0,0.09071620928353813,6.128209910127911,6.725333508534285,5.141622535906644,OF1,NG,96.92307692307692,92.5,100.0,,"[1.0, 1.0, 1.0, 1.0, 1.0, 1.0, 1.0, 1.0, 1.0, 1.0, 1.0, 1.0, 1.0, 1.0, 1.0, 1.0, 1.0, 1.0, 1.0, 1.0, 1.0, 1.0, 1.0, 1.0, 1.0, 1.0, 1.0, 1.0, 1.0, 1.0, 1.0, 1.0, 1.0, 1.0, 1.0, 1.0, 1.0, 1.0, 1.0, 1.0, 1.0, 1.0, 1.0, 1.0, 1.0, 1.0, 1.0, 1.0, 1.0, 1.0, 1.0, 1.0, 1.0, 1.0, 1.0, 1.0, 1.0, 1.0, 1.0, 1.0, 1.0, 1.0, 1.0, 1.0, 1.0, 1.0, 1.0, 1.0, 1.0, 1.0, 1.0, 1.0, 1.0, 1.0, 1.0, 1.0, 1.0, 1.0, 1.0, 1.0, 1.0, 1.0, 1.0, 1.0, 1.0, 1.0, 1.0, 1.0, 1.0, 1.0, 1.0, 1.0, 1.0, 1.0, 1.0, 1.0, 1.0, 1.0, 1.0, 1.0, 1.0, 1.0, 1.0, 1.0, 1.0, 1.0, 1.0, 1.0, 1.0, 1.0, 1.0, 1.0, 1.0, 1.0, 1.0, 1.0, 1.0, 1.0, 1.0, 1.0, 1.0, 1.0, 1.0, 1.0, 1.0, 1.0, 1.0, 1.0, 1.0, 1.0, 1.0, 1.0, 1.0, 0.0, 0.0, 1.0, 1.0, 1.0, 1.0, 1.0, 1.0, 1.0, 1.0, 1.0, 1.0, 1.0, 1.0]",NGS-nonramp,False
427,ENTm5,-0.40025491596998447,36.7745469973432,49.03272932979093,9.971930873163501,1.5,7,False,,,,,,,29,23,7.357357357357358,8.0,-49.0,-0.40025491596998447,-0.6760545115411423,0.023173621712407142,0.025592560287529736,-3510.0,2849.5137834724974,4271.591661557658,782.0,1140.0,0.07278644452044893,4.269656340598417,6.978585259629841,1.8797888373999836,OF1,NG,91.66666666666667,78.57142857142857,100.0,100.0,"[0.0, 0.0, 0.0, 0.0, 0.0, 0.0, 0.0, 0.0, 0.0, 0.0, 0.0, 0.0, 0.0, 0.0, 0.0, 0.0, 0.0, 0.0, 0.0, 0.0, 0.0, 0.0, 0.0, 0.0, 0.0, 0.0, 0.0, 0.0, 0.0, 0.0, 0.0, 0.0, 0.0, 1.0, 1.0, 1.0, 1.0, 0.0, 0.0, 0.0, 0.0, 0.0, 0.0, 0.0, 0.0, 0.0, 0.0, 0.0, 0.0, 0.0, 0.0, 0.0, 0.0, 0.0, 0.0, 0.0, 0.0, 1.0, 1.0, 0.0, 0.0, 1.0, 1.0, 0.0, 0.0, 0.0, 0.0, 0.0, 0.0, 0.0, 0.0, 0.0, 0.0, 0.0, 0.0, 0.0, 0.0, 0.0, 0.0, 0.0, 0.0, 0.0, 0.0, 0.0, 0.0, 0.0, 0.0, 0.0, 0.0, 1.0, 1.0, 1.0, 1.0, 1.0, 1.0, 1.0, 1.0, 1.0, 1.0, 0.0, 0.0, 1.0, 1.0, 1.0, 1.0, 0.0, 0.0, 1.0, 1.0, 1.0, 1.0, 1.0, 1.0, 1.0, 1.0, 1.0, 1.0, 1.0, 1.0, 1.0, 1.0, 1.0, 1.0, 0.0, 0.0, 0.0, 0.0, 0.0, 0.0, 0.0, 0.0, 0.0, 0.0, 1.0, 1.0, 1.0, 1.0, 1.0, 1.0, 1.0, 1.0, 1.0, 1.0, 1.0, 1.0, 1.0, 1.0]",NGS-nonramp,False
429,ENTm5,-0.38795502598308923,38.34410843709104,51.12547791612138,48.32572528889536,1.5,7,False,,,,,,,29,23,7.357357357357358,4.0,47.0,-0.38795502598308923,-0.3032892242423475,0.052967122181158316,0.05602525926856653,-3510.0,2864.484699200199,4272.525300820989,782.0,1125.0,0.01277108293421015,4.332771793326562,2.819924925850186,4.811698292747719,OF1,NG,97.5,89.83050847457628,96.29629629629629,100.0,"[1.0, 1.0, 1.0, 1.0, 1.0, 1.0, 1.0, 1.0, 1.0, 1.0, 1.0, 1.0, 1.0, 1.0, 1.0, 0.0, 0.0, 1.0, 1.0, 1.0, 1.0, 1.0, 1.0, 1.0, 1.0, 1.0, 1.0, 0.0, 0.0, 0.0, 0.0, 0.0, 0.0, 0.0, 0.0, 1.0, 1.0, 1.0, 1.0, 1.0, 1.0, 1.0, 1.0, 1.0, 1.0, 1.0, 1.0, 1.0, 1.0, 0.0, 0.0, 0.0, 0.0, 0.0, 0.0, 0.0, 0.0, 1.0, 1.0, 1.0, 1.0, 0.0, 0.0, 0.0, 0.0, 0.0, 0.0, 0.0, 0.0, 0.0, 0.0, 0.0, 0.0, 0.0, 0.0, 1.0, 1.0, 0.0, 0.0, 0.0, 0.0, 0.0, 0.0, 0.0, 0.0, 0.0, 0.0, 0.0, 0.0, 1.0, 1.0, 0.0, 0.0, 1.0, 1.0, 0.0, 0.0, 1.0, 1.0, 1.0, 1.0, 1.0, 1.0, 1.0, 1.0, 1.0, 1.0, 1.0, 1.0, 1.0, 1.0, 1.0, 1.0, 1.0, 1.0, 1.0, 1.0, 1.0, 1.0, 1.0, 1.0, 1.0, 1.0, 1.0, 1.0, 1.0, 1.0, 1.0, 1.0, 1.0, 1.0, 1.0, 1.0, 1.0, 1.0, 1.0, 1.0, 1.0, 1.0, 1.0, 1.0, 1.0, 1.0, 1.0, 1.0, 1.0, 1.0]",NGS-ramp,False
433,ENTm5,-0.5006665662019232,38.316671491361035,51.08889532181471,7.473381992064247,1.5,7,False,,,,,,,29,23,7.357357357357358,16.0,-32.0,-0.5006665662019232,0.08086947332853776,0.02957830963734849,0.027765037110096362,-3510.0,2834.542867744795,4270.658022294327,750.0,1155.0,0.06517208158048757,9.658282612347817,11.797033050211075,7.71139467238545,OF1,NG,95.91836734693878,89.28571428571429,100.0,100.0,"[1.0, 1.0, 1.0, 1.0, 1.0, 1.0, 1.0, 1.0, 1.0, 0.0, 0.0, 0.0, 0.0, 0.0, 0.0, 0.0, 0.0, 0.0, 0.0, 0.0, 0.0, 0.0, 0.0, 0.0, 0.0, 0.0, 0.0, 1.0, 1.0, 1.0, 1.0, 1.0, 1.0, 1.0, 1.0, 0.0, 0.0, 1.0, 1.0, 1.0, 1.0, 1.0, 1.0, 0.0, 0.0, 0.0, 0.0, 1.0, 1.0, 0.0, 0.0, 0.0, 0.0, 0.0, 0.0, 1.0, 1.0, 1.0, 1.0, 1.0, 1.0, 1.0, 1.0, 1.0, 1.0, 1.0, 1.0, 0.0, 0.0, 1.0, 1.0, 0.0, 0.0, 1.0, 1.0, 1.0, 1.0, 0.0, 0.0, 1.0, 1.0, 1.0, 1.0, 1.0, 1.0, 1.0, 1.0, 1.0, 1.0, 1.0, 1.0, 1.0, 1.0, 1.0, 1.0, 1.0, 1.0, 1.0, 1.0, 1.0, 1.0, 1.0, 1.0, 1.0, 1.0, 0.0, 0.0, 0.0, 0.0, 0.0, 0.0, 1.0, 1.0, 1.0, 1.0, 1.0, 1.0, 1.0, 1.0, 1.0, 1.0, 1.0, 1.0, 1.0, 1.0, 1.0, 1.0, 1.0, 1.0, 1.0, 1.0, 1.0, 1.0, 1.0, 1.0, 1.0, 1.0, 1.0, 1.0, 1.0, 1.0, 1.0, 1.0, 1.0, 1.0, 1.0, 1.0]",NGS-nonramp,False
434,ENTm5,0.3149575369251173,56.646633847390895,75.52884512985453,59.23387568516203,1.5,7,True,,,,,,,29,23,7.357357357357358,2.0,14.0,0.3149575369251173,0.17298322893183776,0.14660927149830244,0.13408986444869006,-3510.0,2849.5137834724974,4271.591661557658,782.0,1140.0,0.08563258530992016,3.815132604101965,3.7796157721070296,3.5730535751242916,OF1,NG,98.27586206896552,91.54929577464789,88.88888888888889,100.0,"[1.0, 1.0, 1.0, 1.0, 1.0, 1.0, 1.0, 1.0, 1.0, 1.0, 1.0, 1.0, 1.0, 1.0, 1.0, 1.0, 1.0, 1.0, 1.0, 1.0, 1.0, 1.0, 1.0, 1.0, 1.0, 1.0, 1.0, 1.0, 1.0, 1.0, 1.0, 1.0, 1.0, 1.0, 1.0, 1.0, 1.0, 1.0, 1.0, 1.0, 1.0, 1.0, 1.0, 1.0, 1.0, 1.0, 1.0, 1.0, 1.0, 1.0, 1.0, 1.0, 1.0, 1.0, 1.0, 1.0, 1.0, 1.0, 1.0, 1.0, 1.0, 1.0, 1.0, 1.0, 1.0, 1.0, 1.0, 1.0, 1.0, 1.0, 1.0, 1.0, 1.0, 1.0, 1.0, 1.0, 1.0, 1.0, 1.0, 1.0, 1.0, 1.0, 1.0, 1.0, 1.0, 1.0, 1.0, 1.0, 1.0, 1.0, 1.0, 0.0, 0.0, 0.0, 0.0, 0.0, 0.0, 0.0, 0.0, 0.0, 0.0, 1.0, 1.0, 1.0, 1.0, 1.0, 1.0, 1.0, 1.0, 1.0, 1.0, 1.0, 1.0, 1.0, 1.0, 1.0, 1.0, 1.0, 1.0, 1.0, 1.0, 0.0, 0.0, 0.0, 0.0, 1.0, 1.0, 0.0, 0.0, 0.0, 0.0, 1.0, 1.0, 1.0, 1.0, 1.0, 1.0, 1.0, 1.0, 1.0, 1.0, 1.0, 1.0, 1.0, 1.0, 1.0, 1.0]",NGS-nonramp,False
440,ENTm5,-0.4814600305516482,30.179807415145735,40.23974322019431,49.75041230270785,1.5,7,False,,,,,,,29,23,7.357357357357358,3.0,41.0,-0.4814600305516482,-0.606179835653476,0.038109045349918096,0.02985752221462244,-3510.0,2819.5719520170924,4269.724383030994,782.0,1170.0,0.050559414739626655,4.894799872381942,5.00921966887361,4.127949782515995,OF1,NG,98.03921568627452,90.625,93.75,100.0,"[1.0, 1.0, 1.0, 1.0, 1.0, 1.0, 1.0, 1.0, 1.0, 1.0, 1.0, 1.0, 1.0, 1.0, 1.0, 1.0, 1.0, 1.0, 1.0, 1.0, 1.0, 1.0, 1.0, 1.0, 1.0, 1.0, 1.0, 1.0, 1.0, 1.0, 1.0, 1.0, 1.0, 1.0, 1.0, 1.0, 1.0, 1.0, 1.0, 1.0, 1.0, 1.0, 1.0, 1.0, 1.0, 0.0, 0.0, 1.0, 1.0, 1.0, 1.0, 1.0, 1.0, 1.0, 1.0, 1.0, 1.0, 1.0, 1.0, 1.0, 1.0, 1.0, 1.0, 1.0, 1.0, 1.0, 1.0, 0.0, 0.0, 0.0, 0.0, 0.0, 0.0, 0.0, 0.0, 0.0, 0.0, 0.0, 0.0, 1.0, 1.0, 1.0, 1.0, 1.0, 1.0, 1.0, 1.0, 1.0, 1.0, 1.0, 1.0, 1.0, 1.0, 0.0, 0.0, 0.0, 0.0, 0.0, 0.0, 0.0, 0.0, 0.0, 0.0, 1.0, 1.0, 1.0, 1.0, 1.0, 1.0, 1.0, 1.0, 1.0, 1.0, 1.0, 1.0, 1.0, 1.0, 1.0, 1.0, 0.0, 0.0, 1.0, 1.0, 0.0, 0.0, 1.0, 1.0, 0.0, 0.0, 0.0, 0.0, 1.0, 1.0, 1.0, 1.0, 1.0, 1.0, 1.0, 1.0, 1.0, 1.0, 1.0, 1.0, 1.0, 1.0, 1.0, 1.0]",NGS-nonramp,False
446,ENTm5,-0.5724174809421432,29.789055615858942,39.71874082114526,29.093399158587967,1.5,7,False,,,,,,,29,23,7.357357357357358,9.0,36.0,-0.5724174809421432,-0.5995910541028993,0.04544137087797548,0.04943169666446266,-3510.0,2804.6010362893903,4268.790743767663,782.0,1185.0,0.03005910343271259,7.308445756930754,6.1196952748287945,7.360168233998941,OF1,NG,97.01492537313433,92.5,,,"[1.0, 1.0, 1.0, 1.0, 1.0, 1.0, 1.0, 1.0, 1.0, 1.0, 1.0, 1.0, 1.0, 1.0, 1.0, 1.0, 1.0, 1.0, 1.0, 1.0, 1.0, 1.0, 1.0, 1.0, 1.0, 1.0, 1.0, 1.0, 1.0, 1.0, 1.0, 1.0, 1.0, 1.0, 1.0, 1.0, 1.0, 1.0, 1.0, 1.0, 1.0, 1.0, 1.0, 1.0, 1.0, 1.0, 1.0, 1.0, 1.0, 1.0, 1.0, 1.0, 1.0, 1.0, 1.0, 1.0, 1.0, 1.0, 1.0, 1.0, 1.0, 1.0, 1.0, 1.0, 1.0, 1.0, 1.0, 1.0, 1.0, 1.0, 1.0, 1.0, 1.0, 1.0, 1.0, 1.0, 1.0, 1.0, 1.0, 1.0, 1.0, 1.0, 1.0, 1.0, 1.0, 1.0, 1.0, 1.0, 1.0, 1.0, 1.0, 1.0, 1.0, 1.0, 1.0, 1.0, 1.0, 1.0, 1.0, 1.0, 1.0, 1.0, 1.0, 1.0, 1.0, 1.0, 1.0, 1.0, 1.0, 1.0, 1.0, 1.0, 1.0, 1.0, 1.0, 1.0, 1.0, 1.0, 1.0, 1.0, 1.0, 1.0, 1.0, 1.0, 1.0, 1.0, 1.0, 1.0, 1.0, 1.0, 1.0, 1.0, 1.0, 1.0, 1.0, 1.0, 1.0, 1.0, 1.0, 1.0, 1.0, 1.0, 1.0, 1.0, 1.0, 1.0, 1.0]",NGS-nonramp,False
450,ENTm5,-0.6426985449325286,30.487102353331746,40.649469804442326,38.963249110585565,1.5,7,False,,,,,,,29,23,7.357357357357358,44.0,-7.0,-0.6426985449325286,-0.1946287701726203,0.02968657310677301,0.02318892476602923,-3510.0,2789.630120561688,4267.857104504331,750.0,1200.0,0.06795978540110317,3.684509048089505,7.418443564164227,1.8855040605098232,OF1,NG,98.30508474576271,90.625,87.5,100.0,"[1.0, 1.0, 1.0, 1.0, 1.0, 1.0, 1.0, 1.0, 1.0, 0.0, 0.0, 1.0, 1.0, 1.0, 1.0, 1.0, 1.0, 1.0, 1.0, 1.0, 1.0, 1.0, 1.0, 1.0, 1.0, 1.0, 1.0, 1.0, 1.0, 1.0, 1.0, 1.0, 1.0, 1.0, 1.0, 1.0, 1.0, 1.0, 1.0, 1.0, 1.0, 1.0, 1.0, 1.0, 1.0, 1.0, 1.0, 1.0, 1.0, 1.0, 1.0, 1.0, 1.0, 1.0, 1.0, 1.0, 1.0, 1.0, 1.0, 1.0, 1.0, 1.0, 1.0, 1.0, 1.0, 1.0, 1.0, 1.0, 1.0, 1.0, 1.0, 1.0, 1.0, 1.0, 1.0, 1.0, 1.0, 1.0, 1.0, 1.0, 1.0, 1.0, 1.0, 1.0, 1.0, 1.0, 1.0, 1.0, 1.0, 1.0, 1.0, 0.0, 0.0, 1.0, 1.0, 0.0, 0.0, 0.0, 0.0, 1.0, 1.0, 1.0, 1.0, 1.0, 1.0, 0.0, 0.0, 0.0, 0.0, 0.0, 0.0, 0.0, 0.0, 0.0, 0.0, 0.0, 0.0, 1.0, 1.0, 1.0, 1.0, 0.0, 0.0, 0.0, 0.0, 1.0, 1.0, 1.0, 1.0, 1.0, 1.0, 1.0, 1.0, 1.0, 1.0, 1.0, 1.0, 1.0, 1.0, 1.0, 1.0, 1.0, 1.0, 1.0, 1.0, 1.0, 1.0]",NGS-nonramp,False
451,ENTm5,-0.15868137945870991,29.916285273913033,39.88838036521738,56.31364648974986,1.5,7,False,,,,,,,29,23,7.357357357357358,3.0,9.0,-0.15868137945870991,-0.366683498258601,0.06629322989908644,0.06802643127921577,-3510.0,2804.6010362893903,4268.790743767663,782.0,1185.0,0.022493310383153924,7.336651197344064,9.02042750283776,5.500642460352025,OF1,NG,97.01492537313433,92.5,,,"[1.0, 1.0, 1.0, 1.0, 1.0, 1.0, 1.0, 1.0, 1.0, 1.0, 1.0, 1.0, 1.0, 1.0, 1.0, 1.0, 1.0, 1.0, 1.0, 1.0, 1.0, 1.0, 1.0, 1.0, 1.0, 1.0, 1.0, 1.0, 1.0, 1.0, 1.0, 1.0, 1.0, 1.0, 1.0, 1.0, 1.0, 1.0, 1.0, 1.0, 1.0, 1.0, 1.0, 1.0, 1.0, 1.0, 1.0, 1.0, 1.0, 1.0, 1.0, 1.0, 1.0, 1.0, 1.0, 1.0, 1.0, 1.0, 1.0, 1.0, 1.0, 1.0, 1.0, 1.0, 1.0, 1.0, 1.0, 1.0, 1.0, 1.0, 1.0, 1.0, 1.0, 1.0, 1.0, 1.0, 1.0, 1.0, 1.0, 1.0, 1.0, 1.0, 1.0, 1.0, 1.0, 1.0, 1.0, 1.0, 1.0, 1.0, 1.0, 1.0, 1.0, 1.0, 1.0, 1.0, 1.0, 1.0, 1.0, 1.0, 1.0, 1.0, 1.0, 1.0, 1.0, 1.0, 1.0, 1.0, 1.0, 1.0, 1.0, 1.0, 1.0, 1.0, 1.0, 1.0, 1.0, 1.0, 1.0, 1.0, 1.0, 1.0, 1.0, 1.0, 1.0, 1.0, 1.0, 1.0, 1.0, 1.0, 1.0, 1.0, 1.0, 1.0, 1.0, 1.0, 1.0, 1.0, 1.0, 1.0, 1.0, 1.0, 1.0, 1.0, 1.0, 1.0, 1.0]",NGS-nonramp,False
452,ENTm5,-0.4437085738755966,35.954532241523516,47.93937632203135,39.713909795575255,1.5,7,False,,,,,,,29,23,7.357357357357358,22.0,-10.0,-0.4437085738755966,-0.47361601636350914,0.1756715069825231,0.1769429188147468,-3510.0,2759.688289106284,4265.989825977667,750.0,1230.0,0.02320281605047084,4.516569540282147,0.893045648600118,3.2244249654240735,OF1,NG,97.01492537313433,92.5,,,"[1.0, 1.0, 1.0, 1.0, 1.0, 1.0, 1.0, 1.0, 1.0, 1.0, 1.0, 1.0, 1.0, 1.0, 1.0, 1.0, 1.0, 1.0, 1.0, 1.0, 1.0, 1.0, 1.0, 1.0, 1.0, 1.0, 1.0, 1.0, 1.0, 1.0, 1.0, 1.0, 1.0, 1.0, 1.0, 1.0, 1.0, 1.0, 1.0, 1.0, 1.0, 1.0, 1.0, 1.0, 1.0, 1.0, 1.0, 1.0, 1.0, 1.0, 1.0, 1.0, 1.0, 1.0, 1.0, 1.0, 1.0, 1.0, 1.0, 1.0, 1.0, 1.0, 1.0, 1.0, 1.0, 1.0, 1.0, 1.0, 1.0, 1.0, 1.0, 1.0, 1.0, 1.0, 1.0, 1.0, 1.0, 1.0, 1.0, 1.0, 1.0, 1.0, 1.0, 1.0, 1.0, 1.0, 1.0, 1.0, 1.0, 1.0, 1.0, 1.0, 1.0, 1.0, 1.0, 1.0, 1.0, 1.0, 1.0, 1.0, 1.0, 1.0, 1.0, 1.0, 1.0, 1.0, 1.0, 1.0, 1.0, 1.0, 1.0, 1.0, 1.0, 1.0, 1.0, 1.0, 1.0, 1.0, 1.0, 1.0, 1.0, 1.0, 1.0, 1.0, 1.0, 1.0, 1.0, 1.0, 1.0, 1.0, 1.0, 1.0, 1.0, 1.0, 1.0, 1.0, 1.0, 1.0, 1.0, 1.0, 1.0, 1.0, 1.0, 1.0, 1.0, 1.0, 1.0]",NGS-ramp,False
454,ENTm5,0.16892606777638064,39.10380381286215,52.138405083816195,20.74196112956873,1.5,7,False,,,,,,,29,23,7.357357357357358,45.0,-49.0,0.16892606777638064,-0.11072628998346284,0.057594309566442174,0.05653371447326778,-3510.0,2774.6592048339853,4266.923465241,750.0,1215.0,0.018878617483730695,4.619912424419438,1.9935244749067935,5.153572547863582,OF2,NG,97.01492537313433,92.5,,,"[1.0, 1.0, 1.0, 1.0, 1.0, 1.0, 1.0, 1.0, 1.0, 1.0, 1.0, 1.0, 1.0, 1.0, 1.0, 1.0, 1.0, 1.0, 1.0, 1.0, 1.0, 1.0, 1.0, 1.0, 1.0, 1.0, 1.0, 1.0, 1.0, 1.0, 1.0, 1.0, 1.0, 1.0, 1.0, 1.0, 1.0, 1.0, 1.0, 1.0, 1.0, 1.0, 1.0, 1.0, 1.0, 1.0, 1.0, 1.0, 1.0, 1.0, 1.0, 1.0, 1.0, 1.0, 1.0, 1.0, 1.0, 1.0, 1.0, 1.0, 1.0, 1.0, 1.0, 1.0, 1.0, 1.0, 1.0, 1.0, 1.0, 1.0, 1.0, 1.0, 1.0, 1.0, 1.0, 1.0, 1.0, 1.0, 1.0, 1.0, 1.0, 1.0, 1.0, 1.0, 1.0, 1.0, 1.0, 1.0, 1.0, 1.0, 1.0, 1.0, 1.0, 1.0, 1.0, 1.0, 1.0, 1.0, 1.0, 1.0, 1.0, 1.0, 1.0, 1.0, 1.0, 1.0, 1.0, 1.0, 1.0, 1.0, 1.0, 1.0, 1.0, 1.0, 1.0, 1.0, 1.0, 1.0, 1.0, 1.0, 1.0, 1.0, 1.0, 1.0, 1.0, 1.0, 1.0, 1.0, 1.0, 1.0, 1.0, 1.0, 1.0, 1.0, 1.0, 1.0, 1.0, 1.0, 1.0, 1.0, 1.0, 1.0, 1.0, 1.0, 1.0, 1.0, 1.0]",NGS-nonramp,False
457,ENTm5,-0.5053098454180394,26.739546851600686,35.65272913546758,51.5341348548145,1.5,7,False,,,,,,,29,23,7.357357357357358,-13.0,44.0,-0.5053098454180394,-0.011996035654977602,0.02245871774942953,0.023011180027978494,-3510.0,2729.7464576508783,4264.122547451004,750.0,1260.0,0.0838170482221431,3.753635496315568,5.162503623484078,2.0699498972364663,OF1,NG,96.96969696969697,100.0,97.05882352941177,87.23404255319149,"[0.0, 0.0, 0.0, 0.0, 0.0, 0.0, 0.0, 0.0, 0.0, 0.0, 0.0, 1.0, 1.0, 0.0, 0.0, 0.0, 0.0, 0.0, 0.0, 0.0, 0.0, 1.0, 1.0, 0.0, 0.0, 0.0, 0.0, 1.0, 1.0, 1.0, 1.0, 1.0, 1.0, 1.0, 1.0, 1.0, 1.0, 1.0, 1.0, 1.0, 1.0, 0.0, 0.0, 0.0, 0.0, 1.0, 1.0, 1.0, 1.0, 0.0, 0.0, 0.0, 0.0, 1.0, 1.0, 1.0, 1.0, 1.0, 1.0, 1.0, 1.0, 1.0, 1.0, 0.0, 0.0, 0.0, 0.0, 0.0, 0.0, 0.0, 0.0, 1.0, 1.0, 1.0, 1.0, 1.0, 1.0, 1.0, 1.0, 1.0, 1.0, 1.0, 1.0, 1.0, 1.0, 1.0, 1.0, 1.0, 1.0, 1.0, 1.0, 1.0, 1.0, 0.0, 0.0, 1.0, 1.0, 1.0, 1.0, 1.0, 1.0, 1.0, 1.0, 0.0, 0.0, 0.0, 0.0, 0.0, 0.0, 0.0, 0.0, 0.0, 0.0, 1.0, 1.0, 0.0, 0.0, 0.0, 0.0, 0.0, 0.0, 1.0, 1.0, 0.0, 0.0, 0.0, 0.0, 0.0, 0.0, 0.0, 0.0, 0.0, 0.0, 0.0, 0.0, 0.0, 0.0, 0.0, 0.0, 0.0, 0.0, 0.0, 0.0, 0.0, 0.0, 0.0, 0.0]",NGS-ramp,False
461,ENTm5,0.005588390187325709,47.100900416157614,62.80120055487682,52.051850101541696,1.5,7,False,,,,,,,29,23,7.357357357357358,7.0,-17.0,0.005588390187325709,-0.3141659280523585,0.030331956184343783,0.021512968253727435,-3510.0,2699.8046261954737,4262.25526892434,782.0,1290.0,0.023235809420176754,8.000172623460452,7.560064609184768,9.753288019809975,OF1,NG,98.4375,100.0,66.66666666666667,33.333333333333336,"[1.0, 1.0, 1.0, 1.0, 1.0, 1.0, 1.0, 1.0, 1.0, 1.0, 1.0, 1.0, 1.0, 1.0, 1.0, 1.0, 1.0, 1.0, 1.0, 1.0, 1.0, 1.0, 1.0, 1.0, 1.0, 1.0, 1.0, 1.0, 1.0, 1.0, 1.0, 1.0, 1.0, 1.0, 1.0, 1.0, 1.0, 1.0, 1.0, 1.0, 1.0, 1.0, 1.0, 1.0, 1.0, 1.0, 1.0, 1.0, 1.0, 1.0, 1.0, 1.0, 1.0, 1.0, 1.0, 1.0, 1.0, 1.0, 1.0, 1.0, 1.0, 1.0, 1.0, 1.0, 1.0, 1.0, 1.0, 1.0, 1.0, 1.0, 1.0, 1.0, 1.0, 1.0, 1.0, 1.0, 1.0, 1.0, 1.0, 1.0, 1.0, 1.0, 1.0, 1.0, 1.0, 1.0, 1.0, 1.0, 1.0, 1.0, 1.0, 1.0, 1.0, 1.0, 1.0, 1.0, 1.0, 1.0, 1.0, 1.0, 1.0, 1.0, 1.0, 1.0, 1.0, 1.0, 1.0, 1.0, 1.0, 1.0, 1.0, 1.0, 1.0, 1.0, 1.0, 1.0, 1.0, 1.0, 1.0, 1.0, 1.0, 1.0, 1.0, 1.0, 1.0, 1.0, 1.0, 1.0, 1.0, 1.0, 1.0, 1.0, 1.0, 1.0, 1.0, 0.0, 0.0, 0.0, 0.0, 0.0, 0.0, 0.0, 0.0, 0.0, 0.0, 0.0, 0.0]",NGS-nonramp,False
462,ENTm5,-0.41365283971261546,35.542311440950066,47.38974858793342,3.2267925695670203,1.5,7,False,,,,,,,29,23,7.357357357357358,8.0,-46.0,-0.41365283971261546,-0.5237701774953061,0.04960420177303998,0.043426429164844176,-3510.0,2699.8046261954737,4262.25526892434,750.0,1290.0,0.02939657146936955,2.833028416595896,3.196470292610684,2.951652953363545,OF1,NG,98.27586206896552,100.0,88.88888888888889,68.42105263157895,"[1.0, 1.0, 1.0, 1.0, 1.0, 1.0, 1.0, 1.0, 1.0, 1.0, 1.0, 1.0, 1.0, 1.0, 1.0, 1.0, 1.0, 1.0, 1.0, 1.0, 1.0, 1.0, 1.0, 1.0, 1.0, 1.0, 1.0, 1.0, 1.0, 1.0, 1.0, 1.0, 1.0, 1.0, 1.0, 1.0, 1.0, 1.0, 1.0, 1.0, 1.0, 1.0, 1.0, 1.0, 1.0, 1.0, 1.0, 1.0, 1.0, 1.0, 1.0, 1.0, 1.0, 1.0, 1.0, 1.0, 1.0, 1.0, 1.0, 1.0, 1.0, 1.0, 1.0, 1.0, 1.0, 1.0, 1.0, 1.0, 1.0, 1.0, 1.0, 1.0, 1.0, 1.0, 1.0, 1.0, 1.0, 0.0, 0.0, 0.0, 0.0, 1.0, 1.0, 1.0, 1.0, 1.0, 1.0, 1.0, 1.0, 1.0, 1.0, 1.0, 1.0, 1.0, 1.0, 1.0, 1.0, 1.0, 1.0, 0.0, 0.0, 0.0, 0.0, 0.0, 0.0, 0.0, 0.0, 1.0, 1.0, 0.0, 0.0, 1.0, 1.0, 1.0, 1.0, 1.0, 1.0, 1.0, 1.0, 1.0, 1.0, 1.0, 1.0, 1.0, 1.0, 1.0, 1.0, 1.0, 1.0, 1.0, 1.0, 1.0, 1.0, 0.0, 0.0, 0.0, 0.0, 0.0, 0.0, 0.0, 0.0, 0.0, 0.0, 0.0, 0.0, 0.0, 0.0]",NGS-nonramp,False
464,ENTm5,-0.443299947428981,36.17294169450361,48.23058892600481,5.133733245174348,1.5,7,False,,,,,,,29,23,7.357357357357358,47.0,-29.0,-0.443299947428981,-0.20009076298878103,0.1435776174576617,0.12427230333005444,-3510.0,2699.8046261954737,4262.25526892434,782.0,1290.0,0.03835681893955863,1.8800544380412785,0.8430617503575741,2.4804068296704043,OF1,NG,97.61904761904762,89.1304347826087,96.0,97.05882352941177,"[0.0, 0.0, 0.0, 0.0, 0.0, 0.0, 0.0, 0.0, 0.0, 0.0, 0.0, 0.0, 0.0, 0.0, 0.0, 0.0, 0.0, 1.0, 1.0, 1.0, 1.0, 1.0, 1.0, 1.0, 1.0, 1.0, 1.0, 1.0, 1.0, 1.0, 1.0, 1.0, 1.0, 1.0, 1.0, 1.0, 1.0, 1.0, 1.0, 1.0, 1.0, 1.0, 1.0, 1.0, 1.0, 1.0, 1.0, 1.0, 1.0, 1.0, 1.0, 1.0, 1.0, 1.0, 1.0, 1.0, 1.0, 1.0, 1.0, 1.0, 1.0, 1.0, 1.0, 1.0, 1.0, 1.0, 1.0, 1.0, 1.0, 0.0, 0.0, 1.0, 1.0, 1.0, 1.0, 1.0, 1.0, 1.0, 1.0, 1.0, 1.0, 1.0, 1.0, 1.0, 1.0, 1.0, 1.0, 1.0, 1.0, 1.0, 1.0, 1.0, 1.0, 1.0, 1.0, 0.0, 0.0, 0.0, 0.0, 0.0, 0.0, 0.0, 0.0, 0.0, 0.0, 0.0, 0.0, 0.0, 0.0, 0.0, 0.0, 0.0, 0.0, 0.0, 0.0, 0.0, 0.0, 0.0, 0.0, 0.0, 0.0, 0.0, 0.0, 0.0, 0.0, 0.0, 0.0, 1.0, 1.0, 0.0, 0.0, 0.0, 0.0, 0.0, 0.0, 0.0, 0.0, 1.0, 1.0, 1.0, 1.0, 1.0, 1.0, 1.0, 1.0, 1.0, 1.0]",NGS-ramp,False
466,ENTm5,-0.24448192067824448,22.171512912623594,29.562017216831457,16.62203449429083,1.5,7,False,,,,,,,29,23,7.357357357357358,47.0,-31.0,-0.24448192067824448,-0.5105863054214167,0.03335072961366524,0.025278927445343255,-3510.0,2684.833710467771,4261.321629661009,782.0,1305.0,0.023566722850776215,2.240945360050924,3.696309275036123,0.7637616337694793,OF1,NG,100.0,100.0,94.5945945945946,88.0,"[0.0, 0.0, 0.0, 0.0, 0.0, 0.0, 0.0, 0.0, 0.0, 1.0, 1.0, 1.0, 1.0, 1.0, 1.0, 1.0, 1.0, 1.0, 1.0, 1.0, 1.0, 1.0, 1.0, 0.0, 0.0, 0.0, 0.0, 0.0, 0.0, 0.0, 0.0, 0.0, 0.0, 0.0, 0.0, 0.0, 0.0, 0.0, 0.0, 0.0, 0.0, 1.0, 1.0, 1.0, 1.0, 1.0, 1.0, 1.0, 1.0, 1.0, 1.0, 1.0, 1.0, 1.0, 1.0, 1.0, 1.0, 1.0, 1.0, 0.0, 0.0, 0.0, 0.0, 0.0, 0.0, 0.0, 0.0, 0.0, 0.0, 0.0, 0.0, 0.0, 0.0, 0.0, 0.0, 0.0, 0.0, 0.0, 0.0, 0.0, 0.0, 1.0, 1.0, 1.0, 1.0, 1.0, 1.0, 1.0, 1.0, 1.0, 1.0, 1.0, 1.0, 1.0, 1.0, 0.0, 0.0, 0.0, 0.0, 0.0, 0.0, 0.0, 0.0, 0.0, 0.0, 1.0, 1.0, 1.0, 1.0, 0.0, 0.0, 0.0, 0.0, 1.0, 1.0, 1.0, 1.0, 0.0, 0.0, 0.0, 0.0, 0.0, 0.0, 0.0, 0.0, 0.0, 0.0, 0.0, 0.0, 1.0, 1.0, 1.0, 1.0, 1.0, 1.0, 0.0, 0.0, 0.0, 0.0, 0.0, 0.0, 0.0, 0.0, 0.0, 0.0, 0.0, 0.0]",NGS-nonramp,False
467,ENTm5,-0.43980955081753026,51.262282829483645,68.34971043931152,18.27550806575181,1.5,7,False,,,,,,,29,23,7.357357357357358,22.0,-36.0,-0.43980955081753026,-0.18184577032982527,0.06018063495989253,0.054914985853805866,-3510.0,2684.833710467771,4261.321629661009,750.0,1305.0,0.01571820492244345,1.309703442142627,3.1298250949539588,0.6016571237449367,OF1,NG,100.0,100.0,95.83333333333333,90.9090909090909,"[1.0, 1.0, 1.0, 1.0, 1.0, 1.0, 1.0, 1.0, 1.0, 0.0, 0.0, 0.0, 0.0, 0.0, 0.0, 0.0, 0.0, 0.0, 0.0, 0.0, 0.0, 0.0, 0.0, 0.0, 0.0, 0.0, 0.0, 1.0, 1.0, 0.0, 0.0, 0.0, 0.0, 0.0, 0.0, 0.0, 0.0, 1.0, 1.0, 1.0, 1.0, 1.0, 1.0, 1.0, 1.0, 1.0, 1.0, 0.0, 0.0, 0.0, 0.0, 0.0, 0.0, 0.0, 0.0, 0.0, 0.0, 0.0, 0.0, 0.0, 0.0, 1.0, 1.0, 1.0, 1.0, 1.0, 1.0, 0.0, 0.0, 0.0, 0.0, 0.0, 0.0, 0.0, 0.0, 0.0, 0.0, 0.0, 0.0, 0.0, 0.0, 0.0, 0.0, 0.0, 0.0, 0.0, 0.0, 0.0, 0.0, 0.0, 0.0, 0.0, 0.0, 0.0, 0.0, 0.0, 0.0, 0.0, 0.0, 1.0, 1.0, 0.0, 0.0, 0.0, 0.0, 0.0, 0.0, 0.0, 0.0, 0.0, 0.0, 0.0, 0.0, 0.0, 0.0, 0.0, 0.0, 0.0, 0.0, 1.0, 1.0, 1.0, 1.0, 0.0, 0.0, 0.0, 0.0, 0.0, 0.0, 0.0, 0.0, 0.0, 0.0, 0.0, 0.0, 0.0, 0.0, 0.0, 0.0, 0.0, 0.0, 0.0, 0.0, 0.0, 0.0, 0.0, 0.0]",NGS-nonramp,False
469,ENTm5,-0.5219343198392684,65.12070361855835,86.82760482474447,28.780804351979185,1.5,7,False,,,,,,,29,23,7.357357357357358,15.0,-27.0,-0.5219343198392684,-0.2988813766561416,0.10835644715492894,0.08284964668201775,-3510.0,2684.833710467771,4261.321629661009,782.0,1305.0,-0.00016941484433583817,7.797648313607507,11.157239152706513,5.0771963844866335,OF1,NG,98.36065573770492,100.0,83.33333333333333,40.0,"[1.0, 1.0, 1.0, 1.0, 1.0, 1.0, 1.0, 1.0, 1.0, 1.0, 1.0, 1.0, 1.0, 1.0, 1.0, 1.0, 1.0, 1.0, 1.0, 1.0, 1.0, 1.0, 1.0, 1.0, 1.0, 1.0, 1.0, 1.0, 1.0, 1.0, 1.0, 1.0, 1.0, 1.0, 1.0, 1.0, 1.0, 1.0, 1.0, 1.0, 1.0, 1.0, 1.0, 1.0, 1.0, 1.0, 1.0, 1.0, 1.0, 1.0, 1.0, 1.0, 1.0, 1.0, 1.0, 1.0, 1.0, 1.0, 1.0, 1.0, 1.0, 1.0, 1.0, 1.0, 1.0, 1.0, 1.0, 1.0, 1.0, 1.0, 1.0, 1.0, 1.0, 1.0, 1.0, 1.0, 1.0, 1.0, 1.0, 1.0, 1.0, 1.0, 1.0, 1.0, 1.0, 1.0, 1.0, 1.0, 1.0, 1.0, 1.0, 1.0, 1.0, 1.0, 1.0, 1.0, 1.0, 1.0, 1.0, 1.0, 1.0, 1.0, 1.0, 0.0, 0.0, 1.0, 1.0, 1.0, 1.0, 1.0, 1.0, 1.0, 1.0, 1.0, 1.0, 1.0, 1.0, 1.0, 1.0, 1.0, 1.0, 1.0, 1.0, 1.0, 1.0, 1.0, 1.0, 1.0, 1.0, 1.0, 1.0, 1.0, 1.0, 0.0, 0.0, 0.0, 0.0, 0.0, 0.0, 0.0, 0.0, 0.0, 0.0, 0.0, 0.0, 0.0, 0.0]",NGS-ramp,False
472,ENTm5,-0.28024767459118793,35.19450440096917,46.9260058679589,18.353247489306693,1.5,7,False,,,,,,,29,23,7.357357357357358,15.0,-49.0,-0.28024767459118793,0.018627036181857043,0.0920843294385282,0.07228569856512304,-3510.0,2684.833710467771,4261.321629661009,782.0,1305.0,0.026283640333638843,1.5610092923825274,3.4697156030032574,0.9975662155356464,OF1,NG,93.75,90.19607843137256,100.0,96.55172413793103,"[1.0, 1.0, 1.0, 1.0, 1.0, 1.0, 1.0, 1.0, 1.0, 1.0, 1.0, 1.0, 1.0, 1.0, 1.0, 1.0, 1.0, 1.0, 1.0, 1.0, 1.0, 1.0, 1.0, 1.0, 1.0, 1.0, 1.0, 1.0, 1.0, 1.0, 1.0, 1.0, 1.0, 0.0, 0.0, 0.0, 0.0, 0.0, 0.0, 0.0, 0.0, 0.0, 0.0, 0.0, 0.0, 0.0, 0.0, 1.0, 1.0, 0.0, 0.0, 0.0, 0.0, 0.0, 0.0, 0.0, 0.0, 1.0, 1.0, 0.0, 0.0, 1.0, 1.0, 0.0, 0.0, 0.0, 0.0, 1.0, 1.0, 1.0, 1.0, 0.0, 0.0, 0.0, 0.0, 1.0, 1.0, 1.0, 1.0, 1.0, 1.0, 1.0, 1.0, 1.0, 1.0, 1.0, 1.0, 1.0, 1.0, 1.0, 1.0, 0.0, 0.0, 0.0, 0.0, 1.0, 1.0, 1.0, 1.0, 1.0, 1.0, 1.0, 1.0, 1.0, 1.0, 1.0, 1.0, 1.0, 1.0, 0.0, 0.0, 0.0, 0.0, 0.0, 0.0, 0.0, 0.0, 0.0, 0.0, 0.0, 0.0, 0.0, 0.0, 0.0, 0.0, 0.0, 0.0, 0.0, 0.0, 0.0, 0.0, 0.0, 0.0, 0.0, 0.0, 0.0, 0.0, 1.0, 1.0, 1.0, 1.0, 1.0, 1.0, 1.0, 1.0, 1.0, 1.0]",NGS-nonramp,False
400,ENTm5,-0.6278908303293331,31.573998862810647,42.0986651504142,56.89124349989569,1.5,7,False,,,,,,,29,23,7.357357357357358,-4.0,-44.0,-0.6278908303293331,-0.4388531723892678,0.031316343732346326,0.033144503583559276,-3510.0,2969.281109294116,4279.060775664312,782.0,1020.0,0.08710065891524058,7.218974400865584,4.393584655519611,7.785173007076107,,Other,96.92307692307692,92.5,100.0,,"[1.0, 1.0, 1.0, 1.0, 1.0, 1.0, 1.0, 1.0, 1.0, 1.0, 1.0, 1.0, 1.0, 1.0, 1.0, 1.0, 1.0, 1.0, 1.0, 1.0, 1.0, 1.0, 1.0, 1.0, 1.0, 1.0, 1.0, 1.0, 1.0, 1.0, 1.0, 1.0, 1.0, 1.0, 1.0, 1.0, 1.0, 1.0, 1.0, 1.0, 1.0, 1.0, 1.0, 1.0, 1.0, 1.0, 1.0, 1.0, 1.0, 1.0, 1.0, 1.0, 1.0, 1.0, 1.0, 1.0, 1.0, 1.0, 1.0, 1.0, 1.0, 1.0, 1.0, 1.0, 1.0, 1.0, 1.0, 1.0, 1.0, 1.0, 1.0, 1.0, 1.0, 1.0, 1.0, 1.0, 1.0, 1.0, 1.0, 1.0, 1.0, 1.0, 1.0, 1.0, 1.0, 1.0, 1.0, 1.0, 1.0, 1.0, 1.0, 1.0, 1.0, 1.0, 1.0, 1.0, 1.0, 1.0, 1.0, 1.0, 1.0, 1.0, 1.0, 1.0, 1.0, 1.0, 1.0, 1.0, 1.0, 1.0, 1.0, 1.0, 1.0, 1.0, 1.0, 1.0, 1.0, 1.0, 1.0, 1.0, 1.0, 1.0, 1.0, 1.0, 1.0, 1.0, 1.0, 1.0, 1.0, 1.0, 1.0, 1.0, 1.0, 0.0, 0.0, 1.0, 1.0, 1.0, 1.0, 1.0, 1.0, 1.0, 1.0, 1.0, 1.0, 1.0, 1.0]",NS,False
403,ENTm5,-0.33680861605262635,30.07286243809355,40.09714991745807,43.879048391645476,1.5,7,False,,,,,,,29,23,7.357357357357358,-1.0,17.0,-0.33680861605262635,-0.5489160540014655,0.03845721105361751,0.041330776038475264,-3510.0,2954.310193566413,4278.12713640098,782.0,1035.0,0.04411863353872381,2.577792300068895,3.4472228487941123,1.5067406380486326,,Other,100.0,100.0,92.5925925925926,81.81818181818181,"[1.0, 1.0, 1.0, 1.0, 1.0, 1.0, 1.0, 1.0, 1.0, 1.0, 1.0, 1.0, 1.0, 1.0, 1.0, 1.0, 1.0, 1.0, 1.0, 0.0, 0.0, 1.0, 1.0, 1.0, 1.0, 1.0, 1.0, 1.0, 1.0, 1.0, 1.0, 1.0, 1.0, 1.0, 1.0, 1.0, 1.0, 1.0, 1.0, 1.0, 1.0, 1.0, 1.0, 1.0, 1.0, 1.0, 1.0, 1.0, 1.0, 1.0, 1.0, 1.0, 1.0, 0.0, 0.0, 1.0, 1.0, 1.0, 1.0, 1.0, 1.0, 1.0, 1.0, 1.0, 1.0, 1.0, 1.0, 0.0, 0.0, 0.0, 0.0, 0.0, 0.0, 1.0, 1.0, 1.0, 1.0, 1.0, 1.0, 1.0, 1.0, 1.0, 1.0, 1.0, 1.0, 1.0, 1.0, 1.0, 1.0, 1.0, 1.0, 0.0, 0.0, 0.0, 0.0, 0.0, 0.0, 0.0, 0.0, 0.0, 0.0, 0.0, 0.0, 0.0, 0.0, 0.0, 0.0, 1.0, 1.0, 1.0, 1.0, 1.0, 1.0, 0.0, 0.0, 0.0, 0.0, 0.0, 0.0, 0.0, 0.0, 0.0, 0.0, 0.0, 0.0, 0.0, 0.0, 0.0, 0.0, 0.0, 0.0, 0.0, 0.0, 0.0, 0.0, 0.0, 0.0, 0.0, 0.0, 0.0, 0.0, 0.0, 0.0, 0.0, 0.0, 0.0, 0.0]",NS,False
404,ENTm5,-0.572537661354459,57.91718205265177,77.2229094035357,59.7581354371467,1.5,7,False,,,,,,,29,23,7.357357357357358,8.0,40.0,-0.572537661354459,-0.5000911400880383,0.0268342630815849,0.024915567773633185,-3510.0,2969.281109294116,4279.060775664312,782.0,1020.0,0.08758098566391165,16.43961030253803,21.139023631742532,10.267658099695543,,Other,97.01492537313433,92.5,,,"[1.0, 1.0, 1.0, 1.0, 1.0, 1.0, 1.0, 1.0, 1.0, 1.0, 1.0, 1.0, 1.0, 1.0, 1.0, 1.0, 1.0, 1.0, 1.0, 1.0, 1.0, 1.0, 1.0, 1.0, 1.0, 1.0, 1.0, 1.0, 1.0, 1.0, 1.0, 1.0, 1.0, 1.0, 1.0, 1.0, 1.0, 1.0, 1.0, 1.0, 1.0, 1.0, 1.0, 1.0, 1.0, 1.0, 1.0, 1.0, 1.0, 1.0, 1.0, 1.0, 1.0, 1.0, 1.0, 1.0, 1.0, 1.0, 1.0, 1.0, 1.0, 1.0, 1.0, 1.0, 1.0, 1.0, 1.0, 1.0, 1.0, 1.0, 1.0, 1.0, 1.0, 1.0, 1.0, 1.0, 1.0, 1.0, 1.0, 1.0, 1.0, 1.0, 1.0, 1.0, 1.0, 1.0, 1.0, 1.0, 1.0, 1.0, 1.0, 1.0, 1.0, 1.0, 1.0, 1.0, 1.0, 1.0, 1.0, 1.0, 1.0, 1.0, 1.0, 1.0, 1.0, 1.0, 1.0, 1.0, 1.0, 1.0, 1.0, 1.0, 1.0, 1.0, 1.0, 1.0, 1.0, 1.0, 1.0, 1.0, 1.0, 1.0, 1.0, 1.0, 1.0, 1.0, 1.0, 1.0, 1.0, 1.0, 1.0, 1.0, 1.0, 1.0, 1.0, 1.0, 1.0, 1.0, 1.0, 1.0, 1.0, 1.0, 1.0, 1.0, 1.0, 1.0, 1.0]",NS,False
405,ENTm5,-0.13821389988062072,60.015039571140136,80.02005276152018,54.568194335213526,1.5,7,False,,,,,,,29,23,7.357357357357358,6.0,-2.0,-0.13821389988062072,0.24120585325968888,0.047235569320252725,0.03803370336682872,-3510.0,2954.310193566413,4278.12713640098,782.0,1035.0,0.07716780083306218,11.631045096337765,19.93941007392148,3.4795317424178247,,Other,97.14285714285714,100.0,96.875,83.33333333333333,"[1.0, 1.0, 1.0, 1.0, 1.0, 1.0, 1.0, 1.0, 1.0, 1.0, 1.0, 1.0, 1.0, 1.0, 1.0, 1.0, 1.0, 1.0, 1.0, 1.0, 1.0, 1.0, 1.0, 1.0, 1.0, 1.0, 1.0, 0.0, 0.0, 1.0, 1.0, 1.0, 1.0, 1.0, 1.0, 1.0, 1.0, 1.0, 1.0, 1.0, 1.0, 1.0, 1.0, 1.0, 1.0, 1.0, 1.0, 1.0, 1.0, 1.0, 1.0, 1.0, 1.0, 1.0, 1.0, 1.0, 1.0, 1.0, 1.0, 1.0, 1.0, 1.0, 1.0, 1.0, 1.0, 1.0, 1.0, 1.0, 1.0, 1.0, 1.0, 1.0, 1.0, 1.0, 1.0, 0.0, 0.0, 1.0, 1.0, 0.0, 0.0, 0.0, 0.0, 1.0, 1.0, 0.0, 0.0, 0.0, 0.0, 0.0, 0.0, 0.0, 0.0, 0.0, 0.0, 1.0, 1.0, 0.0, 0.0, 0.0, 0.0, 0.0, 0.0, 0.0, 0.0, 0.0, 0.0, 0.0, 0.0, 0.0, 0.0, 0.0, 0.0, 0.0, 0.0, 0.0, 0.0, 0.0, 0.0, 0.0, 0.0, 0.0, 0.0, 0.0, 0.0, 0.0, 0.0, 0.0, 0.0, 0.0, 0.0, 0.0, 0.0, 0.0, 0.0, 0.0, 0.0, 0.0, 0.0, 0.0, 0.0, 0.0, 0.0, 0.0, 0.0, 0.0, 0.0]",NS,False
408,ENTm5,-0.25239299804217447,28.052872385036594,37.40382984671546,47.08494934365015,1.5,7,False,,,,,,,29,23,7.357357357357358,21.0,17.0,-0.25239299804217447,-0.45272790271576135,0.04415605877563392,0.04967775641309914,-3510.0,2954.310193566413,4278.12713640098,782.0,1035.0,0.0300042932845846,1.6340660068956907,1.7619324130496732,1.323853498533764,,Other,100.0,100.0,96.72131147540983,92.10526315789474,"[0.0, 0.0, 0.0, 0.0, 0.0, 0.0, 0.0, 0.0, 0.0, 0.0, 0.0, 0.0, 0.0, 0.0, 0.0, 0.0, 0.0, 0.0, 0.0, 0.0, 0.0, 0.0, 0.0, 1.0, 1.0, 0.0, 0.0, 0.0, 0.0, 0.0, 0.0, 0.0, 0.0, 0.0, 0.0, 0.0, 0.0, 0.0, 0.0, 0.0, 0.0, 0.0, 0.0, 0.0, 0.0, 0.0, 0.0, 0.0, 0.0, 0.0, 0.0, 0.0, 0.0, 0.0, 0.0, 0.0, 0.0, 0.0, 0.0, 0.0, 0.0, 0.0, 0.0, 0.0, 0.0, 1.0, 1.0, 0.0, 0.0, 0.0, 0.0, 1.0, 1.0, 1.0, 1.0, 1.0, 1.0, 0.0, 0.0, 0.0, 0.0, 0.0, 0.0, 0.0, 0.0, 0.0, 0.0, 0.0, 0.0, 0.0, 0.0, 0.0, 0.0, 0.0, 0.0, 0.0, 0.0, 0.0, 0.0, 0.0, 0.0, 0.0, 0.0, 0.0, 0.0, 0.0, 0.0, 0.0, 0.0, 0.0, 0.0, 0.0, 0.0, 0.0, 0.0, 0.0, 0.0, 0.0, 0.0, 0.0, 0.0, 0.0, 0.0, 0.0, 0.0, 0.0, 0.0, 0.0, 0.0, 0.0, 0.0, 0.0, 0.0, 0.0, 0.0, 0.0, 0.0, 0.0, 0.0, 0.0, 0.0, 0.0, 0.0, 0.0, 0.0, 0.0, 0.0]",NS,False
409,ENTm5,-0.3812313012172699,32.820812018744114,43.76108269165882,5.203811164027914,1.5,7,False,,,,,,,29,23,7.357357357357358,1.0,40.0,-0.3812313012172699,-0.011166609733896592,0.037186132329040736,0.03224748616061786,-3510.0,2939.3392778387115,4277.193497137649,782.0,1050.0,0.054871477350265783,4.141344705931311,5.493230416855577,2.959966005159676,,Other,100.0,100.0,96.82539682539682,91.42857142857143,"[0.0, 0.0, 0.0, 0.0, 0.0, 0.0, 0.0, 0.0, 0.0, 0.0, 0.0, 0.0, 0.0, 0.0, 0.0, 0.0, 0.0, 0.0, 0.0, 0.0, 0.0, 0.0, 0.0, 0.0, 0.0, 0.0, 0.0, 0.0, 0.0, 0.0, 0.0, 0.0, 0.0, 0.0, 0.0, 0.0, 0.0, 0.0, 0.0, 0.0, 0.0, 0.0, 0.0, 0.0, 0.0, 0.0, 0.0, 0.0, 0.0, 0.0, 0.0, 0.0, 0.0, 0.0, 0.0, 0.0, 0.0, 0.0, 0.0, 0.0, 0.0, 0.0, 0.0, 0.0, 0.0, 0.0, 0.0, 0.0, 0.0, 0.0, 0.0, 0.0, 0.0, 0.0, 0.0, 0.0, 0.0, 1.0, 1.0, 0.0, 0.0, 0.0, 0.0, 0.0, 0.0, 0.0, 0.0, 0.0, 0.0, 0.0, 0.0, 0.0, 0.0, 0.0, 0.0, 0.0, 0.0, 0.0, 0.0, 0.0, 0.0, 0.0, 0.0, 0.0, 0.0, 1.0, 1.0, 1.0, 1.0, 1.0, 1.0, 1.0, 1.0, 1.0, 1.0, 1.0, 1.0, 0.0, 0.0, 0.0, 0.0, 0.0, 0.0, 0.0, 0.0, 0.0, 0.0, 0.0, 0.0, 0.0, 0.0, 0.0, 0.0, 0.0, 0.0, 0.0, 0.0, 0.0, 0.0, 0.0, 0.0, 0.0, 0.0, 0.0, 0.0, 0.0, 0.0]",NS,False
411,ENTm5,0.9038245426644558,25.59690435954743,34.129205812729914,51.143592383522765,1.5,7,True,"[-7.10690624e-02 -7.71563185e-02 -4.17404738e-03  1.93432988e-01
 -4.71280484e-01  2.30832054e-01 -2.53609157e-01  1.78902464e-01
 -1.56112809e-01 -6.51246867e-01 -7.29959823e-02 -3.83420601e-01
 -4.10555459e-01 -8.97880280e-01 -4.84749383e-02 -4.63852041e-01
  2.19722031e-01 -4.17633862e-01 -4.08032115e-01 -1.75779126e-01
  4.41785361e-01 -4.75033128e-01  2.94951781e-01 -1.12847465e-01
 -1.50821670e-02 -2.58550087e-01  1.96240328e-01 -1.57780411e-01
 -4.36524198e-01 -3.19283829e-01  5.56115250e-01 -8.92298440e-02
 -2.66609170e-01 -4.18351938e-02  2.49140075e-01  5.58068794e-01
 -7.99687228e-01  5.99311543e-01 -3.33896312e-01 -3.20168768e-01
 -3.41432298e-01 -2.48762407e-01  1.29729460e-01 -6.27056866e-01
 -8.01162143e-01 -2.38120586e-01 -7.93348116e-01 -3.68779138e-01
 -3.30337337e-01 -2.15967487e-01 -6.94640731e-02 -3.87224819e-01
 -4.73143685e-02  8.08622248e-01 -1.64357765e-01 -3.87570792e-01
  2.85948497e-01 -1.43735329e-01 -1.61280605e-01 -7.52179114e-01
  5.70614039e-02 -1.36244757e-01 -3.53347921e-01 -3.12789108e-01
 -4.77678101e-01 -6.47476282e-01 -2.09108356e-01 -9.67624600e-01
  9.27498779e-02 -1.55868917e-01  3.16735195e-01 -1.77753860e-01
  2.75023378e-01 -2.45987014e-01 -2.52063695e-01 -1.80465363e-02
  7.49738641e-02 -8.06884517e-02  2.02677850e-02  1.08299368e-02
 -2.29484388e-01 -3.76448455e-01 -4.71275082e-01  4.63160924e-01
 -2.43031758e-01 -2.78199788e-01 -1.72606613e-01 -2.28908961e-01
 -4.27618272e-01  7.79415078e-02 -1.39823247e-01 -2.02285532e-01
 -2.99557675e-01 -6.36494680e-01 -6.13843710e-01  6.57969731e-02
 -4.10189940e-01  4.59978006e-01 -4.66922622e-01 -3.36019631e-01
 -6.58544419e-01 -3.29675864e-01  3.73288647e-01 -3.22665497e-01
 -3.83391186e-01 -6.36085059e-02 -5.87937945e-01 -1.16124634e-01
  3.95947175e-01 -6.16067199e-01  1.93719018e-01  3.46875022e-02
  1.80771268e-01 -7.24834744e-01  4.00587693e-04 -4.94599193e-01
  1.38380653e-02 -3.04643461e-01 -3.10876351e-01 -2.92026699e-01
 -1.72677165e-01 -3.84362936e-01  4.66483387e-01 -2.69719082e-01
 -2.92049605e-01  6.74993513e-02  1.80332697e-01 -3.63359645e-01
 -1.90031343e-01 -2.58834190e-01  5.13730494e-02 -2.38633010e-01
  8.26148209e-02  6.61639383e-02 -8.02691704e-01 -1.13414785e-01
 -2.09321248e-01  2.29408614e-01 -3.28683548e-01 -1.23613815e-01
  8.00672309e-01 -3.04130239e-01 -5.09902396e-01  1.55434187e-04
 -1.98373757e-01 -7.65936404e-02 -9.93117029e-02  1.40992609e-01
 -5.99966217e-01 -3.70109349e-02 -3.59537539e-01 -1.38162346e-01
  2.13149487e-02 -3.21197861e-01 -4.97329233e-01 -8.83857353e-02
 -1.75320166e-01 -1.49843044e-01 -1.21590612e-01  6.99372513e-02
 -4.75075034e-01 -5.20967999e-01 -2.15957885e-01 -4.77371659e-01
  1.60633745e-01  3.77589331e-01 -2.64936210e-01 -3.35306536e-01
 -2.43265214e-01 -8.07019052e-01  4.38136684e-01  2.40380005e-01
 -6.38732585e-01 -6.10162404e-01  2.09454596e-01 -2.56575139e-01
 -9.68839400e-02  1.98877864e-03  1.54196374e-01 -5.17527102e-01
 -4.22767468e-01 -1.84485078e-01 -6.24093480e-01 -6.21034781e-01
 -1.74133217e-01 -1.87566942e-02  2.51663828e-02  4.52165517e-02
 -3.97643815e-01 -6.24280918e-01  6.70402155e-01 -4.82547874e-01
 -4.68610768e-01 -1.84869578e-01 -1.91588561e-03 -2.73951995e-01
 -1.91342547e-01 -2.43850449e-01 -2.28343685e-01  1.99419073e-01]","[26.26262727 30.86873798 37.01705445 37.02508621 23.61615466 26.14769529
 33.44297862 44.6639458  36.94972071 31.53484384 31.68200237 35.8611535
 26.96409637 29.29305042 28.56356176 31.99397028 25.45543176 32.77256758
 36.15316755 39.15745294 28.49284811 39.64541345 26.94656836 32.25646741
 41.98279804 42.42219108 43.64352798 25.33513452 27.82543962 29.81923817
 31.17886514 53.37535707 36.95775392 32.23208446 29.78495672 27.14948046
 31.60946118 21.66637599 28.17990357 37.43881131 29.80624288 37.08796622
 33.31081934 23.07848374 29.17476923 27.08530365 21.74738285 30.69351792
 29.45051869 29.7117985  27.35473736 27.32176618 27.37887555 26.81114946
 35.06217335 35.77926091 38.20306059 26.60124289 28.44660972 32.36600376
 27.94285059 21.51910009 33.6363673  32.87414791 31.28552086 31.91967227
 34.27125594 21.77674278 33.12041891 30.98697997 33.66325591 27.09047517
 30.1766813  33.71217675 32.1267562  26.13977088 35.20668042 29.83758585
 23.22810765 38.84404523 37.71281526 24.20527806 26.9469545  29.22673931
 40.55466491 33.95173631 25.23038895 30.49305668 29.97427555 41.17569106
 42.21092901 21.93749739 38.31643672 26.29315827 31.15164837 27.86466041
 28.16005554 28.61359459 40.85131163 38.97109228 31.45060609 24.11087817
 39.32563898 36.14649621 39.30016595 30.08863461 40.2124147  31.67865549
 24.37258347 32.99598555 34.99558473 28.15548504 29.69795069 29.55941828
 29.89686639 27.77844692 36.4881169  30.13884897 31.53228232 30.36440611
 24.90196923 32.31634423 50.24986633 32.38811767 32.08256036 34.79936218
 23.74446274 32.38190815 23.8812655  27.17300282 26.74338009 30.74095113
 25.64225246 30.48141196 27.32482532 23.78106643 33.28118456 34.32027346
 27.62628979 25.74188512 24.96886001 32.67446833 37.79997261 32.52573978
 30.8009873  29.75959324 37.02937365 27.73593475 31.47974781 46.20163373
 35.72391071 30.77477159 21.0438778  30.21079514 25.68933228 26.75495119
 49.27037676 40.22663    35.77125402 34.02709865 29.83379769 36.92236313
 28.18110157 31.68206915 27.58487124 32.68648704 23.25345148 31.35459004
 26.90953147 35.92032455 31.94366779 21.48956023 26.13705403 26.30244794
 28.33620366 35.25950616 21.0223825  45.84985164 27.75151758 30.33536606
 28.63787655 36.5031558  29.79494139 38.12279294 35.7707338  36.16878298
 40.6489511  26.69410445 21.81604048 28.84074235 35.85470463 27.96092181
 28.07625911 27.57956792 33.37775521 26.58922968 27.65156589 30.45976397
 32.41149529 35.06768933]","[35.01683636 41.1583173  49.3560726  49.36678162 31.48820622 34.86359372
 44.59063817 59.55192773 49.26629428 42.04645846 42.24266983 47.81487133
 35.95212849 39.05740056 38.08474902 42.65862704 33.94057568 43.69675677
 48.2042234  52.20993725 37.99046414 52.86055126 35.92875781 43.00862322
 55.97706406 56.56292144 58.19137064 33.78017936 37.10058617 39.75898422
 41.57182019 71.16714277 49.27700523 42.97611261 39.71327563 36.19930728
 42.14594823 28.88850132 37.57320476 49.91841509 39.74165718 49.45062163
 44.41442579 30.77131165 38.8996923  36.1137382  28.99651047 40.92469056
 39.26735825 39.61573133 36.47298314 36.42902157 36.50516739 35.74819929
 46.74956447 47.70568121 50.93741413 35.46832385 37.92881296 43.15467168
 37.25713412 28.69213345 44.84848973 43.83219721 41.71402781 42.55956302
 45.69500792 29.03565703 44.16055855 41.3159733  44.88434122 36.12063355
 40.23557507 44.949569   42.83567493 34.85302784 46.94224056 39.78344779
 30.9708102  51.7920603  50.28375368 32.27370408 35.92927266 38.96898575
 54.07288655 45.26898175 33.6405186  40.6574089  39.96570074 54.90092141
 56.28123868 29.24999653 51.0885823  35.05754436 41.53553116 37.15288054
 37.54674072 38.15145946 54.46841551 51.96145637 41.93414145 32.14783756
 52.4341853  48.19532828 52.40022126 40.11817947 53.61655293 42.23820732
 32.49677795 43.9946474  46.66077963 37.54064672 39.59726758 39.4125577
 39.86248851 37.03792923 48.65082254 40.18513196 42.04304309 40.48587482
 33.20262564 43.08845898 66.99982177 43.1841569  42.77674714 46.39914957
 31.65928366 43.17587753 31.84168733 36.23067043 35.65784013 40.98793484
 34.18966995 40.64188261 36.43310043 31.70808857 44.37491275 45.76036461
 36.83505305 34.3225135  33.29181334 43.56595778 50.39996348 43.36765305
 41.06798307 39.67945765 49.3724982  36.98124633 41.97299708 61.60217831
 47.63188094 41.03302878 28.05850374 40.28106018 34.25244305 35.67326825
 65.69383568 53.63550666 47.69500536 45.36946487 39.77839692 49.2298175
 37.57480209 42.24275887 36.77982832 43.58198273 31.00460198 41.80612005
 35.87937529 47.89376607 42.59155705 28.65274698 34.84940537 35.06993058
 37.78160488 47.01267488 28.02984333 61.13313552 37.00202344 40.44715475
 38.1838354  48.67087441 39.72658852 50.83039059 47.69431173 48.22504397
 54.19860147 35.59213927 29.08805397 38.45432313 47.80627284 37.28122908
 37.43501214 36.77275722 44.50367362 35.45230625 36.86875452 40.61301862
 43.21532705 46.75691911]","[4.83397330e+01 3.43782658e+01 4.26241216e+01 1.61177231e+01
 2.71342311e+01 2.63103615e+01 1.76399152e+01 3.51621938e+01
 1.51780246e+01 2.75833480e+00 3.38402034e+01 9.76171871e+00
 3.39190404e+01 3.87330578e+01 6.08310836e+00 3.72742417e+01
 2.70815726e+01 2.03911409e+01 2.55830186e+01 3.11914731e+01
 3.61523176e+01 1.71513659e+01 2.30190161e+00 5.03617590e+01
 3.07145922e+00 1.63917514e+01 3.08013291e+00 1.01689889e+01
 1.89225317e+01 5.48526813e-02 3.71280863e+01 4.24838556e+01
 3.31904609e+01 3.05996022e+01 3.19704520e+01 1.31440637e-01
 3.27524480e+01 2.72896643e+01 1.09531034e+01 2.73897499e+01
 4.69261678e+01 5.56041973e+01 1.87366321e+01 2.81858402e+01
 7.51413907e+00 2.44775606e+01 3.56654326e+01 3.89093670e+01
 5.65160535e+01 1.04956521e+01 3.76249659e-01 5.80917086e+01
 1.48281186e+01 3.41435734e+00 3.88505588e+01 2.43821762e+01
 6.44311677e+00 2.04969474e+00 1.97072904e+01 4.49830110e+01
 5.39301095e+01 4.48389087e+01 1.93918881e+01 3.52510559e+01
 5.23866683e+01 3.91362521e+01 3.54010847e+01 1.63316737e+01
 5.10530283e+01 3.43901194e+01 2.54611687e+00 5.02789296e+01
 5.68621408e+01 4.45613172e+01 5.77650528e+01 5.19206568e+01
 4.69696268e+01 2.37699752e+01 4.94340238e+01 2.29419917e+00
 2.44836177e+01 5.34759915e+01 5.66760165e+01 3.26160346e+01
 2.46179140e+01 1.91460600e+01 5.35723349e+01 5.94666243e+01
 5.38788184e+01 2.40414530e+01 5.25121744e-01 3.43132565e+01
 9.31596032e+00 3.10916551e+01 4.28516270e+00 4.55289444e+01
 3.52215053e+01 1.27796536e+01 2.24283265e+01 5.23145707e+01
 1.71941540e+01 2.39609170e+01 4.06991620e+01 5.27851312e+01
 5.00905964e+01 3.79987699e+01 1.98767310e+01 3.36400884e+01
 3.47618464e+01 1.28473844e+01 9.23979123e+00 1.55558452e+01
 3.31219882e+01 5.99047758e+00 3.36242832e+00 1.43502751e+01
 5.47631867e+01 2.48856751e+01 4.47310879e+01 3.58035381e+01
 5.44402001e+01 1.10490045e+01 2.86533704e+01 2.21135863e+01
 1.73313002e+00 5.25377423e+00 3.27959277e+01 4.42544784e-01
 4.60886164e+01 1.10425126e+01 5.82284566e+01 3.38677082e+01
 1.99901000e+01 3.57916356e+01 1.78767080e+00 4.41546076e+01
 2.74842194e+01 4.12070463e+01 5.97940337e+01 2.83080230e+01
 5.75520523e+01 3.23225301e+00 1.72306284e+01 5.64689261e+01
 3.73096720e+01 3.91177150e+01 4.95842127e+01 1.82652860e+01
 1.12523807e+01 5.56284556e+01 1.57328087e+01 3.04668141e+01
 2.46709709e+01 5.07433435e+00 4.87420730e+01 6.93268701e+00
 4.06308412e+01 2.01625509e+01 2.11831473e+01 1.94757082e+01
 4.78356277e+01 4.04218993e+01 5.19064744e+01 4.06824738e+01
 1.77924693e+01 8.01354160e+00 3.07505527e+01 6.06629500e+00
 1.55519341e+01 9.08699433e+00 1.37368247e+01 3.28976370e+01
 1.19893528e+01 2.18617391e+01 2.45132740e+01 1.65587016e+01
 9.88808209e+00 2.56439051e+01 4.24346001e+01 4.95263622e+01
 1.14233838e+01 5.25067779e+01 4.25703996e+01 5.85566560e+01
 2.41938172e+01 3.86322508e+01 2.72734016e+01 1.22051022e+01
 5.89436640e+01 1.96694590e+01 3.16166355e+01 1.22598173e+01
 4.01868818e+01 1.02892382e+01 3.86308704e+01 5.57529329e+01
 1.20774547e+01 3.20032691e+01 1.44879895e+00 4.16707482e+01]","[1.5 1.5 1.5 1.5 1.5 1.5 1.5 1.5 1.5 1.5 1.5 1.5 1.5 1.5 1.5 1.5 1.5 1.5
 1.5 1.5 1.5 1.5 1.5 1.5 1.5 1.5 1.5 1.5 1.5 1.5 1.5 1.5 1.5 1.5 1.5 1.5
 1.5 1.5 1.5 1.5 1.5 1.5 1.5 1.5 1.5 1.5 1.5 1.5 1.5 1.5 1.5 1.5 1.5 1.5
 1.5 1.5 1.5 1.5 1.5 1.5 1.5 1.5 1.5 1.5 1.5 1.5 1.5 1.5 1.5 1.5 1.5 1.5
 1.5 1.5 1.5 1.5 1.5 1.5 1.5 1.5 1.5 1.5 1.5 1.5 1.5 1.5 1.5 1.5 1.5 1.5
 1.5 1.5 1.5 1.5 1.5 1.5 1.5 1.5 1.5 1.5 1.5 1.5 1.5 1.5 1.5 1.5 1.5 1.5
 1.5 1.5 1.5 1.5 1.5 1.5 1.5 1.5 1.5 1.5 1.5 1.5 1.5 1.5 1.5 1.5 1.5 1.5
 1.5 1.5 1.5 1.5 1.5 1.5 1.5 1.5 1.5 1.5 1.5 1.5 1.5 1.5 1.5 1.5 1.5 1.5
 1.5 1.5 1.5 1.5 1.5 1.5 1.5 1.5 1.5 1.5 1.5 1.5 1.5 1.5 1.5 1.5 1.5 1.5
 1.5 1.5 1.5 1.5 1.5 1.5 1.5 1.5 1.5 1.5 1.5 1.5 1.5 1.5 1.5 1.5 1.5 1.5
 1.5 1.5 1.5 1.5 1.5 1.5 1.5 1.5 1.5 1.5 1.5 1.5 1.5 1.5 1.5 1.5 1.5 1.5
 1.5 1.5]",,29,23,7.357357357357358,4.0,7.0,0.9038245426644558,-0.20443487598502977,0.08583921728654599,0.08524954953756292,-3510.0,2939.3392778387115,4277.193497137649,782.0,1050.0,0.07679363484531164,5.914125993548198,6.155517068569284,5.929803759327257,,Other,97.01492537313433,92.5,,,"[1.0, 1.0, 1.0, 1.0, 1.0, 1.0, 1.0, 1.0, 1.0, 1.0, 1.0, 1.0, 1.0, 1.0, 1.0, 1.0, 1.0, 1.0, 1.0, 1.0, 1.0, 1.0, 1.0, 1.0, 1.0, 1.0, 1.0, 1.0, 1.0, 1.0, 1.0, 1.0, 1.0, 1.0, 1.0, 1.0, 1.0, 1.0, 1.0, 1.0, 1.0, 1.0, 1.0, 1.0, 1.0, 1.0, 1.0, 1.0, 1.0, 1.0, 1.0, 1.0, 1.0, 1.0, 1.0, 1.0, 1.0, 1.0, 1.0, 1.0, 1.0, 1.0, 1.0, 1.0, 1.0, 1.0, 1.0, 1.0, 1.0, 1.0, 1.0, 1.0, 1.0, 1.0, 1.0, 1.0, 1.0, 1.0, 1.0, 1.0, 1.0, 1.0, 1.0, 1.0, 1.0, 1.0, 1.0, 1.0, 1.0, 1.0, 1.0, 1.0, 1.0, 1.0, 1.0, 1.0, 1.0, 1.0, 1.0, 1.0, 1.0, 1.0, 1.0, 1.0, 1.0, 1.0, 1.0, 1.0, 1.0, 1.0, 1.0, 1.0, 1.0, 1.0, 1.0, 1.0, 1.0, 1.0, 1.0, 1.0, 1.0, 1.0, 1.0, 1.0, 1.0, 1.0, 1.0, 1.0, 1.0, 1.0, 1.0, 1.0, 1.0, 1.0, 1.0, 1.0, 1.0, 1.0, 1.0, 1.0, 1.0, 1.0, 1.0, 1.0, 1.0, 1.0, 1.0]",NS,False
412,ENTm5,-0.16066774615618962,43.66526920160297,58.22035893547063,52.8473642994205,1.5,7,False,,,,,,,29,23,7.357357357357358,7.0,-38.0,-0.16066774615618962,-0.2177605464662657,0.021363643185288363,0.01823855144759397,-3510.0,2954.310193566413,4278.12713640098,782.0,1035.0,0.05685708434899971,13.483587670369335,8.168202037802386,18.58122946156319,,Other,97.01492537313433,92.5,,,"[1.0, 1.0, 1.0, 1.0, 1.0, 1.0, 1.0, 1.0, 1.0, 1.0, 1.0, 1.0, 1.0, 1.0, 1.0, 1.0, 1.0, 1.0, 1.0, 1.0, 1.0, 1.0, 1.0, 1.0, 1.0, 1.0, 1.0, 1.0, 1.0, 1.0, 1.0, 1.0, 1.0, 1.0, 1.0, 1.0, 1.0, 1.0, 1.0, 1.0, 1.0, 1.0, 1.0, 1.0, 1.0, 1.0, 1.0, 1.0, 1.0, 1.0, 1.0, 1.0, 1.0, 1.0, 1.0, 1.0, 1.0, 1.0, 1.0, 1.0, 1.0, 1.0, 1.0, 1.0, 1.0, 1.0, 1.0, 1.0, 1.0, 1.0, 1.0, 1.0, 1.0, 1.0, 1.0, 1.0, 1.0, 1.0, 1.0, 1.0, 1.0, 1.0, 1.0, 1.0, 1.0, 1.0, 1.0, 1.0, 1.0, 1.0, 1.0, 1.0, 1.0, 1.0, 1.0, 1.0, 1.0, 1.0, 1.0, 1.0, 1.0, 1.0, 1.0, 1.0, 1.0, 1.0, 1.0, 1.0, 1.0, 1.0, 1.0, 1.0, 1.0, 1.0, 1.0, 1.0, 1.0, 1.0, 1.0, 1.0, 1.0, 1.0, 1.0, 1.0, 1.0, 1.0, 1.0, 1.0, 1.0, 1.0, 1.0, 1.0, 1.0, 1.0, 1.0, 1.0, 1.0, 1.0, 1.0, 1.0, 1.0, 1.0, 1.0, 1.0, 1.0, 1.0, 1.0]",NS,False
414,ENTm5,-0.8005141446965918,47.39411058827528,63.192147451033705,16.10275031740961,1.5,7,False,,,,,,,29,23,7.357357357357358,2.0,-47.0,-0.8005141446965918,-0.5573745407613153,0.05599768120169329,0.05459396030255186,-3510.0,2909.3974463833065,4275.326218610985,782.0,1080.0,0.023956951588268938,2.2527361589122257,3.3597510268696604,1.5093384667349232,,Other,100.0,100.0,95.23809523809524,88.46153846153847,"[1.0, 1.0, 1.0, 1.0, 1.0, 1.0, 1.0, 1.0, 1.0, 1.0, 1.0, 1.0, 1.0, 1.0, 1.0, 1.0, 1.0, 1.0, 1.0, 0.0, 0.0, 0.0, 0.0, 0.0, 0.0, 0.0, 0.0, 0.0, 0.0, 0.0, 0.0, 0.0, 0.0, 0.0, 0.0, 0.0, 0.0, 0.0, 0.0, 0.0, 0.0, 1.0, 1.0, 1.0, 1.0, 1.0, 1.0, 1.0, 1.0, 0.0, 0.0, 0.0, 0.0, 0.0, 0.0, 0.0, 0.0, 0.0, 0.0, 0.0, 0.0, 0.0, 0.0, 0.0, 0.0, 0.0, 0.0, 0.0, 0.0, 1.0, 1.0, 0.0, 0.0, 1.0, 1.0, 0.0, 0.0, 1.0, 1.0, 1.0, 1.0, 1.0, 1.0, 1.0, 1.0, 1.0, 1.0, 0.0, 0.0, 0.0, 0.0, 0.0, 0.0, 0.0, 0.0, 0.0, 0.0, 0.0, 0.0, 0.0, 0.0, 0.0, 0.0, 0.0, 0.0, 1.0, 1.0, 1.0, 1.0, 0.0, 0.0, 0.0, 0.0, 0.0, 0.0, 0.0, 0.0, 1.0, 1.0, 1.0, 1.0, 1.0, 1.0, 1.0, 1.0, 0.0, 0.0, 0.0, 0.0, 0.0, 0.0, 0.0, 0.0, 0.0, 0.0, 0.0, 0.0, 0.0, 0.0, 0.0, 0.0, 0.0, 0.0, 0.0, 0.0, 0.0, 0.0]",NS,False
416,ENTm5,0.3310206941408679,28.859505850270494,38.47934113369399,50.26274766088485,1.5,7,False,,,,,,,29,23,7.357357357357358,6.0,46.0,0.3310206941408679,-0.20350021668509286,0.021819064003331314,0.020186369015942934,-3510.0,2924.368362111009,4276.259857874316,750.0,1065.0,0.039326438632836816,11.810681384871712,15.630798045414194,9.512729083459453,,Other,97.01492537313433,92.5,,,"[1.0, 1.0, 1.0, 1.0, 1.0, 1.0, 1.0, 1.0, 1.0, 1.0, 1.0, 1.0, 1.0, 1.0, 1.0, 1.0, 1.0, 1.0, 1.0, 1.0, 1.0, 1.0, 1.0, 1.0, 1.0, 1.0, 1.0, 1.0, 1.0, 1.0, 1.0, 1.0, 1.0, 1.0, 1.0, 1.0, 1.0, 1.0, 1.0, 1.0, 1.0, 1.0, 1.0, 1.0, 1.0, 1.0, 1.0, 1.0, 1.0, 1.0, 1.0, 1.0, 1.0, 1.0, 1.0, 1.0, 1.0, 1.0, 1.0, 1.0, 1.0, 1.0, 1.0, 1.0, 1.0, 1.0, 1.0, 1.0, 1.0, 1.0, 1.0, 1.0, 1.0, 1.0, 1.0, 1.0, 1.0, 1.0, 1.0, 1.0, 1.0, 1.0, 1.0, 1.0, 1.0, 1.0, 1.0, 1.0, 1.0, 1.0, 1.0, 1.0, 1.0, 1.0, 1.0, 1.0, 1.0, 1.0, 1.0, 1.0, 1.0, 1.0, 1.0, 1.0, 1.0, 1.0, 1.0, 1.0, 1.0, 1.0, 1.0, 1.0, 1.0, 1.0, 1.0, 1.0, 1.0, 1.0, 1.0, 1.0, 1.0, 1.0, 1.0, 1.0, 1.0, 1.0, 1.0, 1.0, 1.0, 1.0, 1.0, 1.0, 1.0, 1.0, 1.0, 1.0, 1.0, 1.0, 1.0, 1.0, 1.0, 1.0, 1.0, 1.0, 1.0, 1.0, 1.0]",NS,False
418,ENTm5,-0.023979257346344332,40.93104297213097,54.57472396284129,20.270032092913905,1.5,7,False,,,,,,,29,23,7.357357357357358,3.0,1.0,-0.023979257346344332,-0.26088821195648804,0.08105710412808576,0.07450222477283311,-3510.0,2909.3974463833065,4275.326218610985,782.0,1080.0,0.021684543285508423,5.35695294931806,3.468049473061839,5.785884050106749,,Other,97.01492537313433,92.5,,,"[1.0, 1.0, 1.0, 1.0, 1.0, 1.0, 1.0, 1.0, 1.0, 1.0, 1.0, 1.0, 1.0, 1.0, 1.0, 1.0, 1.0, 1.0, 1.0, 1.0, 1.0, 1.0, 1.0, 1.0, 1.0, 1.0, 1.0, 1.0, 1.0, 1.0, 1.0, 1.0, 1.0, 1.0, 1.0, 1.0, 1.0, 1.0, 1.0, 1.0, 1.0, 1.0, 1.0, 1.0, 1.0, 1.0, 1.0, 1.0, 1.0, 1.0, 1.0, 1.0, 1.0, 1.0, 1.0, 1.0, 1.0, 1.0, 1.0, 1.0, 1.0, 1.0, 1.0, 1.0, 1.0, 1.0, 1.0, 1.0, 1.0, 1.0, 1.0, 1.0, 1.0, 1.0, 1.0, 1.0, 1.0, 1.0, 1.0, 1.0, 1.0, 1.0, 1.0, 1.0, 1.0, 1.0, 1.0, 1.0, 1.0, 1.0, 1.0, 1.0, 1.0, 1.0, 1.0, 1.0, 1.0, 1.0, 1.0, 1.0, 1.0, 1.0, 1.0, 1.0, 1.0, 1.0, 1.0, 1.0, 1.0, 1.0, 1.0, 1.0, 1.0, 1.0, 1.0, 1.0, 1.0, 1.0, 1.0, 1.0, 1.0, 1.0, 1.0, 1.0, 1.0, 1.0, 1.0, 1.0, 1.0, 1.0, 1.0, 1.0, 1.0, 1.0, 1.0, 1.0, 1.0, 1.0, 1.0, 1.0, 1.0, 1.0, 1.0, 1.0, 1.0, 1.0, 1.0]",NS,False
419,ENTm5,-0.07768731669243661,48.351022452654874,64.46802993687317,38.48110900407072,1.5,7,False,,,,,,,29,23,7.357357357357358,3.0,18.0,-0.07768731669243661,-0.5916329140017531,0.033003228639054534,0.031546870723654676,-3510.0,2909.3974463833065,4275.326218610985,782.0,1080.0,0.10752521292668474,11.981994756562388,15.23342605438597,8.811834903898209,,Other,98.36065573770492,98.4375,83.33333333333333,68.75,"[1.0, 1.0, 1.0, 1.0, 1.0, 1.0, 1.0, 1.0, 1.0, 1.0, 1.0, 1.0, 1.0, 1.0, 1.0, 1.0, 1.0, 0.0, 0.0, 0.0, 0.0, 0.0, 0.0, 0.0, 0.0, 0.0, 0.0, 1.0, 1.0, 1.0, 1.0, 1.0, 1.0, 0.0, 0.0, 1.0, 1.0, 1.0, 1.0, 1.0, 1.0, 1.0, 1.0, 1.0, 1.0, 1.0, 1.0, 1.0, 1.0, 1.0, 1.0, 1.0, 1.0, 1.0, 1.0, 1.0, 1.0, 1.0, 1.0, 1.0, 1.0, 1.0, 1.0, 1.0, 1.0, 1.0, 1.0, 1.0, 1.0, 1.0, 1.0, 1.0, 1.0, 1.0, 1.0, 1.0, 1.0, 1.0, 1.0, 1.0, 1.0, 1.0, 1.0, 1.0, 1.0, 1.0, 1.0, 1.0, 1.0, 1.0, 1.0, 1.0, 1.0, 1.0, 1.0, 1.0, 1.0, 1.0, 1.0, 1.0, 1.0, 1.0, 1.0, 1.0, 1.0, 1.0, 1.0, 1.0, 1.0, 1.0, 1.0, 1.0, 1.0, 1.0, 1.0, 1.0, 1.0, 1.0, 1.0, 1.0, 1.0, 1.0, 1.0, 1.0, 1.0, 1.0, 1.0, 1.0, 1.0, 1.0, 1.0, 1.0, 1.0, 1.0, 1.0, 1.0, 1.0, 0.0, 0.0, 0.0, 0.0, 0.0, 0.0, 0.0, 0.0, 0.0, 0.0]",NS,False
420,ENTm5,-0.129891253430907,30.131105564575197,40.1748074194336,47.53575901745275,1.5,7,False,,,,,,,29,23,7.357357357357358,4.0,-38.0,-0.129891253430907,-0.36954669294141584,0.07690331963381683,0.06335085043221408,-3510.0,2909.3974463833065,4275.326218610985,782.0,1080.0,0.040481409168899786,6.0163129170128125,7.883293817819886,4.193415065410522,,Other,97.01492537313433,92.5,,,"[1.0, 1.0, 1.0, 1.0, 1.0, 1.0, 1.0, 1.0, 1.0, 1.0, 1.0, 1.0, 1.0, 1.0, 1.0, 1.0, 1.0, 1.0, 1.0, 1.0, 1.0, 1.0, 1.0, 1.0, 1.0, 1.0, 1.0, 1.0, 1.0, 1.0, 1.0, 1.0, 1.0, 1.0, 1.0, 1.0, 1.0, 1.0, 1.0, 1.0, 1.0, 1.0, 1.0, 1.0, 1.0, 1.0, 1.0, 1.0, 1.0, 1.0, 1.0, 1.0, 1.0, 1.0, 1.0, 1.0, 1.0, 1.0, 1.0, 1.0, 1.0, 1.0, 1.0, 1.0, 1.0, 1.0, 1.0, 1.0, 1.0, 1.0, 1.0, 1.0, 1.0, 1.0, 1.0, 1.0, 1.0, 1.0, 1.0, 1.0, 1.0, 1.0, 1.0, 1.0, 1.0, 1.0, 1.0, 1.0, 1.0, 1.0, 1.0, 1.0, 1.0, 1.0, 1.0, 1.0, 1.0, 1.0, 1.0, 1.0, 1.0, 1.0, 1.0, 1.0, 1.0, 1.0, 1.0, 1.0, 1.0, 1.0, 1.0, 1.0, 1.0, 1.0, 1.0, 1.0, 1.0, 1.0, 1.0, 1.0, 1.0, 1.0, 1.0, 1.0, 1.0, 1.0, 1.0, 1.0, 1.0, 1.0, 1.0, 1.0, 1.0, 1.0, 1.0, 1.0, 1.0, 1.0, 1.0, 1.0, 1.0, 1.0, 1.0, 1.0, 1.0, 1.0, 1.0]",NS,False
422,ENTm5,-0.3511177815168862,34.68925412901116,46.252338838681545,16.62824131660063,1.5,7,False,,,,,,,29,23,7.357357357357358,10.0,-37.0,-0.3511177815168862,-0.45667639807263694,0.030007819078204087,0.023491264581708443,-3510.0,2879.455614927902,4273.4589400843215,782.0,1110.0,0.029444394582350545,10.0043772377472,12.320197851816367,7.4583661583407315,,Other,98.38709677419355,92.20779220779221,80.0,100.0,"[1.0, 1.0, 1.0, 1.0, 1.0, 1.0, 1.0, 1.0, 1.0, 1.0, 1.0, 1.0, 1.0, 1.0, 1.0, 1.0, 1.0, 1.0, 1.0, 1.0, 1.0, 1.0, 1.0, 1.0, 1.0, 1.0, 1.0, 1.0, 1.0, 1.0, 1.0, 1.0, 1.0, 1.0, 1.0, 1.0, 1.0, 1.0, 1.0, 1.0, 1.0, 1.0, 1.0, 1.0, 1.0, 1.0, 1.0, 1.0, 1.0, 1.0, 1.0, 1.0, 1.0, 1.0, 1.0, 1.0, 1.0, 1.0, 1.0, 1.0, 1.0, 1.0, 1.0, 1.0, 1.0, 1.0, 1.0, 1.0, 1.0, 1.0, 1.0, 1.0, 1.0, 1.0, 1.0, 1.0, 1.0, 1.0, 1.0, 1.0, 1.0, 1.0, 1.0, 0.0, 0.0, 0.0, 0.0, 0.0, 0.0, 1.0, 1.0, 1.0, 1.0, 1.0, 1.0, 0.0, 0.0, 1.0, 1.0, 1.0, 1.0, 1.0, 1.0, 1.0, 1.0, 1.0, 1.0, 1.0, 1.0, 1.0, 1.0, 1.0, 1.0, 1.0, 1.0, 1.0, 1.0, 1.0, 1.0, 1.0, 1.0, 1.0, 1.0, 1.0, 1.0, 1.0, 1.0, 1.0, 1.0, 1.0, 1.0, 1.0, 1.0, 1.0, 1.0, 1.0, 1.0, 1.0, 1.0, 1.0, 1.0, 1.0, 1.0, 1.0, 1.0, 1.0, 1.0]",NS,False
425,ENTm5,0.34812326820213846,29.709323513991794,39.61243135198906,16.328558184578398,1.5,7,True,,,,,,,29,23,7.357357357357358,41.0,38.0,0.34812326820213846,0.3857701112471562,0.03185237039081674,0.03000429990849613,-3510.0,2894.4265306556044,4274.392579347653,782.0,1095.0,0.09811514328116448,9.607420342750046,8.3164876025886,9.007711186844531,,Other,97.01492537313433,92.3076923076923,,100.0,"[1.0, 1.0, 1.0, 1.0, 1.0, 1.0, 1.0, 1.0, 1.0, 1.0, 1.0, 1.0, 1.0, 1.0, 1.0, 1.0, 1.0, 1.0, 1.0, 1.0, 1.0, 1.0, 1.0, 1.0, 1.0, 1.0, 1.0, 1.0, 1.0, 1.0, 1.0, 1.0, 1.0, 1.0, 1.0, 1.0, 1.0, 1.0, 1.0, 1.0, 1.0, 1.0, 1.0, 1.0, 1.0, 1.0, 1.0, 1.0, 1.0, 1.0, 1.0, 1.0, 1.0, 1.0, 1.0, 1.0, 1.0, 1.0, 1.0, 1.0, 1.0, 1.0, 1.0, 1.0, 1.0, 1.0, 1.0, 1.0, 1.0, 1.0, 1.0, 1.0, 1.0, 1.0, 1.0, 1.0, 1.0, 1.0, 1.0, 1.0, 1.0, 1.0, 1.0, 1.0, 1.0, 1.0, 1.0, 1.0, 1.0, 1.0, 1.0, 1.0, 1.0, 1.0, 1.0, 1.0, 1.0, 1.0, 1.0, 1.0, 1.0, 1.0, 1.0, 1.0, 1.0, 1.0, 1.0, 1.0, 1.0, 1.0, 1.0, 1.0, 1.0, 1.0, 1.0, 1.0, 1.0, 1.0, 1.0, 1.0, 1.0, 1.0, 1.0, 1.0, 1.0, 1.0, 1.0, 1.0, 1.0, 1.0, 1.0, 0.0, 0.0, 1.0, 1.0, 1.0, 1.0, 1.0, 1.0, 1.0, 1.0, 1.0, 1.0, 1.0, 1.0, 1.0, 1.0]",NS,False
426,ENTm5,-0.4883564921683285,30.286999300164194,40.38266573355226,33.222256540146795,1.5,7,False,,,,,,,29,23,7.357357357357358,9.0,-16.0,-0.4883564921683285,-0.28435309213254667,0.0641019346345108,0.0601789795795591,-3510.0,2894.4265306556044,4274.392579347653,782.0,1095.0,0.09071620928353813,6.128209910127911,6.725333508534285,5.141622535906644,,Other,96.92307692307692,92.5,100.0,,"[1.0, 1.0, 1.0, 1.0, 1.0, 1.0, 1.0, 1.0, 1.0, 1.0, 1.0, 1.0, 1.0, 1.0, 1.0, 1.0, 1.0, 1.0, 1.0, 1.0, 1.0, 1.0, 1.0, 1.0, 1.0, 1.0, 1.0, 1.0, 1.0, 1.0, 1.0, 1.0, 1.0, 1.0, 1.0, 1.0, 1.0, 1.0, 1.0, 1.0, 1.0, 1.0, 1.0, 1.0, 1.0, 1.0, 1.0, 1.0, 1.0, 1.0, 1.0, 1.0, 1.0, 1.0, 1.0, 1.0, 1.0, 1.0, 1.0, 1.0, 1.0, 1.0, 1.0, 1.0, 1.0, 1.0, 1.0, 1.0, 1.0, 1.0, 1.0, 1.0, 1.0, 1.0, 1.0, 1.0, 1.0, 1.0, 1.0, 1.0, 1.0, 1.0, 1.0, 1.0, 1.0, 1.0, 1.0, 1.0, 1.0, 1.0, 1.0, 1.0, 1.0, 1.0, 1.0, 1.0, 1.0, 1.0, 1.0, 1.0, 1.0, 1.0, 1.0, 1.0, 1.0, 1.0, 1.0, 1.0, 1.0, 1.0, 1.0, 1.0, 1.0, 1.0, 1.0, 1.0, 1.0, 1.0, 1.0, 1.0, 1.0, 1.0, 1.0, 1.0, 1.0, 1.0, 1.0, 1.0, 1.0, 1.0, 1.0, 1.0, 1.0, 0.0, 0.0, 1.0, 1.0, 1.0, 1.0, 1.0, 1.0, 1.0, 1.0, 1.0, 1.0, 1.0, 1.0]",NS,False
427,ENTm5,-0.40025491596998447,36.7745469973432,49.03272932979093,9.971930873163501,1.5,7,False,,,,,,,29,23,7.357357357357358,8.0,-49.0,-0.40025491596998447,-0.6760545115411423,0.023173621712407142,0.025592560287529736,-3510.0,2849.5137834724974,4271.591661557658,782.0,1140.0,0.07278644452044893,4.269656340598417,6.978585259629841,1.8797888373999836,,Other,91.66666666666667,78.57142857142857,100.0,100.0,"[0.0, 0.0, 0.0, 0.0, 0.0, 0.0, 0.0, 0.0, 0.0, 0.0, 0.0, 0.0, 0.0, 0.0, 0.0, 0.0, 0.0, 0.0, 0.0, 0.0, 0.0, 0.0, 0.0, 0.0, 0.0, 0.0, 0.0, 0.0, 0.0, 0.0, 0.0, 0.0, 0.0, 1.0, 1.0, 1.0, 1.0, 0.0, 0.0, 0.0, 0.0, 0.0, 0.0, 0.0, 0.0, 0.0, 0.0, 0.0, 0.0, 0.0, 0.0, 0.0, 0.0, 0.0, 0.0, 0.0, 0.0, 1.0, 1.0, 0.0, 0.0, 1.0, 1.0, 0.0, 0.0, 0.0, 0.0, 0.0, 0.0, 0.0, 0.0, 0.0, 0.0, 0.0, 0.0, 0.0, 0.0, 0.0, 0.0, 0.0, 0.0, 0.0, 0.0, 0.0, 0.0, 0.0, 0.0, 0.0, 0.0, 1.0, 1.0, 1.0, 1.0, 1.0, 1.0, 1.0, 1.0, 1.0, 1.0, 0.0, 0.0, 1.0, 1.0, 1.0, 1.0, 0.0, 0.0, 1.0, 1.0, 1.0, 1.0, 1.0, 1.0, 1.0, 1.0, 1.0, 1.0, 1.0, 1.0, 1.0, 1.0, 1.0, 1.0, 0.0, 0.0, 0.0, 0.0, 0.0, 0.0, 0.0, 0.0, 0.0, 0.0, 1.0, 1.0, 1.0, 1.0, 1.0, 1.0, 1.0, 1.0, 1.0, 1.0, 1.0, 1.0, 1.0, 1.0]",NS,False
429,ENTm5,-0.38795502598308923,38.34410843709104,51.12547791612138,48.32572528889536,1.5,7,False,,,,,,,29,23,7.357357357357358,4.0,47.0,-0.38795502598308923,-0.3032892242423475,0.052967122181158316,0.05602525926856653,-3510.0,2864.484699200199,4272.525300820989,782.0,1125.0,0.01277108293421015,4.332771793326562,2.819924925850186,4.811698292747719,,Other,97.5,89.83050847457628,96.29629629629629,100.0,"[1.0, 1.0, 1.0, 1.0, 1.0, 1.0, 1.0, 1.0, 1.0, 1.0, 1.0, 1.0, 1.0, 1.0, 1.0, 0.0, 0.0, 1.0, 1.0, 1.0, 1.0, 1.0, 1.0, 1.0, 1.0, 1.0, 1.0, 0.0, 0.0, 0.0, 0.0, 0.0, 0.0, 0.0, 0.0, 1.0, 1.0, 1.0, 1.0, 1.0, 1.0, 1.0, 1.0, 1.0, 1.0, 1.0, 1.0, 1.0, 1.0, 0.0, 0.0, 0.0, 0.0, 0.0, 0.0, 0.0, 0.0, 1.0, 1.0, 1.0, 1.0, 0.0, 0.0, 0.0, 0.0, 0.0, 0.0, 0.0, 0.0, 0.0, 0.0, 0.0, 0.0, 0.0, 0.0, 1.0, 1.0, 0.0, 0.0, 0.0, 0.0, 0.0, 0.0, 0.0, 0.0, 0.0, 0.0, 0.0, 0.0, 1.0, 1.0, 0.0, 0.0, 1.0, 1.0, 0.0, 0.0, 1.0, 1.0, 1.0, 1.0, 1.0, 1.0, 1.0, 1.0, 1.0, 1.0, 1.0, 1.0, 1.0, 1.0, 1.0, 1.0, 1.0, 1.0, 1.0, 1.0, 1.0, 1.0, 1.0, 1.0, 1.0, 1.0, 1.0, 1.0, 1.0, 1.0, 1.0, 1.0, 1.0, 1.0, 1.0, 1.0, 1.0, 1.0, 1.0, 1.0, 1.0, 1.0, 1.0, 1.0, 1.0, 1.0, 1.0, 1.0, 1.0, 1.0]",NS,False
430,ENTm5,0.280521297422448,37.377429864662574,49.83657315288343,8.788848720209685,1.5,7,False,,,,,,,29,23,7.357357357357358,7.0,-39.0,0.280521297422448,0.04979641179358802,0.054146204948199494,0.05335192358547985,-3510.0,2864.484699200199,4272.525300820989,782.0,1125.0,0.03989978978907398,2.3153892273712997,2.19262700290626,2.117749945064216,,Other,96.66666666666667,100.0,97.29729729729729,88.23529411764706,"[1.0, 1.0, 1.0, 1.0, 1.0, 1.0, 1.0, 1.0, 1.0, 0.0, 0.0, 0.0, 0.0, 0.0, 0.0, 1.0, 1.0, 0.0, 0.0, 0.0, 0.0, 1.0, 1.0, 1.0, 1.0, 1.0, 1.0, 1.0, 1.0, 1.0, 1.0, 0.0, 0.0, 1.0, 1.0, 1.0, 1.0, 1.0, 1.0, 1.0, 1.0, 1.0, 1.0, 1.0, 1.0, 0.0, 0.0, 0.0, 0.0, 0.0, 0.0, 0.0, 0.0, 1.0, 1.0, 0.0, 0.0, 0.0, 0.0, 0.0, 0.0, 0.0, 0.0, 0.0, 0.0, 0.0, 0.0, 0.0, 0.0, 0.0, 0.0, 0.0, 0.0, 0.0, 0.0, 0.0, 0.0, 0.0, 0.0, 0.0, 0.0, 1.0, 1.0, 1.0, 1.0, 1.0, 1.0, 0.0, 0.0, 0.0, 0.0, 1.0, 1.0, 1.0, 1.0, 1.0, 1.0, 1.0, 1.0, 1.0, 1.0, 0.0, 0.0, 0.0, 0.0, 0.0, 0.0, 0.0, 0.0, 1.0, 1.0, 1.0, 1.0, 1.0, 1.0, 1.0, 1.0, 0.0, 0.0, 0.0, 0.0, 0.0, 0.0, 0.0, 0.0, 0.0, 0.0, 0.0, 0.0, 0.0, 0.0, 0.0, 0.0, 0.0, 0.0, 0.0, 0.0, 0.0, 0.0, 0.0, 0.0, 0.0, 0.0, 0.0, 0.0, 0.0, 0.0]",NS,False
433,ENTm5,-0.5006665662019232,38.316671491361035,51.08889532181471,7.473381992064247,1.5,7,False,,,,,,,29,23,7.357357357357358,16.0,-32.0,-0.5006665662019232,0.08086947332853776,0.02957830963734849,0.027765037110096362,-3510.0,2834.542867744795,4270.658022294327,750.0,1155.0,0.06517208158048757,9.658282612347817,11.797033050211075,7.71139467238545,,Other,95.91836734693878,89.28571428571429,100.0,100.0,"[1.0, 1.0, 1.0, 1.0, 1.0, 1.0, 1.0, 1.0, 1.0, 0.0, 0.0, 0.0, 0.0, 0.0, 0.0, 0.0, 0.0, 0.0, 0.0, 0.0, 0.0, 0.0, 0.0, 0.0, 0.0, 0.0, 0.0, 1.0, 1.0, 1.0, 1.0, 1.0, 1.0, 1.0, 1.0, 0.0, 0.0, 1.0, 1.0, 1.0, 1.0, 1.0, 1.0, 0.0, 0.0, 0.0, 0.0, 1.0, 1.0, 0.0, 0.0, 0.0, 0.0, 0.0, 0.0, 1.0, 1.0, 1.0, 1.0, 1.0, 1.0, 1.0, 1.0, 1.0, 1.0, 1.0, 1.0, 0.0, 0.0, 1.0, 1.0, 0.0, 0.0, 1.0, 1.0, 1.0, 1.0, 0.0, 0.0, 1.0, 1.0, 1.0, 1.0, 1.0, 1.0, 1.0, 1.0, 1.0, 1.0, 1.0, 1.0, 1.0, 1.0, 1.0, 1.0, 1.0, 1.0, 1.0, 1.0, 1.0, 1.0, 1.0, 1.0, 1.0, 1.0, 0.0, 0.0, 0.0, 0.0, 0.0, 0.0, 1.0, 1.0, 1.0, 1.0, 1.0, 1.0, 1.0, 1.0, 1.0, 1.0, 1.0, 1.0, 1.0, 1.0, 1.0, 1.0, 1.0, 1.0, 1.0, 1.0, 1.0, 1.0, 1.0, 1.0, 1.0, 1.0, 1.0, 1.0, 1.0, 1.0, 1.0, 1.0, 1.0, 1.0, 1.0, 1.0]",NS,False
434,ENTm5,0.3149575369251173,56.646633847390895,75.52884512985453,59.23387568516203,1.5,7,True,,,,,,,29,23,7.357357357357358,2.0,14.0,0.3149575369251173,0.17298322893183776,0.14660927149830244,0.13408986444869006,-3510.0,2849.5137834724974,4271.591661557658,782.0,1140.0,0.08563258530992016,3.815132604101965,3.7796157721070296,3.5730535751242916,,Other,98.27586206896552,91.54929577464789,88.88888888888889,100.0,"[1.0, 1.0, 1.0, 1.0, 1.0, 1.0, 1.0, 1.0, 1.0, 1.0, 1.0, 1.0, 1.0, 1.0, 1.0, 1.0, 1.0, 1.0, 1.0, 1.0, 1.0, 1.0, 1.0, 1.0, 1.0, 1.0, 1.0, 1.0, 1.0, 1.0, 1.0, 1.0, 1.0, 1.0, 1.0, 1.0, 1.0, 1.0, 1.0, 1.0, 1.0, 1.0, 1.0, 1.0, 1.0, 1.0, 1.0, 1.0, 1.0, 1.0, 1.0, 1.0, 1.0, 1.0, 1.0, 1.0, 1.0, 1.0, 1.0, 1.0, 1.0, 1.0, 1.0, 1.0, 1.0, 1.0, 1.0, 1.0, 1.0, 1.0, 1.0, 1.0, 1.0, 1.0, 1.0, 1.0, 1.0, 1.0, 1.0, 1.0, 1.0, 1.0, 1.0, 1.0, 1.0, 1.0, 1.0, 1.0, 1.0, 1.0, 1.0, 0.0, 0.0, 0.0, 0.0, 0.0, 0.0, 0.0, 0.0, 0.0, 0.0, 1.0, 1.0, 1.0, 1.0, 1.0, 1.0, 1.0, 1.0, 1.0, 1.0, 1.0, 1.0, 1.0, 1.0, 1.0, 1.0, 1.0, 1.0, 1.0, 1.0, 0.0, 0.0, 0.0, 0.0, 1.0, 1.0, 0.0, 0.0, 0.0, 0.0, 1.0, 1.0, 1.0, 1.0, 1.0, 1.0, 1.0, 1.0, 1.0, 1.0, 1.0, 1.0, 1.0, 1.0, 1.0, 1.0]",NS,False
440,ENTm5,-0.4814600305516482,30.179807415145735,40.23974322019431,49.75041230270785,1.5,7,False,,,,,,,29,23,7.357357357357358,3.0,41.0,-0.4814600305516482,-0.606179835653476,0.038109045349918096,0.02985752221462244,-3510.0,2819.5719520170924,4269.724383030994,782.0,1170.0,0.050559414739626655,4.894799872381942,5.00921966887361,4.127949782515995,,Other,98.03921568627452,90.625,93.75,100.0,"[1.0, 1.0, 1.0, 1.0, 1.0, 1.0, 1.0, 1.0, 1.0, 1.0, 1.0, 1.0, 1.0, 1.0, 1.0, 1.0, 1.0, 1.0, 1.0, 1.0, 1.0, 1.0, 1.0, 1.0, 1.0, 1.0, 1.0, 1.0, 1.0, 1.0, 1.0, 1.0, 1.0, 1.0, 1.0, 1.0, 1.0, 1.0, 1.0, 1.0, 1.0, 1.0, 1.0, 1.0, 1.0, 0.0, 0.0, 1.0, 1.0, 1.0, 1.0, 1.0, 1.0, 1.0, 1.0, 1.0, 1.0, 1.0, 1.0, 1.0, 1.0, 1.0, 1.0, 1.0, 1.0, 1.0, 1.0, 0.0, 0.0, 0.0, 0.0, 0.0, 0.0, 0.0, 0.0, 0.0, 0.0, 0.0, 0.0, 1.0, 1.0, 1.0, 1.0, 1.0, 1.0, 1.0, 1.0, 1.0, 1.0, 1.0, 1.0, 1.0, 1.0, 0.0, 0.0, 0.0, 0.0, 0.0, 0.0, 0.0, 0.0, 0.0, 0.0, 1.0, 1.0, 1.0, 1.0, 1.0, 1.0, 1.0, 1.0, 1.0, 1.0, 1.0, 1.0, 1.0, 1.0, 1.0, 1.0, 0.0, 0.0, 1.0, 1.0, 0.0, 0.0, 1.0, 1.0, 0.0, 0.0, 0.0, 0.0, 1.0, 1.0, 1.0, 1.0, 1.0, 1.0, 1.0, 1.0, 1.0, 1.0, 1.0, 1.0, 1.0, 1.0, 1.0, 1.0]",NS,False
444,ENTm5,-0.36075794165111064,27.047203764856995,36.06293835314266,44.070651679346454,1.5,7,False,,,,,,,29,23,7.357357357357358,-28.0,45.0,-0.36075794165111064,-0.2004117864123684,0.03292323569396712,0.04020009196281306,-3510.0,2789.630120561688,4267.857104504331,750.0,1200.0,-0.003535562030808155,1.6188073260163591,2.399227115642108,0.8079247214364219,,Other,100.0,100.0,96.82539682539682,92.3076923076923,"[0.0, 0.0, 0.0, 0.0, 0.0, 0.0, 0.0, 0.0, 0.0, 0.0, 0.0, 1.0, 1.0, 0.0, 0.0, 1.0, 1.0, 0.0, 0.0, 0.0, 0.0, 0.0, 0.0, 0.0, 0.0, 0.0, 0.0, 0.0, 0.0, 0.0, 0.0, 0.0, 0.0, 0.0, 0.0, 0.0, 0.0, 0.0, 0.0, 0.0, 0.0, 0.0, 0.0, 0.0, 0.0, 0.0, 0.0, 0.0, 0.0, 0.0, 0.0, 0.0, 0.0, 0.0, 0.0, 0.0, 0.0, 0.0, 0.0, 0.0, 0.0, 0.0, 0.0, 0.0, 0.0, 0.0, 0.0, 0.0, 0.0, 0.0, 0.0, 0.0, 0.0, 0.0, 0.0, 0.0, 0.0, 0.0, 0.0, 0.0, 0.0, 0.0, 0.0, 0.0, 0.0, 0.0, 0.0, 0.0, 0.0, 0.0, 0.0, 0.0, 0.0, 0.0, 0.0, 0.0, 0.0, 0.0, 0.0, 0.0, 0.0, 1.0, 1.0, 0.0, 0.0, 0.0, 0.0, 0.0, 0.0, 0.0, 0.0, 0.0, 0.0, 0.0, 0.0, 0.0, 0.0, 0.0, 0.0, 0.0, 0.0, 0.0, 0.0, 0.0, 0.0, 0.0, 0.0, 0.0, 0.0, 0.0, 0.0, 0.0, 0.0, 0.0, 0.0, 0.0, 0.0, 0.0, 0.0, 0.0, 0.0, 0.0, 0.0, 0.0, 0.0, 0.0, 0.0]",NS,False
446,ENTm5,-0.5724174809421432,29.789055615858942,39.71874082114526,29.093399158587967,1.5,7,False,,,,,,,29,23,7.357357357357358,9.0,36.0,-0.5724174809421432,-0.5995910541028993,0.04544137087797548,0.04943169666446266,-3510.0,2804.6010362893903,4268.790743767663,782.0,1185.0,0.03005910343271259,7.308445756930754,6.1196952748287945,7.360168233998941,,Other,97.01492537313433,92.5,,,"[1.0, 1.0, 1.0, 1.0, 1.0, 1.0, 1.0, 1.0, 1.0, 1.0, 1.0, 1.0, 1.0, 1.0, 1.0, 1.0, 1.0, 1.0, 1.0, 1.0, 1.0, 1.0, 1.0, 1.0, 1.0, 1.0, 1.0, 1.0, 1.0, 1.0, 1.0, 1.0, 1.0, 1.0, 1.0, 1.0, 1.0, 1.0, 1.0, 1.0, 1.0, 1.0, 1.0, 1.0, 1.0, 1.0, 1.0, 1.0, 1.0, 1.0, 1.0, 1.0, 1.0, 1.0, 1.0, 1.0, 1.0, 1.0, 1.0, 1.0, 1.0, 1.0, 1.0, 1.0, 1.0, 1.0, 1.0, 1.0, 1.0, 1.0, 1.0, 1.0, 1.0, 1.0, 1.0, 1.0, 1.0, 1.0, 1.0, 1.0, 1.0, 1.0, 1.0, 1.0, 1.0, 1.0, 1.0, 1.0, 1.0, 1.0, 1.0, 1.0, 1.0, 1.0, 1.0, 1.0, 1.0, 1.0, 1.0, 1.0, 1.0, 1.0, 1.0, 1.0, 1.0, 1.0, 1.0, 1.0, 1.0, 1.0, 1.0, 1.0, 1.0, 1.0, 1.0, 1.0, 1.0, 1.0, 1.0, 1.0, 1.0, 1.0, 1.0, 1.0, 1.0, 1.0, 1.0, 1.0, 1.0, 1.0, 1.0, 1.0, 1.0, 1.0, 1.0, 1.0, 1.0, 1.0, 1.0, 1.0, 1.0, 1.0, 1.0, 1.0, 1.0, 1.0, 1.0]",NS,False
447,ENTm3,-0.052459150104995154,29.044760935861316,38.72634791448176,40.967384013184535,1.5,7,False,,,,,,,29,23,7.357357357357358,-27.0,45.0,-0.052459150104995154,0.40212273959964884,0.017484060524352345,0.023822462003154434,-3510.0,3328.583086758972,4301.468117984275,782.0,660.0,0.019654079251474717,1.8777425166959247,3.159815433899485,0.6172440958626813,,Other,100.0,100.0,96.55172413793103,91.30434782608695,"[0.0, 0.0, 0.0, 0.0, 0.0, 0.0, 0.0, 0.0, 0.0, 0.0, 0.0, 0.0, 0.0, 0.0, 0.0, 0.0, 0.0, 0.0, 0.0, 0.0, 0.0, 0.0, 0.0, 0.0, 0.0, 0.0, 0.0, 0.0, 0.0, 0.0, 0.0, 0.0, 0.0, 0.0, 0.0, 0.0, 0.0, 0.0, 0.0, 0.0, 0.0, 0.0, 0.0, 0.0, 0.0, 0.0, 0.0, 1.0, 1.0, 1.0, 1.0, 1.0, 1.0, 1.0, 1.0, 0.0, 0.0, 0.0, 0.0, 0.0, 0.0, 0.0, 0.0, 0.0, 0.0, 1.0, 1.0, 1.0, 1.0, 0.0, 0.0, 0.0, 0.0, 0.0, 0.0, 0.0, 0.0, 0.0, 0.0, 0.0, 0.0, 0.0, 0.0, 0.0, 0.0, 0.0, 0.0, 1.0, 1.0, 0.0, 0.0, 0.0, 0.0, 0.0, 0.0, 0.0, 0.0, 0.0, 0.0, 0.0, 0.0, 0.0, 0.0, 0.0, 0.0, 0.0, 0.0, 0.0, 0.0, 1.0, 1.0, 1.0, 1.0, 1.0, 1.0, 0.0, 0.0, 0.0, 0.0, 0.0, 0.0, 0.0, 0.0, 0.0, 0.0, 0.0, 0.0, 0.0, 0.0, 0.0, 0.0, 0.0, 0.0, 0.0, 0.0, 0.0, 0.0, 0.0, 0.0, 0.0, 0.0, 0.0, 0.0, 0.0, 0.0, 0.0, 0.0]",NS,False
450,ENTm5,-0.6426985449325286,30.487102353331746,40.649469804442326,38.963249110585565,1.5,7,False,,,,,,,29,23,7.357357357357358,44.0,-7.0,-0.6426985449325286,-0.1946287701726203,0.02968657310677301,0.02318892476602923,-3510.0,2789.630120561688,4267.857104504331,750.0,1200.0,0.06795978540110317,3.684509048089505,7.418443564164227,1.8855040605098232,,Other,98.30508474576271,90.625,87.5,100.0,"[1.0, 1.0, 1.0, 1.0, 1.0, 1.0, 1.0, 1.0, 1.0, 0.0, 0.0, 1.0, 1.0, 1.0, 1.0, 1.0, 1.0, 1.0, 1.0, 1.0, 1.0, 1.0, 1.0, 1.0, 1.0, 1.0, 1.0, 1.0, 1.0, 1.0, 1.0, 1.0, 1.0, 1.0, 1.0, 1.0, 1.0, 1.0, 1.0, 1.0, 1.0, 1.0, 1.0, 1.0, 1.0, 1.0, 1.0, 1.0, 1.0, 1.0, 1.0, 1.0, 1.0, 1.0, 1.0, 1.0, 1.0, 1.0, 1.0, 1.0, 1.0, 1.0, 1.0, 1.0, 1.0, 1.0, 1.0, 1.0, 1.0, 1.0, 1.0, 1.0, 1.0, 1.0, 1.0, 1.0, 1.0, 1.0, 1.0, 1.0, 1.0, 1.0, 1.0, 1.0, 1.0, 1.0, 1.0, 1.0, 1.0, 1.0, 1.0, 0.0, 0.0, 1.0, 1.0, 0.0, 0.0, 0.0, 0.0, 1.0, 1.0, 1.0, 1.0, 1.0, 1.0, 0.0, 0.0, 0.0, 0.0, 0.0, 0.0, 0.0, 0.0, 0.0, 0.0, 0.0, 0.0, 1.0, 1.0, 1.0, 1.0, 0.0, 0.0, 0.0, 0.0, 1.0, 1.0, 1.0, 1.0, 1.0, 1.0, 1.0, 1.0, 1.0, 1.0, 1.0, 1.0, 1.0, 1.0, 1.0, 1.0, 1.0, 1.0, 1.0, 1.0, 1.0, 1.0]",NS,False
451,ENTm5,-0.15868137945870991,29.916285273913033,39.88838036521738,56.31364648974986,1.5,7,False,,,,,,,29,23,7.357357357357358,3.0,9.0,-0.15868137945870991,-0.366683498258601,0.06629322989908644,0.06802643127921577,-3510.0,2804.6010362893903,4268.790743767663,782.0,1185.0,0.022493310383153924,7.336651197344064,9.02042750283776,5.500642460352025,,Other,97.01492537313433,92.5,,,"[1.0, 1.0, 1.0, 1.0, 1.0, 1.0, 1.0, 1.0, 1.0, 1.0, 1.0, 1.0, 1.0, 1.0, 1.0, 1.0, 1.0, 1.0, 1.0, 1.0, 1.0, 1.0, 1.0, 1.0, 1.0, 1.0, 1.0, 1.0, 1.0, 1.0, 1.0, 1.0, 1.0, 1.0, 1.0, 1.0, 1.0, 1.0, 1.0, 1.0, 1.0, 1.0, 1.0, 1.0, 1.0, 1.0, 1.0, 1.0, 1.0, 1.0, 1.0, 1.0, 1.0, 1.0, 1.0, 1.0, 1.0, 1.0, 1.0, 1.0, 1.0, 1.0, 1.0, 1.0, 1.0, 1.0, 1.0, 1.0, 1.0, 1.0, 1.0, 1.0, 1.0, 1.0, 1.0, 1.0, 1.0, 1.0, 1.0, 1.0, 1.0, 1.0, 1.0, 1.0, 1.0, 1.0, 1.0, 1.0, 1.0, 1.0, 1.0, 1.0, 1.0, 1.0, 1.0, 1.0, 1.0, 1.0, 1.0, 1.0, 1.0, 1.0, 1.0, 1.0, 1.0, 1.0, 1.0, 1.0, 1.0, 1.0, 1.0, 1.0, 1.0, 1.0, 1.0, 1.0, 1.0, 1.0, 1.0, 1.0, 1.0, 1.0, 1.0, 1.0, 1.0, 1.0, 1.0, 1.0, 1.0, 1.0, 1.0, 1.0, 1.0, 1.0, 1.0, 1.0, 1.0, 1.0, 1.0, 1.0, 1.0, 1.0, 1.0, 1.0, 1.0, 1.0, 1.0]",NS,False
452,ENTm5,-0.4437085738755966,35.954532241523516,47.93937632203135,39.713909795575255,1.5,7,False,,,,,,,29,23,7.357357357357358,22.0,-10.0,-0.4437085738755966,-0.47361601636350914,0.1756715069825231,0.1769429188147468,-3510.0,2759.688289106284,4265.989825977667,750.0,1230.0,0.02320281605047084,4.516569540282147,0.893045648600118,3.2244249654240735,,Other,97.01492537313433,92.5,,,"[1.0, 1.0, 1.0, 1.0, 1.0, 1.0, 1.0, 1.0, 1.0, 1.0, 1.0, 1.0, 1.0, 1.0, 1.0, 1.0, 1.0, 1.0, 1.0, 1.0, 1.0, 1.0, 1.0, 1.0, 1.0, 1.0, 1.0, 1.0, 1.0, 1.0, 1.0, 1.0, 1.0, 1.0, 1.0, 1.0, 1.0, 1.0, 1.0, 1.0, 1.0, 1.0, 1.0, 1.0, 1.0, 1.0, 1.0, 1.0, 1.0, 1.0, 1.0, 1.0, 1.0, 1.0, 1.0, 1.0, 1.0, 1.0, 1.0, 1.0, 1.0, 1.0, 1.0, 1.0, 1.0, 1.0, 1.0, 1.0, 1.0, 1.0, 1.0, 1.0, 1.0, 1.0, 1.0, 1.0, 1.0, 1.0, 1.0, 1.0, 1.0, 1.0, 1.0, 1.0, 1.0, 1.0, 1.0, 1.0, 1.0, 1.0, 1.0, 1.0, 1.0, 1.0, 1.0, 1.0, 1.0, 1.0, 1.0, 1.0, 1.0, 1.0, 1.0, 1.0, 1.0, 1.0, 1.0, 1.0, 1.0, 1.0, 1.0, 1.0, 1.0, 1.0, 1.0, 1.0, 1.0, 1.0, 1.0, 1.0, 1.0, 1.0, 1.0, 1.0, 1.0, 1.0, 1.0, 1.0, 1.0, 1.0, 1.0, 1.0, 1.0, 1.0, 1.0, 1.0, 1.0, 1.0, 1.0, 1.0, 1.0, 1.0, 1.0, 1.0, 1.0, 1.0, 1.0]",NS,False
454,ENTm5,0.16892606777638064,39.10380381286215,52.138405083816195,20.74196112956873,1.5,7,False,,,,,,,29,23,7.357357357357358,45.0,-49.0,0.16892606777638064,-0.11072628998346284,0.057594309566442174,0.05653371447326778,-3510.0,2774.6592048339853,4266.923465241,750.0,1215.0,0.018878617483730695,4.619912424419438,1.9935244749067935,5.153572547863582,,Other,97.01492537313433,92.5,,,"[1.0, 1.0, 1.0, 1.0, 1.0, 1.0, 1.0, 1.0, 1.0, 1.0, 1.0, 1.0, 1.0, 1.0, 1.0, 1.0, 1.0, 1.0, 1.0, 1.0, 1.0, 1.0, 1.0, 1.0, 1.0, 1.0, 1.0, 1.0, 1.0, 1.0, 1.0, 1.0, 1.0, 1.0, 1.0, 1.0, 1.0, 1.0, 1.0, 1.0, 1.0, 1.0, 1.0, 1.0, 1.0, 1.0, 1.0, 1.0, 1.0, 1.0, 1.0, 1.0, 1.0, 1.0, 1.0, 1.0, 1.0, 1.0, 1.0, 1.0, 1.0, 1.0, 1.0, 1.0, 1.0, 1.0, 1.0, 1.0, 1.0, 1.0, 1.0, 1.0, 1.0, 1.0, 1.0, 1.0, 1.0, 1.0, 1.0, 1.0, 1.0, 1.0, 1.0, 1.0, 1.0, 1.0, 1.0, 1.0, 1.0, 1.0, 1.0, 1.0, 1.0, 1.0, 1.0, 1.0, 1.0, 1.0, 1.0, 1.0, 1.0, 1.0, 1.0, 1.0, 1.0, 1.0, 1.0, 1.0, 1.0, 1.0, 1.0, 1.0, 1.0, 1.0, 1.0, 1.0, 1.0, 1.0, 1.0, 1.0, 1.0, 1.0, 1.0, 1.0, 1.0, 1.0, 1.0, 1.0, 1.0, 1.0, 1.0, 1.0, 1.0, 1.0, 1.0, 1.0, 1.0, 1.0, 1.0, 1.0, 1.0, 1.0, 1.0, 1.0, 1.0, 1.0, 1.0]",NS,False
457,ENTm5,-0.5053098454180394,26.739546851600686,35.65272913546758,51.5341348548145,1.5,7,False,,,,,,,29,23,7.357357357357358,-13.0,44.0,-0.5053098454180394,-0.011996035654977602,0.02245871774942953,0.023011180027978494,-3510.0,2729.7464576508783,4264.122547451004,750.0,1260.0,0.0838170482221431,3.753635496315568,5.162503623484078,2.0699498972364663,,Other,96.96969696969697,100.0,97.05882352941177,87.23404255319149,"[0.0, 0.0, 0.0, 0.0, 0.0, 0.0, 0.0, 0.0, 0.0, 0.0, 0.0, 1.0, 1.0, 0.0, 0.0, 0.0, 0.0, 0.0, 0.0, 0.0, 0.0, 1.0, 1.0, 0.0, 0.0, 0.0, 0.0, 1.0, 1.0, 1.0, 1.0, 1.0, 1.0, 1.0, 1.0, 1.0, 1.0, 1.0, 1.0, 1.0, 1.0, 0.0, 0.0, 0.0, 0.0, 1.0, 1.0, 1.0, 1.0, 0.0, 0.0, 0.0, 0.0, 1.0, 1.0, 1.0, 1.0, 1.0, 1.0, 1.0, 1.0, 1.0, 1.0, 0.0, 0.0, 0.0, 0.0, 0.0, 0.0, 0.0, 0.0, 1.0, 1.0, 1.0, 1.0, 1.0, 1.0, 1.0, 1.0, 1.0, 1.0, 1.0, 1.0, 1.0, 1.0, 1.0, 1.0, 1.0, 1.0, 1.0, 1.0, 1.0, 1.0, 0.0, 0.0, 1.0, 1.0, 1.0, 1.0, 1.0, 1.0, 1.0, 1.0, 0.0, 0.0, 0.0, 0.0, 0.0, 0.0, 0.0, 0.0, 0.0, 0.0, 1.0, 1.0, 0.0, 0.0, 0.0, 0.0, 0.0, 0.0, 1.0, 1.0, 0.0, 0.0, 0.0, 0.0, 0.0, 0.0, 0.0, 0.0, 0.0, 0.0, 0.0, 0.0, 0.0, 0.0, 0.0, 0.0, 0.0, 0.0, 0.0, 0.0, 0.0, 0.0, 0.0, 0.0]",NS,False
458,ENTm5,-0.3918991421768393,40.47465242819374,53.966203237591664,47.41600215020345,1.5,7,False,,,,,,,29,23,7.357357357357358,-29.0,14.0,-0.3918991421768393,-0.12312911162110401,0.03730660914278676,0.03042999904219098,-3510.0,2714.775541923176,4263.1889081876725,782.0,1275.0,0.023744749485998758,1.464139788012225,2.395894855759272,0.4878722272854021,,Other,100.0,100.0,96.36363636363636,92.10526315789474,"[0.0, 0.0, 0.0, 0.0, 0.0, 0.0, 0.0, 0.0, 0.0, 0.0, 0.0, 0.0, 0.0, 0.0, 0.0, 0.0, 0.0, 0.0, 0.0, 0.0, 0.0, 0.0, 0.0, 0.0, 0.0, 0.0, 0.0, 0.0, 0.0, 0.0, 0.0, 0.0, 0.0, 0.0, 0.0, 0.0, 0.0, 0.0, 0.0, 0.0, 0.0, 1.0, 1.0, 1.0, 1.0, 1.0, 1.0, 1.0, 1.0, 1.0, 1.0, 1.0, 1.0, 1.0, 1.0, 0.0, 0.0, 0.0, 0.0, 0.0, 0.0, 0.0, 0.0, 0.0, 0.0, 0.0, 0.0, 0.0, 0.0, 0.0, 0.0, 0.0, 0.0, 0.0, 0.0, 0.0, 0.0, 0.0, 0.0, 0.0, 0.0, 0.0, 0.0, 0.0, 0.0, 0.0, 0.0, 0.0, 0.0, 0.0, 0.0, 0.0, 0.0, 0.0, 0.0, 0.0, 0.0, 0.0, 0.0, 0.0, 0.0, 0.0, 0.0, 0.0, 0.0, 0.0, 0.0, 0.0, 0.0, 0.0, 0.0, 0.0, 0.0, 0.0, 0.0, 0.0, 0.0, 1.0, 1.0, 0.0, 0.0, 0.0, 0.0, 0.0, 0.0, 0.0, 0.0, 0.0, 0.0, 0.0, 0.0, 0.0, 0.0, 0.0, 0.0, 0.0, 0.0, 0.0, 0.0, 0.0, 0.0, 0.0, 0.0, 0.0, 0.0, 0.0, 0.0]",NS,False
459,ENTm5,-0.16520317417956304,28.957888342067353,38.61051778942314,7.145127395084592,1.5,7,False,,,,,,,29,23,7.357357357357358,21.0,-40.0,-0.16520317417956304,-0.3409479240407732,0.020157047274205506,0.019852383833569947,-3510.0,2729.7464576508783,4264.122547451004,750.0,1260.0,0.06472954636325536,3.984365246581824,4.819280855551943,2.5334025348707354,,Other,100.0,100.0,95.1219512195122,86.66666666666667,"[1.0, 1.0, 1.0, 1.0, 1.0, 1.0, 1.0, 1.0, 1.0, 1.0, 1.0, 1.0, 1.0, 0.0, 0.0, 1.0, 1.0, 1.0, 1.0, 0.0, 0.0, 1.0, 1.0, 1.0, 1.0, 1.0, 1.0, 1.0, 1.0, 1.0, 1.0, 0.0, 0.0, 1.0, 1.0, 1.0, 1.0, 1.0, 1.0, 1.0, 1.0, 1.0, 1.0, 0.0, 0.0, 1.0, 1.0, 1.0, 1.0, 0.0, 0.0, 0.0, 0.0, 0.0, 0.0, 0.0, 0.0, 0.0, 0.0, 1.0, 1.0, 0.0, 0.0, 0.0, 0.0, 0.0, 0.0, 0.0, 0.0, 1.0, 1.0, 0.0, 0.0, 0.0, 0.0, 0.0, 0.0, 0.0, 0.0, 0.0, 0.0, 0.0, 0.0, 0.0, 0.0, 0.0, 0.0, 0.0, 0.0, 0.0, 0.0, 0.0, 0.0, 0.0, 0.0, 0.0, 0.0, 0.0, 0.0, 0.0, 0.0, 0.0, 0.0, 0.0, 0.0, 0.0, 0.0, 0.0, 0.0, 0.0, 0.0, 1.0, 1.0, 1.0, 1.0, 0.0, 0.0, 1.0, 1.0, 0.0, 0.0, 1.0, 1.0, 0.0, 0.0, 0.0, 0.0, 1.0, 1.0, 1.0, 1.0, 1.0, 1.0, 1.0, 1.0, 0.0, 0.0, 0.0, 0.0, 0.0, 0.0, 0.0, 0.0, 0.0, 0.0, 0.0, 0.0]",NS,False
461,ENTm5,0.005588390187325709,47.100900416157614,62.80120055487682,52.051850101541696,1.5,7,False,,,,,,,29,23,7.357357357357358,7.0,-17.0,0.005588390187325709,-0.3141659280523585,0.030331956184343783,0.021512968253727435,-3510.0,2699.8046261954737,4262.25526892434,782.0,1290.0,0.023235809420176754,8.000172623460452,7.560064609184768,9.753288019809975,,Other,98.4375,100.0,66.66666666666667,33.333333333333336,"[1.0, 1.0, 1.0, 1.0, 1.0, 1.0, 1.0, 1.0, 1.0, 1.0, 1.0, 1.0, 1.0, 1.0, 1.0, 1.0, 1.0, 1.0, 1.0, 1.0, 1.0, 1.0, 1.0, 1.0, 1.0, 1.0, 1.0, 1.0, 1.0, 1.0, 1.0, 1.0, 1.0, 1.0, 1.0, 1.0, 1.0, 1.0, 1.0, 1.0, 1.0, 1.0, 1.0, 1.0, 1.0, 1.0, 1.0, 1.0, 1.0, 1.0, 1.0, 1.0, 1.0, 1.0, 1.0, 1.0, 1.0, 1.0, 1.0, 1.0, 1.0, 1.0, 1.0, 1.0, 1.0, 1.0, 1.0, 1.0, 1.0, 1.0, 1.0, 1.0, 1.0, 1.0, 1.0, 1.0, 1.0, 1.0, 1.0, 1.0, 1.0, 1.0, 1.0, 1.0, 1.0, 1.0, 1.0, 1.0, 1.0, 1.0, 1.0, 1.0, 1.0, 1.0, 1.0, 1.0, 1.0, 1.0, 1.0, 1.0, 1.0, 1.0, 1.0, 1.0, 1.0, 1.0, 1.0, 1.0, 1.0, 1.0, 1.0, 1.0, 1.0, 1.0, 1.0, 1.0, 1.0, 1.0, 1.0, 1.0, 1.0, 1.0, 1.0, 1.0, 1.0, 1.0, 1.0, 1.0, 1.0, 1.0, 1.0, 1.0, 1.0, 1.0, 1.0, 0.0, 0.0, 0.0, 0.0, 0.0, 0.0, 0.0, 0.0, 0.0, 0.0, 0.0, 0.0]",NS,False
462,ENTm5,-0.41365283971261546,35.542311440950066,47.38974858793342,3.2267925695670203,1.5,7,False,,,,,,,29,23,7.357357357357358,8.0,-46.0,-0.41365283971261546,-0.5237701774953061,0.04960420177303998,0.043426429164844176,-3510.0,2699.8046261954737,4262.25526892434,750.0,1290.0,0.02939657146936955,2.833028416595896,3.196470292610684,2.951652953363545,,Other,98.27586206896552,100.0,88.88888888888889,68.42105263157895,"[1.0, 1.0, 1.0, 1.0, 1.0, 1.0, 1.0, 1.0, 1.0, 1.0, 1.0, 1.0, 1.0, 1.0, 1.0, 1.0, 1.0, 1.0, 1.0, 1.0, 1.0, 1.0, 1.0, 1.0, 1.0, 1.0, 1.0, 1.0, 1.0, 1.0, 1.0, 1.0, 1.0, 1.0, 1.0, 1.0, 1.0, 1.0, 1.0, 1.0, 1.0, 1.0, 1.0, 1.0, 1.0, 1.0, 1.0, 1.0, 1.0, 1.0, 1.0, 1.0, 1.0, 1.0, 1.0, 1.0, 1.0, 1.0, 1.0, 1.0, 1.0, 1.0, 1.0, 1.0, 1.0, 1.0, 1.0, 1.0, 1.0, 1.0, 1.0, 1.0, 1.0, 1.0, 1.0, 1.0, 1.0, 0.0, 0.0, 0.0, 0.0, 1.0, 1.0, 1.0, 1.0, 1.0, 1.0, 1.0, 1.0, 1.0, 1.0, 1.0, 1.0, 1.0, 1.0, 1.0, 1.0, 1.0, 1.0, 0.0, 0.0, 0.0, 0.0, 0.0, 0.0, 0.0, 0.0, 1.0, 1.0, 0.0, 0.0, 1.0, 1.0, 1.0, 1.0, 1.0, 1.0, 1.0, 1.0, 1.0, 1.0, 1.0, 1.0, 1.0, 1.0, 1.0, 1.0, 1.0, 1.0, 1.0, 1.0, 1.0, 1.0, 0.0, 0.0, 0.0, 0.0, 0.0, 0.0, 0.0, 0.0, 0.0, 0.0, 0.0, 0.0, 0.0, 0.0]",NS,False
463,ENTm5,0.01494325423512606,23.530213843107628,31.373618457476834,52.916284992571796,1.5,7,False,,,,,,,29,23,7.357357357357358,23.0,25.0,0.01494325423512606,-0.2379363441483351,0.028306068470867224,0.031573999592314876,-3510.0,2684.833710467771,4261.321629661009,782.0,1305.0,0.030145796971188004,1.5163892104172092,2.21928508196895,0.6951789564514036,,Other,92.85714285714286,100.0,98.11320754716981,90.625,"[0.0, 0.0, 0.0, 0.0, 0.0, 0.0, 0.0, 0.0, 0.0, 0.0, 0.0, 0.0, 0.0, 0.0, 0.0, 0.0, 0.0, 0.0, 0.0, 0.0, 0.0, 0.0, 0.0, 0.0, 0.0, 0.0, 0.0, 1.0, 1.0, 1.0, 1.0, 0.0, 0.0, 0.0, 0.0, 0.0, 0.0, 0.0, 0.0, 0.0, 0.0, 0.0, 0.0, 1.0, 1.0, 0.0, 0.0, 0.0, 0.0, 1.0, 1.0, 1.0, 1.0, 1.0, 1.0, 1.0, 1.0, 1.0, 1.0, 0.0, 0.0, 1.0, 1.0, 0.0, 0.0, 0.0, 0.0, 0.0, 0.0, 0.0, 0.0, 0.0, 0.0, 0.0, 0.0, 0.0, 0.0, 0.0, 0.0, 0.0, 0.0, 0.0, 0.0, 0.0, 0.0, 0.0, 0.0, 0.0, 0.0, 0.0, 0.0, 0.0, 0.0, 0.0, 0.0, 1.0, 1.0, 1.0, 1.0, 0.0, 0.0, 1.0, 1.0, 1.0, 1.0, 1.0, 1.0, 1.0, 1.0, 0.0, 0.0, 0.0, 0.0, 0.0, 0.0, 0.0, 0.0, 0.0, 0.0, 0.0, 0.0, 0.0, 0.0, 0.0, 0.0, 0.0, 0.0, 0.0, 0.0, 0.0, 0.0, 0.0, 0.0, 0.0, 0.0, 0.0, 0.0, 0.0, 0.0, 0.0, 0.0, 0.0, 0.0, 0.0, 0.0, 0.0, 0.0]",NS,False
464,ENTm5,-0.443299947428981,36.17294169450361,48.23058892600481,5.133733245174348,1.5,7,False,,,,,,,29,23,7.357357357357358,47.0,-29.0,-0.443299947428981,-0.20009076298878103,0.1435776174576617,0.12427230333005444,-3510.0,2699.8046261954737,4262.25526892434,782.0,1290.0,0.03835681893955863,1.8800544380412785,0.8430617503575741,2.4804068296704043,,Other,97.61904761904762,89.1304347826087,96.0,97.05882352941177,"[0.0, 0.0, 0.0, 0.0, 0.0, 0.0, 0.0, 0.0, 0.0, 0.0, 0.0, 0.0, 0.0, 0.0, 0.0, 0.0, 0.0, 1.0, 1.0, 1.0, 1.0, 1.0, 1.0, 1.0, 1.0, 1.0, 1.0, 1.0, 1.0, 1.0, 1.0, 1.0, 1.0, 1.0, 1.0, 1.0, 1.0, 1.0, 1.0, 1.0, 1.0, 1.0, 1.0, 1.0, 1.0, 1.0, 1.0, 1.0, 1.0, 1.0, 1.0, 1.0, 1.0, 1.0, 1.0, 1.0, 1.0, 1.0, 1.0, 1.0, 1.0, 1.0, 1.0, 1.0, 1.0, 1.0, 1.0, 1.0, 1.0, 0.0, 0.0, 1.0, 1.0, 1.0, 1.0, 1.0, 1.0, 1.0, 1.0, 1.0, 1.0, 1.0, 1.0, 1.0, 1.0, 1.0, 1.0, 1.0, 1.0, 1.0, 1.0, 1.0, 1.0, 1.0, 1.0, 0.0, 0.0, 0.0, 0.0, 0.0, 0.0, 0.0, 0.0, 0.0, 0.0, 0.0, 0.0, 0.0, 0.0, 0.0, 0.0, 0.0, 0.0, 0.0, 0.0, 0.0, 0.0, 0.0, 0.0, 0.0, 0.0, 0.0, 0.0, 0.0, 0.0, 0.0, 0.0, 1.0, 1.0, 0.0, 0.0, 0.0, 0.0, 0.0, 0.0, 0.0, 0.0, 1.0, 1.0, 1.0, 1.0, 1.0, 1.0, 1.0, 1.0, 1.0, 1.0]",NS,False
466,ENTm5,-0.24448192067824448,22.171512912623594,29.562017216831457,16.62203449429083,1.5,7,False,,,,,,,29,23,7.357357357357358,47.0,-31.0,-0.24448192067824448,-0.5105863054214167,0.03335072961366524,0.025278927445343255,-3510.0,2684.833710467771,4261.321629661009,782.0,1305.0,0.023566722850776215,2.240945360050924,3.696309275036123,0.7637616337694793,,Other,100.0,100.0,94.5945945945946,88.0,"[0.0, 0.0, 0.0, 0.0, 0.0, 0.0, 0.0, 0.0, 0.0, 1.0, 1.0, 1.0, 1.0, 1.0, 1.0, 1.0, 1.0, 1.0, 1.0, 1.0, 1.0, 1.0, 1.0, 0.0, 0.0, 0.0, 0.0, 0.0, 0.0, 0.0, 0.0, 0.0, 0.0, 0.0, 0.0, 0.0, 0.0, 0.0, 0.0, 0.0, 0.0, 1.0, 1.0, 1.0, 1.0, 1.0, 1.0, 1.0, 1.0, 1.0, 1.0, 1.0, 1.0, 1.0, 1.0, 1.0, 1.0, 1.0, 1.0, 0.0, 0.0, 0.0, 0.0, 0.0, 0.0, 0.0, 0.0, 0.0, 0.0, 0.0, 0.0, 0.0, 0.0, 0.0, 0.0, 0.0, 0.0, 0.0, 0.0, 0.0, 0.0, 1.0, 1.0, 1.0, 1.0, 1.0, 1.0, 1.0, 1.0, 1.0, 1.0, 1.0, 1.0, 1.0, 1.0, 0.0, 0.0, 0.0, 0.0, 0.0, 0.0, 0.0, 0.0, 0.0, 0.0, 1.0, 1.0, 1.0, 1.0, 0.0, 0.0, 0.0, 0.0, 1.0, 1.0, 1.0, 1.0, 0.0, 0.0, 0.0, 0.0, 0.0, 0.0, 0.0, 0.0, 0.0, 0.0, 0.0, 0.0, 1.0, 1.0, 1.0, 1.0, 1.0, 1.0, 0.0, 0.0, 0.0, 0.0, 0.0, 0.0, 0.0, 0.0, 0.0, 0.0, 0.0, 0.0]",NS,False
467,ENTm5,-0.43980955081753026,51.262282829483645,68.34971043931152,18.27550806575181,1.5,7,False,,,,,,,29,23,7.357357357357358,22.0,-36.0,-0.43980955081753026,-0.18184577032982527,0.06018063495989253,0.054914985853805866,-3510.0,2684.833710467771,4261.321629661009,750.0,1305.0,0.01571820492244345,1.309703442142627,3.1298250949539588,0.6016571237449367,,Other,100.0,100.0,95.83333333333333,90.9090909090909,"[1.0, 1.0, 1.0, 1.0, 1.0, 1.0, 1.0, 1.0, 1.0, 0.0, 0.0, 0.0, 0.0, 0.0, 0.0, 0.0, 0.0, 0.0, 0.0, 0.0, 0.0, 0.0, 0.0, 0.0, 0.0, 0.0, 0.0, 1.0, 1.0, 0.0, 0.0, 0.0, 0.0, 0.0, 0.0, 0.0, 0.0, 1.0, 1.0, 1.0, 1.0, 1.0, 1.0, 1.0, 1.0, 1.0, 1.0, 0.0, 0.0, 0.0, 0.0, 0.0, 0.0, 0.0, 0.0, 0.0, 0.0, 0.0, 0.0, 0.0, 0.0, 1.0, 1.0, 1.0, 1.0, 1.0, 1.0, 0.0, 0.0, 0.0, 0.0, 0.0, 0.0, 0.0, 0.0, 0.0, 0.0, 0.0, 0.0, 0.0, 0.0, 0.0, 0.0, 0.0, 0.0, 0.0, 0.0, 0.0, 0.0, 0.0, 0.0, 0.0, 0.0, 0.0, 0.0, 0.0, 0.0, 0.0, 0.0, 1.0, 1.0, 0.0, 0.0, 0.0, 0.0, 0.0, 0.0, 0.0, 0.0, 0.0, 0.0, 0.0, 0.0, 0.0, 0.0, 0.0, 0.0, 0.0, 0.0, 1.0, 1.0, 1.0, 1.0, 0.0, 0.0, 0.0, 0.0, 0.0, 0.0, 0.0, 0.0, 0.0, 0.0, 0.0, 0.0, 0.0, 0.0, 0.0, 0.0, 0.0, 0.0, 0.0, 0.0, 0.0, 0.0, 0.0, 0.0]",NS,False
469,ENTm5,-0.5219343198392684,65.12070361855835,86.82760482474447,28.780804351979185,1.5,7,False,,,,,,,29,23,7.357357357357358,15.0,-27.0,-0.5219343198392684,-0.2988813766561416,0.10835644715492894,0.08284964668201775,-3510.0,2684.833710467771,4261.321629661009,782.0,1305.0,-0.00016941484433583817,7.797648313607507,11.157239152706513,5.0771963844866335,,Other,98.36065573770492,100.0,83.33333333333333,40.0,"[1.0, 1.0, 1.0, 1.0, 1.0, 1.0, 1.0, 1.0, 1.0, 1.0, 1.0, 1.0, 1.0, 1.0, 1.0, 1.0, 1.0, 1.0, 1.0, 1.0, 1.0, 1.0, 1.0, 1.0, 1.0, 1.0, 1.0, 1.0, 1.0, 1.0, 1.0, 1.0, 1.0, 1.0, 1.0, 1.0, 1.0, 1.0, 1.0, 1.0, 1.0, 1.0, 1.0, 1.0, 1.0, 1.0, 1.0, 1.0, 1.0, 1.0, 1.0, 1.0, 1.0, 1.0, 1.0, 1.0, 1.0, 1.0, 1.0, 1.0, 1.0, 1.0, 1.0, 1.0, 1.0, 1.0, 1.0, 1.0, 1.0, 1.0, 1.0, 1.0, 1.0, 1.0, 1.0, 1.0, 1.0, 1.0, 1.0, 1.0, 1.0, 1.0, 1.0, 1.0, 1.0, 1.0, 1.0, 1.0, 1.0, 1.0, 1.0, 1.0, 1.0, 1.0, 1.0, 1.0, 1.0, 1.0, 1.0, 1.0, 1.0, 1.0, 1.0, 0.0, 0.0, 1.0, 1.0, 1.0, 1.0, 1.0, 1.0, 1.0, 1.0, 1.0, 1.0, 1.0, 1.0, 1.0, 1.0, 1.0, 1.0, 1.0, 1.0, 1.0, 1.0, 1.0, 1.0, 1.0, 1.0, 1.0, 1.0, 1.0, 1.0, 0.0, 0.0, 0.0, 0.0, 0.0, 0.0, 0.0, 0.0, 0.0, 0.0, 0.0, 0.0, 0.0, 0.0]",NS,False
472,ENTm5,-0.28024767459118793,35.19450440096917,46.9260058679589,18.353247489306693,1.5,7,False,,,,,,,29,23,7.357357357357358,15.0,-49.0,-0.28024767459118793,0.018627036181857043,0.0920843294385282,0.07228569856512304,-3510.0,2684.833710467771,4261.321629661009,782.0,1305.0,0.026283640333638843,1.5610092923825274,3.4697156030032574,0.9975662155356464,,Other,93.75,90.19607843137256,100.0,96.55172413793103,"[1.0, 1.0, 1.0, 1.0, 1.0, 1.0, 1.0, 1.0, 1.0, 1.0, 1.0, 1.0, 1.0, 1.0, 1.0, 1.0, 1.0, 1.0, 1.0, 1.0, 1.0, 1.0, 1.0, 1.0, 1.0, 1.0, 1.0, 1.0, 1.0, 1.0, 1.0, 1.0, 1.0, 0.0, 0.0, 0.0, 0.0, 0.0, 0.0, 0.0, 0.0, 0.0, 0.0, 0.0, 0.0, 0.0, 0.0, 1.0, 1.0, 0.0, 0.0, 0.0, 0.0, 0.0, 0.0, 0.0, 0.0, 1.0, 1.0, 0.0, 0.0, 1.0, 1.0, 0.0, 0.0, 0.0, 0.0, 1.0, 1.0, 1.0, 1.0, 0.0, 0.0, 0.0, 0.0, 1.0, 1.0, 1.0, 1.0, 1.0, 1.0, 1.0, 1.0, 1.0, 1.0, 1.0, 1.0, 1.0, 1.0, 1.0, 1.0, 0.0, 0.0, 0.0, 0.0, 1.0, 1.0, 1.0, 1.0, 1.0, 1.0, 1.0, 1.0, 1.0, 1.0, 1.0, 1.0, 1.0, 1.0, 0.0, 0.0, 0.0, 0.0, 0.0, 0.0, 0.0, 0.0, 0.0, 0.0, 0.0, 0.0, 0.0, 0.0, 0.0, 0.0, 0.0, 0.0, 0.0, 0.0, 0.0, 0.0, 0.0, 0.0, 0.0, 0.0, 0.0, 0.0, 1.0, 1.0, 1.0, 1.0, 1.0, 1.0, 1.0, 1.0, 1.0, 1.0]",NS,False
