mouse,day,grid_module,target_cluster_id,cov_cluster_id,covariate_type,pR2_cv,euclidean_distance_um
20,16,1,108,,pos,0.0060142418462271,
20,16,1,108,252.0,pos+cell,0.0063893604270703,524.7817702090756
20,16,1,108,254.0,pos+cell,0.0061426862781375,503.5676320870001
20,16,1,108,258.0,pos+cell,0.0076230894328536,473.53145692616386
20,16,1,108,286.0,pos+cell,0.0052085229979285,697.0722322887324
20,16,1,108,290.0,pos+cell,0.0064308279687986,676.8936268412681
20,16,1,108,303.0,pos+cell,0.0058951249408221,638.8548756321595
20,16,1,108,323.0,pos+cell,0.0047169960874562,574.1399587559589
20,16,0,152,,pos,0.0030974199182127,
20,16,0,152,367.0,pos+cell,0.0005049826027245,331.080045687551
20,16,0,152,399.0,pos+cell,0.0018237252796234,401.60645424777294
20,16,1,252,,pos,0.0004970900527509,
20,16,1,252,108.0,pos+cell,0.0026387439005379,524.7817702090756
20,16,1,252,254.0,pos+cell,0.0013581755308787,30.000000000001155
20,16,1,252,258.0,pos+cell,0.0042660311738676,75.00000000000117
20,16,1,252,286.0,pos+cell,0.001183834634327,175.47267849618802
20,16,1,252,290.0,pos+cell,0.0014864810433472,160.62172614327602
20,16,1,252,303.0,pos+cell,0.0009931909508085,145.65951712978705
20,16,1,252,323.0,pos+cell,0.0005509652720404,183.44319821938632
20,16,1,254,,pos,0.0015961925489243,
20,16,1,254,108.0,pos+cell,0.0024543374283476,503.5676320870001
20,16,1,254,252.0,pos+cell,0.0021943034492209,30.000000000001155
20,16,1,254,258.0,pos+cell,0.0025485622655978,45.00000000000001
20,16,1,254,286.0,pos+cell,0.0013971167368207,193.87346511014456
20,16,1,254,290.0,pos+cell,0.0022506032248459,175.48756423095307
20,16,1,254,303.0,pos+cell,0.0016043881048129,150.37890361187291
20,16,1,254,323.0,pos+cell,0.0013970899473299,166.88221461588148
20,16,1,258,,pos,0.0014025823255126,
20,16,1,258,108.0,pos+cell,0.004643779358172,473.53145692616386
20,16,1,258,252.0,pos+cell,0.0052046097808587,75.00000000000117
20,16,1,258,254.0,pos+cell,0.002945644724879,45.00000000000001
20,16,1,258,286.0,pos+cell,0.0019558740278675,226.17760684160552
20,16,1,258,290.0,pos+cell,0.0020869893631676,204.1217887326427
20,16,1,258,303.0,pos+cell,0.0021207326301952,167.58428993508994
20,16,1,258,323.0,pos+cell,0.0013525438970997,150.07356005745186
20,16,1,286,,pos,-0.0053426923824381,
20,16,1,286,108.0,pos+cell,-0.0015452100440785,697.0722322887324
20,16,1,286,252.0,pos+cell,-0.0025757988011547,175.47267849618802
20,16,1,286,254.0,pos+cell,-0.0028579565432595,193.87346511014456
20,16,1,286,258.0,pos+cell,-0.0003990604752204,226.17760684160552
20,16,1,286,290.0,pos+cell,-0.0033293214382652,30.000000000000025
20,16,1,286,303.0,pos+cell,-0.0024354965803274,89.99999999999993
20,16,1,286,323.0,pos+cell,-0.0025103492993642,209.9999999999999
20,16,1,290,,pos,0.0049274153113299,
20,16,1,290,108.0,pos+cell,0.0053763014331159,676.8936268412681
20,16,1,290,252.0,pos+cell,0.004945529448876,160.62172614327602
20,16,1,290,254.0,pos+cell,0.0058002452715394,175.48756423095307
20,16,1,290,258.0,pos+cell,0.0052245259733759,204.1217887326427
20,16,1,290,286.0,pos+cell,0.0050717409169401,30.000000000000025
20,16,1,290,303.0,pos+cell,0.0058454233335078,59.99999999999991
20,16,1,290,323.0,pos+cell,0.004654648571933,179.99999999999986
20,16,1,303,,pos,0.0185853750606581,
20,16,1,303,108.0,pos+cell,0.0175534871671755,638.8548756321595
20,16,1,303,252.0,pos+cell,0.0175412347944404,145.65951712978705
20,16,1,303,254.0,pos+cell,0.0166912913025082,150.37890361187291
20,16,1,303,258.0,pos+cell,0.0177164826760282,167.58428993508994
20,16,1,303,286.0,pos+cell,0.0170379532259906,89.99999999999993
20,16,1,303,290.0,pos+cell,0.0190560847874813,59.99999999999991
20,16,1,303,323.0,pos+cell,0.017558201165237,119.99999999999996
20,16,1,323,,pos,0.0044958217580248,
20,16,1,323,108.0,pos+cell,0.0055415363658168,574.1399587559589
20,16,1,323,252.0,pos+cell,0.0051090754008458,183.44319821938632
20,16,1,323,254.0,pos+cell,0.0042444014286154,166.88221461588148
20,16,1,323,258.0,pos+cell,0.0048100652631839,150.07356005745186
20,16,1,323,286.0,pos+cell,0.0048027817004797,209.9999999999999
20,16,1,323,290.0,pos+cell,0.0052888886053704,179.99999999999986
20,16,1,323,303.0,pos+cell,0.0063595626038533,119.99999999999996
20,16,0,367,,pos,0.0006849604504831,
20,16,0,367,152.0,pos+cell,0.0002160878062014,331.080045687551
20,16,0,367,399.0,pos+cell,0.0006120359361164,368.3141471359857
20,16,0,399,,pos,-0.0024801972153709,
20,16,0,399,152.0,pos+cell,-0.0023942197272576,401.60645424777294
20,16,0,399,367.0,pos+cell,-0.0024824527886651,368.3141471359857
20,25,1,96,,pos,-0.0038583120241145,
20,25,1,96,100.0,pos+cell,-0.0006185106895556,44.999999999999936
20,25,1,96,103.0,pos+cell,-0.0013757831402587,60.00000000000031
20,25,1,96,121.0,pos+cell,-0.0019225790555923,210.00000000000043
20,25,1,100,,pos,0.004788653522067,
20,25,1,100,96.0,pos+cell,0.0048102716795564,44.999999999999936
20,25,1,100,103.0,pos+cell,0.0062031201139216,15.000000000000377
20,25,1,100,121.0,pos+cell,0.005459178591245,165.00000000000048
20,25,1,103,,pos,-0.0067453251023739,
20,25,1,103,96.0,pos+cell,0.0009894858052773,60.00000000000031
20,25,1,103,100.0,pos+cell,0.0038192309306479,15.000000000000377
20,25,1,103,121.0,pos+cell,-0.005361683278171,150.00000000000009
20,25,1,121,,pos,-0.0037398585144983,
20,25,1,121,96.0,pos+cell,-0.0026204865496624,210.00000000000043
20,25,1,121,100.0,pos+cell,-0.000782976852713,165.00000000000048
20,25,1,121,103.0,pos+cell,-0.0009325427553471,150.00000000000009
20,25,0,155,,pos,-0.0025781264638691,
20,25,0,155,157.0,pos+cell,0.0206868997636866,44.999999999999936
20,25,0,155,159.0,pos+cell,9.058418234781928e-05,74.9999999999996
20,25,0,155,160.0,pos+cell,-0.0006321217036793,104.9999999999998
20,25,0,155,163.0,pos+cell,-0.0009939327694713,120.00000000000009
20,25,0,155,164.0,pos+cell,0.0090648090626631,149.99999999999974
20,25,0,155,166.0,pos+cell,0.0003072002478812,165.00000000000003
20,25,0,155,168.0,pos+cell,0.0018638249917106,194.9999999999997
20,25,0,155,170.0,pos+cell,-0.0017021266799735,209.9999999999995
20,25,0,155,178.0,pos+cell,-0.0013347201936203,314.99999999999966
20,25,0,157,,pos,-0.0013671353164726,
20,25,0,157,155.0,pos+cell,0.0173727200049008,44.999999999999936
20,25,0,157,159.0,pos+cell,0.0002211982919258,29.999999999999655
20,25,0,157,160.0,pos+cell,-0.0002804142597471,59.99999999999986
20,25,0,157,163.0,pos+cell,-0.0013723864084372,75.00000000000014
20,25,0,157,164.0,pos+cell,0.0077958701564752,104.9999999999998
20,25,0,157,166.0,pos+cell,0.000464033933748,120.00000000000009
20,25,0,157,168.0,pos+cell,0.0005891511432775,149.99999999999974
20,25,0,157,170.0,pos+cell,-0.0005916861042567,164.99999999999957
20,25,0,157,178.0,pos+cell,-0.0003241667104105,269.9999999999997
20,25,0,159,,pos,0.0008259899903106,
20,25,0,159,155.0,pos+cell,0.0013804873125381,74.9999999999996
20,25,0,159,157.0,pos+cell,0.0011736565129305,29.999999999999655
20,25,0,159,160.0,pos+cell,0.0029459385047727,30.00000000000021
20,25,0,159,163.0,pos+cell,0.0055288661868538,45.00000000000048
20,25,0,159,164.0,pos+cell,0.0035956260399554,75.00000000000014
20,25,0,159,166.0,pos+cell,0.0019486678922441,90.00000000000043
20,25,0,159,168.0,pos+cell,0.0032489610008045,120.00000000000009
20,25,0,159,170.0,pos+cell,0.0026930186599198,134.99999999999991
20,25,0,159,178.0,pos+cell,0.0006144507442697,240.00000000000009
20,25,0,160,,pos,-0.0011601927919248,
20,25,0,160,155.0,pos+cell,0.0008201408334066,104.9999999999998
20,25,0,160,157.0,pos+cell,-0.0006291294373293,59.99999999999986
20,25,0,160,159.0,pos+cell,0.0014660800406988,30.00000000000021
20,25,0,160,163.0,pos+cell,0.0169098457506524,15.00000000000028
20,25,0,160,164.0,pos+cell,0.0009548602328433,44.999999999999936
20,25,0,160,166.0,pos+cell,0.0008904973980772,60.00000000000022
20,25,0,160,168.0,pos+cell,0.0041524553067678,89.99999999999987
20,25,0,160,170.0,pos+cell,0.0008055504713475,104.9999999999997
20,25,0,160,178.0,pos+cell,7.819843728646969e-05,209.99999999999983
20,25,0,163,,pos,0.000458996034329,
20,25,0,163,155.0,pos+cell,0.0012711226560529,120.00000000000009
20,25,0,163,157.0,pos+cell,0.0006528973646424,75.00000000000014
20,25,0,163,159.0,pos+cell,0.0046342037765106,45.00000000000048
20,25,0,163,160.0,pos+cell,0.0158830073182809,15.00000000000028
20,25,0,163,164.0,pos+cell,0.0037854911743355,29.999999999999655
20,25,0,163,166.0,pos+cell,0.002001688724314,44.999999999999936
20,25,0,163,168.0,pos+cell,0.0060549468997317,74.9999999999996
20,25,0,163,170.0,pos+cell,0.0054071926243708,89.99999999999943
20,25,0,163,178.0,pos+cell,0.0015977075438547,194.99999999999957
20,25,0,164,,pos,0.0010960659137673,
20,25,0,164,155.0,pos+cell,0.0067974458384479,149.99999999999974
20,25,0,164,157.0,pos+cell,0.00577842943549,104.9999999999998
20,25,0,164,159.0,pos+cell,0.0039685092749883,75.00000000000014
20,25,0,164,160.0,pos+cell,0.0034550617110656,44.999999999999936
20,25,0,164,163.0,pos+cell,0.0077621747759644,29.999999999999655
20,25,0,164,166.0,pos+cell,0.01201918065851,15.00000000000028
20,25,0,164,168.0,pos+cell,0.0216953617831034,44.999999999999936
20,25,0,164,170.0,pos+cell,0.0016474210532876,59.999999999999766
20,25,0,164,178.0,pos+cell,0.0035496846692904,164.99999999999994
20,25,0,166,,pos,-0.0029953274303069,
20,25,0,166,155.0,pos+cell,0.0012970242091308,165.00000000000003
20,25,0,166,157.0,pos+cell,0.0005432723715512,120.00000000000009
20,25,0,166,159.0,pos+cell,0.0007104938430758,90.00000000000043
20,25,0,166,160.0,pos+cell,-0.0018535786819225,60.00000000000022
20,25,0,166,163.0,pos+cell,-3.19590341561371e-05,44.999999999999936
20,25,0,166,164.0,pos+cell,0.0036526034511854,15.00000000000028
20,25,0,166,168.0,pos+cell,0.0103624059033186,29.999999999999655
20,25,0,166,170.0,pos+cell,-0.0014954766742042,44.99999999999949
20,25,0,166,178.0,pos+cell,-0.0004007668460743,149.99999999999966
20,25,0,168,,pos,-0.0013332481436808,
20,25,0,168,155.0,pos+cell,0.0034006897234194,194.9999999999997
20,25,0,168,157.0,pos+cell,0.0016594561562536,149.99999999999974
20,25,0,168,159.0,pos+cell,0.0124346213593254,120.00000000000009
20,25,0,168,160.0,pos+cell,0.0035007864425613,89.99999999999987
20,25,0,168,163.0,pos+cell,0.0045765868695,74.9999999999996
20,25,0,168,164.0,pos+cell,0.0060096778135066,44.999999999999936
20,25,0,168,166.0,pos+cell,0.0060768115716263,29.999999999999655
20,25,0,168,170.0,pos+cell,0.0059422405442127,14.999999999999828
20,25,0,168,178.0,pos+cell,-0.0002221894958917,120.0
20,25,0,170,,pos,-0.0005520246795751,
20,25,0,170,155.0,pos+cell,-0.0013488898341061,209.9999999999995
20,25,0,170,157.0,pos+cell,-0.000304197873058,164.99999999999957
20,25,0,170,159.0,pos+cell,-0.0001571991125174,134.99999999999991
20,25,0,170,160.0,pos+cell,-0.0017522503534509,104.9999999999997
20,25,0,170,163.0,pos+cell,0.0027626299469074,89.99999999999943
20,25,0,170,164.0,pos+cell,0.0022509304403482,59.999999999999766
20,25,0,170,166.0,pos+cell,0.0002951414689774,44.99999999999949
20,25,0,170,168.0,pos+cell,0.0028333104464168,14.999999999999828
20,25,0,170,178.0,pos+cell,0.0001492060267335,105.00000000000016
20,25,0,178,,pos,-0.0026439906475186,
20,25,0,178,155.0,pos+cell,-0.0002546360949374,314.99999999999966
20,25,0,178,157.0,pos+cell,-0.0008939149930427,269.9999999999997
20,25,0,178,159.0,pos+cell,-0.0015062557395432,240.00000000000009
20,25,0,178,160.0,pos+cell,-0.0006178198667428,209.99999999999983
20,25,0,178,163.0,pos+cell,-1.3446745441458852e-05,194.99999999999957
20,25,0,178,164.0,pos+cell,0.0002127934978379,164.99999999999994
20,25,0,178,166.0,pos+cell,9.674353677845416e-05,149.99999999999966
20,25,0,178,168.0,pos+cell,0.0004623022729187,120.0
20,25,0,178,170.0,pos+cell,-0.0003362634968632,105.00000000000016
21,16,0,16,,pos,-0.0071611152700622,
21,16,0,16,201.0,pos+cell,-0.0067958251412195,311.69590559409227
21,16,0,16,294.0,pos+cell,-0.0052432470783563,529.4621722141749
21,16,0,16,313.0,pos+cell,-0.0073988892234948,562.8926599390454
21,16,0,16,326.0,pos+cell,-0.0096544223021501,541.1415573632632
21,16,0,16,466.0,pos+cell,-0.0088320815499691,597.5619644888529
21,16,0,16,475.0,pos+cell,-0.0072250695524358,597.8625900596543
21,16,0,16,482.0,pos+cell,-0.0052151473246201,599.590215873274
21,16,0,16,484.0,pos+cell,-0.0057105759435317,602.8077449312353
21,16,0,16,485.0,pos+cell,-0.0080286585209229,602.8077449312353
21,16,0,16,495.0,pos+cell,-0.0050868103905169,613.6079188743613
21,16,0,16,499.0,pos+cell,-0.0020311747742252,617.1904513959896
21,16,0,16,502.0,pos+cell,-0.0072709138128095,621.1146661313401
21,16,0,16,506.0,pos+cell,-0.0103248793107464,625.3741309588255
21,16,0,16,510.0,pos+cell,-0.0067905826635393,634.8712893576372
21,16,0,16,513.0,pos+cell,-0.0078599055980184,651.4519779828828
21,16,0,16,524.0,pos+cell,-0.0063694320186621,663.971708731579
21,16,0,16,529.0,pos+cell,-0.0070812115838262,677.5892416309852
21,16,0,16,540.0,pos+cell,-0.0046087414336785,699.9323581184377
21,16,0,201,,pos,0.0181808905498715,
21,16,0,201,16.0,pos+cell,0.0163805904772021,311.69590559409227
21,16,0,201,294.0,pos+cell,0.0136091423656743,539.9999999999999
21,16,0,201,313.0,pos+cell,0.0145936770681693,251.9662330217265
21,16,0,201,326.0,pos+cell,0.0144549950690456,233.24946669366025
21,16,0,201,466.0,pos+cell,0.0132628308217033,425.41981647618246
21,16,0,201,475.0,pos+cell,0.0148044012917781,428.7110016210961
21,16,0,201,482.0,pos+cell,0.015057761386368,436.7669037732056
21,16,0,201,484.0,pos+cell,0.0149201942216107,446.6962430469972
21,16,0,201,485.0,pos+cell,0.0128132458831182,446.6962430469972
21,16,0,201,495.0,pos+cell,0.0127923289307758,471.67991709806864
21,16,0,201,499.0,pos+cell,0.015844528211941,478.8977415419447
21,16,0,201,502.0,pos+cell,0.0143582564206608,486.4711188902272
21,16,0,201,506.0,pos+cell,0.0146271968808227,494.38370945515993
21,16,0,201,510.0,pos+cell,0.0143810150902026,511.1628483128581
21,16,0,201,513.0,pos+cell,0.0151106776606867,538.4893364555304
21,16,0,201,524.0,pos+cell,0.0138748940267535,557.9811563099483
21,16,0,201,529.0,pos+cell,0.0141119348158177,578.3728694515813
21,16,0,201,540.0,pos+cell,0.0136661250156775,610.449411580239
21,16,0,294,,pos,0.0119435911855087,
21,16,0,294,16.0,pos+cell,0.0107249866726591,529.4621722141749
21,16,0,294,201.0,pos+cell,0.0101151288615343,539.9999999999999
21,16,0,294,313.0,pos+cell,0.0103884141828301,679.6880159544745
21,16,0,294,326.0,pos+cell,0.0102862214404165,609.8385604239807
21,16,0,294,466.0,pos+cell,0.0101648867347078,609.6109037249521
21,16,0,294,475.0,pos+cell,0.0098619330768307,598.5689300063771
21,16,0,294,482.0,pos+cell,0.0107422026683268,577.0211296185191
21,16,0,294,484.0,pos+cell,0.0096539514953589,556.2571384562045
21,16,0,294,485.0,pos+cell,0.009287975835828,556.2571384562045
21,16,0,294,495.0,pos+cell,0.0094930990047051,517.4545817731172
21,16,0,294,499.0,pos+cell,0.0097110591416709,508.3980273630275
21,16,0,294,502.0,pos+cell,0.0095208538715901,499.6277256670658
21,16,0,294,506.0,pos+cell,0.009582624314579,491.1590112009256
21,16,0,294,510.0,pos+cell,0.0105588976675007,475.1902717239952
21,16,0,294,513.0,pos+cell,0.0096030381892582,453.9093790912493
21,16,0,294,524.0,pos+cell,0.0094937228001553,441.70391042445743
21,16,0,294,529.0,pos+cell,0.0095450130248278,431.243509564503
21,16,0,294,540.0,pos+cell,0.0098782135564631,419.10487306566824
21,16,0,313,,pos,-0.0015023743681635,
21,16,0,313,16.0,pos+cell,-0.0012773750907424,562.8926599390454
21,16,0,313,201.0,pos+cell,0.0002009715239238,251.9662330217265
21,16,0,313,294.0,pos+cell,-0.0014392231291269,679.6880159544745
21,16,0,313,326.0,pos+cell,-0.0001878618491164,75.00000000000007
21,16,0,313,466.0,pos+cell,-0.0005605760700406,415.598107021317
21,16,0,313,475.0,pos+cell,-0.0006681248800778,422.0028614395706
21,16,0,313,482.0,pos+cell,0.0004359348285609,436.0798918434016
21,16,0,313,484.0,pos+cell,0.000315067574259,451.7133262115695
21,16,0,313,485.0,pos+cell,0.0026385741639821,451.7133262115695
21,16,0,313,495.0,pos+cell,-0.0002012190663722,487.0353612326877
21,16,0,313,499.0,pos+cell,0.0008847446655409,496.6065561332611
21,16,0,313,502.0,pos+cell,0.0005801057222352,506.4412109001606
21,16,0,313,506.0,pos+cell,0.0031293512563647,516.5242768752545
21,16,0,313,510.0,pos+cell,0.0034588846410317,537.3793684246466
21,16,0,313,513.0,pos+cell,-0.0022522237402198,570.1933629207924
21,16,0,313,524.0,pos+cell,0.0049358845522353,592.9584539627458
21,16,0,313,529.0,pos+cell,0.0037008918709341,616.3432364623278
21,16,0,313,540.0,pos+cell,0.0052613165897808,652.4361046442075
21,16,1,324,,pos,0.0130448958657327,
21,16,1,324,476.0,pos+cell,0.0134095845588711,394.2239303697653
21,16,1,324,490.0,pos+cell,0.0136957232930915,424.29453086484
21,16,0,326,,pos,0.0076576038983583,
21,16,0,326,16.0,pos+cell,0.0075799763509218,541.1415573632632
21,16,0,326,201.0,pos+cell,0.006792573815698,233.24946669366025
21,16,0,326,294.0,pos+cell,0.0075241273114097,609.8385604239807
21,16,0,326,313.0,pos+cell,0.0076147067444381,75.00000000000007
21,16,0,326,466.0,pos+cell,0.0083788982047194,385.6386529096032
21,16,0,326,475.0,pos+cell,0.0076024371971049,389.6663174397541
21,16,0,326,482.0,pos+cell,0.0073747719123466,399.2933453055677
21,16,0,326,484.0,pos+cell,0.0063596293318743,410.88990284936807
21,16,0,326,485.0,pos+cell,0.0121712538754486,410.88990284936807
21,16,0,326,495.0,pos+cell,0.009323386403312,439.3417639834248
21,16,0,326,499.0,pos+cell,0.0095827988325369,447.43027826600303
21,16,0,326,502.0,pos+cell,0.0097868163420345,455.86897485825745
21,16,0,326,506.0,pos+cell,0.0081591457982838,464.6387742832539
21,16,0,326,510.0,pos+cell,0.0035965358038272,483.09887934634753
21,16,0,326,513.0,pos+cell,0.0097777803457754,512.8377250291503
21,16,0,326,524.0,pos+cell,0.0093800085643501,533.8519166129558
21,16,0,326,529.0,pos+cell,0.007155201392758,555.6916460858291
21,16,0,326,540.0,pos+cell,0.0109064742663836,589.7976013150239
21,16,0,466,,pos,0.0022907228823486,
21,16,0,466,16.0,pos+cell,0.0024996798085796,597.5619644888529
21,16,0,466,201.0,pos+cell,0.0017943060396878,425.41981647618246
21,16,0,466,294.0,pos+cell,0.0023619111305144,609.6109037249521
21,16,0,466,313.0,pos+cell,0.0031313520793403,415.598107021317
21,16,0,466,326.0,pos+cell,0.0028809286964481,385.6386529096032
21,16,0,466,475.0,pos+cell,0.0043635298450525,15.000000000000234
21,16,0,466,482.0,pos+cell,0.0036456304027084,45.00000000000045
21,16,0,466,484.0,pos+cell,0.0042367248457887,75.00000000000034
21,16,0,466,485.0,pos+cell,0.0078529663863976,75.00000000000034
21,16,0,466,495.0,pos+cell,0.0131480638065013,135.00000000000043
21,16,0,466,499.0,pos+cell,0.0072531092956322,150.00000000000068
21,16,0,466,502.0,pos+cell,0.0080243208816868,164.9999999999999
21,16,0,466,506.0,pos+cell,0.0044730730269388,180.0
21,16,0,466,510.0,pos+cell,0.0061191290373514,210.0000000000003
21,16,0,466,513.0,pos+cell,0.0036333940545238,255.0000000000003
21,16,0,466,524.0,pos+cell,0.0042203588529074,285.0000000000002
21,16,0,466,529.0,pos+cell,0.0025179461485746,315.00000000000045
21,16,0,466,540.0,pos+cell,0.0070266846274123,360.0000000000001
21,16,0,475,,pos,0.0038226747851121,
21,16,0,475,16.0,pos+cell,0.0034122611310744,597.8625900596543
21,16,0,475,201.0,pos+cell,0.0033812213640413,428.7110016210961
21,16,0,475,294.0,pos+cell,0.0028708899043643,598.5689300063771
21,16,0,475,313.0,pos+cell,0.0029426032228463,422.0028614395706
21,16,0,475,326.0,pos+cell,0.0028163248205861,389.6663174397541
21,16,0,475,466.0,pos+cell,0.0046745207651501,15.000000000000234
21,16,0,475,482.0,pos+cell,0.0081827099642655,30.000000000000217
21,16,0,475,484.0,pos+cell,0.0041578216328998,60.0000000000001
21,16,0,475,485.0,pos+cell,0.0070226595238785,60.0000000000001
21,16,0,475,495.0,pos+cell,0.0082460452055558,120.0000000000002
21,16,0,475,499.0,pos+cell,0.0071123498729947,135.00000000000043
21,16,0,475,502.0,pos+cell,0.0075622460390098,149.99999999999963
21,16,0,475,506.0,pos+cell,0.0059067567157938,164.99999999999977
21,16,0,475,510.0,pos+cell,0.0034575256473077,195.00000000000009
21,16,0,475,513.0,pos+cell,0.003859034615024,240.00000000000009
21,16,0,475,524.0,pos+cell,0.0052320586881268,270.0
21,16,0,475,529.0,pos+cell,0.00503903607036,300.00000000000017
21,16,0,475,540.0,pos+cell,0.0051869223144881,344.9999999999999
21,16,1,476,,pos,0.0100681021428024,
21,16,1,476,324.0,pos+cell,0.0109598317093137,394.2239303697653
21,16,1,476,490.0,pos+cell,0.0140320953474945,75.00000000000001
21,16,0,482,,pos,0.0308256786847984,
21,16,0,482,16.0,pos+cell,0.0308900998678596,599.590215873274
21,16,0,482,201.0,pos+cell,0.0306894286400305,436.7669037732056
21,16,0,482,294.0,pos+cell,0.033573429864588,577.0211296185191
21,16,0,482,313.0,pos+cell,0.0337607030189309,436.0798918434016
21,16,0,482,326.0,pos+cell,0.0330270043538684,399.2933453055677
21,16,0,482,466.0,pos+cell,0.0329120747151018,45.00000000000045
21,16,0,482,475.0,pos+cell,0.0500308157360249,30.000000000000217
21,16,0,482,484.0,pos+cell,0.0351726622986236,29.99999999999989
21,16,0,482,485.0,pos+cell,0.0386877077204908,29.99999999999989
21,16,0,482,495.0,pos+cell,0.0366471600926215,89.99999999999999
21,16,0,482,499.0,pos+cell,0.0427469786051647,105.00000000000024
21,16,0,482,502.0,pos+cell,0.0401349463308388,119.99999999999945
21,16,0,482,506.0,pos+cell,0.0329489617045699,134.99999999999957
21,16,0,482,510.0,pos+cell,0.0524863205085693,164.9999999999999
21,16,0,482,513.0,pos+cell,0.0335202727844,209.9999999999999
21,16,0,482,524.0,pos+cell,0.0381044340578741,239.99999999999977
21,16,0,482,529.0,pos+cell,0.036284570024998,270.0
21,16,0,482,540.0,pos+cell,0.0465970018059315,314.99999999999966
21,16,0,484,,pos,0.0143297294002602,
21,16,0,484,16.0,pos+cell,0.0133712479248742,602.8077449312353
21,16,0,484,201.0,pos+cell,0.0133082070064215,446.6962430469972
21,16,0,484,294.0,pos+cell,0.0119922339713061,556.2571384562045
21,16,0,484,313.0,pos+cell,0.0132623822750879,451.7133262115695
21,16,0,484,326.0,pos+cell,0.0138945646075513,410.88990284936807
21,16,0,484,466.0,pos+cell,0.0139239701683903,75.00000000000034
21,16,0,484,475.0,pos+cell,0.0152825251647675,60.0000000000001
21,16,0,484,482.0,pos+cell,0.0167739069264534,29.99999999999989
21,16,0,484,485.0,pos+cell,0.0160852518586024,0.0
21,16,0,484,495.0,pos+cell,0.0243990348375047,60.0000000000001
21,16,0,484,499.0,pos+cell,0.022309600872448,75.00000000000034
21,16,0,484,502.0,pos+cell,0.0153627845151837,89.99999999999955
21,16,0,484,506.0,pos+cell,0.0191527706309014,104.99999999999966
21,16,0,484,510.0,pos+cell,0.0119356954993213,135.0
21,16,0,484,513.0,pos+cell,0.013036223922377,180.0
21,16,0,484,524.0,pos+cell,0.0134540492108177,209.9999999999999
21,16,0,484,529.0,pos+cell,0.014861418733401,240.00000000000009
21,16,0,484,540.0,pos+cell,0.0152231520680096,284.9999999999998
21,16,0,485,,pos,0.015068726398881,
21,16,0,485,16.0,pos+cell,0.0150886928458056,602.8077449312353
21,16,0,485,201.0,pos+cell,0.0148123279146164,446.6962430469972
21,16,0,485,294.0,pos+cell,0.0160926670164894,556.2571384562045
21,16,0,485,313.0,pos+cell,0.0156530132962031,451.7133262115695
21,16,0,485,326.0,pos+cell,0.0164887152039614,410.88990284936807
21,16,0,485,466.0,pos+cell,0.0183789666139967,75.00000000000034
21,16,0,485,475.0,pos+cell,0.0191073942400999,60.0000000000001
21,16,0,485,482.0,pos+cell,0.0170979210694754,29.99999999999989
21,16,0,485,484.0,pos+cell,0.0159244231165991,0.0
21,16,0,485,495.0,pos+cell,0.0227762945515945,60.0000000000001
21,16,0,485,499.0,pos+cell,0.0219165975127394,75.00000000000034
21,16,0,485,502.0,pos+cell,0.0171072417870275,89.99999999999955
21,16,0,485,506.0,pos+cell,0.0193060276812958,104.99999999999966
21,16,0,485,510.0,pos+cell,0.0154355242396322,135.0
21,16,0,485,513.0,pos+cell,0.0163636317546218,180.0
21,16,0,485,524.0,pos+cell,0.0177332653222127,209.9999999999999
21,16,0,485,529.0,pos+cell,0.015910736404871,240.00000000000009
21,16,0,485,540.0,pos+cell,0.0162529873951106,284.9999999999998
21,16,1,490,,pos,0.0036818030288058,
21,16,1,490,324.0,pos+cell,0.0046919383186573,424.29453086484
21,16,1,490,476.0,pos+cell,0.0073664321306361,75.00000000000001
21,16,0,495,,pos,0.0032511850820615,
21,16,0,495,16.0,pos+cell,0.0039643537126151,613.6079188743613
21,16,0,495,201.0,pos+cell,0.0034860763973,471.67991709806864
21,16,0,495,294.0,pos+cell,0.004082479903191,517.4545817731172
21,16,0,495,313.0,pos+cell,0.0034057187224391,487.0353612326877
21,16,0,495,326.0,pos+cell,0.0050204454248873,439.3417639834248
21,16,0,495,466.0,pos+cell,0.0108683812547545,135.00000000000043
21,16,0,495,475.0,pos+cell,0.0073528042544698,120.0000000000002
21,16,0,495,482.0,pos+cell,0.0059356255415619,89.99999999999999
21,16,0,495,484.0,pos+cell,0.008046757600705,60.0000000000001
21,16,0,495,485.0,pos+cell,0.010215579695022,60.0000000000001
21,16,0,495,499.0,pos+cell,0.014659692581716,15.00000000000024
21,16,0,495,502.0,pos+cell,0.0082505115618892,29.99999999999945
21,16,0,495,506.0,pos+cell,0.0082957970390485,44.99999999999955
21,16,0,495,510.0,pos+cell,0.0060852727050968,74.99999999999989
21,16,0,495,513.0,pos+cell,0.0084751387437829,119.9999999999999
21,16,0,495,524.0,pos+cell,0.0084038929000089,149.99999999999977
21,16,0,495,529.0,pos+cell,0.007923233506853,180.0
21,16,0,495,540.0,pos+cell,0.0056704203098166,224.9999999999997
21,16,0,499,,pos,0.0140554765987946,
21,16,0,499,16.0,pos+cell,0.0135650869033173,617.1904513959896
21,16,0,499,201.0,pos+cell,0.0126572724147219,478.8977415419447
21,16,0,499,294.0,pos+cell,0.0131565692270632,508.3980273630275
21,16,0,499,313.0,pos+cell,0.0127013211514319,496.6065561332611
21,16,0,499,326.0,pos+cell,0.0154759194993887,447.43027826600303
21,16,0,499,466.0,pos+cell,0.0126118550514299,150.00000000000068
21,16,0,499,475.0,pos+cell,0.0151235080359775,135.00000000000043
21,16,0,499,482.0,pos+cell,0.0195183734240773,105.00000000000024
21,16,0,499,484.0,pos+cell,0.0192248957723312,75.00000000000034
21,16,0,499,485.0,pos+cell,0.0197829648296063,75.00000000000034
21,16,0,499,495.0,pos+cell,0.0200640013109809,15.00000000000024
21,16,0,499,502.0,pos+cell,0.020316724946508,14.999999999999204
21,16,0,499,506.0,pos+cell,0.0156026365904363,29.99999999999931
21,16,0,499,510.0,pos+cell,0.0162971799247646,59.999999999999645
21,16,0,499,513.0,pos+cell,0.0171648250884469,104.99999999999966
21,16,0,499,524.0,pos+cell,0.0261894594376256,134.99999999999957
21,16,0,499,529.0,pos+cell,0.0212445677645964,164.99999999999977
21,16,0,499,540.0,pos+cell,0.0645321583573887,209.99999999999943
21,16,0,502,,pos,0.0121814893716,
21,16,0,502,16.0,pos+cell,0.0118424913018766,621.1146661313401
21,16,0,502,201.0,pos+cell,0.0117837053387665,486.4711188902272
21,16,0,502,294.0,pos+cell,0.0105479890421207,499.6277256670658
21,16,0,502,313.0,pos+cell,0.0111542301243669,506.4412109001606
21,16,0,502,326.0,pos+cell,0.01161212644145,455.86897485825745
21,16,0,502,466.0,pos+cell,0.014745647631265,164.9999999999999
21,16,0,502,475.0,pos+cell,0.0141192366961961,149.99999999999963
21,16,0,502,482.0,pos+cell,0.0124538120360622,119.99999999999945
21,16,0,502,484.0,pos+cell,0.0113628146847374,89.99999999999955
21,16,0,502,485.0,pos+cell,0.011843866093373,89.99999999999955
21,16,0,502,495.0,pos+cell,0.0153299741774446,29.99999999999945
21,16,0,502,499.0,pos+cell,0.0199794607107654,14.999999999999204
21,16,0,502,506.0,pos+cell,0.0138732998511494,15.00000000000011
21,16,0,502,510.0,pos+cell,0.0189317449945136,45.00000000000045
21,16,0,502,513.0,pos+cell,0.0161451683837866,90.00000000000045
21,16,0,502,524.0,pos+cell,0.0177295831962397,120.00000000000033
21,16,0,502,529.0,pos+cell,0.0164176564974185,150.00000000000054
21,16,0,502,540.0,pos+cell,0.0221554770674048,195.00000000000023
21,16,0,506,,pos,0.0025518499027129,
21,16,0,506,16.0,pos+cell,0.0017838563941125,625.3741309588255
21,16,0,506,201.0,pos+cell,0.0027639630138813,494.38370945515993
21,16,0,506,294.0,pos+cell,0.0013486758272712,491.1590112009256
21,16,0,506,313.0,pos+cell,0.0035641803529237,516.5242768752545
21,16,0,506,326.0,pos+cell,0.0018141675641207,464.6387742832539
21,16,0,506,466.0,pos+cell,0.0021381105465348,180.0
21,16,0,506,475.0,pos+cell,0.0035737394560533,164.99999999999977
21,16,0,506,482.0,pos+cell,0.0030795917536426,134.99999999999957
21,16,0,506,484.0,pos+cell,0.0029772627222577,104.99999999999966
21,16,0,506,485.0,pos+cell,0.004153428848685,104.99999999999966
21,16,0,506,495.0,pos+cell,0.0080238276394867,44.99999999999955
21,16,0,506,499.0,pos+cell,0.0051936513027683,29.99999999999931
21,16,0,506,502.0,pos+cell,0.007707032256985,15.00000000000011
21,16,0,506,510.0,pos+cell,0.0024325144518726,30.000000000000338
21,16,0,506,513.0,pos+cell,0.0097110828175698,75.00000000000034
21,16,0,506,524.0,pos+cell,0.014337416172846,105.00000000000024
21,16,0,506,529.0,pos+cell,0.0080697492677051,135.00000000000043
21,16,0,506,540.0,pos+cell,0.0043917460096497,180.0000000000001
21,16,0,510,,pos,-0.0029253238743403,
21,16,0,510,16.0,pos+cell,-0.0045470097964165,634.8712893576372
21,16,0,510,201.0,pos+cell,-0.004394091722814,511.1628483128581
21,16,0,510,294.0,pos+cell,-0.0012144824411136,475.1902717239952
21,16,0,510,313.0,pos+cell,-0.0022080371920407,537.3793684246466
21,16,0,510,326.0,pos+cell,-0.003655978396625,483.09887934634753
21,16,0,510,466.0,pos+cell,0.0018677657491215,210.0000000000003
21,16,0,510,475.0,pos+cell,0.0011601704408926,195.00000000000009
21,16,0,510,482.0,pos+cell,0.0160610386802425,164.9999999999999
21,16,0,510,484.0,pos+cell,-0.0069557331590827,135.0
21,16,0,510,485.0,pos+cell,0.0021903034939726,135.0
21,16,0,510,495.0,pos+cell,-0.0022264583341589,74.99999999999989
21,16,0,510,499.0,pos+cell,0.0017083054026055,59.999999999999645
21,16,0,510,502.0,pos+cell,0.0170790341456141,45.00000000000045
21,16,0,510,506.0,pos+cell,-0.0025433226941793,30.000000000000338
21,16,0,510,513.0,pos+cell,0.0003802599126842,45.00000000000001
21,16,0,510,524.0,pos+cell,0.0010589174364594,74.99999999999989
21,16,0,510,529.0,pos+cell,0.003348259550849,105.00000000000011
21,16,0,510,540.0,pos+cell,0.0211478908289362,149.99999999999977
21,16,0,513,,pos,0.017475935029584,
21,16,0,513,16.0,pos+cell,0.0158177297221472,651.4519779828828
21,16,0,513,201.0,pos+cell,0.0157059445297248,538.4893364555304
21,16,0,513,294.0,pos+cell,0.0154872678627275,453.9093790912493
21,16,0,513,313.0,pos+cell,0.0153806022313634,570.1933629207924
21,16,0,513,326.0,pos+cell,0.015478127566949,512.8377250291503
21,16,0,513,466.0,pos+cell,0.0155386159750762,255.0000000000003
21,16,0,513,475.0,pos+cell,0.0164288878152561,240.00000000000009
21,16,0,513,482.0,pos+cell,0.0166762979499419,209.9999999999999
21,16,0,513,484.0,pos+cell,0.0155975290770265,180.0
21,16,0,513,485.0,pos+cell,0.0157029531487702,180.0
21,16,0,513,495.0,pos+cell,0.018391105156745,119.9999999999999
21,16,0,513,499.0,pos+cell,0.0168068535316405,104.99999999999966
21,16,0,513,502.0,pos+cell,0.0206798988540083,90.00000000000045
21,16,0,513,506.0,pos+cell,0.0208771125249619,75.00000000000034
21,16,0,513,510.0,pos+cell,0.015261845340855,45.00000000000001
21,16,0,513,524.0,pos+cell,0.0139927934340718,29.999999999999883
21,16,0,513,529.0,pos+cell,0.0158516632076332,60.0000000000001
21,16,0,513,540.0,pos+cell,0.0177765933242134,104.99999999999976
21,16,0,524,,pos,0.0030152870907168,
21,16,0,524,16.0,pos+cell,0.0037958595432411,663.971708731579
21,16,0,524,201.0,pos+cell,0.0035288238729347,557.9811563099483
21,16,0,524,294.0,pos+cell,0.0028633961712397,441.70391042445743
21,16,0,524,313.0,pos+cell,0.0060869330629576,592.9584539627458
21,16,0,524,326.0,pos+cell,0.0035901742047303,533.8519166129558
21,16,0,524,466.0,pos+cell,0.0030021547123185,285.0000000000002
21,16,0,524,475.0,pos+cell,0.0033146227272229,270.0
21,16,0,524,482.0,pos+cell,0.0026090084460645,239.99999999999977
21,16,0,524,484.0,pos+cell,0.0019815498624274,209.9999999999999
21,16,0,524,485.0,pos+cell,0.0068055188679122,209.9999999999999
21,16,0,524,495.0,pos+cell,0.0056394810540338,149.99999999999977
21,16,0,524,499.0,pos+cell,0.0160533039568991,134.99999999999957
21,16,0,524,502.0,pos+cell,0.0154197133105628,120.00000000000033
21,16,0,524,506.0,pos+cell,0.0171960148998878,105.00000000000024
21,16,0,524,510.0,pos+cell,0.0041970181308719,74.99999999999989
21,16,0,524,513.0,pos+cell,0.0039969862049929,29.999999999999883
21,16,0,524,529.0,pos+cell,0.0202324420597798,30.00000000000022
21,16,0,524,540.0,pos+cell,0.0065179330550865,74.99999999999989
21,16,0,529,,pos,0.0145830173691058,
21,16,0,529,16.0,pos+cell,0.0135917646055788,677.5892416309852
21,16,0,529,201.0,pos+cell,0.0144476234851327,578.3728694515813
21,16,0,529,294.0,pos+cell,0.0129265427399847,431.243509564503
21,16,0,529,313.0,pos+cell,0.0140882250906728,616.3432364623278
21,16,0,529,326.0,pos+cell,0.0140163295220319,555.6916460858291
21,16,0,529,466.0,pos+cell,0.0138544556831125,315.00000000000045
21,16,0,529,475.0,pos+cell,0.0151384198223709,300.00000000000017
21,16,0,529,482.0,pos+cell,0.0151701239934168,270.0
21,16,0,529,484.0,pos+cell,0.0137860330595241,240.00000000000009
21,16,0,529,485.0,pos+cell,0.0154864819430798,240.00000000000009
21,16,0,529,495.0,pos+cell,0.0172686280275693,180.0
21,16,0,529,499.0,pos+cell,0.0208475007029694,164.99999999999977
21,16,0,529,502.0,pos+cell,0.0195587798379675,150.00000000000054
21,16,0,529,506.0,pos+cell,0.0197436505717112,135.00000000000043
21,16,0,529,510.0,pos+cell,0.0158221379489227,105.00000000000011
21,16,0,529,513.0,pos+cell,0.0159556897831191,60.0000000000001
21,16,0,529,524.0,pos+cell,0.0259292853843483,30.00000000000022
21,16,0,529,540.0,pos+cell,0.0185296232688372,44.99999999999967
21,16,0,540,,pos,-0.0002378864656098,
21,16,0,540,16.0,pos+cell,-0.0010830336823088,699.9323581184377
21,16,0,540,201.0,pos+cell,-0.0010271982302414,610.449411580239
21,16,0,540,294.0,pos+cell,0.0002187680019429,419.10487306566824
21,16,0,540,313.0,pos+cell,0.001239511016168,652.4361046442075
21,16,0,540,326.0,pos+cell,0.001403653532424,589.7976013150239
21,16,0,540,466.0,pos+cell,0.0002846195383349,360.0000000000001
21,16,0,540,475.0,pos+cell,0.0012060164756943,344.9999999999999
21,16,0,540,482.0,pos+cell,0.0076250617943065,314.99999999999966
21,16,0,540,484.0,pos+cell,0.0010041363094417,284.9999999999998
21,16,0,540,485.0,pos+cell,0.0026404880767213,284.9999999999998
21,16,0,540,495.0,pos+cell,0.0021729847883368,224.9999999999997
21,16,0,540,499.0,pos+cell,0.0466782612986695,209.99999999999943
21,16,0,540,502.0,pos+cell,0.0157140841664457,195.00000000000023
21,16,0,540,506.0,pos+cell,0.002905730000792,180.0000000000001
21,16,0,540,510.0,pos+cell,0.0108158064336478,149.99999999999977
21,16,0,540,513.0,pos+cell,0.0048862388720932,104.99999999999976
21,16,0,540,524.0,pos+cell,0.0101688316597299,74.99999999999989
21,16,0,540,529.0,pos+cell,0.006713914262851,44.99999999999967
21,20,1,73,,pos,0.0024362201605919,
21,20,1,73,190.0,pos+cell,0.0041590279939451,494.9999999999997
21,20,1,73,383.0,pos+cell,0.0100990326860138,1199.9999999999995
21,20,0,127,,pos,0.0169487184353076,
21,20,0,127,195.0,pos+cell,0.0169754994979071,285.0000000000001
21,20,0,127,426.0,pos+cell,0.0175950327841923,1290.0000000000002
21,20,1,190,,pos,0.0004854341087671,
21,20,1,190,73.0,pos+cell,0.002353244041759,494.9999999999997
21,20,1,190,383.0,pos+cell,0.0032291400263721,704.9999999999999
21,20,0,195,,pos,0.0062478317833612,
21,20,0,195,127.0,pos+cell,0.0054331179418798,285.0000000000001
21,20,0,195,426.0,pos+cell,0.0085879734690007,1005.0
21,20,1,383,,pos,0.0622005500697641,
21,20,1,383,73.0,pos+cell,0.0624622287544561,1199.9999999999995
21,20,1,383,190.0,pos+cell,0.0632364696017911,704.9999999999999
21,20,0,426,,pos,0.0373662871291376,
21,20,0,426,127.0,pos+cell,0.0362395220091559,1290.0000000000002
21,20,0,426,195.0,pos+cell,0.0344816303812234,1005.0
21,21,1,139,,pos,-0.0215673930988308,
21,21,1,139,150.0,pos+cell,-0.0183804958371777,45.00000000000045
21,21,1,139,164.0,pos+cell,-0.0182336518988854,60.000000000000554
21,21,1,139,185.0,pos+cell,-0.0078044607280554,150.00000000000068
21,21,1,139,188.0,pos+cell,-0.0222521924365689,180.0
21,21,1,139,203.0,pos+cell,-0.0029755895854041,254.9999999999999
21,21,1,139,207.0,pos+cell,-0.0179163067277288,240.00000000000065
21,21,1,139,219.0,pos+cell,-0.0237755646595843,300.00000000000034
21,21,1,139,221.0,pos+cell,-0.0298932917680024,315.00000000000045
21,21,1,139,222.0,pos+cell,-0.0093302641555003,300.00000000000034
21,21,1,139,245.0,pos+cell,-0.0260143164073613,390.0000000000003
21,21,1,139,247.0,pos+cell,-0.0251823587515055,390.0000000000003
21,21,1,139,251.0,pos+cell,-0.022028946817597,435.00000000000034
21,21,1,139,252.0,pos+cell,-0.0234256688926699,435.00000000000034
21,21,1,139,253.0,pos+cell,-0.0205947219309804,420.0000000000007
21,21,1,139,254.0,pos+cell,-0.0256772987095607,435.00000000000034
21,21,1,139,255.0,pos+cell,-0.0257004461203059,435.00000000000034
21,21,1,139,259.0,pos+cell,-0.0115579141761702,435.00000000000034
21,21,1,139,263.0,pos+cell,-0.028753328301071,450.0000000000001
21,21,1,139,264.0,pos+cell,-0.0224122949517256,450.0000000000001
21,21,1,139,265.0,pos+cell,-0.0293822360892868,465.0000000000002
21,21,1,139,266.0,pos+cell,-0.020091415145706,450.0000000000001
21,21,1,139,272.0,pos+cell,-0.0194759867642305,480.0000000000003
21,21,1,139,274.0,pos+cell,-0.0183546559191226,495.00000000000057
21,21,1,139,275.0,pos+cell,-0.0236132376305415,495.00000000000057
21,21,1,139,276.0,pos+cell,-0.0193817390154695,480.0000000000003
21,21,1,139,280.0,pos+cell,-0.0294431559790721,510.0000000000007
21,21,1,139,281.0,pos+cell,-0.026928039192696,510.0000000000007
21,21,1,139,282.0,pos+cell,-0.0365346520185484,525.0000000000003
21,21,1,139,283.0,pos+cell,-0.0257108230243694,510.0000000000007
21,21,1,139,284.0,pos+cell,-0.0292552529306817,525.0000000000003
21,21,1,139,288.0,pos+cell,-0.0225049423410987,540.0000000000001
21,21,1,139,293.0,pos+cell,-0.0152514192956793,585.0000000000005
21,21,1,139,294.0,pos+cell,-0.0240013400440082,585.0000000000005
21,21,1,139,296.0,pos+cell,-0.0130789042952594,555.0000000000002
21,21,1,139,308.0,pos+cell,-0.0265230326377228,600.0000000000007
21,21,1,139,359.0,pos+cell,-0.0208971043232861,825.0000000000002
21,21,1,139,381.0,pos+cell,-0.022365216317037,870.0000000000002
21,21,1,139,449.0,pos+cell,-0.0210643106542605,1125.0000000000005
21,21,1,139,481.0,pos+cell,-0.019950266819376,1245.0000000000005
21,21,1,139,502.0,pos+cell,-0.0175456601173904,1290.0
21,21,1,139,507.0,pos+cell,-0.0263528279143665,1305.0000000000005
21,21,1,150,,pos,0.0086464467375243,
21,21,1,150,139.0,pos+cell,0.0084591026067,45.00000000000045
21,21,1,150,164.0,pos+cell,0.0091084019965005,15.000000000000105
21,21,1,150,185.0,pos+cell,0.0077467468084464,105.00000000000024
21,21,1,150,188.0,pos+cell,0.009882547777817,134.99999999999957
21,21,1,150,203.0,pos+cell,0.0075145821039654,209.99999999999943
21,21,1,150,207.0,pos+cell,0.007519716167151,195.00000000000023
21,21,1,150,219.0,pos+cell,0.008988514968809,254.99999999999983
21,21,1,150,221.0,pos+cell,0.0067787032347209,270.0
21,21,1,150,222.0,pos+cell,0.007950399415263,254.99999999999983
21,21,1,150,245.0,pos+cell,0.0097864027249491,344.9999999999999
21,21,1,150,247.0,pos+cell,0.0110929312868211,344.9999999999999
21,21,1,150,251.0,pos+cell,0.0097121917514833,389.99999999999983
21,21,1,150,252.0,pos+cell,0.0085130158391597,389.99999999999983
21,21,1,150,253.0,pos+cell,0.0078824911927878,375.0000000000002
21,21,1,150,254.0,pos+cell,0.0085537852604202,389.99999999999983
21,21,1,150,255.0,pos+cell,0.0097040617787068,389.99999999999983
21,21,1,150,259.0,pos+cell,0.0106470862941122,389.99999999999983
21,21,1,150,263.0,pos+cell,0.0125160949225156,404.99999999999966
21,21,1,150,264.0,pos+cell,0.0080367230572354,404.99999999999966
21,21,1,150,265.0,pos+cell,0.0074117724292549,419.9999999999998
21,21,1,150,266.0,pos+cell,0.0075629224422551,404.99999999999966
21,21,1,150,272.0,pos+cell,0.0082024632033042,434.9999999999999
21,21,1,150,274.0,pos+cell,0.0079524078763526,450.0000000000001
21,21,1,150,275.0,pos+cell,0.0075073736030699,450.0000000000001
21,21,1,150,276.0,pos+cell,0.0090125150910136,434.9999999999999
21,21,1,150,280.0,pos+cell,0.0075071171379459,465.0000000000002
21,21,1,150,281.0,pos+cell,0.008389935085341,465.0000000000002
21,21,1,150,282.0,pos+cell,0.0080443329622707,479.9999999999999
21,21,1,150,283.0,pos+cell,0.0076415195381769,465.0000000000002
21,21,1,150,284.0,pos+cell,0.0084595390586338,479.9999999999999
21,21,1,150,288.0,pos+cell,0.0074880137771727,494.99999999999966
21,21,1,150,293.0,pos+cell,0.0079503239425728,540.0
21,21,1,150,294.0,pos+cell,0.0083188537877208,540.0
21,21,1,150,296.0,pos+cell,0.0101755847803979,509.9999999999998
21,21,1,150,308.0,pos+cell,0.0105117217720369,555.0000000000002
21,21,1,150,359.0,pos+cell,0.0089613275513796,779.9999999999998
21,21,1,150,381.0,pos+cell,0.0087130945353529,824.9999999999998
21,21,1,150,449.0,pos+cell,0.0079907574378703,1080.0
21,21,1,150,481.0,pos+cell,0.007594311065327,1200.0
21,21,1,150,502.0,pos+cell,0.0077561194730929,1244.9999999999995
21,21,1,150,507.0,pos+cell,0.0085496127853274,1260.0
21,21,1,164,,pos,0.014050307668512,
21,21,1,164,139.0,pos+cell,0.0154441035843328,60.000000000000554
21,21,1,164,150.0,pos+cell,0.0159627269419709,15.000000000000105
21,21,1,164,185.0,pos+cell,0.0361206939417476,90.00000000000013
21,21,1,164,188.0,pos+cell,0.0170096830682297,119.99999999999945
21,21,1,164,203.0,pos+cell,0.0032178093240236,194.99999999999932
21,21,1,164,207.0,pos+cell,0.0251070620106662,180.0000000000001
21,21,1,164,219.0,pos+cell,0.0189918356754758,239.99999999999977
21,21,1,164,221.0,pos+cell,0.0119672700274447,254.9999999999999
21,21,1,164,222.0,pos+cell,0.0953736486238701,239.99999999999977
21,21,1,164,245.0,pos+cell,0.0089815516726313,329.9999999999998
21,21,1,164,247.0,pos+cell,0.0345873177446915,329.9999999999998
21,21,1,164,251.0,pos+cell,0.0049483187826724,374.9999999999998
21,21,1,164,252.0,pos+cell,0.0105661346679335,374.9999999999998
21,21,1,164,253.0,pos+cell,0.0764096792396155,360.0000000000001
21,21,1,164,254.0,pos+cell,0.0106278486695185,374.9999999999998
21,21,1,164,255.0,pos+cell,0.0138939202458944,374.9999999999998
21,21,1,164,259.0,pos+cell,0.0264145622553907,374.9999999999998
21,21,1,164,263.0,pos+cell,0.0332089947135213,389.99999999999955
21,21,1,164,264.0,pos+cell,0.0126202463112409,389.99999999999955
21,21,1,164,265.0,pos+cell,0.0127458955812788,404.99999999999966
21,21,1,164,266.0,pos+cell,0.0178312866708713,389.99999999999955
21,21,1,164,272.0,pos+cell,0.0110674722452068,419.9999999999998
21,21,1,164,274.0,pos+cell,0.0089402377330337,435.0
21,21,1,164,275.0,pos+cell,0.0102919946112388,435.0
21,21,1,164,276.0,pos+cell,0.0039398053020109,419.9999999999998
21,21,1,164,280.0,pos+cell,0.0065932622164654,450.0000000000001
21,21,1,164,281.0,pos+cell,0.0038995769517616,450.0000000000001
21,21,1,164,282.0,pos+cell,-0.0010459701446514,464.9999999999998
21,21,1,164,283.0,pos+cell,0.0018637640498437,450.0000000000001
21,21,1,164,284.0,pos+cell,0.0114752710902542,464.9999999999998
21,21,1,164,288.0,pos+cell,0.0061477269007065,479.99999999999955
21,21,1,164,293.0,pos+cell,0.0078709327223605,524.9999999999999
21,21,1,164,294.0,pos+cell,0.0149259619113948,524.9999999999999
21,21,1,164,296.0,pos+cell,0.0192398369853072,494.99999999999966
21,21,1,164,308.0,pos+cell,0.0133247293887751,540.0000000000001
21,21,1,164,359.0,pos+cell,0.0126160480172075,764.9999999999997
21,21,1,164,381.0,pos+cell,0.0068174868596777,809.9999999999997
21,21,1,164,449.0,pos+cell,0.0161114872796185,1065.0
21,21,1,164,481.0,pos+cell,0.0140008823241668,1185.0
21,21,1,164,502.0,pos+cell,0.0170282323046379,1229.999999999999
21,21,1,164,507.0,pos+cell,0.0157979006732765,1245.0
21,21,1,185,,pos,0.0045973150398891,
21,21,1,185,139.0,pos+cell,0.0077233448538038,150.00000000000068
21,21,1,185,150.0,pos+cell,0.0051441075697899,105.00000000000024
21,21,1,185,164.0,pos+cell,0.0071478520830296,90.00000000000013
21,21,1,185,188.0,pos+cell,0.0072081107984938,29.99999999999931
21,21,1,185,203.0,pos+cell,0.0056536567960548,104.9999999999992
21,21,1,185,207.0,pos+cell,0.0062771051666592,90.0
21,21,1,185,219.0,pos+cell,0.0055181514069438,149.99999999999963
21,21,1,185,221.0,pos+cell,0.005109152051653,164.99999999999977
21,21,1,185,222.0,pos+cell,0.0068771068363308,149.99999999999963
21,21,1,185,245.0,pos+cell,0.0106346361720945,239.9999999999997
21,21,1,185,247.0,pos+cell,0.0112419054634617,239.9999999999997
21,21,1,185,251.0,pos+cell,0.0051583681438332,284.99999999999966
21,21,1,185,252.0,pos+cell,0.0037130467636537,284.99999999999966
21,21,1,185,253.0,pos+cell,0.0077300212785642,270.0
21,21,1,185,254.0,pos+cell,0.0052161467282096,284.99999999999966
21,21,1,185,255.0,pos+cell,0.0030654252475099,284.99999999999966
21,21,1,185,259.0,pos+cell,0.0082893680611213,284.99999999999966
21,21,1,185,263.0,pos+cell,0.0114535798396595,299.99999999999943
21,21,1,185,264.0,pos+cell,0.0063585006060285,299.99999999999943
21,21,1,185,265.0,pos+cell,0.0051471508019531,314.99999999999955
21,21,1,185,266.0,pos+cell,0.006494566392534,299.99999999999943
21,21,1,185,272.0,pos+cell,0.0049604995137531,329.99999999999966
21,21,1,185,274.0,pos+cell,0.014815477203695,344.9999999999999
21,21,1,185,275.0,pos+cell,0.0038705348823364,344.9999999999999
21,21,1,185,276.0,pos+cell,0.0046324709681722,329.99999999999966
21,21,1,185,280.0,pos+cell,0.0047605317092754,360.0
21,21,1,185,281.0,pos+cell,0.0036461928447991,360.0
21,21,1,185,282.0,pos+cell,0.0030327530207002,374.99999999999966
21,21,1,185,283.0,pos+cell,0.0044248670181359,360.0
21,21,1,185,284.0,pos+cell,0.0133160863986618,374.99999999999966
21,21,1,185,288.0,pos+cell,0.0030091828539607,389.9999999999994
21,21,1,185,293.0,pos+cell,0.0048118844427239,434.9999999999998
21,21,1,185,294.0,pos+cell,0.0056958462709591,434.9999999999998
21,21,1,185,296.0,pos+cell,0.0153743907823332,404.99999999999955
21,21,1,185,308.0,pos+cell,0.0034541517258495,450.0
21,21,1,185,359.0,pos+cell,0.003821291870071,674.9999999999997
21,21,1,185,381.0,pos+cell,0.006043408281966,719.9999999999995
21,21,1,185,449.0,pos+cell,0.0054749216624594,974.9999999999998
21,21,1,185,481.0,pos+cell,0.0050402442640944,1094.9999999999998
21,21,1,185,502.0,pos+cell,0.0040404854919143,1139.999999999999
21,21,1,185,507.0,pos+cell,0.0063339324758439,1155.0
21,21,1,188,,pos,0.0027086584627073,
21,21,1,188,139.0,pos+cell,0.0018829312176911,180.0
21,21,1,188,150.0,pos+cell,0.0034008720452573,134.99999999999957
21,21,1,188,164.0,pos+cell,0.0008970781000071,119.99999999999945
21,21,1,188,185.0,pos+cell,0.0060127936242519,29.99999999999931
21,21,1,188,203.0,pos+cell,-0.0001042167995694,74.99999999999989
21,21,1,188,207.0,pos+cell,0.0030823540183749,60.00000000000068
21,21,1,188,219.0,pos+cell,0.0015292484002904,120.00000000000033
21,21,1,188,221.0,pos+cell,0.0003872136928186,135.00000000000043
21,21,1,188,222.0,pos+cell,0.0023831649293096,120.00000000000033
21,21,1,188,245.0,pos+cell,0.0042648383870722,210.0000000000003
21,21,1,188,247.0,pos+cell,0.0051620055039469,210.0000000000003
21,21,1,188,251.0,pos+cell,0.0067978742359857,255.0000000000003
21,21,1,188,252.0,pos+cell,0.0012657841825337,255.0000000000003
21,21,1,188,253.0,pos+cell,0.0004153499544585,240.00000000000065
21,21,1,188,254.0,pos+cell,0.0001081281054297,255.0000000000003
21,21,1,188,255.0,pos+cell,0.0012318227294855,255.0000000000003
21,21,1,188,259.0,pos+cell,0.0068863488993154,255.0000000000003
21,21,1,188,263.0,pos+cell,0.005954210909248,270.0000000000001
21,21,1,188,264.0,pos+cell,2.015802862626037e-05,270.0000000000001
21,21,1,188,265.0,pos+cell,0.000498965194709,285.0000000000002
21,21,1,188,266.0,pos+cell,0.0020394878707939,270.0000000000001
21,21,1,188,272.0,pos+cell,0.0005686509694702,300.00000000000034
21,21,1,188,274.0,pos+cell,0.004353018404239,315.00000000000057
21,21,1,188,275.0,pos+cell,0.0020246549974124,315.00000000000057
21,21,1,188,276.0,pos+cell,0.002750183169791,300.00000000000034
21,21,1,188,280.0,pos+cell,0.0028832961348791,330.0000000000007
21,21,1,188,281.0,pos+cell,0.0001115823206971,330.0000000000007
21,21,1,188,282.0,pos+cell,0.000367587021593,345.00000000000034
21,21,1,188,283.0,pos+cell,-0.0005762205061579,330.0000000000007
21,21,1,188,284.0,pos+cell,0.0016127660952331,345.00000000000034
21,21,1,188,288.0,pos+cell,0.0008397021575314,360.0000000000001
21,21,1,188,293.0,pos+cell,0.0002438755706074,405.0000000000005
21,21,1,188,294.0,pos+cell,0.0014290695670725,405.0000000000005
21,21,1,188,296.0,pos+cell,0.0065752124172302,375.0000000000002
21,21,1,188,308.0,pos+cell,0.0022353695551549,420.0000000000007
21,21,1,188,359.0,pos+cell,0.0003785164263056,645.0000000000002
21,21,1,188,381.0,pos+cell,0.0002520481552091,690.0000000000003
21,21,1,188,449.0,pos+cell,0.0024006477263856,945.0000000000005
21,21,1,188,481.0,pos+cell,0.0033668218045444,1065.0000000000005
21,21,1,188,502.0,pos+cell,0.0004860082273559,1110.0
21,21,1,188,507.0,pos+cell,0.0040995988737363,1125.000000000001
21,21,1,203,,pos,-0.016790321516692,
21,21,1,203,139.0,pos+cell,-0.0099658848364879,254.9999999999999
21,21,1,203,150.0,pos+cell,-0.0095388113198563,209.99999999999943
21,21,1,203,164.0,pos+cell,-0.0153401010048499,194.99999999999932
21,21,1,203,185.0,pos+cell,-0.0093665078361102,104.9999999999992
21,21,1,203,188.0,pos+cell,-0.016694164823105,74.99999999999989
21,21,1,203,207.0,pos+cell,-0.0071485013430122,14.999999999999204
21,21,1,203,219.0,pos+cell,-0.0092508227988676,45.00000000000045
21,21,1,203,221.0,pos+cell,-0.0043894533917795,60.000000000000554
21,21,1,203,222.0,pos+cell,-0.0144921941099601,45.00000000000045
21,21,1,203,245.0,pos+cell,-0.0137286265591294,135.00000000000043
21,21,1,203,247.0,pos+cell,-0.013082474885995,135.00000000000043
21,21,1,203,251.0,pos+cell,-0.0166567658055236,180.00000000000043
21,21,1,203,252.0,pos+cell,-0.0108769555282539,180.00000000000043
21,21,1,203,253.0,pos+cell,-0.0161501190879243,165.0000000000008
21,21,1,203,254.0,pos+cell,-0.0133439405264164,180.00000000000043
21,21,1,203,255.0,pos+cell,-0.0061581681746025,180.00000000000043
21,21,1,203,259.0,pos+cell,-0.0159173114339241,180.00000000000043
21,21,1,203,263.0,pos+cell,-0.0073716868514078,195.00000000000023
21,21,1,203,264.0,pos+cell,-0.0100197958743894,195.00000000000023
21,21,1,203,265.0,pos+cell,-0.0115151931159629,210.0000000000003
21,21,1,203,266.0,pos+cell,-0.0136790249248153,195.00000000000023
21,21,1,203,272.0,pos+cell,-0.0057073980337732,225.00000000000043
21,21,1,203,274.0,pos+cell,-0.008751973392409,240.00000000000065
21,21,1,203,275.0,pos+cell,-0.0130917561209782,240.00000000000065
21,21,1,203,276.0,pos+cell,-0.0127782785625238,225.00000000000043
21,21,1,203,280.0,pos+cell,0.0097308452291889,255.00000000000077
21,21,1,203,281.0,pos+cell,-0.0131642039354357,255.00000000000077
21,21,1,203,282.0,pos+cell,-0.0108416547188403,270.00000000000045
21,21,1,203,283.0,pos+cell,-0.0012052645909624,255.00000000000077
21,21,1,203,284.0,pos+cell,-0.0086628519587012,270.00000000000045
21,21,1,203,288.0,pos+cell,-0.0181551306535831,285.0000000000002
21,21,1,203,293.0,pos+cell,-0.006617374311299,330.00000000000057
21,21,1,203,294.0,pos+cell,-0.0021513140275802,330.00000000000057
21,21,1,203,296.0,pos+cell,0.007383004306562,300.00000000000034
21,21,1,203,308.0,pos+cell,-0.0093939129082963,345.0000000000008
21,21,1,203,359.0,pos+cell,-0.0148164608127719,570.0000000000005
21,21,1,203,381.0,pos+cell,-0.0136368183258856,615.0000000000003
21,21,1,203,449.0,pos+cell,-0.0151518235013325,870.0000000000006
21,21,1,203,481.0,pos+cell,-0.0140821280627868,990.0000000000006
21,21,1,203,502.0,pos+cell,-0.0140352221207357,1035.0
21,21,1,203,507.0,pos+cell,-0.0152314721539345,1050.000000000001
21,21,1,207,,pos,-0.0101373203573709,
21,21,1,207,139.0,pos+cell,-0.0066046128774206,240.00000000000065
21,21,1,207,150.0,pos+cell,-0.0086253098225695,195.00000000000023
21,21,1,207,164.0,pos+cell,0.0005534506562517,180.0000000000001
21,21,1,207,185.0,pos+cell,-0.0015046099998052,90.0
21,21,1,207,188.0,pos+cell,-0.0091118488972896,60.00000000000068
21,21,1,207,203.0,pos+cell,-0.0083495523658303,14.999999999999204
21,21,1,207,219.0,pos+cell,-0.0046057361219058,59.999999999999645
21,21,1,207,221.0,pos+cell,0.0185987493528843,74.99999999999976
21,21,1,207,222.0,pos+cell,-0.0055313355081891,59.999999999999645
21,21,1,207,245.0,pos+cell,0.0400512357327599,149.99999999999963
21,21,1,207,247.0,pos+cell,0.0135168007983538,149.99999999999963
21,21,1,207,251.0,pos+cell,-0.0024503564590661,194.9999999999997
21,21,1,207,252.0,pos+cell,-0.0079863921408378,194.9999999999997
21,21,1,207,253.0,pos+cell,0.0217851029936798,180.0
21,21,1,207,254.0,pos+cell,-0.0045008963216828,194.9999999999997
21,21,1,207,255.0,pos+cell,-0.0030387302304907,194.9999999999997
21,21,1,207,259.0,pos+cell,0.0058083236547424,194.9999999999997
21,21,1,207,263.0,pos+cell,0.0156410322217794,209.99999999999943
21,21,1,207,264.0,pos+cell,-0.0060392891243152,209.99999999999943
21,21,1,207,265.0,pos+cell,-0.001563828730306,224.99999999999957
21,21,1,207,266.0,pos+cell,-0.0038705557039573,209.99999999999943
21,21,1,207,272.0,pos+cell,-0.0091202598202216,239.9999999999997
21,21,1,207,274.0,pos+cell,0.0082018290029981,254.9999999999999
21,21,1,207,275.0,pos+cell,-0.0091492203123261,254.9999999999999
21,21,1,207,276.0,pos+cell,0.0092153509964864,239.9999999999997
21,21,1,207,280.0,pos+cell,-0.0040771372688404,270.0
21,21,1,207,281.0,pos+cell,-0.0054082520193995,270.0
21,21,1,207,282.0,pos+cell,5.490386080861942e-05,284.99999999999966
21,21,1,207,283.0,pos+cell,0.0097075970429307,270.0
21,21,1,207,284.0,pos+cell,0.0504563572487499,284.99999999999966
21,21,1,207,288.0,pos+cell,-0.0060343232494348,299.99999999999943
21,21,1,207,293.0,pos+cell,-0.0015618364715454,344.99999999999983
21,21,1,207,294.0,pos+cell,0.0011729783548907,344.99999999999983
21,21,1,207,296.0,pos+cell,0.0194081769561882,314.99999999999955
21,21,1,207,308.0,pos+cell,-0.0100084902426893,360.0
21,21,1,207,359.0,pos+cell,-0.0052282383330061,584.9999999999995
21,21,1,207,381.0,pos+cell,0.0027721643498288,629.9999999999995
21,21,1,207,449.0,pos+cell,-0.0051751238452978,884.9999999999998
21,21,1,207,481.0,pos+cell,-0.0043197144257903,1004.9999999999995
21,21,1,207,502.0,pos+cell,-0.0097013000841412,1049.999999999999
21,21,1,207,507.0,pos+cell,-0.0001020507785922,1065.0
21,21,1,219,,pos,0.0135182017522378,
21,21,1,219,139.0,pos+cell,0.0139774280866521,300.00000000000034
21,21,1,219,150.0,pos+cell,0.0146540959595536,254.99999999999983
21,21,1,219,164.0,pos+cell,0.0146079703143083,239.99999999999977
21,21,1,219,185.0,pos+cell,0.017745583762814,149.99999999999963
21,21,1,219,188.0,pos+cell,0.0141658428224512,120.00000000000033
21,21,1,219,203.0,pos+cell,0.0147739833805076,45.00000000000045
21,21,1,219,207.0,pos+cell,0.0212006802628329,59.999999999999645
21,21,1,219,221.0,pos+cell,0.0289797294636188,15.00000000000011
21,21,1,219,222.0,pos+cell,0.0292743409380412,0.0
21,21,1,219,245.0,pos+cell,0.0355874548516225,90.0
21,21,1,219,247.0,pos+cell,0.0220246470102859,90.0
21,21,1,219,251.0,pos+cell,0.013066082975373,135.0
21,21,1,219,252.0,pos+cell,0.0138492250527418,135.0
21,21,1,219,253.0,pos+cell,0.035029638695796,120.00000000000034
21,21,1,219,254.0,pos+cell,0.0165845688676193,135.0
21,21,1,219,255.0,pos+cell,0.0231512392808895,135.0
21,21,1,219,259.0,pos+cell,0.0155424859290684,135.0
21,21,1,219,263.0,pos+cell,0.0122521335635386,149.99999999999977
21,21,1,219,264.0,pos+cell,0.0137948988451253,149.99999999999977
21,21,1,219,265.0,pos+cell,0.0151935031898092,164.99999999999991
21,21,1,219,266.0,pos+cell,0.0300830750245763,149.99999999999977
21,21,1,219,272.0,pos+cell,0.0127763869123669,180.0
21,21,1,219,274.0,pos+cell,0.0169493740312613,195.00000000000023
21,21,1,219,275.0,pos+cell,0.0348643192696599,195.00000000000023
21,21,1,219,276.0,pos+cell,0.0200280649459469,180.0
21,21,1,219,280.0,pos+cell,0.0138472705613559,210.0000000000003
21,21,1,219,281.0,pos+cell,0.0124974581844626,210.0000000000003
21,21,1,219,282.0,pos+cell,0.0189616397703753,224.99999999999997
21,21,1,219,283.0,pos+cell,0.025594854653072,210.0000000000003
21,21,1,219,284.0,pos+cell,0.0188811056876105,224.99999999999997
21,21,1,219,288.0,pos+cell,0.0132471301389343,239.99999999999977
21,21,1,219,293.0,pos+cell,0.01281066193297,285.00000000000017
21,21,1,219,294.0,pos+cell,0.0202399674484062,285.00000000000017
21,21,1,219,296.0,pos+cell,0.0191289745577326,254.9999999999999
21,21,1,219,308.0,pos+cell,0.0124622645486238,300.00000000000034
21,21,1,219,359.0,pos+cell,0.0147781654880108,524.9999999999999
21,21,1,219,381.0,pos+cell,0.012751572040355,570.0
21,21,1,219,449.0,pos+cell,0.0138208011038027,825.0000000000001
21,21,1,219,481.0,pos+cell,0.01290711253592,945.0
21,21,1,219,502.0,pos+cell,0.0116998109220705,989.9999999999995
21,21,1,219,507.0,pos+cell,0.0099681125014397,1005.0000000000002
21,21,1,221,,pos,-0.0119690225718205,
21,21,1,221,139.0,pos+cell,-0.007821171882134,315.00000000000045
21,21,1,221,150.0,pos+cell,-0.0041905596448351,270.0
21,21,1,221,164.0,pos+cell,-0.0053836233559034,254.9999999999999
21,21,1,221,185.0,pos+cell,-0.0051735115231989,164.99999999999977
21,21,1,221,188.0,pos+cell,-0.0089612558710191,135.00000000000043
21,21,1,221,203.0,pos+cell,-0.0071804090203202,60.000000000000554
21,21,1,221,207.0,pos+cell,0.0028160629854475,74.99999999999976
21,21,1,221,219.0,pos+cell,0.0120861879499293,15.00000000000011
21,21,1,221,222.0,pos+cell,0.0279563283419655,15.00000000000011
21,21,1,221,245.0,pos+cell,0.0012258628297313,74.99999999999989
21,21,1,221,247.0,pos+cell,0.0074405359098375,74.99999999999989
21,21,1,221,251.0,pos+cell,-0.0076343169682122,119.99999999999989
21,21,1,221,252.0,pos+cell,-0.0026819052310767,119.99999999999989
21,21,1,221,253.0,pos+cell,0.0015594725877288,105.00000000000024
21,21,1,221,254.0,pos+cell,-0.0037201909633032,119.99999999999989
21,21,1,221,255.0,pos+cell,-0.0027427085776784,119.99999999999989
21,21,1,221,259.0,pos+cell,-0.0040362638011571,119.99999999999989
21,21,1,221,263.0,pos+cell,-0.0009500611291896,134.99999999999966
21,21,1,221,264.0,pos+cell,0.0024225939542315,134.99999999999966
21,21,1,221,265.0,pos+cell,-0.0053393177050517,149.99999999999977
21,21,1,221,266.0,pos+cell,0.0087826966639299,134.99999999999966
21,21,1,221,272.0,pos+cell,-0.0038381921673899,164.99999999999991
21,21,1,221,274.0,pos+cell,-0.0019178950090934,180.0000000000001
21,21,1,221,275.0,pos+cell,0.0031476943624056,180.0000000000001
21,21,1,221,276.0,pos+cell,-0.0027394726783304,164.99999999999991
21,21,1,221,280.0,pos+cell,-0.0034480462337648,195.00000000000023
21,21,1,221,281.0,pos+cell,-0.0021105504256527,195.00000000000023
21,21,1,221,282.0,pos+cell,-0.0042101573039644,209.9999999999999
21,21,1,221,283.0,pos+cell,0.0036156302867599,195.00000000000023
21,21,1,221,284.0,pos+cell,0.0185574991488175,209.9999999999999
21,21,1,221,288.0,pos+cell,-0.0060445183225473,224.9999999999997
21,21,1,221,293.0,pos+cell,-0.0075837217495576,270.00000000000006
21,21,1,221,294.0,pos+cell,0.0059548794673598,270.00000000000006
21,21,1,221,296.0,pos+cell,-0.0002253393243206,239.99999999999977
21,21,1,221,308.0,pos+cell,-0.0087249755753383,285.0000000000002
21,21,1,221,359.0,pos+cell,-0.0062358712892951,509.99999999999983
21,21,1,221,381.0,pos+cell,-0.0063564879399169,554.9999999999998
21,21,1,221,449.0,pos+cell,0.0011445467009532,810.0
21,21,1,221,481.0,pos+cell,-0.0059657947707195,930.0
21,21,1,221,502.0,pos+cell,-0.0122598252643542,974.9999999999995
21,21,1,221,507.0,pos+cell,-0.0047764157092219,990.0
21,21,1,222,,pos,0.0084169982369099,
21,21,1,222,139.0,pos+cell,0.0094588711082888,300.00000000000034
21,21,1,222,150.0,pos+cell,0.0066723855536431,254.99999999999983
21,21,1,222,164.0,pos+cell,0.0367231908946676,239.99999999999977
21,21,1,222,185.0,pos+cell,0.0153176885181894,149.99999999999963
21,21,1,222,188.0,pos+cell,0.008706349029609,120.00000000000033
21,21,1,222,203.0,pos+cell,0.0108318596416406,45.00000000000045
21,21,1,222,207.0,pos+cell,0.0072828305123582,59.999999999999645
21,21,1,222,219.0,pos+cell,0.0283958382704353,0.0
21,21,1,222,221.0,pos+cell,0.0448895827573751,15.00000000000011
21,21,1,222,245.0,pos+cell,0.0234676234872755,90.0
21,21,1,222,247.0,pos+cell,0.0509287000713886,90.0
21,21,1,222,251.0,pos+cell,0.0041209828744321,135.0
21,21,1,222,252.0,pos+cell,0.0136011164518727,135.0
21,21,1,222,253.0,pos+cell,0.0235737812415221,120.00000000000034
21,21,1,222,254.0,pos+cell,0.0098075507774131,135.0
21,21,1,222,255.0,pos+cell,0.007668985978716,135.0
21,21,1,222,259.0,pos+cell,0.0085039119039251,135.0
21,21,1,222,263.0,pos+cell,0.0285088212951365,149.99999999999977
21,21,1,222,264.0,pos+cell,0.0067652135975905,149.99999999999977
21,21,1,222,265.0,pos+cell,0.0089556275442114,164.99999999999991
21,21,1,222,266.0,pos+cell,0.0147483209401997,149.99999999999977
21,21,1,222,272.0,pos+cell,0.027858761145771,180.0
21,21,1,222,274.0,pos+cell,0.0091487971371044,195.00000000000023
21,21,1,222,275.0,pos+cell,0.007832342200699,195.00000000000023
21,21,1,222,276.0,pos+cell,0.0116975631349028,180.0
21,21,1,222,280.0,pos+cell,0.011056562354171,210.0000000000003
21,21,1,222,281.0,pos+cell,0.0086289132329124,210.0000000000003
21,21,1,222,282.0,pos+cell,0.0105651270693647,224.99999999999997
21,21,1,222,283.0,pos+cell,0.0099690864288036,210.0000000000003
21,21,1,222,284.0,pos+cell,0.0254246069165353,224.99999999999997
21,21,1,222,288.0,pos+cell,0.0371841919855842,239.99999999999977
21,21,1,222,293.0,pos+cell,0.0079164374693468,285.00000000000017
21,21,1,222,294.0,pos+cell,0.0412416133667379,285.00000000000017
21,21,1,222,296.0,pos+cell,0.0140571967245386,254.9999999999999
21,21,1,222,308.0,pos+cell,0.0076968252322752,300.00000000000034
21,21,1,222,359.0,pos+cell,0.0062385375746965,524.9999999999999
21,21,1,222,381.0,pos+cell,0.0044001349807015,570.0
21,21,1,222,449.0,pos+cell,0.0050347116196303,825.0000000000001
21,21,1,222,481.0,pos+cell,0.0076687478238714,945.0
21,21,1,222,502.0,pos+cell,0.0070937195109549,989.9999999999995
21,21,1,222,507.0,pos+cell,0.0073587649113641,1005.0000000000002
21,21,0,227,,pos,0.0011616623818697,
21,21,0,227,444.0,pos+cell,0.0045031449713655,749.9999999999994
21,21,0,227,498.0,pos+cell,0.0021278841763428,930.0
21,21,1,245,,pos,-0.0100705797983766,
21,21,1,245,139.0,pos+cell,-0.008195349334538,390.0000000000003
21,21,1,245,150.0,pos+cell,-0.0088892725213811,344.9999999999999
21,21,1,245,164.0,pos+cell,-0.0073667307780041,329.9999999999998
21,21,1,245,185.0,pos+cell,0.0029343661683492,239.9999999999997
21,21,1,245,188.0,pos+cell,-0.0055807971003744,210.0000000000003
21,21,1,245,203.0,pos+cell,-0.0084809802365048,135.00000000000043
21,21,1,245,207.0,pos+cell,0.0315962710790316,149.99999999999963
21,21,1,245,219.0,pos+cell,0.0010623396519311,90.0
21,21,1,245,221.0,pos+cell,0.0014198092127721,74.99999999999989
21,21,1,245,222.0,pos+cell,0.0096172979043734,90.0
21,21,1,245,247.0,pos+cell,0.0050175545010616,0.0
21,21,1,245,251.0,pos+cell,-0.0113389948859267,45.0
21,21,1,245,252.0,pos+cell,-0.009971339749323,45.0
21,21,1,245,253.0,pos+cell,0.0196425683784539,30.000000000000345
21,21,1,245,254.0,pos+cell,-0.0036967874135095,45.0
21,21,1,245,255.0,pos+cell,-0.0090407959065309,45.0
21,21,1,245,259.0,pos+cell,-0.0064118149700513,45.0
21,21,1,245,263.0,pos+cell,0.0096775747645071,59.99999999999978
21,21,1,245,264.0,pos+cell,-0.0097433349798795,59.99999999999978
21,21,1,245,265.0,pos+cell,-0.0074289202497759,74.99999999999989
21,21,1,245,266.0,pos+cell,-0.0071181613171181,59.99999999999978
21,21,1,245,272.0,pos+cell,-0.0110046908699673,90.0
21,21,1,245,274.0,pos+cell,0.0006338054031032,105.00000000000024
21,21,1,245,275.0,pos+cell,-0.0092428818636604,105.00000000000024
21,21,1,245,276.0,pos+cell,-0.0039762046415022,90.0
21,21,1,245,280.0,pos+cell,-0.0009702673504155,120.00000000000033
21,21,1,245,281.0,pos+cell,-0.005553377530659,120.00000000000033
21,21,1,245,282.0,pos+cell,-0.0076864124907402,135.0
21,21,1,245,283.0,pos+cell,0.0244832377040855,120.00000000000033
21,21,1,245,284.0,pos+cell,0.0202532292895756,135.0
21,21,1,245,288.0,pos+cell,-0.0084164328291376,149.99999999999977
21,21,1,245,293.0,pos+cell,-0.0084160102957103,195.00000000000017
21,21,1,245,294.0,pos+cell,0.0069811770490981,195.00000000000017
21,21,1,245,296.0,pos+cell,0.008855381293382,164.99999999999991
21,21,1,245,308.0,pos+cell,-0.0143619464356526,210.0000000000003
21,21,1,245,359.0,pos+cell,-0.0074164035161029,434.99999999999994
21,21,1,245,381.0,pos+cell,-0.0022382666574953,479.99999999999994
21,21,1,245,449.0,pos+cell,-0.0089282895866741,735.0000000000001
21,21,1,245,481.0,pos+cell,-0.008057885947153,855.0000000000001
21,21,1,245,502.0,pos+cell,-0.0094915402151342,899.9999999999997
21,21,1,245,507.0,pos+cell,-0.0049626449853152,915.0000000000002
21,21,1,247,,pos,0.0051331386683288,
21,21,1,247,139.0,pos+cell,0.0041339219387201,390.0000000000003
21,21,1,247,150.0,pos+cell,0.0063424061211017,344.9999999999999
21,21,1,247,164.0,pos+cell,0.0075942911207047,329.9999999999998
21,21,1,247,185.0,pos+cell,0.0077332860231281,239.9999999999997
21,21,1,247,188.0,pos+cell,0.0068522349302908,210.0000000000003
21,21,1,247,203.0,pos+cell,0.0045648390457642,135.00000000000043
21,21,1,247,207.0,pos+cell,0.0091857037956049,149.99999999999963
21,21,1,247,219.0,pos+cell,0.0055118734720684,90.0
21,21,1,247,221.0,pos+cell,0.0101396082393392,74.99999999999989
21,21,1,247,222.0,pos+cell,0.0163002718244815,90.0
21,21,1,247,245.0,pos+cell,0.0095910220003818,0.0
21,21,1,247,251.0,pos+cell,0.0062737204969808,45.0
21,21,1,247,252.0,pos+cell,0.00907164553048,45.0
21,21,1,247,253.0,pos+cell,0.0111225571244725,30.000000000000345
21,21,1,247,254.0,pos+cell,0.0067260789464434,45.0
21,21,1,247,255.0,pos+cell,0.0061879173352614,45.0
21,21,1,247,259.0,pos+cell,0.0092790269615902,45.0
21,21,1,247,263.0,pos+cell,0.0138439160277279,59.99999999999978
21,21,1,247,264.0,pos+cell,0.0119707478158155,59.99999999999978
21,21,1,247,265.0,pos+cell,0.0055939669111057,74.99999999999989
21,21,1,247,266.0,pos+cell,0.0072320573029427,59.99999999999978
21,21,1,247,272.0,pos+cell,0.0062990221254947,90.0
21,21,1,247,274.0,pos+cell,0.0069890979534792,105.00000000000024
21,21,1,247,275.0,pos+cell,0.0050031151458922,105.00000000000024
21,21,1,247,276.0,pos+cell,0.0080966447299043,90.0
21,21,1,247,280.0,pos+cell,0.0066107121655083,120.00000000000033
21,21,1,247,281.0,pos+cell,0.0075558711784972,120.00000000000033
21,21,1,247,282.0,pos+cell,0.0060534759857782,135.0
21,21,1,247,283.0,pos+cell,0.0054595622676543,120.00000000000033
21,21,1,247,284.0,pos+cell,0.0142216558298684,135.0
21,21,1,247,288.0,pos+cell,0.0078418888568592,149.99999999999977
21,21,1,247,293.0,pos+cell,0.0058777723661621,195.00000000000017
21,21,1,247,294.0,pos+cell,0.0077961640616466,195.00000000000017
21,21,1,247,296.0,pos+cell,0.0113243530354912,164.99999999999991
21,21,1,247,308.0,pos+cell,0.0059508977748932,210.0000000000003
21,21,1,247,359.0,pos+cell,0.0072061664394128,434.99999999999994
21,21,1,247,381.0,pos+cell,0.0056654331669834,479.99999999999994
21,21,1,247,449.0,pos+cell,0.0056610492230495,735.0000000000001
21,21,1,247,481.0,pos+cell,0.0058750876194352,855.0000000000001
21,21,1,247,502.0,pos+cell,0.0050899096275528,899.9999999999997
21,21,1,247,507.0,pos+cell,0.0076007524853207,915.0000000000002
21,21,1,251,,pos,0.0559772268904387,
21,21,1,251,139.0,pos+cell,0.051385576164053,435.00000000000034
21,21,1,251,150.0,pos+cell,0.0521054483054697,389.99999999999983
21,21,1,251,164.0,pos+cell,0.0484834839092698,374.9999999999998
21,21,1,251,185.0,pos+cell,0.0481638676769395,284.99999999999966
21,21,1,251,188.0,pos+cell,0.0554483798040079,255.0000000000003
21,21,1,251,203.0,pos+cell,0.0493368152519184,180.00000000000043
21,21,1,251,207.0,pos+cell,0.0520466303671725,194.9999999999997
21,21,1,251,219.0,pos+cell,0.0481246826309703,135.0
21,21,1,251,221.0,pos+cell,0.0499382333806537,119.99999999999989
21,21,1,251,222.0,pos+cell,0.0500771810260354,135.0
21,21,1,251,245.0,pos+cell,0.0495278979433233,45.0
21,21,1,251,247.0,pos+cell,0.0521997887926893,45.0
21,21,1,251,252.0,pos+cell,0.0509256867822294,0.0
21,21,1,251,253.0,pos+cell,0.0497721566670526,14.999999999999655
21,21,1,251,254.0,pos+cell,0.0489112291741195,0.0
21,21,1,251,255.0,pos+cell,0.0520815449612023,0.0
21,21,1,251,259.0,pos+cell,0.080035656861559,0.0
21,21,1,251,263.0,pos+cell,0.0797224201901634,14.99999999999978
21,21,1,251,264.0,pos+cell,0.0474383289552344,14.99999999999978
21,21,1,251,265.0,pos+cell,0.0491712449518303,29.99999999999989
21,21,1,251,266.0,pos+cell,0.0462101153787157,14.99999999999978
21,21,1,251,272.0,pos+cell,0.0495951770219549,45.0
21,21,1,251,274.0,pos+cell,0.0510436780693825,60.000000000000234
21,21,1,251,275.0,pos+cell,0.0518074152079513,60.000000000000234
21,21,1,251,276.0,pos+cell,0.0466905738823101,45.0
21,21,1,251,280.0,pos+cell,0.0511774793710867,75.00000000000034
21,21,1,251,281.0,pos+cell,0.0505373398054716,75.00000000000034
21,21,1,251,282.0,pos+cell,0.0535149709418645,89.99999999999999
21,21,1,251,283.0,pos+cell,0.0489884437063089,75.00000000000034
21,21,1,251,284.0,pos+cell,0.0467498112001719,89.99999999999999
21,21,1,251,288.0,pos+cell,0.049086201987376,104.9999999999998
21,21,1,251,293.0,pos+cell,0.0500793211317289,150.00000000000017
21,21,1,251,294.0,pos+cell,0.0514368544249835,150.00000000000017
21,21,1,251,296.0,pos+cell,0.064659303207974,119.99999999999989
21,21,1,251,308.0,pos+cell,0.0494986311435993,165.00000000000034
21,21,1,251,359.0,pos+cell,0.05202595887948,389.99999999999994
21,21,1,251,381.0,pos+cell,0.050978591122244,434.9999999999999
21,21,1,251,449.0,pos+cell,0.050255209277296,690.0000000000001
21,21,1,251,481.0,pos+cell,0.0491375080010188,810.0000000000001
21,21,1,251,502.0,pos+cell,0.0545387404134506,854.9999999999995
21,21,1,251,507.0,pos+cell,0.0513235209538464,870.0000000000002
21,21,1,252,,pos,-0.0002342916512354,
21,21,1,252,139.0,pos+cell,-0.0016568275597735,435.00000000000034
21,21,1,252,150.0,pos+cell,-0.0032927616696572,389.99999999999983
21,21,1,252,164.0,pos+cell,-0.0015640399435996,374.9999999999998
21,21,1,252,185.0,pos+cell,-0.0040414833458525,284.99999999999966
21,21,1,252,188.0,pos+cell,-0.004618232259165,255.0000000000003
21,21,1,252,203.0,pos+cell,-6.487417705202115e-05,180.00000000000043
21,21,1,252,207.0,pos+cell,-0.0041674503648263,194.9999999999997
21,21,1,252,219.0,pos+cell,-0.0042832613135611,135.0
21,21,1,252,221.0,pos+cell,0.0032215793835841,119.99999999999989
21,21,1,252,222.0,pos+cell,-0.0032785323155488,135.0
21,21,1,252,245.0,pos+cell,0.0015066225179933,45.0
21,21,1,252,247.0,pos+cell,0.0066261809349715,45.0
21,21,1,252,251.0,pos+cell,-0.0029915973458216,0.0
21,21,1,252,253.0,pos+cell,0.0062559562609718,14.999999999999655
21,21,1,252,254.0,pos+cell,-0.0027142143316261,0.0
21,21,1,252,255.0,pos+cell,-0.0029155355140851,0.0
21,21,1,252,259.0,pos+cell,-0.0009796675387549,0.0
21,21,1,252,263.0,pos+cell,-0.0002380632588757,14.99999999999978
21,21,1,252,264.0,pos+cell,0.0146062976412765,14.99999999999978
21,21,1,252,265.0,pos+cell,-0.0014648979489332,29.99999999999989
21,21,1,252,266.0,pos+cell,-0.0012458761161146,14.99999999999978
21,21,1,252,272.0,pos+cell,0.0027582441815839,45.0
21,21,1,252,274.0,pos+cell,-0.0031745224768414,60.000000000000234
21,21,1,252,275.0,pos+cell,0.0003514766171539,60.000000000000234
21,21,1,252,276.0,pos+cell,-0.0039492266439909,45.0
21,21,1,252,280.0,pos+cell,-0.0026464626865441,75.00000000000034
21,21,1,252,281.0,pos+cell,0.0187640309101459,75.00000000000034
21,21,1,252,282.0,pos+cell,0.0072460812436986,89.99999999999999
21,21,1,252,283.0,pos+cell,0.0062217107738873,75.00000000000034
21,21,1,252,284.0,pos+cell,-0.0021999137252847,89.99999999999999
21,21,1,252,288.0,pos+cell,0.0030441260006794,104.9999999999998
21,21,1,252,293.0,pos+cell,0.0034040071058302,150.00000000000017
21,21,1,252,294.0,pos+cell,-0.0051446993098234,150.00000000000017
21,21,1,252,296.0,pos+cell,0.0010702293857982,119.99999999999989
21,21,1,252,308.0,pos+cell,0.0015952616020526,165.00000000000034
21,21,1,252,359.0,pos+cell,-0.0041617548626643,389.99999999999994
21,21,1,252,381.0,pos+cell,-0.0041237464873417,434.9999999999999
21,21,1,252,449.0,pos+cell,-0.0042865029242201,690.0000000000001
21,21,1,252,481.0,pos+cell,-0.0048428924040968,810.0000000000001
21,21,1,252,502.0,pos+cell,-0.0020411137141416,854.9999999999995
21,21,1,252,507.0,pos+cell,-0.0018058963625783,870.0000000000002
21,21,1,253,,pos,-0.0219826245990761,
21,21,1,253,139.0,pos+cell,-0.0130858168117486,420.0000000000007
21,21,1,253,150.0,pos+cell,-0.0180715304833479,375.0000000000002
21,21,1,253,164.0,pos+cell,0.0106773325831704,360.0000000000001
21,21,1,253,185.0,pos+cell,-0.0012473880035857,270.0
21,21,1,253,188.0,pos+cell,-0.0130420116661973,240.00000000000065
21,21,1,253,203.0,pos+cell,-0.0239852034758941,165.0000000000008
21,21,1,253,207.0,pos+cell,0.0275091849303453,180.0
21,21,1,253,219.0,pos+cell,0.0021088051916488,120.00000000000034
21,21,1,253,221.0,pos+cell,-0.0024135041653554,105.00000000000024
21,21,1,253,222.0,pos+cell,0.0114798941645781,120.00000000000034
21,21,1,253,245.0,pos+cell,0.0388213382543772,30.000000000000345
21,21,1,253,247.0,pos+cell,0.0170454470229443,30.000000000000345
21,21,1,253,251.0,pos+cell,-0.0187296694120758,14.999999999999655
21,21,1,253,252.0,pos+cell,-0.0075838731391837,14.999999999999655
21,21,1,253,254.0,pos+cell,-0.014621648019649,14.999999999999655
21,21,1,253,255.0,pos+cell,-0.0097228203443287,14.999999999999655
21,21,1,253,259.0,pos+cell,0.0046760539520016,14.999999999999655
21,21,1,253,263.0,pos+cell,0.0323371633080407,29.999999999999435
21,21,1,253,264.0,pos+cell,-0.0202287665102911,29.999999999999435
21,21,1,253,265.0,pos+cell,-0.0161538743982153,44.999999999999545
21,21,1,253,266.0,pos+cell,-0.0095186812144928,29.999999999999435
21,21,1,253,272.0,pos+cell,-0.0164303831604624,59.99999999999965
21,21,1,253,274.0,pos+cell,-0.0165388919708466,74.99999999999989
21,21,1,253,275.0,pos+cell,-0.0150562766634101,74.99999999999989
21,21,1,253,276.0,pos+cell,0.0167189260309339,59.99999999999965
21,21,1,253,280.0,pos+cell,-0.0074418603636892,90.0
21,21,1,253,281.0,pos+cell,-0.0181738979186674,90.0
21,21,1,253,282.0,pos+cell,0.0017487194517566,104.99999999999964
21,21,1,253,283.0,pos+cell,0.0251413502823485,90.0
21,21,1,253,284.0,pos+cell,0.0649576730274123,104.99999999999964
21,21,1,253,288.0,pos+cell,-0.0197851433533077,119.99999999999945
21,21,1,253,293.0,pos+cell,-0.0117640295904543,164.99999999999983
21,21,1,253,294.0,pos+cell,0.0147814917867322,164.99999999999983
21,21,1,253,296.0,pos+cell,0.0171370908757295,134.99999999999957
21,21,1,253,308.0,pos+cell,-0.0245402588496575,180.0
21,21,1,253,359.0,pos+cell,-0.0142254467991583,404.9999999999996
21,21,1,253,381.0,pos+cell,-0.0101094554921288,449.9999999999996
21,21,1,253,449.0,pos+cell,-0.0161050668946766,704.9999999999998
21,21,1,253,481.0,pos+cell,-0.0048051085187467,824.9999999999998
21,21,1,253,502.0,pos+cell,-0.0064394455052958,869.9999999999993
21,21,1,253,507.0,pos+cell,-0.0152550794004656,884.9999999999999
21,21,1,254,,pos,0.0032797197368957,
21,21,1,254,139.0,pos+cell,0.0029324990683464,435.00000000000034
21,21,1,254,150.0,pos+cell,0.0032159837182868,389.99999999999983
21,21,1,254,164.0,pos+cell,0.0044115664677725,374.9999999999998
21,21,1,254,185.0,pos+cell,0.0045017145634941,284.99999999999966
21,21,1,254,188.0,pos+cell,0.0025048324186113,255.0000000000003
21,21,1,254,203.0,pos+cell,0.0034033076150589,180.00000000000043
21,21,1,254,207.0,pos+cell,0.0023035851218379,194.9999999999997
21,21,1,254,219.0,pos+cell,0.0036168427772187,135.0
21,21,1,254,221.0,pos+cell,0.0036208120358057,119.99999999999989
21,21,1,254,222.0,pos+cell,0.0041294678131041,135.0
21,21,1,254,245.0,pos+cell,0.0031915484084289,45.0
21,21,1,254,247.0,pos+cell,0.0048549246874567,45.0
21,21,1,254,251.0,pos+cell,0.00370675661213,0.0
21,21,1,254,252.0,pos+cell,0.0038858530646228,0.0
21,21,1,254,253.0,pos+cell,0.0049526440466557,14.999999999999655
21,21,1,254,255.0,pos+cell,0.0045031248511248,0.0
21,21,1,254,259.0,pos+cell,0.0058486782249875,0.0
21,21,1,254,263.0,pos+cell,0.0035941843772456,14.99999999999978
21,21,1,254,264.0,pos+cell,0.0034025940515379,14.99999999999978
21,21,1,254,265.0,pos+cell,0.0033639602834004,29.99999999999989
21,21,1,254,266.0,pos+cell,0.0080876517169712,14.99999999999978
21,21,1,254,272.0,pos+cell,0.003666741551481,45.0
21,21,1,254,274.0,pos+cell,0.0043450166755627,60.000000000000234
21,21,1,254,275.0,pos+cell,0.0029535804587417,60.000000000000234
21,21,1,254,276.0,pos+cell,0.0036615157810412,45.0
21,21,1,254,280.0,pos+cell,0.0069443849333822,75.00000000000034
21,21,1,254,281.0,pos+cell,0.0074762665115204,75.00000000000034
21,21,1,254,282.0,pos+cell,0.003840606136835,89.99999999999999
21,21,1,254,283.0,pos+cell,0.0038661982188385,75.00000000000034
21,21,1,254,284.0,pos+cell,0.0066984893359006,89.99999999999999
21,21,1,254,288.0,pos+cell,0.003495363197774,104.9999999999998
21,21,1,254,293.0,pos+cell,0.0030658490906814,150.00000000000017
21,21,1,254,294.0,pos+cell,0.0034917919113442,150.00000000000017
21,21,1,254,296.0,pos+cell,0.0041841815153089,119.99999999999989
21,21,1,254,308.0,pos+cell,0.0038299024089527,165.00000000000034
21,21,1,254,359.0,pos+cell,0.0029705421073765,389.99999999999994
21,21,1,254,381.0,pos+cell,0.0014679618067714,434.9999999999999
21,21,1,254,449.0,pos+cell,0.0024856788750985,690.0000000000001
21,21,1,254,481.0,pos+cell,0.0021174328507287,810.0000000000001
21,21,1,254,502.0,pos+cell,0.004164547953316,854.9999999999995
21,21,1,254,507.0,pos+cell,0.0038161705387219,870.0000000000002
21,21,1,255,,pos,0.0017669168831125,
21,21,1,255,139.0,pos+cell,0.0012703217223612,435.00000000000034
21,21,1,255,150.0,pos+cell,0.0016607928449553,389.99999999999983
21,21,1,255,164.0,pos+cell,0.0037037094981659,374.9999999999998
21,21,1,255,185.0,pos+cell,0.0017716361069766,284.99999999999966
21,21,1,255,188.0,pos+cell,0.0004014322359561,255.0000000000003
21,21,1,255,203.0,pos+cell,0.0034122500872194,180.00000000000043
21,21,1,255,207.0,pos+cell,0.0012490500144079,194.9999999999997
21,21,1,255,219.0,pos+cell,0.0030277998088118,135.0
21,21,1,255,221.0,pos+cell,0.0007011251194369,119.99999999999989
21,21,1,255,222.0,pos+cell,0.0026581742186278,135.0
21,21,1,255,245.0,pos+cell,0.0009082749783998,45.0
21,21,1,255,247.0,pos+cell,0.0049174436206095,45.0
21,21,1,255,251.0,pos+cell,0.0049112316544341,0.0
21,21,1,255,252.0,pos+cell,-0.0006268629726429,0.0
21,21,1,255,253.0,pos+cell,0.0045067922054986,14.999999999999655
21,21,1,255,254.0,pos+cell,0.0042026221065691,0.0
21,21,1,255,259.0,pos+cell,0.0064010228044748,0.0
21,21,1,255,263.0,pos+cell,0.0021905111299952,14.99999999999978
21,21,1,255,264.0,pos+cell,0.0002474420386331,14.99999999999978
21,21,1,255,265.0,pos+cell,0.0028252725472103,29.99999999999989
21,21,1,255,266.0,pos+cell,0.0027245601320738,14.99999999999978
21,21,1,255,272.0,pos+cell,0.0025508367479005,45.0
21,21,1,255,274.0,pos+cell,0.0031125052546991,60.000000000000234
21,21,1,255,275.0,pos+cell,0.0011006802187105,60.000000000000234
21,21,1,255,276.0,pos+cell,0.0020684030427434,45.0
21,21,1,255,280.0,pos+cell,0.0035738884441561,75.00000000000034
21,21,1,255,281.0,pos+cell,0.0020012798140258,75.00000000000034
21,21,1,255,282.0,pos+cell,0.0087033312079292,89.99999999999999
21,21,1,255,283.0,pos+cell,0.0043747813558046,75.00000000000034
21,21,1,255,284.0,pos+cell,0.0042372450600676,89.99999999999999
21,21,1,255,288.0,pos+cell,0.00139308846777,104.9999999999998
21,21,1,255,293.0,pos+cell,0.0021323582753009,150.00000000000017
21,21,1,255,294.0,pos+cell,0.0062457993978176,150.00000000000017
21,21,1,255,296.0,pos+cell,0.0043817745981575,119.99999999999989
21,21,1,255,308.0,pos+cell,0.001459429559927,165.00000000000034
21,21,1,255,359.0,pos+cell,8.07370391223694e-06,389.99999999999994
21,21,1,255,381.0,pos+cell,0.0011580907800031,434.9999999999999
21,21,1,255,449.0,pos+cell,0.0014857888004595,690.0000000000001
21,21,1,255,481.0,pos+cell,0.0013703778688013,810.0000000000001
21,21,1,255,502.0,pos+cell,0.0038899899934319,854.9999999999995
21,21,1,255,507.0,pos+cell,0.0006893291359649,870.0000000000002
21,21,1,259,,pos,0.04792016395772,
21,21,1,259,139.0,pos+cell,0.0427653032988355,435.00000000000034
21,21,1,259,150.0,pos+cell,0.0412889356788544,389.99999999999983
21,21,1,259,164.0,pos+cell,0.0430484901487998,374.9999999999998
21,21,1,259,185.0,pos+cell,0.0393034541712137,284.99999999999966
21,21,1,259,188.0,pos+cell,0.0433981829401534,255.0000000000003
21,21,1,259,203.0,pos+cell,0.0401086830762289,180.00000000000043
21,21,1,259,207.0,pos+cell,0.0425201468160536,194.9999999999997
21,21,1,259,219.0,pos+cell,0.0412708599295726,135.0
21,21,1,259,221.0,pos+cell,0.040988023725478,119.99999999999989
21,21,1,259,222.0,pos+cell,0.0430042703774408,135.0
21,21,1,259,245.0,pos+cell,0.0415924465372343,45.0
21,21,1,259,247.0,pos+cell,0.0522460810784488,45.0
21,21,1,259,251.0,pos+cell,0.0564117331052125,0.0
21,21,1,259,252.0,pos+cell,0.039712349887048,0.0
21,21,1,259,253.0,pos+cell,0.0449642516590105,14.999999999999655
21,21,1,259,254.0,pos+cell,0.0435109448363755,0.0
21,21,1,259,255.0,pos+cell,0.0441000287401869,0.0
21,21,1,259,263.0,pos+cell,0.0858556455959159,14.99999999999978
21,21,1,259,264.0,pos+cell,0.0400223221499711,14.99999999999978
21,21,1,259,265.0,pos+cell,0.039597231252769,29.99999999999989
21,21,1,259,266.0,pos+cell,0.0453688131042442,14.99999999999978
21,21,1,259,272.0,pos+cell,0.0412742825649165,45.0
21,21,1,259,274.0,pos+cell,0.0424592717462887,60.000000000000234
21,21,1,259,275.0,pos+cell,0.044567782379467,60.000000000000234
21,21,1,259,276.0,pos+cell,0.0406489100387346,45.0
21,21,1,259,280.0,pos+cell,0.040628239399693,75.00000000000034
21,21,1,259,281.0,pos+cell,0.041073633704255,75.00000000000034
21,21,1,259,282.0,pos+cell,0.0404984747345264,89.99999999999999
21,21,1,259,283.0,pos+cell,0.0432551314644377,75.00000000000034
21,21,1,259,284.0,pos+cell,0.0455001969565328,89.99999999999999
21,21,1,259,288.0,pos+cell,0.0407083669778939,104.9999999999998
21,21,1,259,293.0,pos+cell,0.040943308679009,150.00000000000017
21,21,1,259,294.0,pos+cell,0.0418198009876322,150.00000000000017
21,21,1,259,296.0,pos+cell,0.0582567621090017,119.99999999999989
21,21,1,259,308.0,pos+cell,0.0436233716139005,165.00000000000034
21,21,1,259,359.0,pos+cell,0.041164562204754,389.99999999999994
21,21,1,259,381.0,pos+cell,0.043135317123413,434.9999999999999
21,21,1,259,449.0,pos+cell,0.0480420171685462,690.0000000000001
21,21,1,259,481.0,pos+cell,0.0421325517252615,810.0000000000001
21,21,1,259,502.0,pos+cell,0.0450692799642937,854.9999999999995
21,21,1,259,507.0,pos+cell,0.045574552906909,870.0000000000002
21,21,1,263,,pos,0.0575001072413658,
21,21,1,263,139.0,pos+cell,0.0560378484053107,450.0000000000001
21,21,1,263,150.0,pos+cell,0.0554330492950462,404.99999999999966
21,21,1,263,164.0,pos+cell,0.0556414114645183,389.99999999999955
21,21,1,263,185.0,pos+cell,0.0551590932658094,299.99999999999943
21,21,1,263,188.0,pos+cell,0.0564381378919378,270.0000000000001
21,21,1,263,203.0,pos+cell,0.0542837665112764,195.00000000000023
21,21,1,263,207.0,pos+cell,0.0665125207935039,209.99999999999943
21,21,1,263,219.0,pos+cell,0.0556366077044691,149.99999999999977
21,21,1,263,221.0,pos+cell,0.059563324025474,134.99999999999966
21,21,1,263,222.0,pos+cell,0.0606463246869164,149.99999999999977
21,21,1,263,245.0,pos+cell,0.066085475819769,59.99999999999978
21,21,1,263,247.0,pos+cell,0.0654950064450696,59.99999999999978
21,21,1,263,251.0,pos+cell,0.0669583498270425,14.99999999999978
21,21,1,263,252.0,pos+cell,0.056501813357177,14.99999999999978
21,21,1,263,253.0,pos+cell,0.0705024172201733,29.999999999999435
21,21,1,263,254.0,pos+cell,0.0545219024010327,14.99999999999978
21,21,1,263,255.0,pos+cell,0.0525006453769014,14.99999999999978
21,21,1,263,259.0,pos+cell,0.0949512903403687,14.99999999999978
21,21,1,263,264.0,pos+cell,0.0508240683192388,0.0
21,21,1,263,265.0,pos+cell,0.0567782648784941,15.00000000000011
21,21,1,263,266.0,pos+cell,0.0532219622273974,0.0
21,21,1,263,272.0,pos+cell,0.0570408085440239,30.00000000000022
21,21,1,263,274.0,pos+cell,0.0563843969322453,45.000000000000455
21,21,1,263,275.0,pos+cell,0.0542455897660079,45.000000000000455
21,21,1,263,276.0,pos+cell,0.0620995555766624,30.00000000000022
21,21,1,263,280.0,pos+cell,0.0570779281677332,60.00000000000056
21,21,1,263,281.0,pos+cell,0.0517046701134859,60.00000000000056
21,21,1,263,282.0,pos+cell,0.0586242362261072,75.00000000000021
21,21,1,263,283.0,pos+cell,0.0613196425331251,60.00000000000056
21,21,1,263,284.0,pos+cell,0.06508419303661,75.00000000000021
21,21,1,263,288.0,pos+cell,0.0530375593621473,90.0
21,21,1,263,293.0,pos+cell,0.0587991571176793,135.00000000000037
21,21,1,263,294.0,pos+cell,0.0607122406932393,135.00000000000037
21,21,1,263,296.0,pos+cell,0.0824894497390381,105.00000000000011
21,21,1,263,308.0,pos+cell,0.0559244705482842,150.00000000000054
21,21,1,263,359.0,pos+cell,0.0554704444422482,375.00000000000017
21,21,1,263,381.0,pos+cell,0.0592320172228842,420.0000000000001
21,21,1,263,449.0,pos+cell,0.0589784691958709,675.0000000000003
21,21,1,263,481.0,pos+cell,0.0615624909018968,795.0000000000003
21,21,1,263,502.0,pos+cell,0.0540698121604451,839.9999999999998
21,21,1,263,507.0,pos+cell,0.0668237223203503,855.0000000000005
21,21,1,264,,pos,0.0044187422389556,
21,21,1,264,139.0,pos+cell,0.0027016719059441,450.0000000000001
21,21,1,264,150.0,pos+cell,0.0029471153790351,404.99999999999966
21,21,1,264,164.0,pos+cell,0.0062607135181957,389.99999999999955
21,21,1,264,185.0,pos+cell,0.008670122085914,299.99999999999943
21,21,1,264,188.0,pos+cell,0.0029347361984159,270.0000000000001
21,21,1,264,203.0,pos+cell,0.0044044661699385,195.00000000000023
21,21,1,264,207.0,pos+cell,0.0053634649181344,209.99999999999943
21,21,1,264,219.0,pos+cell,0.0045486949757893,149.99999999999977
21,21,1,264,221.0,pos+cell,0.0090600366709501,134.99999999999966
21,21,1,264,222.0,pos+cell,0.0042053171709298,149.99999999999977
21,21,1,264,245.0,pos+cell,0.0021652608542997,59.99999999999978
21,21,1,264,247.0,pos+cell,0.0140330522274624,59.99999999999978
21,21,1,264,251.0,pos+cell,0.0011158040253079,14.99999999999978
21,21,1,264,252.0,pos+cell,0.0166496445123025,14.99999999999978
21,21,1,264,253.0,pos+cell,0.0063501823837488,29.999999999999435
21,21,1,264,254.0,pos+cell,0.0049789933111077,14.99999999999978
21,21,1,264,255.0,pos+cell,0.0025151642450181,14.99999999999978
21,21,1,264,259.0,pos+cell,0.0039668325470483,14.99999999999978
21,21,1,264,263.0,pos+cell,-0.0015414678662776,0.0
21,21,1,264,265.0,pos+cell,0.0069548705343333,15.00000000000011
21,21,1,264,266.0,pos+cell,0.0035751464063416,0.0
21,21,1,264,272.0,pos+cell,0.0056963940135378,30.00000000000022
21,21,1,264,274.0,pos+cell,0.0323680341911765,45.000000000000455
21,21,1,264,275.0,pos+cell,0.0042899500636169,45.000000000000455
21,21,1,264,276.0,pos+cell,0.0036854590908214,30.00000000000022
21,21,1,264,280.0,pos+cell,0.0117606251344927,60.00000000000056
21,21,1,264,281.0,pos+cell,0.011081348946523,60.00000000000056
21,21,1,264,282.0,pos+cell,-0.0003353773865477,75.00000000000021
21,21,1,264,283.0,pos+cell,0.0087935744621,60.00000000000056
21,21,1,264,284.0,pos+cell,0.0083768117311055,75.00000000000021
21,21,1,264,288.0,pos+cell,0.0050629127994073,90.0
21,21,1,264,293.0,pos+cell,0.0028529404614434,135.00000000000037
21,21,1,264,294.0,pos+cell,0.008132574963942,135.00000000000037
21,21,1,264,296.0,pos+cell,0.0036140892339063,105.00000000000011
21,21,1,264,308.0,pos+cell,0.0046033654042611,150.00000000000054
21,21,1,264,359.0,pos+cell,-0.0013635710569848,375.00000000000017
21,21,1,264,381.0,pos+cell,0.0104801722793684,420.0000000000001
21,21,1,264,449.0,pos+cell,0.0043082056231394,675.0000000000003
21,21,1,264,481.0,pos+cell,0.000440358462323,795.0000000000003
21,21,1,264,502.0,pos+cell,0.0049613226891087,839.9999999999998
21,21,1,264,507.0,pos+cell,0.0069576370398202,855.0000000000005
21,21,1,265,,pos,-0.0123949652074948,
21,21,1,265,139.0,pos+cell,-0.0082175758356775,465.0000000000002
21,21,1,265,150.0,pos+cell,-0.0063485596813176,419.9999999999998
21,21,1,265,164.0,pos+cell,-0.0053652816398528,404.99999999999966
21,21,1,265,185.0,pos+cell,-0.0043754946268427,314.99999999999955
21,21,1,265,188.0,pos+cell,-0.0075039742011913,285.0000000000002
21,21,1,265,203.0,pos+cell,-0.0093547121097523,210.0000000000003
21,21,1,265,207.0,pos+cell,-0.0011253988337234,224.99999999999957
21,21,1,265,219.0,pos+cell,-0.0016977960324331,164.99999999999991
21,21,1,265,221.0,pos+cell,-0.0041197968814381,149.99999999999977
21,21,1,265,222.0,pos+cell,-0.0044085209685678,164.99999999999991
21,21,1,265,245.0,pos+cell,-0.0035320562293781,74.99999999999989
21,21,1,265,247.0,pos+cell,-0.0014320496486857,74.99999999999989
21,21,1,265,251.0,pos+cell,-0.0056036655118344,29.99999999999989
21,21,1,265,252.0,pos+cell,-0.0074323435397169,29.99999999999989
21,21,1,265,253.0,pos+cell,-0.0035448112835354,44.999999999999545
21,21,1,265,254.0,pos+cell,-0.0027280898757523,29.99999999999989
21,21,1,265,255.0,pos+cell,-0.0051115154077241,29.99999999999989
21,21,1,265,259.0,pos+cell,-0.0064985285124913,29.99999999999989
21,21,1,265,263.0,pos+cell,-0.0021568529320374,15.00000000000011
21,21,1,265,264.0,pos+cell,-0.0031460926633535,15.00000000000011
21,21,1,265,266.0,pos+cell,-0.0041590221243976,15.00000000000011
21,21,1,265,272.0,pos+cell,-0.0088252205597884,15.00000000000011
21,21,1,265,274.0,pos+cell,-0.0067250178299362,30.000000000000345
21,21,1,265,275.0,pos+cell,-0.0059273263545984,30.000000000000345
21,21,1,265,276.0,pos+cell,0.0043419991327329,15.00000000000011
21,21,1,265,280.0,pos+cell,-0.0009021199821917,45.00000000000045
21,21,1,265,281.0,pos+cell,-0.0062369359862416,45.00000000000045
21,21,1,265,282.0,pos+cell,-0.0040849213210743,60.0000000000001
21,21,1,265,283.0,pos+cell,-0.0040285247624345,45.00000000000045
21,21,1,265,284.0,pos+cell,0.003221022394342,60.0000000000001
21,21,1,265,288.0,pos+cell,-0.0057105798223254,74.99999999999989
21,21,1,265,293.0,pos+cell,-0.0074745673430525,120.00000000000028
21,21,1,265,294.0,pos+cell,-0.0083972514257756,120.00000000000028
21,21,1,265,296.0,pos+cell,-0.0025467038976741,90.0
21,21,1,265,308.0,pos+cell,-0.0023031424150999,135.00000000000043
21,21,1,265,359.0,pos+cell,-0.0045153026454592,360.00000000000006
21,21,1,265,381.0,pos+cell,-0.0004854920154597,405.00000000000006
21,21,1,265,449.0,pos+cell,-0.0039841598882749,660.0000000000002
21,21,1,265,481.0,pos+cell,-0.0067535377539776,780.0000000000001
21,21,1,265,502.0,pos+cell,-0.0100814493805836,824.9999999999998
21,21,1,265,507.0,pos+cell,-0.0005254528703577,840.0000000000003
21,21,1,266,,pos,0.0006968074392544,
21,21,1,266,139.0,pos+cell,0.0009029258445815,450.0000000000001
21,21,1,266,150.0,pos+cell,0.0003237340782692,404.99999999999966
21,21,1,266,164.0,pos+cell,0.0007309889900046,389.99999999999955
21,21,1,266,185.0,pos+cell,0.0029593360938142,299.99999999999943
21,21,1,266,188.0,pos+cell,-0.0004021988355986,270.0000000000001
21,21,1,266,203.0,pos+cell,0.0012958191235793,195.00000000000023
21,21,1,266,207.0,pos+cell,0.0019840867349031,209.99999999999943
21,21,1,266,219.0,pos+cell,0.0038926010299016,149.99999999999977
21,21,1,266,221.0,pos+cell,0.0035017711613315,134.99999999999966
21,21,1,266,222.0,pos+cell,0.0017926107269555,149.99999999999977
21,21,1,266,245.0,pos+cell,0.0023162473764395,59.99999999999978
21,21,1,266,247.0,pos+cell,0.0031146698291936,59.99999999999978
21,21,1,266,251.0,pos+cell,0.0010437735267647,14.99999999999978
21,21,1,266,252.0,pos+cell,0.0008723640135852,14.99999999999978
21,21,1,266,253.0,pos+cell,0.0019359010591137,29.999999999999435
21,21,1,266,254.0,pos+cell,0.0044300956038764,14.99999999999978
21,21,1,266,255.0,pos+cell,0.000625853105271,14.99999999999978
21,21,1,266,259.0,pos+cell,0.006738667088411,14.99999999999978
21,21,1,266,263.0,pos+cell,0.0036283047214646,0.0
21,21,1,266,264.0,pos+cell,0.0004497970367716,0.0
21,21,1,266,265.0,pos+cell,0.0017665191827094,15.00000000000011
21,21,1,266,272.0,pos+cell,0.0057223332660017,30.00000000000022
21,21,1,266,274.0,pos+cell,0.0013809219912254,45.000000000000455
21,21,1,266,275.0,pos+cell,0.0052356978455481,45.000000000000455
21,21,1,266,276.0,pos+cell,0.0016650077709623,30.00000000000022
21,21,1,266,280.0,pos+cell,4.447639183187135e-05,60.00000000000056
21,21,1,266,281.0,pos+cell,0.0023438328985451,60.00000000000056
21,21,1,266,282.0,pos+cell,0.0002983225799581,75.00000000000021
21,21,1,266,283.0,pos+cell,0.0026361875017053,60.00000000000056
21,21,1,266,284.0,pos+cell,0.0051639018751641,75.00000000000021
21,21,1,266,288.0,pos+cell,0.0022756830004261,90.0
21,21,1,266,293.0,pos+cell,0.001787388529951,135.00000000000037
21,21,1,266,294.0,pos+cell,0.0026997922970499,135.00000000000037
21,21,1,266,296.0,pos+cell,0.0054072201643997,105.00000000000011
21,21,1,266,308.0,pos+cell,0.0029767672397221,150.00000000000054
21,21,1,266,359.0,pos+cell,-0.0007080250293924,375.00000000000017
21,21,1,266,381.0,pos+cell,-0.0006355646077934,420.0000000000001
21,21,1,266,449.0,pos+cell,0.0019639317651487,675.0000000000003
21,21,1,266,481.0,pos+cell,0.000831244818707,795.0000000000003
21,21,1,266,502.0,pos+cell,-0.0004318349372046,839.9999999999998
21,21,1,266,507.0,pos+cell,0.0019711707340742,855.0000000000005
21,21,1,272,,pos,-0.0056062878130191,
21,21,1,272,139.0,pos+cell,-0.0126804710918134,480.0000000000003
21,21,1,272,150.0,pos+cell,-0.0066623625358646,434.9999999999999
21,21,1,272,164.0,pos+cell,-0.0095446359658287,419.9999999999998
21,21,1,272,185.0,pos+cell,-0.006421078243505,329.99999999999966
21,21,1,272,188.0,pos+cell,-0.0072834563944688,300.00000000000034
21,21,1,272,203.0,pos+cell,-0.0017263834203119,225.00000000000043
21,21,1,272,207.0,pos+cell,-0.0017859309869631,239.9999999999997
21,21,1,272,219.0,pos+cell,-0.0105346434113854,180.0
21,21,1,272,221.0,pos+cell,-0.0065760242339821,164.99999999999991
21,21,1,272,222.0,pos+cell,0.0233938976831543,180.0
21,21,1,272,245.0,pos+cell,-0.015112985405895,90.0
21,21,1,272,247.0,pos+cell,-0.0011647016032702,90.0
21,21,1,272,251.0,pos+cell,-0.0010992706964516,45.0
21,21,1,272,252.0,pos+cell,0.0291746225589701,45.0
21,21,1,272,253.0,pos+cell,-0.0017164480233047,59.99999999999965
21,21,1,272,254.0,pos+cell,-0.0077455720300494,45.0
21,21,1,272,255.0,pos+cell,-0.0034619190905671,45.0
21,21,1,272,259.0,pos+cell,-0.0130543375662962,45.0
21,21,1,272,263.0,pos+cell,-0.0024438679273806,30.00000000000022
21,21,1,272,264.0,pos+cell,0.0079717285148042,30.00000000000022
21,21,1,272,265.0,pos+cell,-0.0111990061163751,15.00000000000011
21,21,1,272,266.0,pos+cell,0.0267933649480121,30.00000000000022
21,21,1,272,274.0,pos+cell,-0.0024868115782047,15.000000000000234
21,21,1,272,275.0,pos+cell,0.0008515449629746,15.000000000000234
21,21,1,272,276.0,pos+cell,-0.0030905867223735,0.0
21,21,1,272,280.0,pos+cell,-0.0008409181424752,30.000000000000338
21,21,1,272,281.0,pos+cell,0.016116523035459,30.000000000000338
21,21,1,272,282.0,pos+cell,-0.0051126908086513,44.99999999999999
21,21,1,272,283.0,pos+cell,-0.0065655809242314,30.000000000000338
21,21,1,272,284.0,pos+cell,-0.0051932895951816,44.99999999999999
21,21,1,272,288.0,pos+cell,0.0820695180918538,59.99999999999978
21,21,1,272,293.0,pos+cell,-0.0074467518505384,105.00000000000016
21,21,1,272,294.0,pos+cell,0.056025290495085,105.00000000000016
21,21,1,272,296.0,pos+cell,-0.0015915647189266,74.99999999999989
21,21,1,272,308.0,pos+cell,-0.006035655404973,120.00000000000033
21,21,1,272,359.0,pos+cell,-0.012930900491953,344.99999999999994
21,21,1,272,381.0,pos+cell,-0.0105178346680066,389.99999999999994
21,21,1,272,449.0,pos+cell,-0.0061456834736151,645.0000000000001
21,21,1,272,481.0,pos+cell,-0.0157359952503979,765.0000000000001
21,21,1,272,502.0,pos+cell,-0.0091136610297348,809.9999999999997
21,21,1,272,507.0,pos+cell,-0.0103016085167072,825.0000000000002
21,21,1,274,,pos,0.0066807779158092,
21,21,1,274,139.0,pos+cell,0.0037731503147125,495.00000000000057
21,21,1,274,150.0,pos+cell,0.0060185978974944,450.0000000000001
21,21,1,274,164.0,pos+cell,0.0071644508969398,435.0
21,21,1,274,185.0,pos+cell,0.0294025038859767,344.9999999999999
21,21,1,274,188.0,pos+cell,0.009627101282329,315.00000000000057
21,21,1,274,203.0,pos+cell,0.0092198376035074,240.00000000000065
21,21,1,274,207.0,pos+cell,0.0271786451853042,254.9999999999999
21,21,1,274,219.0,pos+cell,0.0071130066223261,195.00000000000023
21,21,1,274,221.0,pos+cell,0.0102075799152905,180.0000000000001
21,21,1,274,222.0,pos+cell,0.0074262809449079,195.00000000000023
21,21,1,274,245.0,pos+cell,0.015785931605114,105.00000000000024
21,21,1,274,247.0,pos+cell,0.0127534694781208,105.00000000000024
21,21,1,274,251.0,pos+cell,0.0076272889054784,60.000000000000234
21,21,1,274,252.0,pos+cell,0.0052866978524346,60.000000000000234
21,21,1,274,253.0,pos+cell,0.0126119462410257,74.99999999999989
21,21,1,274,254.0,pos+cell,0.0066047376920303,60.000000000000234
21,21,1,274,255.0,pos+cell,0.0113878606078234,60.000000000000234
21,21,1,274,259.0,pos+cell,0.0120603653192474,60.000000000000234
21,21,1,274,263.0,pos+cell,0.0111930979467526,45.000000000000455
21,21,1,274,264.0,pos+cell,0.036118447163716,45.000000000000455
21,21,1,274,265.0,pos+cell,0.0037645898112002,30.000000000000345
21,21,1,274,266.0,pos+cell,0.0069113001444964,45.000000000000455
21,21,1,274,272.0,pos+cell,0.0071715611256418,15.000000000000234
21,21,1,274,275.0,pos+cell,0.0062526406041798,0.0
21,21,1,274,276.0,pos+cell,0.0053899959393145,15.000000000000234
21,21,1,274,280.0,pos+cell,0.0126766266664994,15.000000000000105
21,21,1,274,281.0,pos+cell,0.0032607378582742,15.000000000000105
21,21,1,274,282.0,pos+cell,0.0071999111242934,29.999999999999755
21,21,1,274,283.0,pos+cell,0.007846768243952,15.000000000000105
21,21,1,274,284.0,pos+cell,0.0521314814831738,29.999999999999755
21,21,1,274,288.0,pos+cell,0.0073641309573235,44.999999999999545
21,21,1,274,293.0,pos+cell,0.009364156636789,89.99999999999993
21,21,1,274,294.0,pos+cell,0.0083689546026036,89.99999999999993
21,21,1,274,296.0,pos+cell,0.0182315880531262,59.99999999999965
21,21,1,274,308.0,pos+cell,0.0033391659057584,105.0000000000001
21,21,1,274,359.0,pos+cell,0.0063845524600839,329.9999999999997
21,21,1,274,381.0,pos+cell,0.0162494208139222,374.99999999999966
21,21,1,274,449.0,pos+cell,0.009361964111671,629.9999999999999
21,21,1,274,481.0,pos+cell,0.0050464769424044,749.9999999999999
21,21,1,274,502.0,pos+cell,0.0049124738798327,794.9999999999994
21,21,1,274,507.0,pos+cell,0.0149458708005984,810.0
21,21,1,275,,pos,0.0081463456413622,
21,21,1,275,139.0,pos+cell,0.0069012907022021,495.00000000000057
21,21,1,275,150.0,pos+cell,0.0077860435366789,450.0000000000001
21,21,1,275,164.0,pos+cell,0.0068730430744031,435.0
21,21,1,275,185.0,pos+cell,0.0070081254793951,344.9999999999999
21,21,1,275,188.0,pos+cell,0.0075514857340224,315.00000000000057
21,21,1,275,203.0,pos+cell,0.0078180087325154,240.00000000000065
21,21,1,275,207.0,pos+cell,0.0079039348747396,254.9999999999999
21,21,1,275,219.0,pos+cell,0.0113083467289341,195.00000000000023
21,21,1,275,221.0,pos+cell,0.0094096277365154,180.0000000000001
21,21,1,275,222.0,pos+cell,0.0071785397217813,195.00000000000023
21,21,1,275,245.0,pos+cell,0.0077859032060097,105.00000000000024
21,21,1,275,247.0,pos+cell,0.008692884236857,105.00000000000024
21,21,1,275,251.0,pos+cell,0.0106134809119176,60.000000000000234
21,21,1,275,252.0,pos+cell,0.0077690233732569,60.000000000000234
21,21,1,275,253.0,pos+cell,0.0072723183299597,74.99999999999989
21,21,1,275,254.0,pos+cell,0.0090234848885422,60.000000000000234
21,21,1,275,255.0,pos+cell,0.0082497266758084,60.000000000000234
21,21,1,275,259.0,pos+cell,0.0160125754057482,60.000000000000234
21,21,1,275,263.0,pos+cell,0.0124661612801579,45.000000000000455
21,21,1,275,264.0,pos+cell,0.0075532715251774,45.000000000000455
21,21,1,275,265.0,pos+cell,0.0064745277210168,30.000000000000345
21,21,1,275,266.0,pos+cell,0.0140054406703405,45.000000000000455
21,21,1,275,272.0,pos+cell,0.0076942542995842,15.000000000000234
21,21,1,275,274.0,pos+cell,0.0102059462845018,0.0
21,21,1,275,276.0,pos+cell,0.0087203444048802,15.000000000000234
21,21,1,275,280.0,pos+cell,0.008191012273487,15.000000000000105
21,21,1,275,281.0,pos+cell,0.0082695791603645,15.000000000000105
21,21,1,275,282.0,pos+cell,0.0096905696552557,29.999999999999755
21,21,1,275,283.0,pos+cell,0.0079147591871648,15.000000000000105
21,21,1,275,284.0,pos+cell,0.0083197179737346,29.999999999999755
21,21,1,275,288.0,pos+cell,0.0082517896554545,44.999999999999545
21,21,1,275,293.0,pos+cell,0.006287973242371,89.99999999999993
21,21,1,275,294.0,pos+cell,0.0079205221993505,89.99999999999993
21,21,1,275,296.0,pos+cell,0.0162007940863873,59.99999999999965
21,21,1,275,308.0,pos+cell,0.010016848790098,105.0000000000001
21,21,1,275,359.0,pos+cell,0.0076951584209314,329.9999999999997
21,21,1,275,381.0,pos+cell,0.0070070196693841,374.99999999999966
21,21,1,275,449.0,pos+cell,0.0083305118881895,629.9999999999999
21,21,1,275,481.0,pos+cell,0.007143707226024,749.9999999999999
21,21,1,275,502.0,pos+cell,0.0065325274581928,794.9999999999994
21,21,1,275,507.0,pos+cell,0.0072113941927457,810.0
21,21,1,276,,pos,0.0005306242702466,
21,21,1,276,139.0,pos+cell,0.0033220318061823,480.0000000000003
21,21,1,276,150.0,pos+cell,0.0039693677092607,434.9999999999999
21,21,1,276,164.0,pos+cell,0.0013309744333614,419.9999999999998
21,21,1,276,185.0,pos+cell,0.0029141849953164,329.99999999999966
21,21,1,276,188.0,pos+cell,0.0024828056962809,300.00000000000034
21,21,1,276,203.0,pos+cell,0.0035257613952784,225.00000000000043
21,21,1,276,207.0,pos+cell,0.0074591298022363,239.9999999999997
21,21,1,276,219.0,pos+cell,0.0035251419475296,180.0
21,21,1,276,221.0,pos+cell,0.0051428455143101,164.99999999999991
21,21,1,276,222.0,pos+cell,0.0038780954719817,180.0
21,21,1,276,245.0,pos+cell,0.0087903607358532,90.0
21,21,1,276,247.0,pos+cell,0.0089098807987358,90.0
21,21,1,276,251.0,pos+cell,0.0035870802620892,45.0
21,21,1,276,252.0,pos+cell,0.0023999526249461,45.0
21,21,1,276,253.0,pos+cell,0.0131231167258573,59.99999999999965
21,21,1,276,254.0,pos+cell,0.0047802315546066,45.0
21,21,1,276,255.0,pos+cell,0.0054616074223082,45.0
21,21,1,276,259.0,pos+cell,0.0063883192757505,45.0
21,21,1,276,263.0,pos+cell,0.0089527327715879,30.00000000000022
21,21,1,276,264.0,pos+cell,0.0025630927602817,30.00000000000022
21,21,1,276,265.0,pos+cell,0.00710223010158,15.00000000000011
21,21,1,276,266.0,pos+cell,0.004233023515034,30.00000000000022
21,21,1,276,272.0,pos+cell,0.0042157044395389,0.0
21,21,1,276,274.0,pos+cell,0.0039112810219706,15.000000000000234
21,21,1,276,275.0,pos+cell,0.0026216836582768,15.000000000000234
21,21,1,276,280.0,pos+cell,0.0036887263635114,30.000000000000338
21,21,1,276,281.0,pos+cell,0.0035572542040728,30.000000000000338
21,21,1,276,282.0,pos+cell,0.0061737149464966,44.99999999999999
21,21,1,276,283.0,pos+cell,0.0085769713960125,30.000000000000338
21,21,1,276,284.0,pos+cell,0.0087449354967531,44.99999999999999
21,21,1,276,288.0,pos+cell,0.0041487403181813,59.99999999999978
21,21,1,276,293.0,pos+cell,0.006743055740307,105.00000000000016
21,21,1,276,294.0,pos+cell,0.0071541058072326,105.00000000000016
21,21,1,276,296.0,pos+cell,0.0087902407635048,74.99999999999989
21,21,1,276,308.0,pos+cell,0.0054988929478338,120.00000000000033
21,21,1,276,359.0,pos+cell,0.0035962332311093,344.99999999999994
21,21,1,276,381.0,pos+cell,0.0035046730426421,389.99999999999994
21,21,1,276,449.0,pos+cell,0.0053892926544321,645.0000000000001
21,21,1,276,481.0,pos+cell,0.0049925570369694,765.0000000000001
21,21,1,276,502.0,pos+cell,0.0029524879515334,809.9999999999997
21,21,1,276,507.0,pos+cell,0.0052545474555059,825.0000000000002
21,21,1,280,,pos,-0.0009660052955364,
21,21,1,280,139.0,pos+cell,6.761713740532915e-06,510.0000000000007
21,21,1,280,150.0,pos+cell,-0.0001491657420458,465.0000000000002
21,21,1,280,164.0,pos+cell,-0.0012028288485973,450.0000000000001
21,21,1,280,185.0,pos+cell,-0.0006730198091828,360.0
21,21,1,280,188.0,pos+cell,0.0002249466532056,330.0000000000007
21,21,1,280,203.0,pos+cell,0.0020401706954709,255.00000000000077
21,21,1,280,207.0,pos+cell,0.0014226534636085,270.0
21,21,1,280,219.0,pos+cell,0.0008792795457912,210.0000000000003
21,21,1,280,221.0,pos+cell,0.0013590725653852,195.00000000000023
21,21,1,280,222.0,pos+cell,0.0009018001242076,210.0000000000003
21,21,1,280,245.0,pos+cell,0.0011937877195761,120.00000000000033
21,21,1,280,247.0,pos+cell,0.0015780858869052,120.00000000000033
21,21,1,280,251.0,pos+cell,-0.0006850826151172,75.00000000000034
21,21,1,280,252.0,pos+cell,-0.0001736641198137,75.00000000000034
21,21,1,280,253.0,pos+cell,0.0010237548588154,90.0
21,21,1,280,254.0,pos+cell,0.0082597343996248,75.00000000000034
21,21,1,280,255.0,pos+cell,-0.0010055273971428,75.00000000000034
21,21,1,280,259.0,pos+cell,-0.0006314155520836,75.00000000000034
21,21,1,280,263.0,pos+cell,0.0018660989825918,60.00000000000056
21,21,1,280,264.0,pos+cell,0.0012668336725214,60.00000000000056
21,21,1,280,265.0,pos+cell,0.0011361226662723,45.00000000000045
21,21,1,280,266.0,pos+cell,0.0018586332389436,60.00000000000056
21,21,1,280,272.0,pos+cell,0.0008213586791308,30.000000000000338
21,21,1,280,274.0,pos+cell,0.0019086344623005,15.000000000000105
21,21,1,280,275.0,pos+cell,0.0003427484725378,15.000000000000105
21,21,1,280,276.0,pos+cell,-0.000392757922297,30.000000000000338
21,21,1,280,281.0,pos+cell,0.0013676947393879,0.0
21,21,1,280,282.0,pos+cell,0.0008037855987447,14.99999999999965
21,21,1,280,283.0,pos+cell,0.0054644555909307,0.0
21,21,1,280,284.0,pos+cell,0.0039813774621637,14.99999999999965
21,21,1,280,288.0,pos+cell,0.0023104581462092,29.99999999999944
21,21,1,280,293.0,pos+cell,0.0004514446752179,74.99999999999982
21,21,1,280,294.0,pos+cell,0.0021429251412356,74.99999999999982
21,21,1,280,296.0,pos+cell,0.0036349643559904,44.99999999999955
21,21,1,280,308.0,pos+cell,0.0035703444315076,90.0
21,21,1,280,359.0,pos+cell,-0.0009142317784326,314.9999999999996
21,21,1,280,381.0,pos+cell,2.141847554291143e-05,359.9999999999996
21,21,1,280,449.0,pos+cell,-0.0021043817206959,614.9999999999998
21,21,1,280,481.0,pos+cell,0.0017084557351582,734.9999999999998
21,21,1,280,502.0,pos+cell,-0.0002115698388803,779.9999999999992
21,21,1,280,507.0,pos+cell,0.0001347682188458,794.9999999999999
21,21,1,281,,pos,-0.0175814123080886,
21,21,1,281,139.0,pos+cell,-0.0152884812556181,510.0000000000007
21,21,1,281,150.0,pos+cell,-0.0122676550928985,465.0000000000002
21,21,1,281,164.0,pos+cell,-0.012047406138646,450.0000000000001
21,21,1,281,185.0,pos+cell,-0.0167119767403898,360.0
21,21,1,281,188.0,pos+cell,-0.0154434334658359,330.0000000000007
21,21,1,281,203.0,pos+cell,-0.0116746086426639,255.00000000000077
21,21,1,281,207.0,pos+cell,-0.0121044559393145,270.0
21,21,1,281,219.0,pos+cell,-0.0153180267990089,210.0000000000003
21,21,1,281,221.0,pos+cell,-0.0034246615047178,195.00000000000023
21,21,1,281,222.0,pos+cell,-0.0077893300886182,210.0000000000003
21,21,1,281,245.0,pos+cell,-0.012967569334751,120.00000000000033
21,21,1,281,247.0,pos+cell,-0.00251792764682,120.00000000000033
21,21,1,281,251.0,pos+cell,-0.0126703229693659,75.00000000000034
21,21,1,281,252.0,pos+cell,0.0069648908389268,75.00000000000034
21,21,1,281,253.0,pos+cell,-0.0096560838282516,90.0
21,21,1,281,254.0,pos+cell,0.0023130380956245,75.00000000000034
21,21,1,281,255.0,pos+cell,-0.0123353989952007,75.00000000000034
21,21,1,281,259.0,pos+cell,-0.0033076401840151,75.00000000000034
21,21,1,281,263.0,pos+cell,-0.0182739688167474,60.00000000000056
21,21,1,281,264.0,pos+cell,-0.0013708671001367,60.00000000000056
21,21,1,281,265.0,pos+cell,-0.0147284772319881,45.00000000000045
21,21,1,281,266.0,pos+cell,-0.0080310832017657,60.00000000000056
21,21,1,281,272.0,pos+cell,-0.0070849916950297,30.000000000000338
21,21,1,281,274.0,pos+cell,-0.0113028366571021,15.000000000000105
21,21,1,281,275.0,pos+cell,-0.0141927318453251,15.000000000000105
21,21,1,281,276.0,pos+cell,-0.0105776868359995,30.000000000000338
21,21,1,281,280.0,pos+cell,-0.0152493070901716,0.0
21,21,1,281,282.0,pos+cell,-0.0146961806232453,14.99999999999965
21,21,1,281,283.0,pos+cell,-0.0130739279632458,0.0
21,21,1,281,284.0,pos+cell,-0.0103011257728939,14.99999999999965
21,21,1,281,288.0,pos+cell,-0.0136186135785481,29.99999999999944
21,21,1,281,293.0,pos+cell,-0.0091843504467966,74.99999999999982
21,21,1,281,294.0,pos+cell,-0.0134882452268735,74.99999999999982
21,21,1,281,296.0,pos+cell,-0.0159823057822103,44.99999999999955
21,21,1,281,308.0,pos+cell,-0.0043836157598312,90.0
21,21,1,281,359.0,pos+cell,-0.0148868348940814,314.9999999999996
21,21,1,281,381.0,pos+cell,-0.0164423513372088,359.9999999999996
21,21,1,281,449.0,pos+cell,-0.0156981304285728,614.9999999999998
21,21,1,281,481.0,pos+cell,-0.0157637800050474,734.9999999999998
21,21,1,281,502.0,pos+cell,-0.0119401450204848,779.9999999999992
21,21,1,281,507.0,pos+cell,-0.0151402833179034,794.9999999999999
21,21,1,282,,pos,-0.0089607667904705,
21,21,1,282,139.0,pos+cell,-0.0085986057824688,525.0000000000003
21,21,1,282,150.0,pos+cell,-0.0093345341673004,479.9999999999999
21,21,1,282,164.0,pos+cell,-0.0094072513707753,464.9999999999998
21,21,1,282,185.0,pos+cell,-0.0129185272596338,374.99999999999966
21,21,1,282,188.0,pos+cell,-0.0088021356790091,345.00000000000034
21,21,1,282,203.0,pos+cell,-0.0066628427602813,270.00000000000045
21,21,1,282,207.0,pos+cell,0.0003639399903132,284.99999999999966
21,21,1,282,219.0,pos+cell,-0.0039323007798097,224.99999999999997
21,21,1,282,221.0,pos+cell,-0.0032155731027046,209.9999999999999
21,21,1,282,222.0,pos+cell,-0.0077534778789539,224.99999999999997
21,21,1,282,245.0,pos+cell,-0.0040658990542393,135.0
21,21,1,282,247.0,pos+cell,-0.006654457110961,135.0
21,21,1,282,251.0,pos+cell,-0.0009365818266519,89.99999999999999
21,21,1,282,252.0,pos+cell,0.0081036639684321,89.99999999999999
21,21,1,282,253.0,pos+cell,0.002751735057685,104.99999999999964
21,21,1,282,254.0,pos+cell,-0.0058511627136737,89.99999999999999
21,21,1,282,255.0,pos+cell,0.0075112555972019,89.99999999999999
21,21,1,282,259.0,pos+cell,-0.0075475914265866,89.99999999999999
21,21,1,282,263.0,pos+cell,-0.0122398727881807,75.00000000000021
21,21,1,282,264.0,pos+cell,-0.0121821796027814,75.00000000000021
21,21,1,282,265.0,pos+cell,-0.0086134086508455,60.0000000000001
21,21,1,282,266.0,pos+cell,-0.0052960616078603,75.00000000000021
21,21,1,282,272.0,pos+cell,-0.0072715388056325,44.99999999999999
21,21,1,282,274.0,pos+cell,-0.0070474207032024,29.999999999999755
21,21,1,282,275.0,pos+cell,-0.0019727451542835,29.999999999999755
21,21,1,282,276.0,pos+cell,-0.0044238718273007,44.99999999999999
21,21,1,282,280.0,pos+cell,-0.0051959357642104,14.99999999999965
21,21,1,282,281.0,pos+cell,-0.0058387335990678,14.99999999999965
21,21,1,282,283.0,pos+cell,-0.0029544108312566,14.99999999999965
21,21,1,282,284.0,pos+cell,-0.0008634673135767,0.0
21,21,1,282,288.0,pos+cell,0.0018019205266275,14.99999999999979
21,21,1,282,293.0,pos+cell,-0.0100456249212768,60.00000000000018
21,21,1,282,294.0,pos+cell,-0.0019774811920547,60.00000000000018
21,21,1,282,296.0,pos+cell,-0.0018681231640707,29.999999999999897
21,21,1,282,308.0,pos+cell,-0.0070125291962363,75.00000000000034
21,21,1,282,359.0,pos+cell,-0.0080107840820682,299.99999999999994
21,21,1,282,381.0,pos+cell,-0.0045403435310675,344.99999999999994
21,21,1,282,449.0,pos+cell,-0.0068842300024982,600.0000000000001
21,21,1,282,481.0,pos+cell,-0.004963797310678,720.0000000000001
21,21,1,282,502.0,pos+cell,-0.0070563804329543,764.9999999999997
21,21,1,282,507.0,pos+cell,-0.0096009326485059,780.0000000000002
21,21,1,283,,pos,-0.0005938411053376,
21,21,1,283,139.0,pos+cell,0.0027492568071343,510.0000000000007
21,21,1,283,150.0,pos+cell,0.003339164658118,465.0000000000002
21,21,1,283,164.0,pos+cell,-0.0049764682530019,450.0000000000001
21,21,1,283,185.0,pos+cell,0.0080331609655817,360.0
21,21,1,283,188.0,pos+cell,-3.770920369607911e-05,330.0000000000007
21,21,1,283,203.0,pos+cell,0.0046568178857814,255.00000000000077
21,21,1,283,207.0,pos+cell,0.0292353031742317,270.0
21,21,1,283,219.0,pos+cell,0.0082071155243465,210.0000000000003
21,21,1,283,221.0,pos+cell,0.0035794277762091,195.00000000000023
21,21,1,283,222.0,pos+cell,0.0021244323129362,210.0000000000003
21,21,1,283,245.0,pos+cell,0.051673391230107,120.00000000000033
21,21,1,283,247.0,pos+cell,0.0052673446049562,120.00000000000033
21,21,1,283,251.0,pos+cell,-0.0011193967056456,75.00000000000034
21,21,1,283,252.0,pos+cell,0.0103155581581286,75.00000000000034
21,21,1,283,253.0,pos+cell,0.0394894876999256,90.0
21,21,1,283,254.0,pos+cell,0.0064325072372853,75.00000000000034
21,21,1,283,255.0,pos+cell,0.009274557785951,75.00000000000034
21,21,1,283,259.0,pos+cell,0.005464309953652,75.00000000000034
21,21,1,283,263.0,pos+cell,0.0251873784989955,60.00000000000056
21,21,1,283,264.0,pos+cell,0.0074741577188779,60.00000000000056
21,21,1,283,265.0,pos+cell,0.0065778133154529,45.00000000000045
21,21,1,283,266.0,pos+cell,0.0065068317857889,60.00000000000056
21,21,1,283,272.0,pos+cell,-0.0010180115543656,30.000000000000338
21,21,1,283,274.0,pos+cell,0.0062817440005644,15.000000000000105
21,21,1,283,275.0,pos+cell,0.0041115042393986,15.000000000000105
21,21,1,283,276.0,pos+cell,0.0199688077527738,30.000000000000338
21,21,1,283,280.0,pos+cell,0.0095601634267423,0.0
21,21,1,283,281.0,pos+cell,0.002531171812537,0.0
21,21,1,283,282.0,pos+cell,0.0073575144863669,14.99999999999965
21,21,1,283,284.0,pos+cell,0.0234809442446319,14.99999999999965
21,21,1,283,288.0,pos+cell,0.0239375378505465,29.99999999999944
21,21,1,283,293.0,pos+cell,0.0118592867876524,74.99999999999982
21,21,1,283,294.0,pos+cell,0.0183469620823094,74.99999999999982
21,21,1,283,296.0,pos+cell,0.0313963473463277,44.99999999999955
21,21,1,283,308.0,pos+cell,-0.0006256825845503,90.0
21,21,1,283,359.0,pos+cell,0.005598347994559,314.9999999999996
21,21,1,283,381.0,pos+cell,0.0032097589391199,359.9999999999996
21,21,1,283,449.0,pos+cell,0.0033041078469357,614.9999999999998
21,21,1,283,481.0,pos+cell,0.013014140363384,734.9999999999998
21,21,1,283,502.0,pos+cell,-0.0010750342602975,779.9999999999992
21,21,1,283,507.0,pos+cell,0.0034790949951696,794.9999999999999
21,21,1,284,,pos,0.0043020037745608,
21,21,1,284,139.0,pos+cell,0.0040481735613555,525.0000000000003
21,21,1,284,150.0,pos+cell,0.0048050233614182,479.9999999999999
21,21,1,284,164.0,pos+cell,0.0049398197174205,464.9999999999998
21,21,1,284,185.0,pos+cell,0.0111281013193792,374.99999999999966
21,21,1,284,188.0,pos+cell,0.0049984515956294,345.00000000000034
21,21,1,284,203.0,pos+cell,0.0050197788872062,270.00000000000045
21,21,1,284,207.0,pos+cell,0.021871241608925,284.99999999999966
21,21,1,284,219.0,pos+cell,0.0060935596711769,224.99999999999997
21,21,1,284,221.0,pos+cell,0.016322377762619,209.9999999999999
21,21,1,284,222.0,pos+cell,0.0114263075336739,224.99999999999997
21,21,1,284,245.0,pos+cell,0.0165492961285849,135.0
21,21,1,284,247.0,pos+cell,0.0168777198484253,135.0
21,21,1,284,251.0,pos+cell,0.00504283308581,89.99999999999999
21,21,1,284,252.0,pos+cell,0.0057022730242274,89.99999999999999
21,21,1,284,253.0,pos+cell,0.0212960356362699,104.99999999999964
21,21,1,284,254.0,pos+cell,0.0066824737482883,89.99999999999999
21,21,1,284,255.0,pos+cell,0.0063747166632895,89.99999999999999
21,21,1,284,259.0,pos+cell,0.0082732911524663,89.99999999999999
21,21,1,284,263.0,pos+cell,0.0107104562703626,75.00000000000021
21,21,1,284,264.0,pos+cell,0.0084749994153561,75.00000000000021
21,21,1,284,265.0,pos+cell,0.0071016620352028,60.0000000000001
21,21,1,284,266.0,pos+cell,0.0092291873467642,75.00000000000021
21,21,1,284,272.0,pos+cell,0.0050106730827012,44.99999999999999
21,21,1,284,274.0,pos+cell,0.0190760117768992,29.999999999999755
21,21,1,284,275.0,pos+cell,0.0056095591010132,29.999999999999755
21,21,1,284,276.0,pos+cell,0.0100246849522028,44.99999999999999
21,21,1,284,280.0,pos+cell,0.0075491724437666,14.99999999999965
21,21,1,284,281.0,pos+cell,0.0053572747070501,14.99999999999965
21,21,1,284,282.0,pos+cell,0.0053972050883977,0.0
21,21,1,284,283.0,pos+cell,0.0094008917473737,14.99999999999965
21,21,1,284,288.0,pos+cell,0.0061854410607038,14.99999999999979
21,21,1,284,293.0,pos+cell,0.0055060183483795,60.00000000000018
21,21,1,284,294.0,pos+cell,0.0067630616223641,60.00000000000018
21,21,1,284,296.0,pos+cell,0.0183614359024594,29.999999999999897
21,21,1,284,308.0,pos+cell,0.0062697082966603,75.00000000000034
21,21,1,284,359.0,pos+cell,0.006846629280536,299.99999999999994
21,21,1,284,381.0,pos+cell,0.0065640407182671,344.99999999999994
21,21,1,284,449.0,pos+cell,0.0054171464427921,600.0000000000001
21,21,1,284,481.0,pos+cell,0.0058992502272648,720.0000000000001
21,21,1,284,502.0,pos+cell,0.0043136618656249,764.9999999999997
21,21,1,284,507.0,pos+cell,0.0068453549933191,780.0000000000002
21,21,1,288,,pos,-0.0004834062494962,
21,21,1,288,139.0,pos+cell,-0.0019270639257991,540.0000000000001
21,21,1,288,150.0,pos+cell,-0.0028533024673213,494.99999999999966
21,21,1,288,164.0,pos+cell,-0.0042653044425325,479.99999999999955
21,21,1,288,185.0,pos+cell,-0.0025827173950522,389.9999999999994
21,21,1,288,188.0,pos+cell,-0.0015406237254153,360.0000000000001
21,21,1,288,203.0,pos+cell,-0.0020589607701361,285.0000000000002
21,21,1,288,207.0,pos+cell,-0.003354269698812,299.99999999999943
21,21,1,288,219.0,pos+cell,-0.0027539105017019,239.99999999999977
21,21,1,288,221.0,pos+cell,0.0010316361080271,224.9999999999997
21,21,1,288,222.0,pos+cell,0.0403885356517133,239.99999999999977
21,21,1,288,245.0,pos+cell,-0.0029355824401667,149.99999999999977
21,21,1,288,247.0,pos+cell,0.0073290371594337,149.99999999999977
21,21,1,288,251.0,pos+cell,-0.0049409816929767,104.9999999999998
21,21,1,288,252.0,pos+cell,0.022918043062914,104.9999999999998
21,21,1,288,253.0,pos+cell,-0.0031678073768595,119.99999999999945
21,21,1,288,254.0,pos+cell,-0.0010527412139082,104.9999999999998
21,21,1,288,255.0,pos+cell,-0.0022771120419291,104.9999999999998
21,21,1,288,259.0,pos+cell,-0.0067447242827727,104.9999999999998
21,21,1,288,263.0,pos+cell,0.0045137867904308,90.0
21,21,1,288,264.0,pos+cell,-0.0084745260062282,90.0
21,21,1,288,265.0,pos+cell,-0.0056189856427932,74.99999999999989
21,21,1,288,266.0,pos+cell,0.0029737032097218,90.0
21,21,1,288,272.0,pos+cell,0.063028848139955,59.99999999999978
21,21,1,288,274.0,pos+cell,-0.0022266098366595,44.999999999999545
21,21,1,288,275.0,pos+cell,0.008015736241586,44.999999999999545
21,21,1,288,276.0,pos+cell,0.0074770081885142,59.99999999999978
21,21,1,288,280.0,pos+cell,0.0042796298837543,29.99999999999944
21,21,1,288,281.0,pos+cell,-0.0024622069940775,29.99999999999944
21,21,1,288,282.0,pos+cell,0.0228983511883946,14.99999999999979
21,21,1,288,283.0,pos+cell,0.0234038527610501,29.99999999999944
21,21,1,288,284.0,pos+cell,0.0012685627428754,14.99999999999979
21,21,1,288,293.0,pos+cell,-0.0043873916522654,45.000000000000384
21,21,1,288,294.0,pos+cell,0.0325617777412955,45.000000000000384
21,21,1,288,296.0,pos+cell,-0.0024001354161245,15.00000000000011
21,21,1,288,308.0,pos+cell,-0.0065592918686053,60.000000000000554
21,21,1,288,359.0,pos+cell,-0.0063886077147083,285.00000000000017
21,21,1,288,381.0,pos+cell,-0.0066371287832853,330.00000000000017
21,21,1,288,449.0,pos+cell,-0.0022528495866262,585.0000000000003
21,21,1,288,481.0,pos+cell,-0.0029193517456844,705.0000000000003
21,21,1,288,502.0,pos+cell,-0.0032626240931963,749.9999999999999
21,21,1,288,507.0,pos+cell,0.0037114632710443,765.0000000000005
21,21,1,293,,pos,0.0111496929916048,
21,21,1,293,139.0,pos+cell,0.015339567564696,585.0000000000005
21,21,1,293,150.0,pos+cell,0.0100017046021455,540.0
21,21,1,293,164.0,pos+cell,0.0136318868301879,524.9999999999999
21,21,1,293,185.0,pos+cell,0.0120021529069449,434.9999999999998
21,21,1,293,188.0,pos+cell,0.0092948265878151,405.0000000000005
21,21,1,293,203.0,pos+cell,0.0149836398949373,330.00000000000057
21,21,1,293,207.0,pos+cell,0.0135213416040712,344.99999999999983
21,21,1,293,219.0,pos+cell,0.0099041272371425,285.00000000000017
21,21,1,293,221.0,pos+cell,0.0088549586987991,270.00000000000006
21,21,1,293,222.0,pos+cell,0.0158145619077282,285.00000000000017
21,21,1,293,245.0,pos+cell,0.0122887184075669,195.00000000000017
21,21,1,293,247.0,pos+cell,0.0128830468905269,195.00000000000017
21,21,1,293,251.0,pos+cell,0.0096993639978115,150.00000000000017
21,21,1,293,252.0,pos+cell,0.0162269801851212,150.00000000000017
21,21,1,293,253.0,pos+cell,0.0108650834540582,164.99999999999983
21,21,1,293,254.0,pos+cell,0.0155962179885168,150.00000000000017
21,21,1,293,255.0,pos+cell,0.0169064626956815,150.00000000000017
21,21,1,293,259.0,pos+cell,0.0151621863143101,150.00000000000017
21,21,1,293,263.0,pos+cell,0.0149965495840833,135.00000000000037
21,21,1,293,264.0,pos+cell,0.0090295045144125,135.00000000000037
21,21,1,293,265.0,pos+cell,0.0105520291287238,120.00000000000028
21,21,1,293,266.0,pos+cell,0.0192241943020375,135.00000000000037
21,21,1,293,272.0,pos+cell,0.0152733850915993,105.00000000000016
21,21,1,293,274.0,pos+cell,0.0141681279573444,89.99999999999993
21,21,1,293,275.0,pos+cell,0.0096144803423711,89.99999999999993
21,21,1,293,276.0,pos+cell,0.0147079183164946,105.00000000000016
21,21,1,293,280.0,pos+cell,0.0121096192249237,74.99999999999982
21,21,1,293,281.0,pos+cell,0.0137978208981817,74.99999999999982
21,21,1,293,282.0,pos+cell,0.0153426555526692,60.00000000000018
21,21,1,293,283.0,pos+cell,0.0110357485366796,74.99999999999982
21,21,1,293,284.0,pos+cell,0.0112466932743412,60.00000000000018
21,21,1,293,288.0,pos+cell,0.0140764000690245,45.000000000000384
21,21,1,293,294.0,pos+cell,0.0113189211018679,0.0
21,21,1,293,296.0,pos+cell,0.0130836945388298,30.000000000000274
21,21,1,293,308.0,pos+cell,0.0150655953395552,15.000000000000169
21,21,1,293,359.0,pos+cell,0.009614502753628,239.99999999999977
21,21,1,293,381.0,pos+cell,0.0105821962349052,284.9999999999998
21,21,1,293,449.0,pos+cell,0.010740801888412,540.0
21,21,1,293,481.0,pos+cell,0.0124282172797996,659.9999999999999
21,21,1,293,502.0,pos+cell,0.0104811398858301,704.9999999999994
21,21,1,293,507.0,pos+cell,0.0133238378319969,720.0000000000001
21,21,1,294,,pos,-0.0032531693653792,
21,21,1,294,139.0,pos+cell,-0.0013739492126062,585.0000000000005
21,21,1,294,150.0,pos+cell,-0.0043203834719202,540.0
21,21,1,294,164.0,pos+cell,-0.0018161627910483,524.9999999999999
21,21,1,294,185.0,pos+cell,-0.0006193461859478,434.9999999999998
21,21,1,294,188.0,pos+cell,-0.0036703226204589,405.0000000000005
21,21,1,294,203.0,pos+cell,-0.0008702409931571,330.00000000000057
21,21,1,294,207.0,pos+cell,-0.00081890509541,344.99999999999983
21,21,1,294,219.0,pos+cell,-0.0029499498170487,285.00000000000017
21,21,1,294,221.0,pos+cell,0.0086137225151082,270.00000000000006
21,21,1,294,222.0,pos+cell,0.0243534744427516,285.00000000000017
21,21,1,294,245.0,pos+cell,0.0087054927566555,195.00000000000017
21,21,1,294,247.0,pos+cell,0.0071066283408721,195.00000000000017
21,21,1,294,251.0,pos+cell,-0.0043241436522845,150.00000000000017
21,21,1,294,252.0,pos+cell,-0.0034342854394388,150.00000000000017
21,21,1,294,253.0,pos+cell,0.0053584966420177,164.99999999999983
21,21,1,294,254.0,pos+cell,-0.0019518331813226,150.00000000000017
21,21,1,294,255.0,pos+cell,-0.0012857721334779,150.00000000000017
21,21,1,294,259.0,pos+cell,-0.0026420655112075,150.00000000000017
21,21,1,294,263.0,pos+cell,0.0061793776491109,135.00000000000037
21,21,1,294,264.0,pos+cell,-0.0028047904466434,135.00000000000037
21,21,1,294,265.0,pos+cell,-0.0028213618141262,120.00000000000028
21,21,1,294,266.0,pos+cell,0.0016321929259878,135.00000000000037
21,21,1,294,272.0,pos+cell,0.0243280000095317,105.00000000000016
21,21,1,294,274.0,pos+cell,-0.0011722187566982,89.99999999999993
21,21,1,294,275.0,pos+cell,-0.0023533193197363,89.99999999999993
21,21,1,294,276.0,pos+cell,0.0018199119238218,105.00000000000016
21,21,1,294,280.0,pos+cell,-7.289107833045039e-05,74.99999999999982
21,21,1,294,281.0,pos+cell,-0.0051123575071868,74.99999999999982
21,21,1,294,282.0,pos+cell,-0.0026137592427051,60.00000000000018
21,21,1,294,283.0,pos+cell,-0.0022201452563896,74.99999999999982
21,21,1,294,284.0,pos+cell,0.0029734810096649,60.00000000000018
21,21,1,294,288.0,pos+cell,0.0253215512817006,45.000000000000384
21,21,1,294,293.0,pos+cell,-0.0049405174702885,0.0
21,21,1,294,296.0,pos+cell,0.0060499912416542,30.000000000000274
21,21,1,294,308.0,pos+cell,-0.0058805537768001,15.000000000000169
21,21,1,294,359.0,pos+cell,-0.0013137568073923,239.99999999999977
21,21,1,294,381.0,pos+cell,-0.0056144401203232,284.9999999999998
21,21,1,294,449.0,pos+cell,-0.0017983667516759,540.0
21,21,1,294,481.0,pos+cell,-0.002088769255686,659.9999999999999
21,21,1,294,502.0,pos+cell,-0.0023853128821207,704.9999999999994
21,21,1,294,507.0,pos+cell,-0.0046083394610668,720.0000000000001
21,21,1,296,,pos,0.0056878556764781,
21,21,1,296,139.0,pos+cell,0.007021659338691,555.0000000000002
21,21,1,296,150.0,pos+cell,0.0077530996823182,509.9999999999998
21,21,1,296,164.0,pos+cell,0.0063669173685581,494.99999999999966
21,21,1,296,185.0,pos+cell,0.0210128331004677,404.99999999999955
21,21,1,296,188.0,pos+cell,0.0082370343849933,375.0000000000002
21,21,1,296,203.0,pos+cell,0.0100112128746471,300.00000000000034
21,21,1,296,207.0,pos+cell,0.0165782582766095,314.99999999999955
21,21,1,296,219.0,pos+cell,0.0031557029914063,254.9999999999999
21,21,1,296,221.0,pos+cell,0.0084229113645451,239.99999999999977
21,21,1,296,222.0,pos+cell,0.009262066589376,254.9999999999999
21,21,1,296,245.0,pos+cell,0.0205782936304156,164.99999999999991
21,21,1,296,247.0,pos+cell,0.0181003831480177,164.99999999999991
21,21,1,296,251.0,pos+cell,0.0117539055403906,119.99999999999989
21,21,1,296,252.0,pos+cell,0.0107120421484679,119.99999999999989
21,21,1,296,253.0,pos+cell,0.023389202735278,134.99999999999957
21,21,1,296,254.0,pos+cell,0.0095486463318894,119.99999999999989
21,21,1,296,255.0,pos+cell,0.0084798012911978,119.99999999999989
21,21,1,296,259.0,pos+cell,0.0252978684906215,119.99999999999989
21,21,1,296,263.0,pos+cell,0.0441949225146483,105.00000000000011
21,21,1,296,264.0,pos+cell,0.0091896081204731,105.00000000000011
21,21,1,296,265.0,pos+cell,0.0057751437333961,90.0
21,21,1,296,266.0,pos+cell,0.0146691312730579,105.00000000000011
21,21,1,296,272.0,pos+cell,0.0069360998697501,74.99999999999989
21,21,1,296,274.0,pos+cell,0.0149254927813576,59.99999999999965
21,21,1,296,275.0,pos+cell,0.0145987645393997,59.99999999999965
21,21,1,296,276.0,pos+cell,0.0141519234396528,74.99999999999989
21,21,1,296,280.0,pos+cell,0.0081769585834586,44.99999999999955
21,21,1,296,281.0,pos+cell,0.0054341521412721,44.99999999999955
21,21,1,296,282.0,pos+cell,0.0077495344779482,29.999999999999897
21,21,1,296,283.0,pos+cell,0.0208139280644801,44.99999999999955
21,21,1,296,284.0,pos+cell,0.0342950960475303,29.999999999999897
21,21,1,296,288.0,pos+cell,0.0079922905792817,15.00000000000011
21,21,1,296,293.0,pos+cell,0.0079076345198511,30.000000000000274
21,21,1,296,294.0,pos+cell,0.0178981536130955,30.000000000000274
21,21,1,296,308.0,pos+cell,0.0153888891890042,45.00000000000045
21,21,1,296,359.0,pos+cell,0.0071549023505051,270.00000000000006
21,21,1,296,381.0,pos+cell,0.0062410671906845,315.00000000000006
21,21,1,296,449.0,pos+cell,0.00682917367593,570.0000000000002
21,21,1,296,481.0,pos+cell,0.0075594359781167,690.0000000000002
21,21,1,296,502.0,pos+cell,0.0071680861822173,734.9999999999998
21,21,1,296,507.0,pos+cell,0.0112447325773656,750.0000000000003
21,21,1,308,,pos,0.0029641469014777,
21,21,1,308,139.0,pos+cell,0.0010666573454358,600.0000000000007
21,21,1,308,150.0,pos+cell,0.0041050511354596,555.0000000000002
21,21,1,308,164.0,pos+cell,0.0020819874478931,540.0000000000001
21,21,1,308,185.0,pos+cell,0.0014911155505505,450.0
21,21,1,308,188.0,pos+cell,0.0024673954184071,420.0000000000007
21,21,1,308,203.0,pos+cell,0.0042078660035501,345.0000000000008
21,21,1,308,207.0,pos+cell,0.0033109543459686,360.0
21,21,1,308,219.0,pos+cell,0.0026182053480656,300.00000000000034
21,21,1,308,221.0,pos+cell,0.0021402170817682,285.0000000000002
21,21,1,308,222.0,pos+cell,0.0016583110305555,300.00000000000034
21,21,1,308,245.0,pos+cell,0.0014372915371969,210.0000000000003
21,21,1,308,247.0,pos+cell,0.0038664874661527,210.0000000000003
21,21,1,308,251.0,pos+cell,0.0032510163939314,165.00000000000034
21,21,1,308,252.0,pos+cell,0.002192339104517,165.00000000000034
21,21,1,308,253.0,pos+cell,0.0004821922919236,180.0
21,21,1,308,254.0,pos+cell,0.0050033441852425,165.00000000000034
21,21,1,308,255.0,pos+cell,0.0057520216597165,165.00000000000034
21,21,1,308,259.0,pos+cell,0.0055415938658239,165.00000000000034
21,21,1,308,263.0,pos+cell,0.0073463021066904,150.00000000000054
21,21,1,308,264.0,pos+cell,0.0019582729213831,150.00000000000054
21,21,1,308,265.0,pos+cell,0.006071002504504,135.00000000000043
21,21,1,308,266.0,pos+cell,0.006397495063892,150.00000000000054
21,21,1,308,272.0,pos+cell,0.0043331981820352,120.00000000000033
21,21,1,308,274.0,pos+cell,-0.0004129209232509,105.0000000000001
21,21,1,308,275.0,pos+cell,0.0047648922002941,105.0000000000001
21,21,1,308,276.0,pos+cell,0.0042165222490834,120.00000000000033
21,21,1,308,280.0,pos+cell,0.0045771240826727,90.0
21,21,1,308,281.0,pos+cell,0.0064775938462731,90.0
21,21,1,308,282.0,pos+cell,0.0020419334562825,75.00000000000034
21,21,1,308,283.0,pos+cell,0.0027972830004538,90.0
21,21,1,308,284.0,pos+cell,0.0049385479828069,75.00000000000034
21,21,1,308,288.0,pos+cell,0.0035521670191054,60.000000000000554
21,21,1,308,293.0,pos+cell,0.0052133944453719,15.000000000000169
21,21,1,308,294.0,pos+cell,0.0028619083404517,15.000000000000169
21,21,1,308,296.0,pos+cell,0.0117044354190742,45.00000000000045
21,21,1,308,359.0,pos+cell,0.0039331791761208,224.9999999999996
21,21,1,308,381.0,pos+cell,0.0025357759700236,269.9999999999996
21,21,1,308,449.0,pos+cell,0.0072901249631868,524.9999999999998
21,21,1,308,481.0,pos+cell,0.0039260482851205,644.9999999999998
21,21,1,308,502.0,pos+cell,0.0023445157515129,689.9999999999993
21,21,1,308,507.0,pos+cell,0.0061674442586087,704.9999999999999
21,21,1,359,,pos,0.0038610587825389,
21,21,1,359,139.0,pos+cell,0.0022512909029405,825.0000000000002
21,21,1,359,150.0,pos+cell,0.0022259010420249,779.9999999999998
21,21,1,359,164.0,pos+cell,0.0043519024163346,764.9999999999997
21,21,1,359,185.0,pos+cell,0.0035568471636734,674.9999999999997
21,21,1,359,188.0,pos+cell,0.0047695577629209,645.0000000000002
21,21,1,359,203.0,pos+cell,0.0015460473739167,570.0000000000005
21,21,1,359,207.0,pos+cell,0.0044277573160235,584.9999999999995
21,21,1,359,219.0,pos+cell,0.005165552155358,524.9999999999999
21,21,1,359,221.0,pos+cell,0.0044744984016779,509.99999999999983
21,21,1,359,222.0,pos+cell,0.0047792886162856,524.9999999999999
21,21,1,359,245.0,pos+cell,0.0026455355946434,434.99999999999994
21,21,1,359,247.0,pos+cell,0.0071304357880917,434.99999999999994
21,21,1,359,251.0,pos+cell,0.00216998095119,389.99999999999994
21,21,1,359,252.0,pos+cell,0.0013529427201201,389.99999999999994
21,21,1,359,253.0,pos+cell,-0.0039184561672497,404.9999999999996
21,21,1,359,254.0,pos+cell,0.002984827835351,389.99999999999994
21,21,1,359,255.0,pos+cell,0.0040380040686065,389.99999999999994
21,21,1,359,259.0,pos+cell,0.0032005418944025,389.99999999999994
21,21,1,359,263.0,pos+cell,0.0029619037521803,375.00000000000017
21,21,1,359,264.0,pos+cell,-0.0040408657073954,375.00000000000017
21,21,1,359,265.0,pos+cell,-0.0017232136786071,360.00000000000006
21,21,1,359,266.0,pos+cell,0.0002399975832962,375.00000000000017
21,21,1,359,272.0,pos+cell,0.0011800958304791,344.99999999999994
21,21,1,359,274.0,pos+cell,0.0020872521174649,329.9999999999997
21,21,1,359,275.0,pos+cell,0.0040654118804168,329.9999999999997
21,21,1,359,276.0,pos+cell,0.0010965081115447,344.99999999999994
21,21,1,359,280.0,pos+cell,0.0009024612689569,314.9999999999996
21,21,1,359,281.0,pos+cell,-0.0009548864875786,314.9999999999996
21,21,1,359,282.0,pos+cell,0.0060304507296476,299.99999999999994
21,21,1,359,283.0,pos+cell,0.0014058562936013,314.9999999999996
21,21,1,359,284.0,pos+cell,0.0062221921032585,299.99999999999994
21,21,1,359,288.0,pos+cell,0.0041343724930127,285.00000000000017
21,21,1,359,293.0,pos+cell,0.00649617695133,239.99999999999977
21,21,1,359,294.0,pos+cell,0.0029715851961785,239.99999999999977
21,21,1,359,296.0,pos+cell,0.0017877089200959,270.00000000000006
21,21,1,359,308.0,pos+cell,0.0036423593849916,224.9999999999996
21,21,1,359,381.0,pos+cell,-0.0011193162800592,44.99999999999999
21,21,1,359,449.0,pos+cell,0.0039457545226562,300.00000000000017
21,21,1,359,481.0,pos+cell,0.0021598754951078,420.0000000000001
21,21,1,359,502.0,pos+cell,0.0053949385258774,464.99999999999966
21,21,1,359,507.0,pos+cell,0.0008938682336704,480.0000000000003
21,21,1,381,,pos,-0.0357066415081049,
21,21,1,381,139.0,pos+cell,-0.029850316064093,870.0000000000002
21,21,1,381,150.0,pos+cell,-0.0325854122507424,824.9999999999998
21,21,1,381,164.0,pos+cell,-0.028111260402295,809.9999999999997
21,21,1,381,185.0,pos+cell,-0.0249887015102734,719.9999999999995
21,21,1,381,188.0,pos+cell,-0.0313108080968035,690.0000000000003
21,21,1,381,203.0,pos+cell,-0.0281380543415035,615.0000000000003
21,21,1,381,207.0,pos+cell,-0.0142452476482958,629.9999999999995
21,21,1,381,219.0,pos+cell,-0.0313120033239578,570.0
21,21,1,381,221.0,pos+cell,-0.0217861985281964,554.9999999999998
21,21,1,381,222.0,pos+cell,-0.0343625799860548,570.0
21,21,1,381,245.0,pos+cell,-0.0218800210082005,479.99999999999994
21,21,1,381,247.0,pos+cell,-0.0285050963151987,479.99999999999994
21,21,1,381,251.0,pos+cell,-0.0296334728085928,434.9999999999999
21,21,1,381,252.0,pos+cell,-0.0307096770639526,434.9999999999999
21,21,1,381,253.0,pos+cell,-0.0211794224363074,449.9999999999996
21,21,1,381,254.0,pos+cell,-0.0314329910114099,434.9999999999999
21,21,1,381,255.0,pos+cell,-0.0226122280024964,434.9999999999999
21,21,1,381,259.0,pos+cell,-0.0243678094533918,434.9999999999999
21,21,1,381,263.0,pos+cell,-0.0166102444151384,420.0000000000001
21,21,1,381,264.0,pos+cell,-0.0187175653086388,420.0000000000001
21,21,1,381,265.0,pos+cell,-0.0182986438739651,405.00000000000006
21,21,1,381,266.0,pos+cell,-0.0310574058670463,420.0000000000001
21,21,1,381,272.0,pos+cell,-0.0344319830019574,389.99999999999994
21,21,1,381,274.0,pos+cell,-0.0120058663334781,374.99999999999966
21,21,1,381,275.0,pos+cell,-0.0282942867643447,374.99999999999966
21,21,1,381,276.0,pos+cell,-0.0215929654350461,389.99999999999994
21,21,1,381,280.0,pos+cell,-0.0270791500779445,359.9999999999996
21,21,1,381,281.0,pos+cell,-0.0317812071472618,359.9999999999996
21,21,1,381,282.0,pos+cell,-0.021515005618193,344.99999999999994
21,21,1,381,283.0,pos+cell,-0.0090636350519879,359.9999999999996
21,21,1,381,284.0,pos+cell,-0.0213850582821134,344.99999999999994
21,21,1,381,288.0,pos+cell,-0.0312496403996726,330.00000000000017
21,21,1,381,293.0,pos+cell,-0.0152065916859729,284.9999999999998
21,21,1,381,294.0,pos+cell,-0.0265692016471061,284.9999999999998
21,21,1,381,296.0,pos+cell,-0.0196119483124228,315.00000000000006
21,21,1,381,308.0,pos+cell,-0.0337124096755179,269.9999999999996
21,21,1,381,359.0,pos+cell,-0.0298577754886905,44.99999999999999
21,21,1,381,449.0,pos+cell,-0.024711333282037,255.0000000000002
21,21,1,381,481.0,pos+cell,-0.0263638191638191,375.00000000000017
21,21,1,381,502.0,pos+cell,-0.0309588112347827,419.9999999999997
21,21,1,381,507.0,pos+cell,-0.0020846695584381,435.00000000000034
21,21,0,444,,pos,0.1975148193521031,
21,21,0,444,227.0,pos+cell,0.1996290243390723,749.9999999999994
21,21,0,444,498.0,pos+cell,0.1813973358408697,180.0000000000005
21,21,1,449,,pos,0.0371661943549145,
21,21,1,449,139.0,pos+cell,0.0372471314215145,1125.0000000000005
21,21,1,449,150.0,pos+cell,0.0371172741856094,1080.0
21,21,1,449,164.0,pos+cell,0.037061199522401,1065.0
21,21,1,449,185.0,pos+cell,0.0363304691253318,974.9999999999998
21,21,1,449,188.0,pos+cell,0.0370459436319015,945.0000000000005
21,21,1,449,203.0,pos+cell,0.0364461128880329,870.0000000000006
21,21,1,449,207.0,pos+cell,0.0373218836388338,884.9999999999998
21,21,1,449,219.0,pos+cell,0.0373020309993693,825.0000000000001
21,21,1,449,221.0,pos+cell,0.0371200867415448,810.0
21,21,1,449,222.0,pos+cell,0.0362158169275715,825.0000000000001
21,21,1,449,245.0,pos+cell,0.0372532500332939,735.0000000000001
21,21,1,449,247.0,pos+cell,0.0373269587782867,735.0000000000001
21,21,1,449,251.0,pos+cell,0.0376635415719524,690.0000000000001
21,21,1,449,252.0,pos+cell,0.0358647550478756,690.0000000000001
21,21,1,449,253.0,pos+cell,0.0369882164013747,704.9999999999998
21,21,1,449,254.0,pos+cell,0.0357162267466791,690.0000000000001
21,21,1,449,255.0,pos+cell,0.0363677183674107,690.0000000000001
21,21,1,449,259.0,pos+cell,0.040054525053638,690.0000000000001
21,21,1,449,263.0,pos+cell,0.037703089470785,675.0000000000003
21,21,1,449,264.0,pos+cell,0.0371954427316488,675.0000000000003
21,21,1,449,265.0,pos+cell,0.0364700519888205,660.0000000000002
21,21,1,449,266.0,pos+cell,0.0372450391347298,675.0000000000003
21,21,1,449,272.0,pos+cell,0.0366349672416793,645.0000000000001
21,21,1,449,274.0,pos+cell,0.0377246835977275,629.9999999999999
21,21,1,449,275.0,pos+cell,0.0381036273238626,629.9999999999999
21,21,1,449,276.0,pos+cell,0.0378242856211609,645.0000000000001
21,21,1,449,280.0,pos+cell,0.0357511582686765,614.9999999999998
21,21,1,449,281.0,pos+cell,0.0363257125440699,614.9999999999998
21,21,1,449,282.0,pos+cell,0.035849043055742,600.0000000000001
21,21,1,449,283.0,pos+cell,0.0372405853479204,614.9999999999998
21,21,1,449,284.0,pos+cell,0.0373963552639518,600.0000000000001
21,21,1,449,288.0,pos+cell,0.036843948405344,585.0000000000003
21,21,1,449,293.0,pos+cell,0.0365216281413709,540.0
21,21,1,449,294.0,pos+cell,0.0366118176709366,540.0
21,21,1,449,296.0,pos+cell,0.0370186013112986,570.0000000000002
21,21,1,449,308.0,pos+cell,0.0375570259408489,524.9999999999998
21,21,1,449,359.0,pos+cell,0.0381785653162075,300.00000000000017
21,21,1,449,381.0,pos+cell,0.0367949740207368,255.0000000000002
21,21,1,449,481.0,pos+cell,0.0377098566878987,119.99999999999996
21,21,1,449,502.0,pos+cell,0.038555245722935,164.99999999999952
21,21,1,449,507.0,pos+cell,0.0388155858789672,180.0000000000001
21,21,1,481,,pos,0.0062124076280501,
21,21,1,481,139.0,pos+cell,0.0088266852460653,1245.0000000000005
21,21,1,481,150.0,pos+cell,0.0084339319460231,1200.0
21,21,1,481,164.0,pos+cell,0.0076457650987881,1185.0
21,21,1,481,185.0,pos+cell,0.0083070536963809,1094.9999999999998
21,21,1,481,188.0,pos+cell,0.0074857527005469,1065.0000000000005
21,21,1,481,203.0,pos+cell,0.0063124974384825,990.0000000000006
21,21,1,481,207.0,pos+cell,0.0077682953511749,1004.9999999999995
21,21,1,481,219.0,pos+cell,0.0070013115401483,945.0
21,21,1,481,221.0,pos+cell,0.0099406006949908,930.0
21,21,1,481,222.0,pos+cell,0.0068866152564833,945.0
21,21,1,481,245.0,pos+cell,0.0086535093284916,855.0000000000001
21,21,1,481,247.0,pos+cell,0.008174982175222,855.0000000000001
21,21,1,481,251.0,pos+cell,0.0073938786675579,810.0000000000001
21,21,1,481,252.0,pos+cell,0.0059359372033971,810.0000000000001
21,21,1,481,253.0,pos+cell,0.0105997278847119,824.9999999999998
21,21,1,481,254.0,pos+cell,0.0076862301781288,810.0000000000001
21,21,1,481,255.0,pos+cell,0.0061912068194139,810.0000000000001
21,21,1,481,259.0,pos+cell,0.008880530487158,810.0000000000001
21,21,1,481,263.0,pos+cell,0.0177088905818394,795.0000000000003
21,21,1,481,264.0,pos+cell,0.006245103256538,795.0000000000003
21,21,1,481,265.0,pos+cell,0.0062652803114655,780.0000000000001
21,21,1,481,266.0,pos+cell,0.0063652595480059,795.0000000000003
21,21,1,481,272.0,pos+cell,0.0057359411022621,765.0000000000001
21,21,1,481,274.0,pos+cell,0.0070529591685313,749.9999999999999
21,21,1,481,275.0,pos+cell,0.0070836014151467,749.9999999999999
21,21,1,481,276.0,pos+cell,0.0099479445126719,765.0000000000001
21,21,1,481,280.0,pos+cell,0.0091788098352396,734.9999999999998
21,21,1,481,281.0,pos+cell,0.0053922355548112,734.9999999999998
21,21,1,481,282.0,pos+cell,0.0081939732114127,720.0000000000001
21,21,1,481,283.0,pos+cell,0.0108924186705447,734.9999999999998
21,21,1,481,284.0,pos+cell,0.0126233077469487,720.0000000000001
21,21,1,481,288.0,pos+cell,0.0074568821607873,705.0000000000003
21,21,1,481,293.0,pos+cell,0.0082812339417645,659.9999999999999
21,21,1,481,294.0,pos+cell,0.0089135248940215,659.9999999999999
21,21,1,481,296.0,pos+cell,0.009769945677505,690.0000000000002
21,21,1,481,308.0,pos+cell,0.0116578957513754,644.9999999999998
21,21,1,481,359.0,pos+cell,0.0073945627112786,420.0000000000001
21,21,1,481,381.0,pos+cell,0.0076422482282006,375.00000000000017
21,21,1,481,449.0,pos+cell,0.0100482503664362,119.99999999999996
21,21,1,481,502.0,pos+cell,0.0159356255080398,44.99999999999955
21,21,1,481,507.0,pos+cell,0.0099149383579308,60.00000000000016
21,21,0,498,,pos,-0.0311818283502537,
21,21,0,498,227.0,pos+cell,-0.0156759695349525,930.0
21,21,0,498,444.0,pos+cell,-0.0181417317634448,180.0000000000005
21,21,1,502,,pos,0.0391253092960909,
21,21,1,502,139.0,pos+cell,0.0394883764560304,1290.0
21,21,1,502,150.0,pos+cell,0.0340291267702788,1244.9999999999995
21,21,1,502,164.0,pos+cell,0.0414600032777641,1229.999999999999
21,21,1,502,185.0,pos+cell,0.0402813545366465,1139.999999999999
21,21,1,502,188.0,pos+cell,0.036415312490654,1110.0
21,21,1,502,203.0,pos+cell,0.0378083560814245,1035.0
21,21,1,502,207.0,pos+cell,0.0269986597267268,1049.999999999999
21,21,1,502,219.0,pos+cell,0.0393735165814678,989.9999999999995
21,21,1,502,221.0,pos+cell,0.0353901223618649,974.9999999999995
21,21,1,502,222.0,pos+cell,0.0401432968551397,989.9999999999995
21,21,1,502,245.0,pos+cell,0.035996021928948,899.9999999999997
21,21,1,502,247.0,pos+cell,0.0480910164169351,899.9999999999997
21,21,1,502,251.0,pos+cell,0.0310680161334946,854.9999999999995
21,21,1,502,252.0,pos+cell,0.0362106964933362,854.9999999999995
21,21,1,502,253.0,pos+cell,0.0440539789332983,869.9999999999993
21,21,1,502,254.0,pos+cell,0.0353982277930233,854.9999999999995
21,21,1,502,255.0,pos+cell,0.052153622566455,854.9999999999995
21,21,1,502,259.0,pos+cell,0.0374771501910722,854.9999999999995
21,21,1,502,263.0,pos+cell,0.0323658759954534,839.9999999999998
21,21,1,502,264.0,pos+cell,0.0396096217990285,839.9999999999998
21,21,1,502,265.0,pos+cell,0.0295890647757133,824.9999999999998
21,21,1,502,266.0,pos+cell,0.0285070776145223,839.9999999999998
21,21,1,502,272.0,pos+cell,0.0369668748467097,809.9999999999997
21,21,1,502,274.0,pos+cell,0.0454606047394475,794.9999999999994
21,21,1,502,275.0,pos+cell,0.0352823513553038,794.9999999999994
21,21,1,502,276.0,pos+cell,0.0321370206443009,809.9999999999997
21,21,1,502,280.0,pos+cell,0.0297969448655155,779.9999999999992
21,21,1,502,281.0,pos+cell,0.0323351039613376,779.9999999999992
21,21,1,502,282.0,pos+cell,0.0358302835443923,764.9999999999997
21,21,1,502,283.0,pos+cell,0.031784320822643,779.9999999999992
21,21,1,502,284.0,pos+cell,0.0389629839027562,764.9999999999997
21,21,1,502,288.0,pos+cell,0.0256414692009209,749.9999999999999
21,21,1,502,293.0,pos+cell,0.0305157927301248,704.9999999999994
21,21,1,502,294.0,pos+cell,0.0440148723917729,704.9999999999994
21,21,1,502,296.0,pos+cell,0.0293910205878186,734.9999999999998
21,21,1,502,308.0,pos+cell,0.0330480536003845,689.9999999999993
21,21,1,502,359.0,pos+cell,0.0529800603666042,464.99999999999966
21,21,1,502,381.0,pos+cell,0.0472304449834787,419.9999999999997
21,21,1,502,449.0,pos+cell,0.0401666143316253,164.99999999999952
21,21,1,502,481.0,pos+cell,0.0663486817714283,44.99999999999955
21,21,1,502,507.0,pos+cell,0.0467931620888956,15.000000000000616
21,21,1,507,,pos,-0.0042200322229806,
21,21,1,507,139.0,pos+cell,-0.0049353112125875,1305.0000000000005
21,21,1,507,150.0,pos+cell,-0.0039979543444344,1260.0
21,21,1,507,164.0,pos+cell,-0.0048510858118299,1245.0
21,21,1,507,185.0,pos+cell,0.0043610383338709,1155.0
21,21,1,507,188.0,pos+cell,0.0007267241569269,1125.000000000001
21,21,1,507,203.0,pos+cell,-0.005433304674569,1050.000000000001
21,21,1,507,207.0,pos+cell,-0.0024824047216577,1065.0
21,21,1,507,219.0,pos+cell,-0.0037012027965489,1005.0000000000002
21,21,1,507,221.0,pos+cell,-0.0064743127630012,990.0
21,21,1,507,222.0,pos+cell,-0.0054724699753655,1005.0000000000002
21,21,1,507,245.0,pos+cell,0.000999536055496,915.0000000000002
21,21,1,507,247.0,pos+cell,0.0031261532448858,915.0000000000002
21,21,1,507,251.0,pos+cell,0.001427126896461,870.0000000000002
21,21,1,507,252.0,pos+cell,-0.0012376299364424,870.0000000000002
21,21,1,507,253.0,pos+cell,-0.0002930803582433,884.9999999999999
21,21,1,507,254.0,pos+cell,-0.0066679914581078,870.0000000000002
21,21,1,507,255.0,pos+cell,-0.0071835970351091,870.0000000000002
21,21,1,507,259.0,pos+cell,0.0167506537329364,870.0000000000002
21,21,1,507,263.0,pos+cell,0.0282584282365818,855.0000000000005
21,21,1,507,264.0,pos+cell,-0.0042268796713353,855.0000000000005
21,21,1,507,265.0,pos+cell,0.0022823239117971,840.0000000000003
21,21,1,507,266.0,pos+cell,0.0004293941430632,855.0000000000005
21,21,1,507,272.0,pos+cell,-0.0035731126726763,825.0000000000002
21,21,1,507,274.0,pos+cell,0.0048157393947726,810.0
21,21,1,507,275.0,pos+cell,0.0021377376411305,810.0
21,21,1,507,276.0,pos+cell,-0.0028022265362255,825.0000000000002
21,21,1,507,280.0,pos+cell,-0.0093120122552528,794.9999999999999
21,21,1,507,281.0,pos+cell,-0.0074043539330722,794.9999999999999
21,21,1,507,282.0,pos+cell,-0.0071262950466495,780.0000000000002
21,21,1,507,283.0,pos+cell,-0.0019540050305799,794.9999999999999
21,21,1,507,284.0,pos+cell,0.0002857275893912,780.0000000000002
21,21,1,507,288.0,pos+cell,0.0005323909159276,765.0000000000005
21,21,1,507,293.0,pos+cell,-0.0044676754393373,720.0000000000001
21,21,1,507,294.0,pos+cell,-0.0080145850559945,720.0000000000001
21,21,1,507,296.0,pos+cell,0.002247969072398,750.0000000000003
21,21,1,507,308.0,pos+cell,0.0003466150716835,704.9999999999999
21,21,1,507,359.0,pos+cell,-0.0059189007307348,480.0000000000003
21,21,1,507,381.0,pos+cell,0.0142280879925364,435.00000000000034
21,21,1,507,449.0,pos+cell,-2.6536698038659435e-05,180.0000000000001
21,21,1,507,481.0,pos+cell,-0.0126505147412554,60.00000000000016
21,21,1,507,502.0,pos+cell,-0.0056981389542117,15.000000000000616
21,23,1,15,,pos,0.0162700187333465,
21,23,1,15,161.0,pos+cell,0.0131062375819015,869.9999999999998
21,23,1,15,224.0,pos+cell,0.01154343520574,1139.9999999999998
21,23,0,53,,pos,0.0049336470843084,
21,23,0,53,66.0,pos+cell,0.005306715049222,59.99999999999984
21,23,0,53,146.0,pos+cell,0.0046368104834171,615.0000000000003
21,23,0,53,274.0,pos+cell,0.0052341346975621,1275.000000000001
21,23,0,53,277.0,pos+cell,0.0050934768071146,1305.0
21,23,0,53,302.0,pos+cell,0.0045428839750922,1410.0000000000005
21,23,0,66,,pos,0.0063358702567746,
21,23,0,66,53.0,pos+cell,0.007341779977617,59.99999999999984
21,23,0,66,146.0,pos+cell,0.0059292949592214,555.0000000000006
21,23,0,66,274.0,pos+cell,0.0061897861107574,1215.000000000001
21,23,0,66,277.0,pos+cell,0.0052333936342236,1245.0000000000002
21,23,0,66,302.0,pos+cell,0.0060405580708823,1350.000000000001
21,23,0,146,,pos,0.0159757878808977,
21,23,0,146,53.0,pos+cell,0.0113578901922504,615.0000000000003
21,23,0,146,66.0,pos+cell,0.0142020345819419,555.0000000000006
21,23,0,146,274.0,pos+cell,0.0103123861589285,660.0000000000003
21,23,0,146,277.0,pos+cell,0.0169627124575012,689.9999999999998
21,23,0,146,302.0,pos+cell,0.0195999821850347,795.0000000000001
21,23,1,161,,pos,0.0267031463274886,
21,23,1,161,15.0,pos+cell,0.0259586265170437,869.9999999999998
21,23,1,161,224.0,pos+cell,0.025595552172099,269.99999999999994
21,23,1,224,,pos,0.0123268290147434,
21,23,1,224,15.0,pos+cell,0.0114585006995402,1139.9999999999998
21,23,1,224,161.0,pos+cell,0.0119601775204229,269.99999999999994
21,23,0,274,,pos,0.015833171235591,
21,23,0,274,53.0,pos+cell,0.0145251126138514,1275.000000000001
21,23,0,274,66.0,pos+cell,0.0149082532350079,1215.000000000001
21,23,0,274,146.0,pos+cell,0.0153099372793252,660.0000000000003
21,23,0,274,277.0,pos+cell,0.0157358855530158,29.99999999999944
21,23,0,274,302.0,pos+cell,0.0158749955837833,134.99999999999972
21,23,0,277,,pos,0.1711831629011967,
21,23,0,277,53.0,pos+cell,0.1608359782951537,1305.0
21,23,0,277,66.0,pos+cell,0.1550449330691489,1245.0000000000002
21,23,0,277,146.0,pos+cell,0.1674756484408484,689.9999999999998
21,23,0,277,274.0,pos+cell,0.1649596443049941,29.99999999999944
21,23,0,277,302.0,pos+cell,0.168243028331994,105.00000000000028
21,23,0,302,,pos,0.0292941948694609,
21,23,0,302,53.0,pos+cell,0.0314037302499329,1410.0000000000005
21,23,0,302,66.0,pos+cell,0.0285477102325184,1350.000000000001
21,23,0,302,146.0,pos+cell,0.0291535763597896,795.0000000000001
21,23,0,302,274.0,pos+cell,0.0369423852964284,134.99999999999972
21,23,0,302,277.0,pos+cell,0.0320639812654337,105.00000000000028
21,26,1,103,,pos,0.0188657844609222,
21,26,1,103,133.0,pos+cell,0.0232002922815257,180.0
21,26,1,103,134.0,pos+cell,0.0405831600692549,180.0
21,26,1,103,142.0,pos+cell,0.0043223086913937,224.99999999999957
21,26,1,103,147.0,pos+cell,-0.0016853447548756,300.00000000000034
21,26,1,103,149.0,pos+cell,0.0201514372809401,270.0
21,26,1,103,156.0,pos+cell,0.0160490507986665,329.99999999999966
21,26,1,103,160.0,pos+cell,0.019521964473518,375.0000000000001
21,26,1,103,161.0,pos+cell,0.0154091998461816,375.0000000000001
21,26,1,103,162.0,pos+cell,0.0359884802276854,360.0
21,26,1,103,164.0,pos+cell,0.0057292265152203,404.99999999999994
21,26,1,103,166.0,pos+cell,0.0207007526590511,390.0000000000003
21,26,1,103,168.0,pos+cell,-0.0303528487821791,419.9999999999998
21,26,1,103,169.0,pos+cell,-0.001999750143062,419.9999999999998
21,26,1,103,170.0,pos+cell,0.0046068503163153,419.9999999999998
21,26,1,103,172.0,pos+cell,0.0130707768473972,434.9999999999999
21,26,1,103,173.0,pos+cell,0.0033528258086411,419.9999999999998
21,26,1,103,175.0,pos+cell,-0.0202912726351575,465.0000000000002
21,26,1,103,178.0,pos+cell,0.0116971280206936,465.0000000000002
21,26,1,103,189.0,pos+cell,0.0349451945127797,524.9999999999999
21,26,0,118,,pos,0.0058026807204537,
21,26,0,118,163.0,pos+cell,0.007330630606146,285.0000000000002
21,26,0,118,191.0,pos+cell,0.0078199122519823,450.00000000000017
21,26,0,118,214.0,pos+cell,0.0069456271881837,585.0000000000001
21,26,0,118,228.0,pos+cell,0.0074731157533658,645.0000000000002
21,26,0,118,245.0,pos+cell,0.00662391080106,720.0000000000002
21,26,0,118,264.0,pos+cell,0.0064025321150122,825.0000000000003
21,26,0,118,274.0,pos+cell,0.0070587884093726,915.0000000000005
21,26,1,133,,pos,0.0016329551108152,
21,26,1,133,103.0,pos+cell,0.0061157530573762,180.0
21,26,1,133,134.0,pos+cell,0.0191121498676126,0.0
21,26,1,133,142.0,pos+cell,0.0058351963524247,44.999999999999545
21,26,1,133,147.0,pos+cell,0.0029796641109647,120.00000000000033
21,26,1,133,149.0,pos+cell,0.0066330648896201,89.99999999999999
21,26,1,133,156.0,pos+cell,0.0078900841884971,149.99999999999963
21,26,1,133,160.0,pos+cell,-0.0020708857226315,195.00000000000009
21,26,1,133,161.0,pos+cell,0.0014183631258596,195.00000000000009
21,26,1,133,162.0,pos+cell,0.004589737841414,180.0
21,26,1,133,164.0,pos+cell,0.0019519297041628,224.99999999999997
21,26,1,133,166.0,pos+cell,0.0090501817830053,210.0000000000003
21,26,1,133,168.0,pos+cell,-0.0014111558042682,239.99999999999977
21,26,1,133,169.0,pos+cell,0.0022911783582416,239.99999999999977
21,26,1,133,170.0,pos+cell,0.0043967851321074,239.99999999999977
21,26,1,133,172.0,pos+cell,0.0070911734966514,254.9999999999999
21,26,1,133,173.0,pos+cell,0.0023921235511113,239.99999999999977
21,26,1,133,175.0,pos+cell,0.0054672359542335,285.0000000000002
21,26,1,133,178.0,pos+cell,0.0061373276526781,285.0000000000002
21,26,1,133,189.0,pos+cell,0.0064656045622152,344.9999999999999
21,26,1,134,,pos,-0.0071144579903258,
21,26,1,134,103.0,pos+cell,0.0075479324078917,180.0
21,26,1,134,133.0,pos+cell,0.005654272630742,0.0
21,26,1,134,142.0,pos+cell,0.0048149431498651,44.999999999999545
21,26,1,134,147.0,pos+cell,-0.0047860085216445,120.00000000000033
21,26,1,134,149.0,pos+cell,-0.0019524649199421,89.99999999999999
21,26,1,134,156.0,pos+cell,-0.0027268327827389,149.99999999999963
21,26,1,134,160.0,pos+cell,0.001000830357615,195.00000000000009
21,26,1,134,161.0,pos+cell,-0.0039983642479321,195.00000000000009
21,26,1,134,162.0,pos+cell,-0.0041673546308467,180.0
21,26,1,134,164.0,pos+cell,0.0052677268524042,224.99999999999997
21,26,1,134,166.0,pos+cell,0.0017661246087809,210.0000000000003
21,26,1,134,168.0,pos+cell,-0.0045058675881773,239.99999999999977
21,26,1,134,169.0,pos+cell,-0.0008371365064493,239.99999999999977
21,26,1,134,170.0,pos+cell,0.0036565965023687,239.99999999999977
21,26,1,134,172.0,pos+cell,7.106526521469814e-05,254.9999999999999
21,26,1,134,173.0,pos+cell,-0.0058118657808617,239.99999999999977
21,26,1,134,175.0,pos+cell,-0.0001265822352299,285.0000000000002
21,26,1,134,178.0,pos+cell,0.0028071668283435,285.0000000000002
21,26,1,134,189.0,pos+cell,0.006564938573688,344.9999999999999
21,26,1,142,,pos,0.0029469969952927,
21,26,1,142,103.0,pos+cell,0.0036940230102388,224.99999999999957
21,26,1,142,133.0,pos+cell,0.0069909519854558,44.999999999999545
21,26,1,142,134.0,pos+cell,0.0118061316850533,44.999999999999545
21,26,1,142,147.0,pos+cell,0.0147850009310936,75.00000000000078
21,26,1,142,149.0,pos+cell,0.0083197099234887,45.00000000000045
21,26,1,142,156.0,pos+cell,0.0082593396717512,105.0000000000001
21,26,1,142,160.0,pos+cell,0.0044819426519478,150.00000000000054
21,26,1,142,161.0,pos+cell,0.0015338835683442,150.00000000000054
21,26,1,142,162.0,pos+cell,0.0061358838054175,135.00000000000043
21,26,1,142,164.0,pos+cell,0.015252759170839,180.00000000000043
21,26,1,142,166.0,pos+cell,0.0196887139276753,165.0000000000008
21,26,1,142,168.0,pos+cell,0.0086684245362838,195.00000000000023
21,26,1,142,169.0,pos+cell,0.0283727411504658,195.00000000000023
21,26,1,142,170.0,pos+cell,0.0095407085307334,195.00000000000023
21,26,1,142,172.0,pos+cell,0.0018374393783207,210.0000000000003
21,26,1,142,173.0,pos+cell,0.027086976966582,195.00000000000023
21,26,1,142,175.0,pos+cell,0.0058615764377459,240.00000000000065
21,26,1,142,178.0,pos+cell,0.0053072024148955,240.00000000000065
21,26,1,142,189.0,pos+cell,0.0025323189952237,300.00000000000034
21,26,1,147,,pos,0.0023175992816028,
21,26,1,147,103.0,pos+cell,0.0026674721668017,300.00000000000034
21,26,1,147,133.0,pos+cell,0.0042870862780693,120.00000000000033
21,26,1,147,134.0,pos+cell,0.0039284782188316,120.00000000000033
21,26,1,147,142.0,pos+cell,0.0131282885908066,75.00000000000078
21,26,1,147,149.0,pos+cell,0.0082735208225578,30.000000000000345
21,26,1,147,156.0,pos+cell,0.003741709752011,29.99999999999931
21,26,1,147,160.0,pos+cell,0.0036458397220912,74.99999999999976
21,26,1,147,161.0,pos+cell,0.0037840991792085,74.99999999999976
21,26,1,147,162.0,pos+cell,0.005776570490241,59.99999999999965
21,26,1,147,164.0,pos+cell,0.0126815044491863,104.99999999999966
21,26,1,147,166.0,pos+cell,0.0060081667408473,90.0
21,26,1,147,168.0,pos+cell,0.0034122520676296,119.99999999999945
21,26,1,147,169.0,pos+cell,0.0034369796831754,119.99999999999945
21,26,1,147,170.0,pos+cell,0.0054395262735183,119.99999999999945
21,26,1,147,172.0,pos+cell,0.0055032519003899,134.99999999999957
21,26,1,147,173.0,pos+cell,0.0045993849519756,119.99999999999945
21,26,1,147,175.0,pos+cell,0.0048797646071296,164.99999999999991
21,26,1,147,178.0,pos+cell,0.0074672453405708,164.99999999999991
21,26,1,147,189.0,pos+cell,0.0024022938860724,224.99999999999957
21,26,1,149,,pos,0.0261515400707876,
21,26,1,149,103.0,pos+cell,0.0259715654541081,270.0
21,26,1,149,133.0,pos+cell,0.0256789371875934,89.99999999999999
21,26,1,149,134.0,pos+cell,0.0264504029085832,89.99999999999999
21,26,1,149,142.0,pos+cell,0.026730244924402,45.00000000000045
21,26,1,149,147.0,pos+cell,0.0265319995289332,30.000000000000345
21,26,1,149,156.0,pos+cell,0.0286565752425084,59.99999999999966
21,26,1,149,160.0,pos+cell,0.026249628501272,105.00000000000011
21,26,1,149,161.0,pos+cell,0.0253818953507391,105.00000000000011
21,26,1,149,162.0,pos+cell,0.0358099344566643,90.0
21,26,1,149,164.0,pos+cell,0.0309187062119541,135.0
21,26,1,149,166.0,pos+cell,0.0303798094137058,120.00000000000034
21,26,1,149,168.0,pos+cell,0.0267537063288337,149.99999999999977
21,26,1,149,169.0,pos+cell,0.0262739340824524,149.99999999999977
21,26,1,149,170.0,pos+cell,0.0259353838219014,149.99999999999977
21,26,1,149,172.0,pos+cell,0.0372271841680031,164.99999999999991
21,26,1,149,173.0,pos+cell,0.0280524689552839,149.99999999999977
21,26,1,149,175.0,pos+cell,0.0245419466637701,195.00000000000023
21,26,1,149,178.0,pos+cell,0.0359631757959691,195.00000000000023
21,26,1,149,189.0,pos+cell,0.0246436010071572,254.9999999999999
21,26,1,156,,pos,0.0020169807550063,
21,26,1,156,103.0,pos+cell,0.0019055725850319,329.99999999999966
21,26,1,156,133.0,pos+cell,0.0042873001406598,149.99999999999963
21,26,1,156,134.0,pos+cell,0.0034812378103969,149.99999999999963
21,26,1,156,142.0,pos+cell,0.0058274306972152,105.0000000000001
21,26,1,156,147.0,pos+cell,0.0022360543031696,29.99999999999931
21,26,1,156,149.0,pos+cell,0.0068270079302845,59.99999999999966
21,26,1,156,160.0,pos+cell,0.005000353157706,45.00000000000045
21,26,1,156,161.0,pos+cell,0.0025180882387118,45.00000000000045
21,26,1,156,162.0,pos+cell,0.0204259719317265,30.000000000000338
21,26,1,156,164.0,pos+cell,0.005405443487075,75.00000000000034
21,26,1,156,166.0,pos+cell,0.0056351948031707,60.00000000000068
21,26,1,156,168.0,pos+cell,0.0036654892521508,90.00000000000013
21,26,1,156,169.0,pos+cell,0.0045826048134976,90.00000000000013
21,26,1,156,170.0,pos+cell,0.0058276507167318,90.00000000000013
21,26,1,156,172.0,pos+cell,0.0037540336937778,105.00000000000024
21,26,1,156,173.0,pos+cell,0.0029786308604458,90.00000000000013
21,26,1,156,175.0,pos+cell,0.0066129784311277,135.00000000000057
21,26,1,156,178.0,pos+cell,0.0127682701754759,135.00000000000057
21,26,1,156,189.0,pos+cell,0.0062284259640257,195.00000000000023
21,26,1,160,,pos,-0.0012395019515776,
21,26,1,160,103.0,pos+cell,-0.0022813570578396,375.0000000000001
21,26,1,160,133.0,pos+cell,-0.0006223008568915,195.00000000000009
21,26,1,160,134.0,pos+cell,-1.4566258680592804e-05,195.00000000000009
21,26,1,160,142.0,pos+cell,0.0019871226643617,150.00000000000054
21,26,1,160,147.0,pos+cell,3.389261893053108e-05,74.99999999999976
21,26,1,160,149.0,pos+cell,0.0062693810872843,105.00000000000011
21,26,1,160,156.0,pos+cell,0.0005279653516182,45.00000000000045
21,26,1,160,161.0,pos+cell,-0.001084018506485,0.0
21,26,1,160,162.0,pos+cell,0.0039014324224718,15.00000000000011
21,26,1,160,164.0,pos+cell,0.0007745933296307,29.99999999999989
21,26,1,160,166.0,pos+cell,0.0022696393320809,15.000000000000234
21,26,1,160,168.0,pos+cell,0.008254925830151,44.99999999999967
21,26,1,160,169.0,pos+cell,-0.0006357786013669,44.99999999999967
21,26,1,160,170.0,pos+cell,-8.71549440050301e-05,44.99999999999967
21,26,1,160,172.0,pos+cell,0.0052283569370658,59.99999999999978
21,26,1,160,173.0,pos+cell,0.0019731717617055,44.99999999999967
21,26,1,160,175.0,pos+cell,0.0011813664790754,90.00000000000013
21,26,1,160,178.0,pos+cell,0.0093644176662203,90.00000000000013
21,26,1,160,189.0,pos+cell,0.0034029339210176,149.99999999999977
21,26,1,161,,pos,0.0608592894081781,
21,26,1,161,103.0,pos+cell,0.0588703335205327,375.0000000000001
21,26,1,161,133.0,pos+cell,0.0586189742005567,195.00000000000009
21,26,1,161,134.0,pos+cell,0.0594288987031825,195.00000000000009
21,26,1,161,142.0,pos+cell,0.0580572456908914,150.00000000000054
21,26,1,161,147.0,pos+cell,0.0574979884693364,74.99999999999976
21,26,1,161,149.0,pos+cell,0.0600290348719472,105.00000000000011
21,26,1,161,156.0,pos+cell,0.0577497499646883,45.00000000000045
21,26,1,161,160.0,pos+cell,0.0582292892493382,0.0
21,26,1,161,162.0,pos+cell,0.0582576280936728,15.00000000000011
21,26,1,161,164.0,pos+cell,0.0596730743711069,29.99999999999989
21,26,1,161,166.0,pos+cell,0.0658417150023153,15.000000000000234
21,26,1,161,168.0,pos+cell,0.0581447466952662,44.99999999999967
21,26,1,161,169.0,pos+cell,0.0588637503589084,44.99999999999967
21,26,1,161,170.0,pos+cell,0.0575480757253132,44.99999999999967
21,26,1,161,172.0,pos+cell,0.0612694764997786,59.99999999999978
21,26,1,161,173.0,pos+cell,0.056912342758529,44.99999999999967
21,26,1,161,175.0,pos+cell,0.060623597474323,90.00000000000013
21,26,1,161,178.0,pos+cell,0.0590959473550663,90.00000000000013
21,26,1,161,189.0,pos+cell,0.0598370929599954,149.99999999999977
21,26,1,162,,pos,-0.0039590290916419,
21,26,1,162,103.0,pos+cell,0.0079472901658587,360.0
21,26,1,162,133.0,pos+cell,-0.0022639021859845,180.0
21,26,1,162,134.0,pos+cell,-0.0024134841712699,180.0
21,26,1,162,142.0,pos+cell,0.0003502336566491,135.00000000000043
21,26,1,162,147.0,pos+cell,0.0023949534200723,59.99999999999965
21,26,1,162,149.0,pos+cell,0.0181672303782655,90.0
21,26,1,162,156.0,pos+cell,0.0558237636045907,30.000000000000338
21,26,1,162,160.0,pos+cell,0.0103787365535247,15.00000000000011
21,26,1,162,161.0,pos+cell,0.0002123617601747,15.00000000000011
21,26,1,162,164.0,pos+cell,0.001104634662497,45.0
21,26,1,162,166.0,pos+cell,0.0041357050647161,30.000000000000345
21,26,1,162,168.0,pos+cell,-0.0036430749287957,59.99999999999978
21,26,1,162,169.0,pos+cell,0.0024971806623998,59.99999999999978
21,26,1,162,170.0,pos+cell,0.011378907984457,59.99999999999978
21,26,1,162,172.0,pos+cell,0.0043610516509921,74.99999999999989
21,26,1,162,173.0,pos+cell,0.0063915666195678,59.99999999999978
21,26,1,162,175.0,pos+cell,0.0073671016347831,105.00000000000024
21,26,1,162,178.0,pos+cell,0.0263080830798055,105.00000000000024
21,26,1,162,189.0,pos+cell,0.0105618655322905,164.99999999999991
21,26,0,163,,pos,0.0036934624169356,
21,26,0,163,118.0,pos+cell,0.004301546773278,285.0000000000002
21,26,0,163,191.0,pos+cell,0.0064165150297633,164.99999999999994
21,26,0,163,214.0,pos+cell,0.0042756270382011,299.9999999999999
21,26,0,163,228.0,pos+cell,0.0040682910497409,360.00000000000006
21,26,0,163,245.0,pos+cell,0.0029909370344581,435.00000000000006
21,26,0,163,264.0,pos+cell,0.0033550567897778,540.0000000000001
21,26,0,163,274.0,pos+cell,0.0043414758633664,630.0000000000001
21,26,1,164,,pos,0.0043033470079409,
21,26,1,164,103.0,pos+cell,0.0045914160756389,404.99999999999994
21,26,1,164,133.0,pos+cell,0.0053526425465147,224.99999999999997
21,26,1,164,134.0,pos+cell,0.0125358557599737,224.99999999999997
21,26,1,164,142.0,pos+cell,0.0113912045868952,180.00000000000043
21,26,1,164,147.0,pos+cell,0.0110115845201489,104.99999999999966
21,26,1,164,149.0,pos+cell,0.0105110988126595,135.0
21,26,1,164,156.0,pos+cell,0.0060561752029336,75.00000000000034
21,26,1,164,160.0,pos+cell,0.0071204825293252,29.99999999999989
21,26,1,164,161.0,pos+cell,0.0045121130186841,29.99999999999989
21,26,1,164,162.0,pos+cell,0.0061059508634142,45.0
21,26,1,164,166.0,pos+cell,0.0095248065372362,14.999999999999655
21,26,1,164,168.0,pos+cell,0.0054177692908919,14.99999999999978
21,26,1,164,169.0,pos+cell,0.0145485121815289,14.99999999999978
21,26,1,164,170.0,pos+cell,0.0068736074391251,14.99999999999978
21,26,1,164,172.0,pos+cell,0.0119991212545078,29.99999999999989
21,26,1,164,173.0,pos+cell,0.0057986630971551,14.99999999999978
21,26,1,164,175.0,pos+cell,0.0066324268336364,60.000000000000234
21,26,1,164,178.0,pos+cell,0.024612170211063,60.000000000000234
21,26,1,164,189.0,pos+cell,0.0050661617956474,119.99999999999989
21,26,1,166,,pos,0.0503218388283727,
21,26,1,166,103.0,pos+cell,0.0488630347377917,390.0000000000003
21,26,1,166,133.0,pos+cell,0.052205570820177,210.0000000000003
21,26,1,166,134.0,pos+cell,0.0535119650597378,210.0000000000003
21,26,1,166,142.0,pos+cell,0.0591277839206754,165.0000000000008
21,26,1,166,147.0,pos+cell,0.0502772102446559,90.0
21,26,1,166,149.0,pos+cell,0.058101803199808,120.00000000000034
21,26,1,166,156.0,pos+cell,0.0500045873686938,60.00000000000068
21,26,1,166,160.0,pos+cell,0.0511631089669343,15.000000000000234
21,26,1,166,161.0,pos+cell,0.0557692331822825,15.000000000000234
21,26,1,166,162.0,pos+cell,0.0504044184027033,30.000000000000345
21,26,1,166,164.0,pos+cell,0.0546468817209455,14.999999999999655
21,26,1,166,168.0,pos+cell,0.051136765673639,29.999999999999435
21,26,1,166,169.0,pos+cell,0.0522258538088395,29.999999999999435
21,26,1,166,170.0,pos+cell,0.0527657886686356,29.999999999999435
21,26,1,166,172.0,pos+cell,0.0525848840344242,44.999999999999545
21,26,1,166,173.0,pos+cell,0.0494533114880702,29.999999999999435
21,26,1,166,175.0,pos+cell,0.0507483009636715,74.99999999999989
21,26,1,166,178.0,pos+cell,0.0565565513103388,74.99999999999989
21,26,1,166,189.0,pos+cell,0.0519104453574246,134.99999999999957
21,26,1,168,,pos,0.0044228682148648,
21,26,1,168,103.0,pos+cell,0.0023754869318363,419.9999999999998
21,26,1,168,133.0,pos+cell,0.0018026956877029,239.99999999999977
21,26,1,168,134.0,pos+cell,0.0015506862370582,239.99999999999977
21,26,1,168,142.0,pos+cell,0.0045187588340246,195.00000000000023
21,26,1,168,147.0,pos+cell,0.0019241256798204,119.99999999999945
21,26,1,168,149.0,pos+cell,0.0104526258025675,149.99999999999977
21,26,1,168,156.0,pos+cell,0.0084987499043635,90.00000000000013
21,26,1,168,160.0,pos+cell,0.0185253528655034,44.99999999999967
21,26,1,168,161.0,pos+cell,0.005220090552472,44.99999999999967
21,26,1,168,162.0,pos+cell,0.0042251977597967,59.99999999999978
21,26,1,168,164.0,pos+cell,0.002452433653537,14.99999999999978
21,26,1,168,166.0,pos+cell,0.0205864939057735,29.999999999999435
21,26,1,168,169.0,pos+cell,0.0001979529005719,0.0
21,26,1,168,170.0,pos+cell,0.0052615847775977,0.0
21,26,1,168,172.0,pos+cell,0.0100394049703266,15.00000000000011
21,26,1,168,173.0,pos+cell,0.0056005665206337,0.0
21,26,1,168,175.0,pos+cell,0.007664279787168,45.000000000000455
21,26,1,168,178.0,pos+cell,0.0064425862959153,45.000000000000455
21,26,1,168,189.0,pos+cell,0.0067626096620062,105.00000000000011
21,26,1,169,,pos,7.017828324340503e-05,
21,26,1,169,103.0,pos+cell,-0.0012487898299596,419.9999999999998
21,26,1,169,133.0,pos+cell,-0.0001091103580392,239.99999999999977
21,26,1,169,134.0,pos+cell,0.0045761118873016,239.99999999999977
21,26,1,169,142.0,pos+cell,0.0188226197314269,195.00000000000023
21,26,1,169,147.0,pos+cell,-0.0005980221878037,119.99999999999945
21,26,1,169,149.0,pos+cell,-0.0009258314984631,149.99999999999977
21,26,1,169,156.0,pos+cell,0.0063870749970493,90.00000000000013
21,26,1,169,160.0,pos+cell,-0.0004227817851988,44.99999999999967
21,26,1,169,161.0,pos+cell,0.0004357814527312,44.99999999999967
21,26,1,169,162.0,pos+cell,0.0016738160531652,59.99999999999978
21,26,1,169,164.0,pos+cell,0.0147142199023342,14.99999999999978
21,26,1,169,166.0,pos+cell,0.0122425666455802,29.999999999999435
21,26,1,169,168.0,pos+cell,0.0018661321194266,0.0
21,26,1,169,170.0,pos+cell,0.0033083634312498,0.0
21,26,1,169,172.0,pos+cell,0.0002063129427528,15.00000000000011
21,26,1,169,173.0,pos+cell,0.0123911721354114,0.0
21,26,1,169,175.0,pos+cell,-0.0014204340708971,45.000000000000455
21,26,1,169,178.0,pos+cell,-0.0025011081521613,45.000000000000455
21,26,1,169,189.0,pos+cell,-0.0021797600115507,105.00000000000011
21,26,1,170,,pos,0.0025169683650614,
21,26,1,170,103.0,pos+cell,0.0027200065658719,419.9999999999998
21,26,1,170,133.0,pos+cell,0.0070201115481229,239.99999999999977
21,26,1,170,134.0,pos+cell,0.0075986603996807,239.99999999999977
21,26,1,170,142.0,pos+cell,0.0046334181217374,195.00000000000023
21,26,1,170,147.0,pos+cell,0.0044015534157949,119.99999999999945
21,26,1,170,149.0,pos+cell,0.0060521707703577,149.99999999999977
21,26,1,170,156.0,pos+cell,0.0078864844416745,90.00000000000013
21,26,1,170,160.0,pos+cell,0.00391010921461,44.99999999999967
21,26,1,170,161.0,pos+cell,0.0037875383576973,44.99999999999967
21,26,1,170,162.0,pos+cell,0.0118846011738089,59.99999999999978
21,26,1,170,164.0,pos+cell,0.0065336586037189,14.99999999999978
21,26,1,170,166.0,pos+cell,0.0075552473085413,29.999999999999435
21,26,1,170,168.0,pos+cell,0.0057627946217438,0.0
21,26,1,170,169.0,pos+cell,0.00274029266524,0.0
21,26,1,170,172.0,pos+cell,0.01026739522063,15.00000000000011
21,26,1,170,173.0,pos+cell,0.0026922212506799,0.0
21,26,1,170,175.0,pos+cell,0.0304847279346135,45.000000000000455
21,26,1,170,178.0,pos+cell,0.0084068624267046,45.000000000000455
21,26,1,170,189.0,pos+cell,0.0127734983679772,105.00000000000011
21,26,1,172,,pos,0.0245256891239514,
21,26,1,172,103.0,pos+cell,0.0235670657041386,434.9999999999999
21,26,1,172,133.0,pos+cell,0.0221033660209311,254.9999999999999
21,26,1,172,134.0,pos+cell,0.0284165403800752,254.9999999999999
21,26,1,172,142.0,pos+cell,0.0227264046851289,210.0000000000003
21,26,1,172,147.0,pos+cell,0.0264884772754012,134.99999999999957
21,26,1,172,149.0,pos+cell,0.0423858774243152,164.99999999999991
21,26,1,172,156.0,pos+cell,0.0231055835360572,105.00000000000024
21,26,1,172,160.0,pos+cell,0.0393004269351335,59.99999999999978
21,26,1,172,161.0,pos+cell,0.0252221450348405,59.99999999999978
21,26,1,172,162.0,pos+cell,0.024903419413804,74.99999999999989
21,26,1,172,164.0,pos+cell,0.0453482341086348,29.99999999999989
21,26,1,172,166.0,pos+cell,0.0265673663300456,44.999999999999545
21,26,1,172,168.0,pos+cell,0.0282435574557102,15.00000000000011
21,26,1,172,169.0,pos+cell,0.024666817797332,15.00000000000011
21,26,1,172,170.0,pos+cell,0.0273595699140991,15.00000000000011
21,26,1,172,173.0,pos+cell,0.0203841977820274,15.00000000000011
21,26,1,172,175.0,pos+cell,0.0294871946966376,30.000000000000345
21,26,1,172,178.0,pos+cell,0.0619055346336741,30.000000000000345
21,26,1,172,189.0,pos+cell,0.022003825286773,90.0
21,26,1,173,,pos,0.0059829112608074,
21,26,1,173,103.0,pos+cell,0.0051194430552055,419.9999999999998
21,26,1,173,133.0,pos+cell,0.0071613341161797,239.99999999999977
21,26,1,173,134.0,pos+cell,0.0051450669876961,239.99999999999977
21,26,1,173,142.0,pos+cell,0.0121081088170646,195.00000000000023
21,26,1,173,147.0,pos+cell,0.0058583958228088,119.99999999999945
21,26,1,173,149.0,pos+cell,0.0076989365290111,149.99999999999977
21,26,1,173,156.0,pos+cell,0.0075376875126241,90.00000000000013
21,26,1,173,160.0,pos+cell,0.0061168985332173,44.99999999999967
21,26,1,173,161.0,pos+cell,0.0059249539908787,44.99999999999967
21,26,1,173,162.0,pos+cell,0.0077504330047772,59.99999999999978
21,26,1,173,164.0,pos+cell,0.0064571078130941,14.99999999999978
21,26,1,173,166.0,pos+cell,0.0090287756457848,29.999999999999435
21,26,1,173,168.0,pos+cell,0.0069416519295703,0.0
21,26,1,173,169.0,pos+cell,0.009922631035978,0.0
21,26,1,173,170.0,pos+cell,0.005538194201154,0.0
21,26,1,173,172.0,pos+cell,0.0067919245522528,15.00000000000011
21,26,1,173,175.0,pos+cell,0.0078754033348997,45.000000000000455
21,26,1,173,178.0,pos+cell,0.0074065823306497,45.000000000000455
21,26,1,173,189.0,pos+cell,0.0098545718861052,105.00000000000011
21,26,1,175,,pos,0.0032604400461906,
21,26,1,175,103.0,pos+cell,0.0030575994977779,465.0000000000002
21,26,1,175,133.0,pos+cell,0.0048424766289472,285.0000000000002
21,26,1,175,134.0,pos+cell,0.0142356607219834,285.0000000000002
21,26,1,175,142.0,pos+cell,0.0052159959018205,240.00000000000065
21,26,1,175,147.0,pos+cell,0.0062242715183678,164.99999999999991
21,26,1,175,149.0,pos+cell,0.0029705802276787,195.00000000000023
21,26,1,175,156.0,pos+cell,0.0070982329238098,135.00000000000057
21,26,1,175,160.0,pos+cell,0.0038472895538772,90.00000000000013
21,26,1,175,161.0,pos+cell,0.010315560724098,90.00000000000013
21,26,1,175,162.0,pos+cell,0.0083025574886753,105.00000000000024
21,26,1,175,164.0,pos+cell,0.0072156335717028,60.000000000000234
21,26,1,175,166.0,pos+cell,0.0102909354351969,74.99999999999989
21,26,1,175,168.0,pos+cell,0.0088114476907937,45.000000000000455
21,26,1,175,169.0,pos+cell,0.0034893399492968,45.000000000000455
21,26,1,175,170.0,pos+cell,0.0278724211037688,45.000000000000455
21,26,1,175,172.0,pos+cell,0.0087609489920488,30.000000000000345
21,26,1,175,173.0,pos+cell,0.0091384009911301,45.000000000000455
21,26,1,175,178.0,pos+cell,0.0250375754497222,0.0
21,26,1,175,189.0,pos+cell,0.0160410451999143,59.99999999999965
21,26,1,178,,pos,0.0080003538625693,
21,26,1,178,103.0,pos+cell,0.0103333315334422,465.0000000000002
21,26,1,178,133.0,pos+cell,0.0114940129827786,285.0000000000002
21,26,1,178,134.0,pos+cell,0.0178583222781905,285.0000000000002
21,26,1,178,142.0,pos+cell,0.0151810121123171,240.00000000000065
21,26,1,178,147.0,pos+cell,0.0132325267429154,164.99999999999991
21,26,1,178,149.0,pos+cell,0.0214786759978281,195.00000000000023
21,26,1,178,156.0,pos+cell,0.0169817419073522,135.00000000000057
21,26,1,178,160.0,pos+cell,0.0239242148445932,90.00000000000013
21,26,1,178,161.0,pos+cell,0.0110232967749563,90.00000000000013
21,26,1,178,162.0,pos+cell,0.0208501717591236,105.00000000000024
21,26,1,178,164.0,pos+cell,0.0334373029774751,60.000000000000234
21,26,1,178,166.0,pos+cell,0.0163312272520001,74.99999999999989
21,26,1,178,168.0,pos+cell,0.0128868632324051,45.000000000000455
21,26,1,178,169.0,pos+cell,0.0105278859226483,45.000000000000455
21,26,1,178,170.0,pos+cell,0.0121072580270504,45.000000000000455
21,26,1,178,172.0,pos+cell,0.0283311722332115,30.000000000000345
21,26,1,178,173.0,pos+cell,0.013510877316588,45.000000000000455
21,26,1,178,175.0,pos+cell,0.0184310506867228,0.0
21,26,1,178,189.0,pos+cell,0.0150129381393877,59.99999999999965
21,26,1,189,,pos,-0.000868308462929,
21,26,1,189,103.0,pos+cell,0.0002928763433471,524.9999999999999
21,26,1,189,133.0,pos+cell,0.0025841542941279,344.9999999999999
21,26,1,189,134.0,pos+cell,0.0082380482441105,344.9999999999999
21,26,1,189,142.0,pos+cell,0.0037068072265217,300.00000000000034
21,26,1,189,147.0,pos+cell,0.0021840640706522,224.99999999999957
21,26,1,189,149.0,pos+cell,0.0026627750649527,254.9999999999999
21,26,1,189,156.0,pos+cell,0.0038455858489972,195.00000000000023
21,26,1,189,160.0,pos+cell,0.0037384358897753,149.99999999999977
21,26,1,189,161.0,pos+cell,0.0057877703543281,149.99999999999977
21,26,1,189,162.0,pos+cell,0.0037584175657818,164.99999999999991
21,26,1,189,164.0,pos+cell,-1.9451167208828225e-05,119.99999999999989
21,26,1,189,166.0,pos+cell,0.0045412513764844,134.99999999999957
21,26,1,189,168.0,pos+cell,0.0009924748951302,105.00000000000011
21,26,1,189,169.0,pos+cell,-0.0002334252936427,105.00000000000011
21,26,1,189,170.0,pos+cell,0.0081255456591574,105.00000000000011
21,26,1,189,172.0,pos+cell,-0.0014780045434552,90.0
21,26,1,189,173.0,pos+cell,0.0074266862369608,105.00000000000011
21,26,1,189,175.0,pos+cell,0.0130807869393887,59.99999999999965
21,26,1,189,178.0,pos+cell,0.0082726047479628,59.99999999999965
21,26,0,191,,pos,0.0059345987564753,
21,26,0,191,118.0,pos+cell,0.0083046272529727,450.00000000000017
21,26,0,191,163.0,pos+cell,0.0089473296208368,164.99999999999994
21,26,0,191,214.0,pos+cell,0.0095427230081062,134.99999999999994
21,26,0,191,228.0,pos+cell,0.0080679440397567,195.00000000000009
21,26,0,191,245.0,pos+cell,0.0087341594648208,270.0000000000001
21,26,0,191,264.0,pos+cell,0.011123689703394,375.00000000000017
21,26,0,191,274.0,pos+cell,0.0098890938320123,465.0000000000001
21,26,0,214,,pos,-0.0005625311983996,
21,26,0,214,118.0,pos+cell,-0.0020086540046863,585.0000000000001
21,26,0,214,163.0,pos+cell,0.0001768877307223,299.9999999999999
21,26,0,214,191.0,pos+cell,-0.0011930611227403,134.99999999999994
21,26,0,214,228.0,pos+cell,-0.0002051733162875,60.00000000000016
21,26,0,214,245.0,pos+cell,-0.0011237901598101,135.0000000000002
21,26,0,214,264.0,pos+cell,-0.0011788540013092,240.0000000000002
21,26,0,214,274.0,pos+cell,7.806542610307998e-05,330.0000000000002
21,26,0,228,,pos,0.0921911493875484,
21,26,0,228,118.0,pos+cell,0.0951807304892225,645.0000000000002
21,26,0,228,163.0,pos+cell,0.0911692362316451,360.00000000000006
21,26,0,228,191.0,pos+cell,0.0945901827369835,195.00000000000009
21,26,0,228,214.0,pos+cell,0.0920176827414877,60.00000000000016
21,26,0,228,245.0,pos+cell,0.0925310714870157,75.00000000000001
21,26,0,228,264.0,pos+cell,0.0938512544487096,180.00000000000006
21,26,0,228,274.0,pos+cell,0.0954669493720999,270.00000000000006
21,26,0,245,,pos,0.0093833105311274,
21,26,0,245,118.0,pos+cell,0.0103447273729624,720.0000000000002
21,26,0,245,163.0,pos+cell,0.0094154767401967,435.00000000000006
21,26,0,245,191.0,pos+cell,0.011932863866077,270.0000000000001
21,26,0,245,214.0,pos+cell,0.0113211613342272,135.0000000000002
21,26,0,245,228.0,pos+cell,0.0096211479533192,75.00000000000001
21,26,0,245,264.0,pos+cell,0.0104991498660541,105.00000000000004
21,26,0,245,274.0,pos+cell,0.011435954140773,195.00000000000003
21,26,0,264,,pos,0.0279382756244916,
21,26,0,264,118.0,pos+cell,0.0309056644298299,825.0000000000003
21,26,0,264,163.0,pos+cell,0.0301925400484617,540.0000000000001
21,26,0,264,191.0,pos+cell,0.0339326088285077,375.00000000000017
21,26,0,264,214.0,pos+cell,0.0312909288475602,240.0000000000002
21,26,0,264,228.0,pos+cell,0.0302816640795763,180.00000000000006
21,26,0,264,245.0,pos+cell,0.0318908456816387,105.00000000000004
21,26,0,264,274.0,pos+cell,0.036501439849115,90.0
21,26,0,274,,pos,0.0625152252365436,
21,26,0,274,118.0,pos+cell,0.0626578083901759,915.0000000000005
21,26,0,274,163.0,pos+cell,0.0624142753807103,630.0000000000001
21,26,0,274,191.0,pos+cell,0.0611789705879817,465.0000000000001
21,26,0,274,214.0,pos+cell,0.0667214431468444,330.0000000000002
21,26,0,274,228.0,pos+cell,0.0646548223222111,270.00000000000006
21,26,0,274,245.0,pos+cell,0.0631302681316681,195.00000000000003
21,26,0,274,264.0,pos+cell,0.0677333668162297,90.0
25,18,1,7,,pos,0.0500614750805716,
25,18,1,7,95.0,pos+cell,0.0593428971272255,330.0
25,18,1,7,97.0,pos+cell,0.0699238308304554,344.9999999999997
25,18,0,25,,pos,-0.0066091271349167,
25,18,0,25,202.0,pos+cell,-0.0011550826602898,453.9637009712173
25,18,0,25,211.0,pos+cell,-0.0067035880205594,451.13594487710577
25,18,0,25,233.0,pos+cell,-0.0147568279960705,728.4923074374746
25,18,0,25,236.0,pos+cell,-0.0106092734431948,724.8113663484204
25,18,0,25,238.0,pos+cell,-0.0041897867554035,721.5969990072687
25,18,0,25,322.0,pos+cell,-0.0069074582235369,765.0534226464404
25,18,1,95,,pos,0.0165237872024137,
25,18,1,95,7.0,pos+cell,0.0182597051252646,330.0
25,18,1,95,97.0,pos+cell,0.0226623778174521,14.999999999999726
25,18,1,97,,pos,0.0049825735330097,
25,18,1,97,7.0,pos+cell,0.0219017812855244,344.9999999999997
25,18,1,97,95.0,pos+cell,0.0283050124105682,14.999999999999726
25,18,0,202,,pos,0.0197417983605698,
25,18,0,202,25.0,pos+cell,0.0197769204036533,453.9637009712173
25,18,0,202,211.0,pos+cell,0.0234372816712802,90.00000000000011
25,18,0,202,233.0,pos+cell,0.0285316747462744,275.32034058582707
25,18,0,202,236.0,pos+cell,0.0201113203435694,272.04481155388754
25,18,0,202,238.0,pos+cell,0.0197164629967536,273.3020560168396
25,18,0,202,322.0,pos+cell,0.0199476369314693,416.0364942855711
25,18,0,211,,pos,0.0051539142198624,
25,18,0,211,25.0,pos+cell,0.0042458425177931,451.13594487710577
25,18,0,211,202.0,pos+cell,0.014181240419572,90.00000000000011
25,18,0,211,233.0,pos+cell,0.012717890534333,303.2216270620212
25,18,0,211,236.0,pos+cell,0.0068416096598976,291.11951103705803
25,18,0,211,238.0,pos+cell,0.004490505438185,278.0942135121298
25,18,0,211,322.0,pos+cell,0.0045275003670697,352.74626883630424
25,18,0,233,,pos,0.0105873331152978,
25,18,0,233,25.0,pos+cell,0.0093579817528805,728.4923074374746
25,18,0,233,202.0,pos+cell,0.020194476627896,275.32034058582707
25,18,0,233,211.0,pos+cell,0.0127138540465579,303.2216270620212
25,18,0,233,236.0,pos+cell,0.015786686594117,29.999999999999805
25,18,0,233,238.0,pos+cell,0.010891359749448,75.00000000000018
25,18,0,233,322.0,pos+cell,0.0091176622520001,359.9999999999999
25,18,0,236,,pos,-0.0036277466726238,
25,18,0,236,25.0,pos+cell,-0.0039750497764417,724.8113663484204
25,18,0,236,202.0,pos+cell,0.0011195467102023,272.04481155388754
25,18,0,236,211.0,pos+cell,-0.001591031752113,291.11951103705803
25,18,0,236,233.0,pos+cell,0.003743598960778,29.999999999999805
25,18,0,236,238.0,pos+cell,-0.0003837853014714,45.00000000000038
25,18,0,236,322.0,pos+cell,-0.0026200195679552,330.0000000000001
25,18,0,238,,pos,0.0052723298341792,
25,18,0,238,25.0,pos+cell,0.0053061886878368,721.5969990072687
25,18,0,238,202.0,pos+cell,0.0072007085683798,273.3020560168396
25,18,0,238,211.0,pos+cell,0.0052323154489845,278.0942135121298
25,18,0,238,233.0,pos+cell,0.0084164290094549,75.00000000000018
25,18,0,238,236.0,pos+cell,0.006150134468428,45.00000000000038
25,18,0,238,322.0,pos+cell,0.0039878737412886,284.9999999999997
25,18,0,322,,pos,0.003574387214328,
25,18,0,322,25.0,pos+cell,0.0023028606635323,765.0534226464404
25,18,0,322,202.0,pos+cell,0.0151379868174239,416.0364942855711
25,18,0,322,211.0,pos+cell,0.007177139979039,352.74626883630424
25,18,0,322,233.0,pos+cell,0.0153270693641321,359.9999999999999
25,18,0,322,236.0,pos+cell,0.0034112327258782,330.0000000000001
25,18,0,322,238.0,pos+cell,0.004641494201523,284.9999999999997
25,19,1,94,,pos,-0.0037039036444216,
25,19,1,94,125.0,pos+cell,-0.0115852255489179,330.0000000000004
25,19,1,94,128.0,pos+cell,0.0002291717311962,315.0000000000004
25,19,1,94,131.0,pos+cell,-0.0010933734814465,315.0000000000004
25,19,1,94,146.0,pos+cell,-0.0046832526211558,420.0000000000005
25,19,1,94,148.0,pos+cell,-0.0034426178448301,420.0000000000005
25,19,1,125,,pos,-0.0009363210676817,
25,19,1,125,94.0,pos+cell,0.0093620505775459,330.0000000000004
25,19,1,125,128.0,pos+cell,-0.0042361105157169,14.999999999999972
25,19,1,125,131.0,pos+cell,0.0059530996700212,14.999999999999972
25,19,1,125,146.0,pos+cell,0.1994552232798044,90.00000000000011
25,19,1,125,148.0,pos+cell,0.0968277127818265,90.00000000000011
25,19,1,128,,pos,0.0105050806780162,
25,19,1,128,94.0,pos+cell,0.0182825677922914,315.0000000000004
25,19,1,128,125.0,pos+cell,0.0190246200235571,14.999999999999972
25,19,1,128,131.0,pos+cell,0.0214825665053779,0.0
25,19,1,128,146.0,pos+cell,0.0141990919569581,105.00000000000009
25,19,1,128,148.0,pos+cell,0.0060403142187099,105.00000000000009
25,19,1,131,,pos,-0.0066901602646715,
25,19,1,131,94.0,pos+cell,-0.002712887725619,315.0000000000004
25,19,1,131,125.0,pos+cell,0.0008890332256702,14.999999999999972
25,19,1,131,128.0,pos+cell,-0.0007318826588166,0.0
25,19,1,131,146.0,pos+cell,0.0041034761944038,105.00000000000009
25,19,1,131,148.0,pos+cell,-0.0043826372135192,105.00000000000009
25,19,0,143,,pos,0.0053616611458063,
25,19,0,143,154.0,pos+cell,0.0095174577516143,74.99999999999942
25,19,0,143,218.0,pos+cell,0.022298299878451,344.99999999999943
25,19,0,143,219.0,pos+cell,0.0151553600737921,344.99999999999943
25,19,0,143,273.0,pos+cell,0.0069113473592469,629.9999999999995
25,19,0,143,288.0,pos+cell,0.0130841624726357,734.9999999999995
25,19,1,146,,pos,-0.009387779142038,
25,19,1,146,94.0,pos+cell,-0.0084793454884305,420.0000000000005
25,19,1,146,125.0,pos+cell,0.1381945405601662,90.00000000000011
25,19,1,146,128.0,pos+cell,-0.010543759948118,105.00000000000009
25,19,1,146,131.0,pos+cell,0.0259080782099111,105.00000000000009
25,19,1,146,148.0,pos+cell,0.0421892749527306,0.0
25,19,1,148,,pos,-0.0277696694391407,
25,19,1,148,94.0,pos+cell,0.0087735617235785,420.0000000000005
25,19,1,148,125.0,pos+cell,0.04681555149963,90.00000000000011
25,19,1,148,128.0,pos+cell,-0.0234069634012911,105.00000000000009
25,19,1,148,131.0,pos+cell,-0.0056269661061179,105.00000000000009
25,19,1,148,146.0,pos+cell,0.01022847384418,0.0
25,19,0,154,,pos,-0.0095726112342767,
25,19,0,154,143.0,pos+cell,0.0095384646324081,74.99999999999942
25,19,0,154,218.0,pos+cell,0.0073354562511112,270.00000000000006
25,19,0,154,219.0,pos+cell,0.0098940580715771,270.00000000000006
25,19,0,154,273.0,pos+cell,-0.0080073618098854,555.0
25,19,0,154,288.0,pos+cell,-0.0026076795373828,660.0000000000002
25,19,0,218,,pos,0.0601817240813728,
25,19,0,218,143.0,pos+cell,0.1068360399127135,344.99999999999943
25,19,0,218,154.0,pos+cell,0.0969208861597998,270.00000000000006
25,19,0,218,219.0,pos+cell,0.2717622317101718,0.0
25,19,0,218,273.0,pos+cell,0.0566557950420844,285.0
25,19,0,218,288.0,pos+cell,0.0813996222546537,390.00000000000006
25,19,0,219,,pos,0.0208706320660416,
25,19,0,219,143.0,pos+cell,0.0414499621423865,344.99999999999943
25,19,0,219,154.0,pos+cell,0.0386929056113029,270.00000000000006
25,19,0,219,218.0,pos+cell,0.3439543178828347,0.0
25,19,0,219,273.0,pos+cell,0.0073340026857459,285.0
25,19,0,219,288.0,pos+cell,0.0239411419956467,390.00000000000006
25,19,0,273,,pos,-0.0192133778796841,
25,19,0,273,143.0,pos+cell,-0.0241170971920838,629.9999999999995
25,19,0,273,154.0,pos+cell,-0.0199067516449086,555.0
25,19,0,273,218.0,pos+cell,-0.0386260605551159,285.0
25,19,0,273,219.0,pos+cell,-0.0357653611725284,285.0
25,19,0,273,288.0,pos+cell,0.0431209214851826,105.00000000000009
25,19,0,288,,pos,0.0002009784204526,
25,19,0,288,143.0,pos+cell,0.003883397353365,734.9999999999995
25,19,0,288,154.0,pos+cell,0.0058246651049851,660.0000000000002
25,19,0,288,218.0,pos+cell,0.0037924031626825,390.00000000000006
25,19,0,288,219.0,pos+cell,-0.0003831833916261,390.00000000000006
25,19,0,288,273.0,pos+cell,0.0357170853526522,105.00000000000009
25,20,0,120,,pos,0.0013877887137592,
25,20,0,120,126.0,pos+cell,0.0067725584897709,44.99999999999993
25,20,0,120,129.0,pos+cell,0.0063732539632814,30.00000000000025
25,20,0,120,137.0,pos+cell,0.017837198588963,105.00000000000044
25,20,0,120,146.0,pos+cell,0.0067244910581183,150.0000000000008
25,20,0,120,156.0,pos+cell,0.0077375712479333,195.00000000000028
25,20,0,120,159.0,pos+cell,0.0121049885055804,209.99999999999997
25,20,0,120,162.0,pos+cell,0.0215772653160131,225.00000000000057
25,20,0,120,164.0,pos+cell,0.0217711265708827,209.99999999999997
25,20,0,120,165.0,pos+cell,0.054582231300007,240.0000000000002
25,20,0,120,169.0,pos+cell,0.0109502230427648,254.99999999999963
25,20,0,120,170.0,pos+cell,0.000928098907821,254.99999999999963
25,20,0,120,200.0,pos+cell,0.0411362434143271,465.00000000000006
25,20,0,120,227.0,pos+cell,0.0304824574004671,690.0000000000006
25,20,0,126,,pos,-0.0108806933951545,
25,20,0,126,120.0,pos+cell,-0.0028301584917703,44.99999999999993
25,20,0,126,129.0,pos+cell,0.0606374373055054,14.999999999999678
25,20,0,126,137.0,pos+cell,0.0244046325969677,60.0000000000005
25,20,0,126,146.0,pos+cell,0.0139606174507237,105.00000000000088
25,20,0,126,156.0,pos+cell,-0.0081583709281823,150.00000000000037
25,20,0,126,159.0,pos+cell,0.0031550021005508,165.00000000000006
25,20,0,126,162.0,pos+cell,0.0037103861816775,180.0000000000006
25,20,0,126,164.0,pos+cell,0.0686918189264839,165.00000000000006
25,20,0,126,165.0,pos+cell,-0.0079178159610936,195.00000000000028
25,20,0,126,169.0,pos+cell,-0.0107049661651918,209.9999999999997
25,20,0,126,170.0,pos+cell,-0.0066729723950396,209.9999999999997
25,20,0,126,200.0,pos+cell,-0.0027100908129335,420.0000000000001
25,20,0,126,227.0,pos+cell,-0.0034496158017592,645.0000000000007
25,20,0,129,,pos,-0.0137977049420094,
25,20,0,129,120.0,pos+cell,0.0044664664074818,30.00000000000025
25,20,0,129,126.0,pos+cell,0.3147877590995251,14.999999999999678
25,20,0,129,137.0,pos+cell,0.1151558212329886,75.00000000000018
25,20,0,129,146.0,pos+cell,-0.0022783837675811,120.00000000000055
25,20,0,129,156.0,pos+cell,0.0087461256546863,165.00000000000006
25,20,0,129,159.0,pos+cell,0.0039818884527113,179.99999999999972
25,20,0,129,162.0,pos+cell,0.0720632812448424,195.00000000000028
25,20,0,129,164.0,pos+cell,0.0253902856185193,179.99999999999972
25,20,0,129,165.0,pos+cell,-0.0085565536489333,209.99999999999997
25,20,0,129,169.0,pos+cell,0.0054327668406346,224.99999999999935
25,20,0,129,170.0,pos+cell,-0.0090725084756563,224.99999999999935
25,20,0,129,200.0,pos+cell,0.0017523645827089,434.9999999999998
25,20,0,129,227.0,pos+cell,-0.0074759811130232,660.0000000000003
25,20,0,137,,pos,-0.0038085816317443,
25,20,0,137,120.0,pos+cell,0.0015427812832175,105.00000000000044
25,20,0,137,126.0,pos+cell,0.0215271606965278,60.0000000000005
25,20,0,137,129.0,pos+cell,0.0322491492409051,75.00000000000018
25,20,0,137,146.0,pos+cell,0.0047430297014357,45.00000000000038
25,20,0,137,156.0,pos+cell,-0.0016947542093407,89.99999999999986
25,20,0,137,159.0,pos+cell,0.001609342632784,104.99999999999956
25,20,0,137,162.0,pos+cell,0.0034334509192831,120.0000000000001
25,20,0,137,164.0,pos+cell,-0.0004263303593149,104.99999999999956
25,20,0,137,165.0,pos+cell,0.0016364615132384,134.99999999999977
25,20,0,137,169.0,pos+cell,0.0048642029493426,149.9999999999992
25,20,0,137,170.0,pos+cell,0.0071280815492157,149.9999999999992
25,20,0,137,200.0,pos+cell,-0.0014177953906206,359.9999999999996
25,20,0,137,227.0,pos+cell,0.0174314506906629,585.0000000000001
25,20,0,146,,pos,-0.0006375814044066,
25,20,0,146,120.0,pos+cell,-0.0053931965956662,150.0000000000008
25,20,0,146,126.0,pos+cell,0.0276693059360373,105.00000000000088
25,20,0,146,129.0,pos+cell,0.038764606528156,120.00000000000055
25,20,0,146,137.0,pos+cell,0.0405185192428309,45.00000000000038
25,20,0,146,156.0,pos+cell,0.0391285662096245,44.99999999999948
25,20,0,146,159.0,pos+cell,0.0344264867118953,59.99999999999916
25,20,0,146,162.0,pos+cell,0.0595012573542966,74.99999999999973
25,20,0,146,164.0,pos+cell,0.0644157781443678,59.99999999999916
25,20,0,146,165.0,pos+cell,0.0110122980017873,89.99999999999942
25,20,0,146,169.0,pos+cell,0.1507451484556403,104.99999999999883
25,20,0,146,170.0,pos+cell,0.0089601740927317,104.99999999999883
25,20,0,146,200.0,pos+cell,0.0071696283864491,314.99999999999926
25,20,0,146,227.0,pos+cell,0.0404093407363767,539.9999999999998
25,20,0,156,,pos,-0.0193401460220438,
25,20,0,156,120.0,pos+cell,-0.0151148889836825,195.00000000000028
25,20,0,156,126.0,pos+cell,0.0073194473594729,150.00000000000037
25,20,0,156,129.0,pos+cell,0.0106303781940054,165.00000000000006
25,20,0,156,137.0,pos+cell,-0.010054610041926,89.99999999999986
25,20,0,156,146.0,pos+cell,0.0209590418389645,44.99999999999948
25,20,0,156,159.0,pos+cell,-0.0056065947840039,14.999999999999678
25,20,0,156,162.0,pos+cell,0.1867927707278952,30.00000000000025
25,20,0,156,164.0,pos+cell,-0.0081599213176235,14.999999999999678
25,20,0,156,165.0,pos+cell,-0.0172386043135689,44.99999999999993
25,20,0,156,169.0,pos+cell,0.0033390203117267,59.999999999999346
25,20,0,156,170.0,pos+cell,0.0058855836801178,59.999999999999346
25,20,0,156,200.0,pos+cell,0.0091971693688962,269.9999999999998
25,20,0,156,227.0,pos+cell,-0.0109078817919036,495.0000000000003
25,20,0,159,,pos,-0.0102194419342167,
25,20,0,159,120.0,pos+cell,0.0105790425746738,209.99999999999997
25,20,0,159,126.0,pos+cell,0.0354174293519024,165.00000000000006
25,20,0,159,129.0,pos+cell,-0.0024152499490023,179.99999999999972
25,20,0,159,137.0,pos+cell,0.0457844514539912,104.99999999999956
25,20,0,159,146.0,pos+cell,0.1360764875212895,59.99999999999916
25,20,0,159,156.0,pos+cell,0.007284796503663,14.999999999999678
25,20,0,159,162.0,pos+cell,0.0643888736442478,15.00000000000057
25,20,0,159,164.0,pos+cell,0.0116458327741822,0.0
25,20,0,159,165.0,pos+cell,0.0074273126575567,30.00000000000025
25,20,0,159,169.0,pos+cell,0.0212412887007264,44.999999999999666
25,20,0,159,170.0,pos+cell,0.0174433238100765,44.999999999999666
25,20,0,159,200.0,pos+cell,0.003093703336453,255.00000000000009
25,20,0,159,227.0,pos+cell,0.0377875886964319,480.0000000000006
25,20,0,162,,pos,-0.0110304110974875,
25,20,0,162,120.0,pos+cell,-0.0019687269342307,225.00000000000057
25,20,0,162,126.0,pos+cell,0.0186234975938647,180.0000000000006
25,20,0,162,129.0,pos+cell,0.0344184622602743,195.00000000000028
25,20,0,162,137.0,pos+cell,-0.0052526692295552,120.0000000000001
25,20,0,162,146.0,pos+cell,0.0063421925995437,74.99999999999973
25,20,0,162,156.0,pos+cell,0.0825811390926854,30.00000000000025
25,20,0,162,159.0,pos+cell,0.0466137481952398,15.00000000000057
25,20,0,162,164.0,pos+cell,0.0105527787083491,15.00000000000057
25,20,0,162,165.0,pos+cell,-0.0067440954634134,14.999999999999678
25,20,0,162,169.0,pos+cell,0.0063145100569264,29.999999999999098
25,20,0,162,170.0,pos+cell,-0.0077448873950619,29.999999999999098
25,20,0,162,200.0,pos+cell,0.0235588609738397,239.9999999999995
25,20,0,162,227.0,pos+cell,0.0018807501862405,465.00000000000006
25,20,0,164,,pos,-0.0103053081286986,
25,20,0,164,120.0,pos+cell,0.0279779694101411,209.99999999999997
25,20,0,164,126.0,pos+cell,0.0085387859243951,165.00000000000006
25,20,0,164,129.0,pos+cell,0.0031772981925462,179.99999999999972
25,20,0,164,137.0,pos+cell,0.0149130993926164,104.99999999999956
25,20,0,164,146.0,pos+cell,0.0014196108862455,59.99999999999916
25,20,0,164,156.0,pos+cell,-0.0058193015625134,14.999999999999678
25,20,0,164,159.0,pos+cell,0.0184136865217382,0.0
25,20,0,164,162.0,pos+cell,0.0123045378143535,15.00000000000057
25,20,0,164,165.0,pos+cell,0.0134714563196664,30.00000000000025
25,20,0,164,169.0,pos+cell,0.0109873897915094,44.999999999999666
25,20,0,164,170.0,pos+cell,-0.0004862210677008,44.999999999999666
25,20,0,164,200.0,pos+cell,0.0092965147806834,255.00000000000009
25,20,0,164,227.0,pos+cell,0.0023847291780131,480.0000000000006
25,20,0,165,,pos,0.0084390437811806,
25,20,0,165,120.0,pos+cell,0.0287498933282264,240.0000000000002
25,20,0,165,126.0,pos+cell,0.00836292629295,195.00000000000028
25,20,0,165,129.0,pos+cell,0.0088378222622363,209.99999999999997
25,20,0,165,137.0,pos+cell,0.0100636165916434,134.99999999999977
25,20,0,165,146.0,pos+cell,0.0097102845347633,89.99999999999942
25,20,0,165,156.0,pos+cell,0.0093150823223109,44.99999999999993
25,20,0,165,159.0,pos+cell,0.0100652150052879,30.00000000000025
25,20,0,165,162.0,pos+cell,0.0108282427904079,14.999999999999678
25,20,0,165,164.0,pos+cell,0.0121500223136042,30.00000000000025
25,20,0,165,169.0,pos+cell,0.0091729661673883,14.999999999999414
25,20,0,165,170.0,pos+cell,0.0075216783847855,14.999999999999414
25,20,0,165,200.0,pos+cell,0.0123321308153282,224.99999999999983
25,20,0,165,227.0,pos+cell,0.0120581500045161,450.00000000000034
25,20,0,169,,pos,-0.0096803453568532,
25,20,0,169,120.0,pos+cell,0.0100253999070459,254.99999999999963
25,20,0,169,126.0,pos+cell,0.0108718558989163,209.9999999999997
25,20,0,169,129.0,pos+cell,0.006907259180584,224.99999999999935
25,20,0,169,137.0,pos+cell,0.0573472349499904,149.9999999999992
25,20,0,169,146.0,pos+cell,0.0380598517701903,104.99999999999883
25,20,0,169,156.0,pos+cell,0.0087277260249624,59.999999999999346
25,20,0,169,159.0,pos+cell,0.031568101245384,44.999999999999666
25,20,0,169,162.0,pos+cell,0.020913980178611,29.999999999999098
25,20,0,169,164.0,pos+cell,0.026430037975509,44.999999999999666
25,20,0,169,165.0,pos+cell,4.175011254543559e-05,14.999999999999414
25,20,0,169,170.0,pos+cell,0.1845243252604722,0.0
25,20,0,169,200.0,pos+cell,0.0203686001789481,210.00000000000043
25,20,0,169,227.0,pos+cell,0.2090859056483764,435.0000000000009
25,20,0,170,,pos,-0.0068966399732378,
25,20,0,170,120.0,pos+cell,-0.0101235770726824,254.99999999999963
25,20,0,170,126.0,pos+cell,0.0008787324079043,209.9999999999997
25,20,0,170,129.0,pos+cell,-0.0178535784084935,224.99999999999935
25,20,0,170,137.0,pos+cell,0.1103914392165752,149.9999999999992
25,20,0,170,146.0,pos+cell,0.027665755616868,104.99999999999883
25,20,0,170,156.0,pos+cell,0.0325573966290968,59.999999999999346
25,20,0,170,159.0,pos+cell,0.0672932068666212,44.999999999999666
25,20,0,170,162.0,pos+cell,0.0058146474917265,29.999999999999098
25,20,0,170,164.0,pos+cell,0.0018160555230708,44.999999999999666
25,20,0,170,165.0,pos+cell,-0.0090419498909257,14.999999999999414
25,20,0,170,169.0,pos+cell,0.2312533093076509,0.0
25,20,0,170,200.0,pos+cell,0.0123234369390947,210.00000000000043
25,20,0,170,227.0,pos+cell,0.2359908308205412,435.0000000000009
25,20,0,200,,pos,-0.0011616674705063,
25,20,0,200,120.0,pos+cell,0.0239937006242929,465.00000000000006
25,20,0,200,126.0,pos+cell,0.0049748577591895,420.0000000000001
25,20,0,200,129.0,pos+cell,0.0036209650140253,434.9999999999998
25,20,0,200,137.0,pos+cell,0.0042888352635618,359.9999999999996
25,20,0,200,146.0,pos+cell,-0.0022076355285744,314.99999999999926
25,20,0,200,156.0,pos+cell,0.0122567062188205,269.9999999999998
25,20,0,200,159.0,pos+cell,0.0098332475637878,255.00000000000009
25,20,0,200,162.0,pos+cell,0.0164190452517907,239.9999999999995
25,20,0,200,164.0,pos+cell,0.0036530764998185,255.00000000000009
25,20,0,200,165.0,pos+cell,0.0050900606264792,224.99999999999983
25,20,0,200,169.0,pos+cell,0.0111782130075391,210.00000000000043
25,20,0,200,170.0,pos+cell,0.0049935724396523,210.00000000000043
25,20,0,200,227.0,pos+cell,0.0077155911811134,225.00000000000057
25,20,0,227,,pos,-0.0047390858823872,
25,20,0,227,120.0,pos+cell,0.0917396590837426,690.0000000000006
25,20,0,227,126.0,pos+cell,0.0045830335834071,645.0000000000007
25,20,0,227,129.0,pos+cell,0.0038477363072629,660.0000000000003
25,20,0,227,137.0,pos+cell,0.0513346601681509,585.0000000000001
25,20,0,227,146.0,pos+cell,0.0108702742118816,539.9999999999998
25,20,0,227,156.0,pos+cell,0.0192448941153224,495.0000000000003
25,20,0,227,159.0,pos+cell,0.035216240915462,480.0000000000006
25,20,0,227,162.0,pos+cell,0.0362386878920035,465.00000000000006
25,20,0,227,164.0,pos+cell,0.020455013011217,480.0000000000006
25,20,0,227,165.0,pos+cell,0.0478165551483487,450.00000000000034
25,20,0,227,169.0,pos+cell,0.0597475857761505,435.0000000000009
25,20,0,227,170.0,pos+cell,0.042409458918565,435.0000000000009
25,20,0,227,200.0,pos+cell,0.0498252170246568,225.00000000000057
25,21,1,108,,pos,-0.0108485756987409,
25,21,1,108,116.0,pos+cell,0.0091525134240357,29.999999999999805
25,21,1,108,118.0,pos+cell,0.0119063365386784,74.99999999999973
25,21,1,108,123.0,pos+cell,0.0108558934320017,29.999999999999805
25,21,0,113,,pos,-0.0089007702050406,
25,21,0,113,124.0,pos+cell,-0.0126847498597786,60.0000000000005
25,21,0,113,129.0,pos+cell,0.0223814051433692,75.00000000000018
25,21,0,113,130.0,pos+cell,0.0023080904013007,75.00000000000018
25,21,0,113,135.0,pos+cell,-0.0036895068138183,120.0000000000001
25,21,0,113,143.0,pos+cell,-0.0026958872759993,150.0000000000008
25,21,0,113,146.0,pos+cell,0.0019755629578206,179.99999999999972
25,21,0,113,151.0,pos+cell,-0.0123036801166633,225.00000000000057
25,21,0,113,155.0,pos+cell,-0.0081051486985457,209.99999999999997
25,21,0,113,163.0,pos+cell,0.0260130655851702,254.99999999999963
25,21,0,113,166.0,pos+cell,-0.0010172396626236,285.00000000000034
25,21,0,113,168.0,pos+cell,-0.0010802353446512,285.00000000000034
25,21,0,113,171.0,pos+cell,-2.5226575631176472e-05,300.0000000000003
25,21,0,113,203.0,pos+cell,0.0041569688721267,495.00000000000074
25,21,0,113,207.0,pos+cell,-0.0111194176679774,510.0000000000004
25,21,0,113,224.0,pos+cell,0.0061403008053028,675.0000000000005
25,21,0,113,228.0,pos+cell,0.0207109582906903,690.0000000000006
25,21,0,113,237.0,pos+cell,-0.0080782768325487,765.0000000000003
25,21,1,116,,pos,-0.0004223709877765,
25,21,1,116,108.0,pos+cell,0.0037589469330483,29.999999999999805
25,21,1,116,118.0,pos+cell,0.024888816302171,44.99999999999993
25,21,1,116,123.0,pos+cell,0.012491699212493,0.0
25,21,1,118,,pos,-0.003999283831983,
25,21,1,118,108.0,pos+cell,0.0051496355500924,74.99999999999973
25,21,1,118,116.0,pos+cell,0.0571160685366711,44.99999999999993
25,21,1,118,123.0,pos+cell,0.0098229577541366,44.99999999999993
25,21,1,123,,pos,0.0007453357929907,
25,21,1,123,108.0,pos+cell,0.0057368253387859,29.999999999999805
25,21,1,123,116.0,pos+cell,0.053398542547409,0.0
25,21,1,123,118.0,pos+cell,0.0063152984443116,44.99999999999993
25,21,0,124,,pos,-0.0083327897240116,
25,21,0,124,113.0,pos+cell,0.0067038036482385,60.0000000000005
25,21,0,124,129.0,pos+cell,0.0121011295979106,14.999999999999678
25,21,0,124,130.0,pos+cell,0.011783266645033,14.999999999999678
25,21,0,124,135.0,pos+cell,0.0101714492143732,59.99999999999961
25,21,0,124,143.0,pos+cell,0.0195004258762585,90.0000000000003
25,21,0,124,146.0,pos+cell,-0.0031841469696153,119.99999999999922
25,21,0,124,151.0,pos+cell,0.002413077201891,165.00000000000006
25,21,0,124,155.0,pos+cell,-0.0032037960470577,149.99999999999946
25,21,0,124,163.0,pos+cell,0.0012363502924961,194.99999999999912
25,21,0,124,166.0,pos+cell,-0.0045171565080657,224.99999999999983
25,21,0,124,168.0,pos+cell,0.007091370340182,224.99999999999983
25,21,0,124,171.0,pos+cell,-0.0021304895717956,239.99999999999977
25,21,0,124,203.0,pos+cell,-0.0049432562756562,435.0000000000002
25,21,0,124,207.0,pos+cell,-0.0055784937867903,449.9999999999999
25,21,0,124,224.0,pos+cell,-0.0034996429995624,615.0
25,21,0,124,228.0,pos+cell,-0.0029193722474488,630.0
25,21,0,124,237.0,pos+cell,-0.0037776472116352,704.9999999999998
25,21,0,129,,pos,-0.0059798952585016,
25,21,0,129,113.0,pos+cell,0.0199613367650765,75.00000000000018
25,21,0,129,124.0,pos+cell,0.0077732054670085,14.999999999999678
25,21,0,129,130.0,pos+cell,0.0112450989267203,0.0
25,21,0,129,135.0,pos+cell,-0.0002317384898599,44.99999999999993
25,21,0,129,143.0,pos+cell,0.0038922762610173,75.00000000000063
25,21,0,129,146.0,pos+cell,0.0113840285199493,104.99999999999956
25,21,0,129,151.0,pos+cell,0.0499512546800681,150.00000000000037
25,21,0,129,155.0,pos+cell,0.0051370774382779,134.99999999999977
25,21,0,129,163.0,pos+cell,0.0084444752296642,179.99999999999946
25,21,0,129,166.0,pos+cell,0.0142286566945469,210.00000000000017
25,21,0,129,168.0,pos+cell,0.006878405296774,210.00000000000017
25,21,0,129,171.0,pos+cell,0.027159893842648,225.00000000000009
25,21,0,129,203.0,pos+cell,0.0047937582831685,420.00000000000057
25,21,0,129,207.0,pos+cell,-0.0033172524390954,435.0000000000002
25,21,0,129,224.0,pos+cell,0.0197970561089528,600.0000000000002
25,21,0,129,228.0,pos+cell,0.0207502561955498,615.0000000000003
25,21,0,129,237.0,pos+cell,0.0151902974349165,690.0000000000001
25,21,0,130,,pos,-0.0067364905599124,
25,21,0,130,113.0,pos+cell,-0.0025829093042341,75.00000000000018
25,21,0,130,124.0,pos+cell,0.0009636780000879,14.999999999999678
25,21,0,130,129.0,pos+cell,0.0130583798452186,0.0
25,21,0,130,135.0,pos+cell,-0.0102625254810845,44.99999999999993
25,21,0,130,143.0,pos+cell,0.0375335720376849,75.00000000000063
25,21,0,130,146.0,pos+cell,0.00401506418964,104.99999999999956
25,21,0,130,151.0,pos+cell,0.0240526560446306,150.00000000000037
25,21,0,130,155.0,pos+cell,0.021034711506662,134.99999999999977
25,21,0,130,163.0,pos+cell,5.36044825562576e-05,179.99999999999946
25,21,0,130,166.0,pos+cell,0.0008799043465273,210.00000000000017
25,21,0,130,168.0,pos+cell,0.004541244548856,210.00000000000017
25,21,0,130,171.0,pos+cell,-0.0018220465895856,225.00000000000009
25,21,0,130,203.0,pos+cell,-0.0007730989461874,420.00000000000057
25,21,0,130,207.0,pos+cell,-0.0057525161131981,435.0000000000002
25,21,0,130,224.0,pos+cell,-0.0093484703736877,600.0000000000002
25,21,0,130,228.0,pos+cell,-0.0052616008021476,615.0000000000003
25,21,0,130,237.0,pos+cell,0.0664214693618489,690.0000000000001
25,21,0,135,,pos,-0.0005165687092661,
25,21,0,135,113.0,pos+cell,0.0002102210315805,120.0000000000001
25,21,0,135,124.0,pos+cell,0.0057150949433139,59.99999999999961
25,21,0,135,129.0,pos+cell,0.0021625931742077,44.99999999999993
25,21,0,135,130.0,pos+cell,0.0045270014628978,44.99999999999993
25,21,0,135,143.0,pos+cell,0.0076559672542652,30.000000000000696
25,21,0,135,146.0,pos+cell,0.0029017396953034,59.99999999999961
25,21,0,135,151.0,pos+cell,0.0004241397537238,105.00000000000044
25,21,0,135,155.0,pos+cell,0.0003977505610277,89.99999999999986
25,21,0,135,163.0,pos+cell,0.0128772804865315,134.99999999999952
25,21,0,135,166.0,pos+cell,0.0033026851852985,165.00000000000023
25,21,0,135,168.0,pos+cell,0.0041791887256582,165.00000000000023
25,21,0,135,171.0,pos+cell,0.0015934550366464,180.00000000000017
25,21,0,135,203.0,pos+cell,-2.4255692751140588e-05,375.0000000000006
25,21,0,135,207.0,pos+cell,-0.0008514373003141,390.0000000000003
25,21,0,135,224.0,pos+cell,0.0037567609425818,555.0000000000003
25,21,0,135,228.0,pos+cell,0.0142468154369251,570.0000000000005
25,21,0,135,237.0,pos+cell,0.0037431839987063,645.0000000000002
25,21,0,143,,pos,0.0021436324878637,
25,21,0,143,113.0,pos+cell,0.0102313186169238,150.0000000000008
25,21,0,143,124.0,pos+cell,0.0265633394188235,90.0000000000003
25,21,0,143,129.0,pos+cell,0.0339006998548788,75.00000000000063
25,21,0,143,130.0,pos+cell,0.1134515328628432,75.00000000000063
25,21,0,143,135.0,pos+cell,0.0117427275571503,30.000000000000696
25,21,0,143,146.0,pos+cell,0.0013819034574983,29.999999999998913
25,21,0,143,151.0,pos+cell,0.0440781408124004,74.99999999999973
25,21,0,143,155.0,pos+cell,0.0350004078999331,59.99999999999916
25,21,0,143,163.0,pos+cell,0.0124887499132782,104.99999999999883
25,21,0,143,166.0,pos+cell,0.0228320742475463,134.99999999999952
25,21,0,143,168.0,pos+cell,0.0229179834494175,134.99999999999952
25,21,0,143,171.0,pos+cell,0.0134013919899084,149.99999999999946
25,21,0,143,203.0,pos+cell,0.0176371234310146,344.99999999999994
25,21,0,143,207.0,pos+cell,0.0040889543946062,359.9999999999996
25,21,0,143,224.0,pos+cell,-0.0002655408973459,524.9999999999997
25,21,0,143,228.0,pos+cell,0.0084709898131562,539.9999999999998
25,21,0,143,237.0,pos+cell,0.1430202996579836,614.9999999999994
25,21,0,146,,pos,0.0092035851842866,
25,21,0,146,113.0,pos+cell,0.0083249716124587,179.99999999999972
25,21,0,146,124.0,pos+cell,0.0093468718019962,119.99999999999922
25,21,0,146,129.0,pos+cell,0.0158853462944176,104.99999999999956
25,21,0,146,130.0,pos+cell,0.0108879015952229,104.99999999999956
25,21,0,146,135.0,pos+cell,0.0084843003545981,59.99999999999961
25,21,0,146,143.0,pos+cell,0.0093920363995881,29.999999999998913
25,21,0,146,151.0,pos+cell,0.0107444453139216,45.000000000000824
25,21,0,146,155.0,pos+cell,0.0082539462028792,30.00000000000025
25,21,0,146,163.0,pos+cell,0.0079919831193207,74.99999999999991
25,21,0,146,166.0,pos+cell,0.0241383655812897,105.0000000000006
25,21,0,146,168.0,pos+cell,0.0151283470297008,105.0000000000006
25,21,0,146,171.0,pos+cell,0.0340089371863523,120.00000000000055
25,21,0,146,203.0,pos+cell,0.0146512722490891,315.000000000001
25,21,0,146,207.0,pos+cell,0.0082747290735196,330.0000000000007
25,21,0,146,224.0,pos+cell,0.026150239421901,495.00000000000074
25,21,0,146,228.0,pos+cell,0.024003990002882,510.00000000000085
25,21,0,146,237.0,pos+cell,0.0166581960140171,585.0000000000006
25,21,0,151,,pos,0.0047657112908671,
25,21,0,151,113.0,pos+cell,0.0035782982820619,225.00000000000057
25,21,0,151,124.0,pos+cell,0.0521565683301377,165.00000000000006
25,21,0,151,129.0,pos+cell,0.1275038476996338,150.00000000000037
25,21,0,151,130.0,pos+cell,0.0528422226321112,150.00000000000037
25,21,0,151,135.0,pos+cell,0.0006032670045266,105.00000000000044
25,21,0,151,143.0,pos+cell,0.0330284135050977,74.99999999999973
25,21,0,151,146.0,pos+cell,0.0142887346986932,45.000000000000824
25,21,0,151,155.0,pos+cell,0.1028409955300642,15.00000000000057
25,21,0,151,163.0,pos+cell,0.0221038202866304,29.999999999999098
25,21,0,151,166.0,pos+cell,0.0099492828923246,59.99999999999979
25,21,0,151,168.0,pos+cell,0.0152545537753004,59.99999999999979
25,21,0,151,171.0,pos+cell,0.0141032669512966,74.99999999999973
25,21,0,151,203.0,pos+cell,0.0186908835479045,270.0000000000002
25,21,0,151,207.0,pos+cell,0.0132397615113343,284.9999999999999
25,21,0,151,224.0,pos+cell,0.0135726162776175,449.9999999999999
25,21,0,151,228.0,pos+cell,0.0176550556575434,465.00000000000006
25,21,0,151,237.0,pos+cell,0.0456097163107183,539.9999999999998
25,21,0,155,,pos,-0.0296057731393073,
25,21,0,155,113.0,pos+cell,-0.0319268889026163,209.99999999999997
25,21,0,155,124.0,pos+cell,0.0064593214631707,149.99999999999946
25,21,0,155,129.0,pos+cell,0.0320143445129725,134.99999999999977
25,21,0,155,130.0,pos+cell,0.0425463384745312,134.99999999999977
25,21,0,155,135.0,pos+cell,-0.0111175850467885,89.99999999999986
25,21,0,155,143.0,pos+cell,0.019844720523961,59.99999999999916
25,21,0,155,146.0,pos+cell,-0.0263620258953101,30.00000000000025
25,21,0,155,151.0,pos+cell,0.179153380293147,15.00000000000057
25,21,0,155,163.0,pos+cell,0.0161631918039594,44.999999999999666
25,21,0,155,166.0,pos+cell,-0.0134914300281422,75.00000000000036
25,21,0,155,168.0,pos+cell,0.0081816099496794,75.00000000000036
25,21,0,155,171.0,pos+cell,-0.0131947957461738,90.0000000000003
25,21,0,155,203.0,pos+cell,-0.0321704541256587,285.00000000000074
25,21,0,155,207.0,pos+cell,-0.026098180880889,300.00000000000045
25,21,0,155,224.0,pos+cell,-0.0144421394653361,465.0000000000005
25,21,0,155,228.0,pos+cell,-0.0138403546284143,480.0000000000006
25,21,0,155,237.0,pos+cell,0.0331456557319087,555.0000000000003
25,21,0,163,,pos,-0.0091448277111895,
25,21,0,163,113.0,pos+cell,0.0330474175354104,254.99999999999963
25,21,0,163,124.0,pos+cell,-0.0030519279780349,194.99999999999912
25,21,0,163,129.0,pos+cell,0.0148664331472768,179.99999999999946
25,21,0,163,130.0,pos+cell,0.0422507981846521,179.99999999999946
25,21,0,163,135.0,pos+cell,0.0871065433334564,134.99999999999952
25,21,0,163,143.0,pos+cell,0.0353434046238155,104.99999999999883
25,21,0,163,146.0,pos+cell,0.0055380839435959,74.99999999999991
25,21,0,163,151.0,pos+cell,-0.0028557489434458,29.999999999999098
25,21,0,163,155.0,pos+cell,0.0059720385536315,44.999999999999666
25,21,0,163,166.0,pos+cell,-0.0018583969371153,30.000000000000696
25,21,0,163,168.0,pos+cell,0.0746014626403454,30.000000000000696
25,21,0,163,171.0,pos+cell,-0.0002049525255318,45.00000000000064
25,21,0,163,203.0,pos+cell,0.04890404117281,240.0000000000011
25,21,0,163,207.0,pos+cell,0.0049286444982786,255.0000000000008
25,21,0,163,224.0,pos+cell,-0.0119580842080057,420.00000000000085
25,21,0,163,228.0,pos+cell,0.1464823646562757,435.0000000000009
25,21,0,163,237.0,pos+cell,0.0092359479306487,510.0000000000007
25,21,0,166,,pos,0.0024391328869026,
25,21,0,166,113.0,pos+cell,0.0022871824368159,285.00000000000034
25,21,0,166,124.0,pos+cell,0.0035251049541658,224.99999999999983
25,21,0,166,129.0,pos+cell,0.0111135163687089,210.00000000000017
25,21,0,166,130.0,pos+cell,0.0063948749404583,210.00000000000017
25,21,0,166,135.0,pos+cell,0.0043519299456228,165.00000000000023
25,21,0,166,143.0,pos+cell,0.0056149391180319,134.99999999999952
25,21,0,166,146.0,pos+cell,0.0289169203472578,105.0000000000006
25,21,0,166,151.0,pos+cell,0.0055441226544707,59.99999999999979
25,21,0,166,155.0,pos+cell,0.002826793338805,75.00000000000036
25,21,0,166,163.0,pos+cell,0.0036175582787817,30.000000000000696
25,21,0,166,168.0,pos+cell,0.0245820870025005,0.0
25,21,0,166,171.0,pos+cell,0.036207958095921,14.999999999999943
25,21,0,166,203.0,pos+cell,0.0104104621164479,210.00000000000043
25,21,0,166,207.0,pos+cell,0.0021859802109744,225.00000000000009
25,21,0,166,224.0,pos+cell,0.0253955593525795,390.0000000000001
25,21,0,166,228.0,pos+cell,0.0214005118910373,405.0000000000002
25,21,0,166,237.0,pos+cell,0.0159090550456908,479.99999999999994
25,21,0,168,,pos,-0.0014560057158584,
25,21,0,168,113.0,pos+cell,0.0017406897359054,285.00000000000034
25,21,0,168,124.0,pos+cell,0.0176863334419088,224.99999999999983
25,21,0,168,129.0,pos+cell,0.0189454709995811,210.00000000000017
25,21,0,168,130.0,pos+cell,0.0352485297454579,210.00000000000017
25,21,0,168,135.0,pos+cell,0.0162778753469638,165.00000000000023
25,21,0,168,143.0,pos+cell,0.112090854694142,134.99999999999952
25,21,0,168,146.0,pos+cell,0.025171893510223,105.0000000000006
25,21,0,168,151.0,pos+cell,0.0202977568461488,59.99999999999979
25,21,0,168,155.0,pos+cell,0.0171285020051629,75.00000000000036
25,21,0,168,163.0,pos+cell,0.0285612428529024,30.000000000000696
25,21,0,168,166.0,pos+cell,0.0654109657365556,0.0
25,21,0,168,171.0,pos+cell,0.0804656122413418,14.999999999999943
25,21,0,168,203.0,pos+cell,0.0085966767627141,210.00000000000043
25,21,0,168,207.0,pos+cell,8.159044130426896e-05,225.00000000000009
25,21,0,168,224.0,pos+cell,-0.0018250957286146,390.0000000000001
25,21,0,168,228.0,pos+cell,0.0176840926205311,405.0000000000002
25,21,0,168,237.0,pos+cell,0.0306212918073835,479.99999999999994
25,21,0,171,,pos,-0.0006809462388385,
25,21,0,171,113.0,pos+cell,0.0009507038751218,300.0000000000003
25,21,0,171,124.0,pos+cell,0.0063988174876023,239.99999999999977
25,21,0,171,129.0,pos+cell,0.0250537404844539,225.00000000000009
25,21,0,171,130.0,pos+cell,0.0060775988974936,225.00000000000009
25,21,0,171,135.0,pos+cell,0.0039788604736196,180.00000000000017
25,21,0,171,143.0,pos+cell,0.0102393473244102,149.99999999999946
25,21,0,171,146.0,pos+cell,0.0532417519513633,120.00000000000055
25,21,0,171,151.0,pos+cell,0.0076596555391819,74.99999999999973
25,21,0,171,155.0,pos+cell,0.0033421684073406,90.0000000000003
25,21,0,171,163.0,pos+cell,0.00059913446082,45.00000000000064
25,21,0,171,166.0,pos+cell,0.0347590378765841,14.999999999999943
25,21,0,171,168.0,pos+cell,0.0241521246740989,14.999999999999943
25,21,0,171,203.0,pos+cell,0.0297352133943642,195.00000000000043
25,21,0,171,207.0,pos+cell,0.0021191124702813,210.00000000000017
25,21,0,171,224.0,pos+cell,0.0781691732876604,375.00000000000017
25,21,0,171,228.0,pos+cell,0.0726071421349348,390.0000000000003
25,21,0,171,237.0,pos+cell,0.0323510609176429,465.00000000000006
25,21,0,203,,pos,0.0014311275988606,
25,21,0,203,113.0,pos+cell,0.007171626370093,495.00000000000074
25,21,0,203,124.0,pos+cell,0.0095370666757962,435.0000000000002
25,21,0,203,129.0,pos+cell,0.0154867248430843,420.00000000000057
25,21,0,203,130.0,pos+cell,0.007081537872834,420.00000000000057
25,21,0,203,135.0,pos+cell,0.0087437522638736,375.0000000000006
25,21,0,203,143.0,pos+cell,0.01323013829571,344.99999999999994
25,21,0,203,146.0,pos+cell,0.0256235205406858,315.000000000001
25,21,0,203,151.0,pos+cell,0.0124959763458284,270.0000000000002
25,21,0,203,155.0,pos+cell,0.0010757531390658,285.00000000000074
25,21,0,203,163.0,pos+cell,0.0457595855757049,240.0000000000011
25,21,0,203,166.0,pos+cell,0.0261304762128674,210.00000000000043
25,21,0,203,168.0,pos+cell,0.0235603709106477,210.00000000000043
25,21,0,203,171.0,pos+cell,0.0525806464629653,195.00000000000043
25,21,0,203,207.0,pos+cell,0.0321123233246401,14.999999999999678
25,21,0,203,224.0,pos+cell,0.0420696777434378,179.99999999999972
25,21,0,203,228.0,pos+cell,0.0502237850812486,194.99999999999983
25,21,0,203,237.0,pos+cell,0.0254012722606232,269.99999999999955
25,21,0,207,,pos,-0.0053522633463073,
25,21,0,207,113.0,pos+cell,-0.0170810442119374,510.0000000000004
25,21,0,207,124.0,pos+cell,-0.0062881560236825,449.9999999999999
25,21,0,207,129.0,pos+cell,0.0071118023175863,435.0000000000002
25,21,0,207,130.0,pos+cell,0.0034265175161777,435.0000000000002
25,21,0,207,135.0,pos+cell,-0.0122735658537431,390.0000000000003
25,21,0,207,143.0,pos+cell,0.0080385906856921,359.9999999999996
25,21,0,207,146.0,pos+cell,0.0011411719763094,330.0000000000007
25,21,0,207,151.0,pos+cell,-0.0050260990967771,284.9999999999999
25,21,0,207,155.0,pos+cell,-0.0091620072389385,300.00000000000045
25,21,0,207,163.0,pos+cell,0.0297933160394526,255.0000000000008
25,21,0,207,166.0,pos+cell,0.0091993184964995,225.00000000000009
25,21,0,207,168.0,pos+cell,0.0107230735837705,225.00000000000009
25,21,0,207,171.0,pos+cell,0.0214158891411351,210.00000000000017
25,21,0,207,203.0,pos+cell,0.0503682805433323,14.999999999999678
25,21,0,207,224.0,pos+cell,0.0168582951208206,165.00000000000006
25,21,0,207,228.0,pos+cell,0.0272609446738971,180.00000000000017
25,21,0,207,237.0,pos+cell,0.0087218241067363,254.9999999999999
25,21,0,224,,pos,0.0005369905338448,
25,21,0,224,113.0,pos+cell,0.0021368052380938,675.0000000000005
25,21,0,224,124.0,pos+cell,0.0083058255634868,615.0
25,21,0,224,129.0,pos+cell,0.030451857492117,600.0000000000002
25,21,0,224,130.0,pos+cell,0.0078110747268706,600.0000000000002
25,21,0,224,135.0,pos+cell,0.0071396165115567,555.0000000000003
25,21,0,224,143.0,pos+cell,0.0084334355820116,524.9999999999997
25,21,0,224,146.0,pos+cell,0.0471851582468844,495.00000000000074
25,21,0,224,151.0,pos+cell,0.0083136755787921,449.9999999999999
25,21,0,224,155.0,pos+cell,0.0036185073323127,465.0000000000005
25,21,0,224,163.0,pos+cell,0.0016260645261705,420.00000000000085
25,21,0,224,166.0,pos+cell,0.0463348809026301,390.0000000000001
25,21,0,224,168.0,pos+cell,0.0169051103600336,390.0000000000001
25,21,0,224,171.0,pos+cell,0.1120864615777477,375.00000000000017
25,21,0,224,203.0,pos+cell,0.0324216197393058,179.99999999999972
25,21,0,224,207.0,pos+cell,0.0028060218713569,165.00000000000006
25,21,0,224,228.0,pos+cell,0.0846682239888252,15.000000000000124
25,21,0,224,237.0,pos+cell,0.0370439700968943,89.99999999999986
25,21,0,228,,pos,0.0068665905328927,
25,21,0,228,113.0,pos+cell,0.0079881346796681,690.0000000000006
25,21,0,228,124.0,pos+cell,0.0099891260803152,630.0
25,21,0,228,129.0,pos+cell,0.0202948546854936,615.0000000000003
25,21,0,228,130.0,pos+cell,0.0086032621844399,615.0000000000003
25,21,0,228,135.0,pos+cell,0.0094366431312021,570.0000000000005
25,21,0,228,143.0,pos+cell,0.0101862869583302,539.9999999999998
25,21,0,228,146.0,pos+cell,0.0338974564885828,510.00000000000085
25,21,0,228,151.0,pos+cell,0.0098775021877136,465.00000000000006
25,21,0,228,155.0,pos+cell,0.0072498806384326,480.0000000000006
25,21,0,228,163.0,pos+cell,0.0085166788134849,435.0000000000009
25,21,0,228,166.0,pos+cell,0.0174183249135534,405.0000000000002
25,21,0,228,168.0,pos+cell,0.0157723081405363,405.0000000000002
25,21,0,228,171.0,pos+cell,0.0502895548610291,390.0000000000003
25,21,0,228,203.0,pos+cell,0.0224738691464806,194.99999999999983
25,21,0,228,207.0,pos+cell,0.0074004785172213,180.00000000000017
25,21,0,228,224.0,pos+cell,0.0526259766918289,15.000000000000124
25,21,0,228,237.0,pos+cell,0.0206801506664132,74.99999999999973
25,21,0,237,,pos,-0.0007917061592777,
25,21,0,237,113.0,pos+cell,0.0033384804479544,765.0000000000003
25,21,0,237,124.0,pos+cell,0.0134563221505829,704.9999999999998
25,21,0,237,129.0,pos+cell,0.0376854720348742,690.0000000000001
25,21,0,237,130.0,pos+cell,0.0574920184183116,690.0000000000001
25,21,0,237,135.0,pos+cell,0.0081411108173924,645.0000000000002
25,21,0,237,143.0,pos+cell,0.0380184559182088,614.9999999999994
25,21,0,237,146.0,pos+cell,0.0522605873132337,585.0000000000006
25,21,0,237,151.0,pos+cell,0.0245438707756706,539.9999999999998
25,21,0,237,155.0,pos+cell,0.0193494367949964,555.0000000000003
25,21,0,237,163.0,pos+cell,0.0050371035857086,510.0000000000007
25,21,0,237,166.0,pos+cell,0.0598112638663976,479.99999999999994
25,21,0,237,168.0,pos+cell,0.0393339585382041,479.99999999999994
25,21,0,237,171.0,pos+cell,0.1035954275566652,465.00000000000006
25,21,0,237,203.0,pos+cell,0.0380969841772352,269.99999999999955
25,21,0,237,207.0,pos+cell,0.0042349165496225,254.9999999999999
25,21,0,237,224.0,pos+cell,0.0827191503595653,89.99999999999986
25,21,0,237,228.0,pos+cell,0.0774274926212354,74.99999999999973
25,22,1,114,,pos,3.454890642626829e-05,
25,22,1,114,219.0,pos+cell,0.0027132760177955,690.0000000000003
25,22,1,114,283.0,pos+cell,0.0017812706438504,1170.0000000000005
25,22,1,114,293.0,pos+cell,-0.0018935943628496,1260.0000000000011
25,22,1,114,297.0,pos+cell,0.0006914946830295,1290.0000000000005
25,22,1,114,340.0,pos+cell,0.0014289324670112,1635.000000000001
25,22,1,114,342.0,pos+cell,0.0059537648198891,1650.0000000000005
25,22,0,181,,pos,0.0039913397796028,
25,22,0,181,189.0,pos+cell,0.0085718222999183,74.9999999999997
25,22,0,181,275.0,pos+cell,0.0060205484138971,735.0000000000001
25,22,0,181,280.0,pos+cell,0.00561254421603,765.0000000000001
25,22,0,181,282.0,pos+cell,0.0050545329423201,809.9999999999999
25,22,0,181,311.0,pos+cell,0.0047254479914598,1035.0
25,22,0,181,328.0,pos+cell,0.0051953552058728,1140.0
25,22,0,189,,pos,-0.0027392847945589,
25,22,0,189,181.0,pos+cell,0.0002121002727007,74.9999999999997
25,22,0,189,275.0,pos+cell,0.0016069656222846,660.0000000000005
25,22,0,189,280.0,pos+cell,-0.0007668526062448,690.0000000000003
25,22,0,189,282.0,pos+cell,0.0038622430187349,735.0000000000001
25,22,0,189,311.0,pos+cell,-0.0011074410369199,960.0000000000005
25,22,0,189,328.0,pos+cell,-0.0008996718309479,1065.0000000000002
25,22,1,219,,pos,-4.4759224771750986e-05,
25,22,1,219,114.0,pos+cell,0.0011984356353163,690.0000000000003
25,22,1,219,283.0,pos+cell,0.0003539458709001,480.00000000000006
25,22,1,219,293.0,pos+cell,0.0009653341831254,570.0000000000007
25,22,1,219,297.0,pos+cell,0.0001226974210438,600.0
25,22,1,219,340.0,pos+cell,0.0010094327119083,945.0000000000002
25,22,1,219,342.0,pos+cell,0.000230456842834,960.0
25,22,0,275,,pos,0.0144950056896115,
25,22,0,275,181.0,pos+cell,0.0142078581996289,735.0000000000001
25,22,0,275,189.0,pos+cell,0.0142982011070095,660.0000000000005
25,22,0,275,280.0,pos+cell,0.0125154251088656,29.99999999999991
25,22,0,275,282.0,pos+cell,0.0179627586389272,74.9999999999997
25,22,0,275,311.0,pos+cell,0.0128440820104937,299.99999999999983
25,22,0,275,328.0,pos+cell,0.0133149453828375,404.99999999999994
25,22,0,280,,pos,0.0013030972749305,
25,22,0,280,181.0,pos+cell,0.0023778238459362,765.0000000000001
25,22,0,280,189.0,pos+cell,0.0023410394310753,690.0000000000003
25,22,0,280,275.0,pos+cell,0.0022337090413886,29.99999999999991
25,22,0,280,282.0,pos+cell,0.0012228182670123,44.99999999999979
25,22,0,280,311.0,pos+cell,0.0017383192785391,269.99999999999994
25,22,0,280,328.0,pos+cell,0.0020804491204383,375.00000000000006
25,22,0,282,,pos,0.0187706809350329,
25,22,0,282,181.0,pos+cell,0.0181985879873511,809.9999999999999
25,22,0,282,189.0,pos+cell,0.0236469756302612,735.0000000000001
25,22,0,282,275.0,pos+cell,0.0233174085533029,74.9999999999997
25,22,0,282,280.0,pos+cell,0.0167911673616893,44.99999999999979
25,22,0,282,311.0,pos+cell,0.0176040837649285,225.00000000000017
25,22,0,282,328.0,pos+cell,0.0184579769153625,330.0000000000002
25,22,1,283,,pos,0.0263612560097031,
25,22,1,283,114.0,pos+cell,0.0250496018883662,1170.0000000000005
25,22,1,283,219.0,pos+cell,0.0287375466265046,480.00000000000006
25,22,1,283,293.0,pos+cell,0.0268808594836449,90.00000000000064
25,22,1,283,297.0,pos+cell,0.0280645998692825,119.99999999999991
25,22,1,283,340.0,pos+cell,0.0315840225818065,465.00000000000017
25,22,1,283,342.0,pos+cell,0.0262370663460946,480.00000000000006
25,22,1,293,,pos,0.0114151890520064,
25,22,1,293,114.0,pos+cell,0.0095484504326413,1260.0000000000011
25,22,1,293,219.0,pos+cell,0.0103655417040304,570.0000000000007
25,22,1,293,283.0,pos+cell,0.0106517907030854,90.00000000000064
25,22,1,293,297.0,pos+cell,0.0158423892006783,29.9999999999993
25,22,1,293,340.0,pos+cell,0.0130409404669612,374.99999999999955
25,22,1,293,342.0,pos+cell,0.0090973475598169,389.99999999999943
25,22,1,297,,pos,0.0042743748757327,
25,22,1,297,114.0,pos+cell,0.0044052889244519,1290.0000000000005
25,22,1,297,219.0,pos+cell,0.0055048674899228,600.0
25,22,1,297,283.0,pos+cell,0.0047810144256666,119.99999999999991
25,22,1,297,293.0,pos+cell,0.0099868098367917,29.9999999999993
25,22,1,297,340.0,pos+cell,0.0081621604677046,345.0000000000002
25,22,1,297,342.0,pos+cell,0.0037030351814268,360.0000000000001
25,22,0,311,,pos,-0.0022619265001132,
25,22,0,311,181.0,pos+cell,-0.0024037838152956,1035.0
25,22,0,311,189.0,pos+cell,-0.0015212373276957,960.0000000000005
25,22,0,311,275.0,pos+cell,-0.0016485490661876,299.99999999999983
25,22,0,311,280.0,pos+cell,-0.000355148230066,269.99999999999994
25,22,0,311,282.0,pos+cell,-0.0022349154554862,225.00000000000017
25,22,0,311,328.0,pos+cell,-0.0005036407279187,105.00000000000006
25,22,0,328,,pos,0.0318898323975239,
25,22,0,328,181.0,pos+cell,0.0346169222042362,1140.0
25,22,0,328,189.0,pos+cell,0.0350581070459742,1065.0000000000002
25,22,0,328,275.0,pos+cell,0.0309026620974252,404.99999999999994
25,22,0,328,280.0,pos+cell,0.0317298201765156,375.00000000000006
25,22,0,328,282.0,pos+cell,0.0305617533984729,330.0000000000002
25,22,0,328,311.0,pos+cell,0.033168264943994,105.00000000000006
25,22,1,340,,pos,0.0077781939289654,
25,22,1,340,114.0,pos+cell,0.0086768022289712,1635.000000000001
25,22,1,340,219.0,pos+cell,0.0076516261863514,945.0000000000002
25,22,1,340,283.0,pos+cell,0.0083510920065055,465.00000000000017
25,22,1,340,293.0,pos+cell,0.0085903473127207,374.99999999999955
25,22,1,340,297.0,pos+cell,0.0090295992890078,345.0000000000002
25,22,1,340,342.0,pos+cell,0.0073029770877405,14.999999999999874
25,22,1,342,,pos,0.0281999274844462,
25,22,1,342,114.0,pos+cell,0.0309619706223928,1650.0000000000005
25,22,1,342,219.0,pos+cell,0.0323070081313563,960.0
25,22,1,342,283.0,pos+cell,0.0306984957131287,480.00000000000006
25,22,1,342,293.0,pos+cell,0.0294554680444197,389.99999999999943
25,22,1,342,297.0,pos+cell,0.0283308351988358,360.0000000000001
25,22,1,342,340.0,pos+cell,0.0332426691672368,14.999999999999874
25,24,1,112,,pos,0.002373975537531,
25,24,1,112,124.0,pos+cell,0.0139429739931605,60.0000000000005
25,24,1,112,128.0,pos+cell,0.0085962479474631,90.0000000000003
25,24,1,112,130.0,pos+cell,0.059416910702352,90.0000000000003
25,24,1,112,135.0,pos+cell,0.0020749998394561,120.0000000000001
25,24,1,112,144.0,pos+cell,0.0037587746878233,195.00000000000028
25,24,1,112,146.0,pos+cell,0.0046477021349424,195.00000000000028
25,24,1,112,147.0,pos+cell,0.0087032752335357,209.99999999999997
25,24,1,112,149.0,pos+cell,0.01820898713115,209.99999999999997
25,24,1,112,152.0,pos+cell,0.0160502233837027,209.99999999999997
25,24,1,112,153.0,pos+cell,0.0194505956851762,225.00000000000057
25,24,1,112,160.0,pos+cell,0.0271262652054335,225.00000000000057
25,24,1,112,162.0,pos+cell,0.0083842376257001,254.99999999999963
25,24,1,112,167.0,pos+cell,0.0223464384746258,240.0000000000002
25,24,1,112,172.0,pos+cell,0.0264153748684626,270.00000000000045
25,24,1,112,181.0,pos+cell,0.0033095385556068,300.0000000000003
25,24,1,112,182.0,pos+cell,0.0057937882416668,315.0000000000001
25,24,1,112,204.0,pos+cell,0.0068998774817955,435.0000000000002
25,24,1,112,216.0,pos+cell,0.0235106385671858,495.00000000000074
25,24,1,112,224.0,pos+cell,0.0028950070724405,540.0000000000002
25,24,1,112,240.0,pos+cell,0.0279269449719372,705.0000000000007
25,24,1,124,,pos,0.023303939559711,
25,24,1,124,112.0,pos+cell,0.0371349741403196,60.0000000000005
25,24,1,124,128.0,pos+cell,0.166120808457243,29.999999999999805
25,24,1,124,130.0,pos+cell,0.0472179445184537,29.999999999999805
25,24,1,124,135.0,pos+cell,0.0569267754390081,59.99999999999961
25,24,1,124,144.0,pos+cell,0.026310919138166,134.99999999999977
25,24,1,124,146.0,pos+cell,0.0457433558435728,134.99999999999977
25,24,1,124,147.0,pos+cell,0.0400459032726875,149.99999999999946
25,24,1,124,149.0,pos+cell,0.0441216330655596,149.99999999999946
25,24,1,124,152.0,pos+cell,0.0331918073436563,149.99999999999946
25,24,1,124,153.0,pos+cell,0.0729077534964674,165.00000000000006
25,24,1,124,160.0,pos+cell,0.0624782379405906,165.00000000000006
25,24,1,124,162.0,pos+cell,0.0222696234139699,194.99999999999912
25,24,1,124,167.0,pos+cell,0.0286108714471227,179.99999999999972
25,24,1,124,172.0,pos+cell,0.1423742211309377,209.99999999999997
25,24,1,124,181.0,pos+cell,0.0347075364255613,239.99999999999977
25,24,1,124,182.0,pos+cell,0.022225945129062,254.99999999999963
25,24,1,124,204.0,pos+cell,0.0230784222158468,374.9999999999997
25,24,1,124,216.0,pos+cell,0.0507072521886677,435.0000000000002
25,24,1,124,224.0,pos+cell,0.0428775708773924,479.9999999999997
25,24,1,124,240.0,pos+cell,0.0367109255527651,645.0000000000002
25,24,1,128,,pos,-0.001301625293345,
25,24,1,128,112.0,pos+cell,0.0036514555471386,90.0000000000003
25,24,1,128,124.0,pos+cell,0.0156054610011997,29.999999999999805
25,24,1,128,130.0,pos+cell,0.0043880080609469,0.0
25,24,1,128,135.0,pos+cell,0.0047939560280778,29.999999999999805
25,24,1,128,144.0,pos+cell,0.0093652093605363,105.0
25,24,1,128,146.0,pos+cell,0.0041602896952048,105.0
25,24,1,128,147.0,pos+cell,0.0272776753481988,119.99999999999966
25,24,1,128,149.0,pos+cell,0.0079918831594197,119.99999999999966
25,24,1,128,152.0,pos+cell,0.0266913397098588,119.99999999999966
25,24,1,128,153.0,pos+cell,0.0206383037376771,135.00000000000023
25,24,1,128,160.0,pos+cell,0.0023649485067654,135.00000000000023
25,24,1,128,162.0,pos+cell,0.0020269223629847,164.99999999999932
25,24,1,128,167.0,pos+cell,0.0107061899979852,149.99999999999991
25,24,1,128,172.0,pos+cell,0.0074175151937687,180.00000000000017
25,24,1,128,181.0,pos+cell,0.0039870993963826,209.99999999999997
25,24,1,128,182.0,pos+cell,0.00903535025247,224.99999999999983
25,24,1,128,204.0,pos+cell,0.0063701819463036,344.99999999999994
25,24,1,128,216.0,pos+cell,0.0241258741051351,405.00000000000045
25,24,1,128,224.0,pos+cell,0.0164725197193314,449.9999999999999
25,24,1,128,240.0,pos+cell,0.0105507025759214,615.0000000000003
25,24,1,130,,pos,0.0080132985046195,
25,24,1,130,112.0,pos+cell,0.0185765284601247,90.0000000000003
25,24,1,130,124.0,pos+cell,0.0153138191815493,29.999999999999805
25,24,1,130,128.0,pos+cell,0.0187098848648512,0.0
25,24,1,130,135.0,pos+cell,0.0428322574197571,29.999999999999805
25,24,1,130,144.0,pos+cell,0.0121720275074788,105.0
25,24,1,130,146.0,pos+cell,0.0141432007304508,105.0
25,24,1,130,147.0,pos+cell,0.0114226030948738,119.99999999999966
25,24,1,130,149.0,pos+cell,0.0220459292710005,119.99999999999966
25,24,1,130,152.0,pos+cell,0.0255420795302043,119.99999999999966
25,24,1,130,153.0,pos+cell,0.0293350942833988,135.00000000000023
25,24,1,130,160.0,pos+cell,0.0170251421272113,135.00000000000023
25,24,1,130,162.0,pos+cell,0.0092422657246057,164.99999999999932
25,24,1,130,167.0,pos+cell,0.0214661768072638,149.99999999999991
25,24,1,130,172.0,pos+cell,0.0257361372265684,180.00000000000017
25,24,1,130,181.0,pos+cell,0.0198045902670556,209.99999999999997
25,24,1,130,182.0,pos+cell,0.0200686534372121,224.99999999999983
25,24,1,130,204.0,pos+cell,0.0296369140805997,344.99999999999994
25,24,1,130,216.0,pos+cell,0.0293595025437906,405.00000000000045
25,24,1,130,224.0,pos+cell,0.0391619718953017,449.9999999999999
25,24,1,130,240.0,pos+cell,0.0260175670094867,615.0000000000003
25,24,1,135,,pos,0.0007867479876581,
25,24,1,135,112.0,pos+cell,0.0053643527690231,120.0000000000001
25,24,1,135,124.0,pos+cell,0.014299878187315,59.99999999999961
25,24,1,135,128.0,pos+cell,0.0082469147000697,29.999999999999805
25,24,1,135,130.0,pos+cell,0.0129233818742634,29.999999999999805
25,24,1,135,144.0,pos+cell,0.0069750595885757,75.00000000000018
25,24,1,135,146.0,pos+cell,0.0074872428452322,75.00000000000018
25,24,1,135,147.0,pos+cell,0.002706885908673,89.99999999999986
25,24,1,135,149.0,pos+cell,0.0083447916884142,89.99999999999986
25,24,1,135,152.0,pos+cell,0.0064405896690092,89.99999999999986
25,24,1,135,153.0,pos+cell,0.0054146446125181,105.00000000000044
25,24,1,135,160.0,pos+cell,0.0120791488914176,105.00000000000044
25,24,1,135,162.0,pos+cell,0.0027089715010816,134.99999999999952
25,24,1,135,167.0,pos+cell,0.0066031862226684,120.0000000000001
25,24,1,135,172.0,pos+cell,0.0247505409191592,150.00000000000037
25,24,1,135,181.0,pos+cell,0.0032250109439607,180.00000000000017
25,24,1,135,182.0,pos+cell,0.0060168344292221,195.00000000000003
25,24,1,135,204.0,pos+cell,0.0182652900810226,315.0000000000001
25,24,1,135,216.0,pos+cell,0.0186177713527746,375.0000000000006
25,24,1,135,224.0,pos+cell,0.0294143808713613,420.0000000000001
25,24,1,135,240.0,pos+cell,0.0171460461117114,585.0000000000006
25,24,1,144,,pos,0.0002582614512336,
25,24,1,144,112.0,pos+cell,-0.0007884187205088,195.00000000000028
25,24,1,144,124.0,pos+cell,0.0077738490524376,134.99999999999977
25,24,1,144,128.0,pos+cell,0.0269827586951698,105.0
25,24,1,144,130.0,pos+cell,0.0077152850619875,105.0
25,24,1,144,135.0,pos+cell,0.005705722583071,75.00000000000018
25,24,1,144,146.0,pos+cell,0.015232456225939,0.0
25,24,1,144,147.0,pos+cell,0.0041699865987789,14.999999999999678
25,24,1,144,149.0,pos+cell,0.0079050520169797,14.999999999999678
25,24,1,144,152.0,pos+cell,0.0041946360567804,14.999999999999678
25,24,1,144,153.0,pos+cell,0.0181666931117939,30.00000000000025
25,24,1,144,160.0,pos+cell,0.0069105192056942,30.00000000000025
25,24,1,144,162.0,pos+cell,0.0033121605224157,59.999999999999346
25,24,1,144,167.0,pos+cell,0.0160641782251889,44.99999999999993
25,24,1,144,172.0,pos+cell,0.0399783968044995,75.00000000000018
25,24,1,144,181.0,pos+cell,0.0068727703878015,105.0
25,24,1,144,182.0,pos+cell,0.0468322873861531,119.99999999999984
25,24,1,144,204.0,pos+cell,0.0052657715531346,239.99999999999991
25,24,1,144,216.0,pos+cell,0.0068408854942032,300.00000000000045
25,24,1,144,224.0,pos+cell,0.0193701560757098,344.99999999999994
25,24,1,144,240.0,pos+cell,0.0087173772316005,510.0000000000004
25,24,1,146,,pos,0.0109047300435983,
25,24,1,146,112.0,pos+cell,0.0118652924968376,195.00000000000028
25,24,1,146,124.0,pos+cell,0.0203547523898981,134.99999999999977
25,24,1,146,128.0,pos+cell,0.0198760605913657,105.0
25,24,1,146,130.0,pos+cell,0.0191618815543874,105.0
25,24,1,146,135.0,pos+cell,0.0184073361018065,75.00000000000018
25,24,1,146,144.0,pos+cell,0.020644248644305,0.0
25,24,1,146,147.0,pos+cell,0.0436264475985436,14.999999999999678
25,24,1,146,149.0,pos+cell,0.0208156717344798,14.999999999999678
25,24,1,146,152.0,pos+cell,0.0302076366824187,14.999999999999678
25,24,1,146,153.0,pos+cell,0.0230325652288638,30.00000000000025
25,24,1,146,160.0,pos+cell,0.0366077356339999,30.00000000000025
25,24,1,146,162.0,pos+cell,0.0112467613294309,59.999999999999346
25,24,1,146,167.0,pos+cell,0.0191009874578876,44.99999999999993
25,24,1,146,172.0,pos+cell,0.0342183522970882,75.00000000000018
25,24,1,146,181.0,pos+cell,0.054053139258439,105.0
25,24,1,146,182.0,pos+cell,0.0196411700072389,119.99999999999984
25,24,1,146,204.0,pos+cell,0.0196765855127727,239.99999999999991
25,24,1,146,216.0,pos+cell,0.0156806778322957,300.00000000000045
25,24,1,146,224.0,pos+cell,0.0200306187776348,344.99999999999994
25,24,1,146,240.0,pos+cell,0.0299183596916863,510.0000000000004
25,24,1,147,,pos,-0.0376704414029725,
25,24,1,147,112.0,pos+cell,-0.0226523244869119,209.99999999999997
25,24,1,147,124.0,pos+cell,-0.0256329573980502,149.99999999999946
25,24,1,147,128.0,pos+cell,0.0064335016831103,119.99999999999966
25,24,1,147,130.0,pos+cell,-0.023345470153924,119.99999999999966
25,24,1,147,135.0,pos+cell,-0.0281201474345878,89.99999999999986
25,24,1,147,144.0,pos+cell,-0.0146802077143649,14.999999999999678
25,24,1,147,146.0,pos+cell,-0.0121278758916705,14.999999999999678
25,24,1,147,149.0,pos+cell,-0.0273532790322321,0.0
25,24,1,147,152.0,pos+cell,-0.0224942222599174,0.0
25,24,1,147,153.0,pos+cell,-0.0044418228207495,15.00000000000057
25,24,1,147,160.0,pos+cell,-0.0146638729395483,15.00000000000057
25,24,1,147,162.0,pos+cell,-0.025374492676048,44.999999999999666
25,24,1,147,167.0,pos+cell,0.0707342004795736,30.00000000000025
25,24,1,147,172.0,pos+cell,0.0048647274503006,60.0000000000005
25,24,1,147,181.0,pos+cell,-0.0140854804501139,90.0000000000003
25,24,1,147,182.0,pos+cell,0.0107804193688472,105.00000000000016
25,24,1,147,204.0,pos+cell,-0.0181080162463003,225.00000000000028
25,24,1,147,216.0,pos+cell,-0.0121308946380356,285.00000000000074
25,24,1,147,224.0,pos+cell,-0.0122725414852615,330.0000000000003
25,24,1,147,240.0,pos+cell,0.0127640927707176,495.00000000000074
25,24,1,149,,pos,-0.0263281107237781,
25,24,1,149,112.0,pos+cell,-0.0177852406829494,209.99999999999997
25,24,1,149,124.0,pos+cell,-0.0017747070109338,149.99999999999946
25,24,1,149,128.0,pos+cell,0.0062508482686184,119.99999999999966
25,24,1,149,130.0,pos+cell,-0.0080342981808971,119.99999999999966
25,24,1,149,135.0,pos+cell,-0.0058540381680759,89.99999999999986
25,24,1,149,144.0,pos+cell,-0.0118408510586572,14.999999999999678
25,24,1,149,146.0,pos+cell,-0.0035758634812362,14.999999999999678
25,24,1,149,147.0,pos+cell,-0.0208385378673107,0.0
25,24,1,149,152.0,pos+cell,-0.0138143285140036,0.0
25,24,1,149,153.0,pos+cell,0.0009904839163133,15.00000000000057
25,24,1,149,160.0,pos+cell,-0.0152216502612922,15.00000000000057
25,24,1,149,162.0,pos+cell,-0.0131913618901663,44.999999999999666
25,24,1,149,167.0,pos+cell,0.0121026571748811,30.00000000000025
25,24,1,149,172.0,pos+cell,0.0039187324147966,60.0000000000005
25,24,1,149,181.0,pos+cell,-0.0070531795329531,90.0000000000003
25,24,1,149,182.0,pos+cell,0.0099617080342725,105.00000000000016
25,24,1,149,204.0,pos+cell,-0.0050574849712486,225.00000000000028
25,24,1,149,216.0,pos+cell,0.0030388814636026,285.00000000000074
25,24,1,149,224.0,pos+cell,-0.0044781577366471,330.0000000000003
25,24,1,149,240.0,pos+cell,-0.0054226900678109,495.00000000000074
25,24,1,152,,pos,0.0491027029774453,
25,24,1,152,112.0,pos+cell,0.0533613862084409,209.99999999999997
25,24,1,152,124.0,pos+cell,0.0557167247335081,149.99999999999946
25,24,1,152,128.0,pos+cell,0.1059060761415317,119.99999999999966
25,24,1,152,130.0,pos+cell,0.0692436851576898,119.99999999999966
25,24,1,152,135.0,pos+cell,0.0548753118244371,89.99999999999986
25,24,1,152,144.0,pos+cell,0.0446915947591243,14.999999999999678
25,24,1,152,146.0,pos+cell,0.0793642975254873,14.999999999999678
25,24,1,152,147.0,pos+cell,0.1231707582692369,0.0
25,24,1,152,149.0,pos+cell,0.0709773769577804,0.0
25,24,1,152,153.0,pos+cell,0.1244360883491455,15.00000000000057
25,24,1,152,160.0,pos+cell,0.0691983913794915,15.00000000000057
25,24,1,152,162.0,pos+cell,0.056593751945461,44.999999999999666
25,24,1,152,167.0,pos+cell,0.0574030631995179,30.00000000000025
25,24,1,152,172.0,pos+cell,0.065090308476823,60.0000000000005
25,24,1,152,181.0,pos+cell,0.0668703471746535,90.0000000000003
25,24,1,152,182.0,pos+cell,0.0765845221519347,105.00000000000016
25,24,1,152,204.0,pos+cell,0.0634504404627091,225.00000000000028
25,24,1,152,216.0,pos+cell,0.1498083145676109,285.00000000000074
25,24,1,152,224.0,pos+cell,0.0663938905498776,330.0000000000003
25,24,1,152,240.0,pos+cell,0.0919895463304515,495.00000000000074
25,24,1,153,,pos,0.1035338122397295,
25,24,1,153,112.0,pos+cell,0.1143788698244998,225.00000000000057
25,24,1,153,124.0,pos+cell,0.1201660866352842,165.00000000000006
25,24,1,153,128.0,pos+cell,0.1508117270789602,135.00000000000023
25,24,1,153,130.0,pos+cell,0.1403563567159937,135.00000000000023
25,24,1,153,135.0,pos+cell,0.1139274980556605,105.00000000000044
25,24,1,153,144.0,pos+cell,0.130432373864222,30.00000000000025
25,24,1,153,146.0,pos+cell,0.1070560714214722,30.00000000000025
25,24,1,153,147.0,pos+cell,0.1353622303420705,15.00000000000057
25,24,1,153,149.0,pos+cell,0.1111767699926098,15.00000000000057
25,24,1,153,152.0,pos+cell,0.2628695010115103,15.00000000000057
25,24,1,153,160.0,pos+cell,0.1062077862948405,0.0
25,24,1,153,162.0,pos+cell,0.109404745765537,29.999999999999098
25,24,1,153,167.0,pos+cell,0.2265352563529052,14.999999999999678
25,24,1,153,172.0,pos+cell,0.2147575595786464,44.99999999999993
25,24,1,153,181.0,pos+cell,0.1388331979267911,74.99999999999973
25,24,1,153,182.0,pos+cell,0.3151505773880662,89.99999999999959
25,24,1,153,204.0,pos+cell,0.1224012929570568,209.9999999999997
25,24,1,153,216.0,pos+cell,0.1989896469949769,270.0000000000002
25,24,1,153,224.0,pos+cell,0.1113779446635217,314.99999999999966
25,24,1,153,240.0,pos+cell,0.1575556844641712,480.00000000000017
25,24,1,160,,pos,0.0579635509204546,
25,24,1,160,112.0,pos+cell,0.0679156682347386,225.00000000000057
25,24,1,160,124.0,pos+cell,0.0974709484063555,165.00000000000006
25,24,1,160,128.0,pos+cell,0.0669187133363188,135.00000000000023
25,24,1,160,130.0,pos+cell,0.0700473250081242,135.00000000000023
25,24,1,160,135.0,pos+cell,0.0843642653763167,105.00000000000044
25,24,1,160,144.0,pos+cell,0.0597079908508612,30.00000000000025
25,24,1,160,146.0,pos+cell,0.0897539038480551,30.00000000000025
25,24,1,160,147.0,pos+cell,0.0700268101650026,15.00000000000057
25,24,1,160,149.0,pos+cell,0.0608386942329966,15.00000000000057
25,24,1,160,152.0,pos+cell,0.0661537296214611,15.00000000000057
25,24,1,160,153.0,pos+cell,0.0749673423968985,0.0
25,24,1,160,162.0,pos+cell,0.0559058050323193,29.999999999999098
25,24,1,160,167.0,pos+cell,0.0618680013469013,14.999999999999678
25,24,1,160,172.0,pos+cell,0.2042709846865976,44.99999999999993
25,24,1,160,181.0,pos+cell,0.0616594043626433,74.99999999999973
25,24,1,160,182.0,pos+cell,0.080125310213866,89.99999999999959
25,24,1,160,204.0,pos+cell,0.0774640295968648,209.9999999999997
25,24,1,160,216.0,pos+cell,0.0740586454726762,270.0000000000002
25,24,1,160,224.0,pos+cell,0.0873691312320387,314.99999999999966
25,24,1,160,240.0,pos+cell,0.0810792601615596,480.00000000000017
25,24,1,162,,pos,-0.0127911282299588,
25,24,1,162,112.0,pos+cell,0.0040459383641838,254.99999999999963
25,24,1,162,124.0,pos+cell,0.0002974684125096,194.99999999999912
25,24,1,162,128.0,pos+cell,0.0058734922285489,164.99999999999932
25,24,1,162,130.0,pos+cell,-0.0034374815379148,164.99999999999932
25,24,1,162,135.0,pos+cell,-0.0053967686973696,134.99999999999952
25,24,1,162,144.0,pos+cell,-0.0059358114101592,59.999999999999346
25,24,1,162,146.0,pos+cell,-0.0105996393081068,59.999999999999346
25,24,1,162,147.0,pos+cell,-0.0062526392357121,44.999999999999666
25,24,1,162,149.0,pos+cell,0.0026206197946222,44.999999999999666
25,24,1,162,152.0,pos+cell,0.0094522313000692,44.999999999999666
25,24,1,162,153.0,pos+cell,0.0063964613373392,29.999999999999098
25,24,1,162,160.0,pos+cell,-0.0027433907327606,29.999999999999098
25,24,1,162,167.0,pos+cell,0.0032927962274479,14.999999999999414
25,24,1,162,172.0,pos+cell,0.003153663836004,15.000000000000837
25,24,1,162,181.0,pos+cell,0.0336559073213098,45.00000000000064
25,24,1,162,182.0,pos+cell,0.0042504100603999,60.0000000000005
25,24,1,162,204.0,pos+cell,-0.0074133160955438,180.0000000000006
25,24,1,162,216.0,pos+cell,0.002072366605051,240.0000000000011
25,24,1,162,224.0,pos+cell,0.0019912387609059,285.00000000000057
25,24,1,162,240.0,pos+cell,0.1104902820173864,450.0000000000011
25,24,1,167,,pos,0.0222726471250318,
25,24,1,167,112.0,pos+cell,0.0312756422028984,240.0000000000002
25,24,1,167,124.0,pos+cell,0.0249005932369281,179.99999999999972
25,24,1,167,128.0,pos+cell,0.0375108347078126,149.99999999999991
25,24,1,167,130.0,pos+cell,0.0379015564903653,149.99999999999991
25,24,1,167,135.0,pos+cell,0.0318918179107454,120.0000000000001
25,24,1,167,144.0,pos+cell,0.0409887126041051,44.99999999999993
25,24,1,167,146.0,pos+cell,0.0283581607596644,44.99999999999993
25,24,1,167,147.0,pos+cell,0.0466792995046713,30.00000000000025
25,24,1,167,149.0,pos+cell,0.0481918568348336,30.00000000000025
25,24,1,167,152.0,pos+cell,0.0377175416457874,30.00000000000025
25,24,1,167,153.0,pos+cell,0.1462908886959458,14.999999999999678
25,24,1,167,160.0,pos+cell,0.026672209187064,14.999999999999678
25,24,1,167,162.0,pos+cell,0.0205246494213224,14.999999999999414
25,24,1,167,172.0,pos+cell,0.0789720643319646,30.00000000000025
25,24,1,167,181.0,pos+cell,0.0287130422272528,60.00000000000005
25,24,1,167,182.0,pos+cell,0.2217885878741094,74.99999999999991
25,24,1,167,204.0,pos+cell,0.0395198261052878,195.00000000000003
25,24,1,167,216.0,pos+cell,0.0348543475834267,255.0000000000005
25,24,1,167,224.0,pos+cell,0.0654283413451757,300.0
25,24,1,167,240.0,pos+cell,0.0354428488073925,465.0000000000005
25,24,1,172,,pos,0.0684749591721161,
25,24,1,172,112.0,pos+cell,0.0811319219884668,270.00000000000045
25,24,1,172,124.0,pos+cell,0.1427950809441686,209.99999999999997
25,24,1,172,128.0,pos+cell,0.0857281408488207,180.00000000000017
25,24,1,172,130.0,pos+cell,0.0958313066650285,180.00000000000017
25,24,1,172,135.0,pos+cell,0.098355076105286,150.00000000000037
25,24,1,172,144.0,pos+cell,0.0881524058106748,75.00000000000018
25,24,1,172,146.0,pos+cell,0.0900791765136277,75.00000000000018
25,24,1,172,147.0,pos+cell,0.083048236182653,60.0000000000005
25,24,1,172,149.0,pos+cell,0.0844005407725899,60.0000000000005
25,24,1,172,152.0,pos+cell,0.0964946579716625,60.0000000000005
25,24,1,172,153.0,pos+cell,0.1914873845076107,44.99999999999993
25,24,1,172,160.0,pos+cell,0.1451007886862057,44.99999999999993
25,24,1,172,162.0,pos+cell,0.0721543382432315,15.000000000000837
25,24,1,172,167.0,pos+cell,0.1057371569765149,30.00000000000025
25,24,1,172,181.0,pos+cell,0.0762195520263825,29.999999999999805
25,24,1,172,182.0,pos+cell,0.1165172347705576,44.999999999999666
25,24,1,172,204.0,pos+cell,0.0831704949357586,164.99999999999977
25,24,1,172,216.0,pos+cell,0.1035174053626735,225.00000000000028
25,24,1,172,224.0,pos+cell,0.0834465740994245,269.9999999999998
25,24,1,172,240.0,pos+cell,0.088923817201561,435.0000000000002
25,24,1,181,,pos,0.0210799462855322,
25,24,1,181,112.0,pos+cell,0.0537282005181799,300.0000000000003
25,24,1,181,124.0,pos+cell,0.0452333661987281,239.99999999999977
25,24,1,181,128.0,pos+cell,0.0553690820684165,209.99999999999997
25,24,1,181,130.0,pos+cell,0.048347569654846,209.99999999999997
25,24,1,181,135.0,pos+cell,0.0205986452026577,180.00000000000017
25,24,1,181,144.0,pos+cell,0.012983918445059,105.0
25,24,1,181,146.0,pos+cell,0.0282553019906251,105.0
25,24,1,181,147.0,pos+cell,0.0356687823795702,90.0000000000003
25,24,1,181,149.0,pos+cell,0.0509327464534066,90.0000000000003
25,24,1,181,152.0,pos+cell,0.0833051364918869,90.0000000000003
25,24,1,181,153.0,pos+cell,0.0847165789885683,74.99999999999973
25,24,1,181,160.0,pos+cell,0.0579115504182928,74.99999999999973
25,24,1,181,162.0,pos+cell,0.2088513667727875,45.00000000000064
25,24,1,181,167.0,pos+cell,0.0406550625358548,60.00000000000005
25,24,1,181,172.0,pos+cell,0.0648341057666814,29.999999999999805
25,24,1,181,182.0,pos+cell,0.0528398337346712,14.99999999999986
25,24,1,181,204.0,pos+cell,0.0122580953378342,134.99999999999997
25,24,1,181,216.0,pos+cell,0.0674749211128677,195.00000000000043
25,24,1,181,224.0,pos+cell,0.0285145492357234,239.99999999999991
25,24,1,181,240.0,pos+cell,0.2030251404322298,405.00000000000045
25,24,1,182,,pos,0.0393616202849041,
25,24,1,182,112.0,pos+cell,0.0413440690857951,315.0000000000001
25,24,1,182,124.0,pos+cell,0.0428831672156287,254.99999999999963
25,24,1,182,128.0,pos+cell,0.0507357646712713,224.99999999999983
25,24,1,182,130.0,pos+cell,0.0537505181579788,224.99999999999983
25,24,1,182,135.0,pos+cell,0.0452372943927069,195.00000000000003
25,24,1,182,144.0,pos+cell,0.0602340954109927,119.99999999999984
25,24,1,182,146.0,pos+cell,0.0898416816060719,119.99999999999984
25,24,1,182,147.0,pos+cell,0.0500894029678988,105.00000000000016
25,24,1,182,149.0,pos+cell,0.054009534230202,105.00000000000016
25,24,1,182,152.0,pos+cell,0.0979057412203565,105.00000000000016
25,24,1,182,153.0,pos+cell,0.2171907908874065,89.99999999999959
25,24,1,182,160.0,pos+cell,0.0598384041445433,89.99999999999959
25,24,1,182,162.0,pos+cell,0.0414175334076913,60.0000000000005
25,24,1,182,167.0,pos+cell,0.2029517216171024,74.99999999999991
25,24,1,182,172.0,pos+cell,0.0945976322709398,44.999999999999666
25,24,1,182,181.0,pos+cell,0.0578850936717612,14.99999999999986
25,24,1,182,204.0,pos+cell,0.0535680969108688,120.0000000000001
25,24,1,182,216.0,pos+cell,0.0500960629930131,180.0000000000006
25,24,1,182,224.0,pos+cell,0.0758502528393968,225.00000000000009
25,24,1,182,240.0,pos+cell,0.0492195705824473,390.00000000000057
25,24,1,204,,pos,0.0012238026013509,
25,24,1,204,112.0,pos+cell,0.0085037007933163,435.0000000000002
25,24,1,204,124.0,pos+cell,0.007969614829475,374.9999999999997
25,24,1,204,128.0,pos+cell,0.020091652975795,344.99999999999994
25,24,1,204,130.0,pos+cell,0.0190228599584963,344.99999999999994
25,24,1,204,135.0,pos+cell,0.0236685609315269,315.0000000000001
25,24,1,204,144.0,pos+cell,0.0101624948949175,239.99999999999991
25,24,1,204,146.0,pos+cell,0.0116930673479627,239.99999999999991
25,24,1,204,147.0,pos+cell,0.0039922411671215,225.00000000000028
25,24,1,204,149.0,pos+cell,0.0119540926491233,225.00000000000028
25,24,1,204,152.0,pos+cell,0.017060395833852,225.00000000000028
25,24,1,204,153.0,pos+cell,0.0192351263024923,209.9999999999997
25,24,1,204,160.0,pos+cell,0.0154626163141317,209.9999999999997
25,24,1,204,162.0,pos+cell,0.0059577587481435,180.0000000000006
25,24,1,204,167.0,pos+cell,0.0263692359258053,195.00000000000003
25,24,1,204,172.0,pos+cell,0.0148829823310638,164.99999999999977
25,24,1,204,181.0,pos+cell,0.0048724408183412,134.99999999999997
25,24,1,204,182.0,pos+cell,0.0195770283117858,120.0000000000001
25,24,1,204,216.0,pos+cell,0.0218520100182198,60.0000000000005
25,24,1,204,224.0,pos+cell,0.0670979622250029,105.0
25,24,1,204,240.0,pos+cell,0.0236568668302823,270.00000000000045
25,24,1,216,,pos,0.1054765136530477,
25,24,1,216,112.0,pos+cell,0.1135110041408602,495.00000000000074
25,24,1,216,124.0,pos+cell,0.1109395807326687,435.0000000000002
25,24,1,216,128.0,pos+cell,0.1476684673971319,405.00000000000045
25,24,1,216,130.0,pos+cell,0.1242847820790025,405.00000000000045
25,24,1,216,135.0,pos+cell,0.1134677597460226,375.0000000000006
25,24,1,216,144.0,pos+cell,0.111549726013251,300.00000000000045
25,24,1,216,146.0,pos+cell,0.1081875803789316,300.00000000000045
25,24,1,216,147.0,pos+cell,0.1180394241611982,285.00000000000074
25,24,1,216,149.0,pos+cell,0.1208879902185941,285.00000000000074
25,24,1,216,152.0,pos+cell,0.1896950446707654,285.00000000000074
25,24,1,216,153.0,pos+cell,0.153151837543686,270.0000000000002
25,24,1,216,160.0,pos+cell,0.1194537094941623,270.0000000000002
25,24,1,216,162.0,pos+cell,0.1123227397977559,240.0000000000011
25,24,1,216,167.0,pos+cell,0.118068966375034,255.0000000000005
25,24,1,216,172.0,pos+cell,0.1229852335380884,225.00000000000028
25,24,1,216,181.0,pos+cell,0.1347883042232189,195.00000000000043
25,24,1,216,182.0,pos+cell,0.1182182854963445,180.0000000000006
25,24,1,216,204.0,pos+cell,0.1159414565041813,60.0000000000005
25,24,1,216,224.0,pos+cell,0.11967582439719,44.99999999999948
25,24,1,216,240.0,pos+cell,0.1425360543932819,209.99999999999997
25,24,1,224,,pos,0.00909072808789,
25,24,1,224,112.0,pos+cell,0.0099097662058313,540.0000000000002
25,24,1,224,124.0,pos+cell,0.009864645576482,479.9999999999997
25,24,1,224,128.0,pos+cell,0.0126784010246471,449.9999999999999
25,24,1,224,130.0,pos+cell,0.011390168289394,449.9999999999999
25,24,1,224,135.0,pos+cell,0.0134176992463013,420.0000000000001
25,24,1,224,144.0,pos+cell,0.0102442654267878,344.99999999999994
25,24,1,224,146.0,pos+cell,0.0100716081134027,344.99999999999994
25,24,1,224,147.0,pos+cell,0.008467554666541,330.0000000000003
25,24,1,224,149.0,pos+cell,0.0118497590895747,330.0000000000003
25,24,1,224,152.0,pos+cell,0.0117396627444716,330.0000000000003
25,24,1,224,153.0,pos+cell,0.0135195409111625,314.99999999999966
25,24,1,224,160.0,pos+cell,0.0131072299989906,314.99999999999966
25,24,1,224,162.0,pos+cell,0.0096232766052049,285.00000000000057
25,24,1,224,167.0,pos+cell,0.0147926397416315,300.0
25,24,1,224,172.0,pos+cell,0.0124839176162709,269.9999999999998
25,24,1,224,181.0,pos+cell,0.0088338167728333,239.99999999999991
25,24,1,224,182.0,pos+cell,0.0152120045785028,225.00000000000009
25,24,1,224,204.0,pos+cell,0.0147861222305872,105.0
25,24,1,224,216.0,pos+cell,0.0145432308768424,44.99999999999948
25,24,1,224,240.0,pos+cell,0.0164336685274895,165.00000000000048
25,24,0,236,,pos,0.0083922948786081,
25,24,0,236,243.0,pos+cell,0.0286851018369006,45.00000000000038
25,24,0,236,244.0,pos+cell,0.0383515337262801,45.00000000000038
25,24,0,236,257.0,pos+cell,0.020040181840535,90.0000000000003
25,24,1,240,,pos,0.0523037785063469,
25,24,1,240,112.0,pos+cell,0.0665174767626716,705.0000000000007
25,24,1,240,124.0,pos+cell,0.0709298924023607,645.0000000000002
25,24,1,240,128.0,pos+cell,0.073644461556273,615.0000000000003
25,24,1,240,130.0,pos+cell,0.072538718499684,615.0000000000003
25,24,1,240,135.0,pos+cell,0.0866910438477722,585.0000000000006
25,24,1,240,144.0,pos+cell,0.0625641493580231,510.0000000000004
25,24,1,240,146.0,pos+cell,0.0627494199082905,510.0000000000004
25,24,1,240,147.0,pos+cell,0.0616821058238761,495.00000000000074
25,24,1,240,149.0,pos+cell,0.0606272750954487,495.00000000000074
25,24,1,240,152.0,pos+cell,0.073236379560523,495.00000000000074
25,24,1,240,153.0,pos+cell,0.0764722564612766,480.00000000000017
25,24,1,240,160.0,pos+cell,0.0974822731745049,480.00000000000017
25,24,1,240,162.0,pos+cell,0.1009467106452095,450.0000000000011
25,24,1,240,167.0,pos+cell,0.0730449160499685,465.0000000000005
25,24,1,240,172.0,pos+cell,0.0815555562597875,435.0000000000002
25,24,1,240,181.0,pos+cell,0.0766944794308524,405.00000000000045
25,24,1,240,182.0,pos+cell,0.0607351757652282,390.00000000000057
25,24,1,240,204.0,pos+cell,0.0967076674225283,270.00000000000045
25,24,1,240,216.0,pos+cell,0.0956166590661346,209.99999999999997
25,24,1,240,224.0,pos+cell,0.1951408898280245,165.00000000000048
25,24,0,243,,pos,0.0114850889895597,
25,24,0,243,236.0,pos+cell,0.0150788596342772,45.00000000000038
25,24,0,243,244.0,pos+cell,0.0202780766301463,0.0
25,24,0,243,257.0,pos+cell,0.0169340568457741,44.99999999999993
25,24,0,244,,pos,0.019013526062196,
25,24,0,244,236.0,pos+cell,0.0479560460503335,45.00000000000038
25,24,0,244,243.0,pos+cell,0.1197971904239403,0.0
25,24,0,244,257.0,pos+cell,0.0305262544828993,44.99999999999993
25,24,0,257,,pos,0.0157832949959249,
25,24,0,257,236.0,pos+cell,0.0232558095890293,90.0000000000003
25,24,0,257,243.0,pos+cell,0.0447635463187124,44.99999999999993
25,24,0,257,244.0,pos+cell,0.0228149899872674,44.99999999999993
25,25,0,3,,pos,0.0289885011769709,
25,25,0,3,14.0,pos+cell,0.0465888229516971,59.99999999999961
25,25,0,3,15.0,pos+cell,0.0357026119215627,59.99999999999961
25,25,0,3,69.0,pos+cell,0.0898600151062289,281.42499714803085
25,25,0,3,71.0,pos+cell,0.0461058835391478,277.78747951728457
25,25,0,3,76.0,pos+cell,0.0335939537336464,272.8508627257006
25,25,0,3,79.0,pos+cell,0.0407193551228222,274.9213315357003
25,25,0,3,82.0,pos+cell,0.0497949207991405,274.9213315357003
25,25,0,3,83.0,pos+cell,0.1234797152154263,274.9213315357003
25,25,0,3,85.0,pos+cell,0.0337560553667521,271.56059647995505
25,25,0,3,87.0,pos+cell,0.0964178086270157,271.5942710127659
25,25,0,3,88.0,pos+cell,0.047918148082416,271.16287135917474
25,25,0,3,89.0,pos+cell,0.0525985918346893,271.16287135917474
25,25,0,3,91.0,pos+cell,0.0478933858909006,271.56059647995505
25,25,0,3,95.0,pos+cell,0.0588487511162357,272.78381974989935
25,25,0,3,96.0,pos+cell,0.0348420152380805,274.82151857913567
25,25,0,3,101.0,pos+cell,0.0433750037423592,277.65576138617905
25,25,0,3,104.0,pos+cell,0.0410646214360832,281.2624692128964
25,25,0,3,105.0,pos+cell,0.035418384295408,285.6123795365532
25,25,0,3,109.0,pos+cell,0.0374423108309581,290.6721281810981
25,25,0,3,110.0,pos+cell,0.0550050381456102,290.6721281810981
25,25,0,3,111.0,pos+cell,0.0393802760827947,290.6721281810981
25,25,0,3,120.0,pos+cell,0.0446973245953156,325.2991851900525
25,25,0,3,207.0,pos+cell,0.0305751681358667,543.7969565008349
25,25,0,3,214.0,pos+cell,0.040363253484875,545.733517670532
25,25,0,3,215.0,pos+cell,0.0329017027449366,548.0739135541254
25,25,0,3,219.0,pos+cell,0.0407532456686449,548.0739135541254
25,25,0,3,221.0,pos+cell,0.0340636926680059,553.9448524334339
25,25,0,3,227.0,pos+cell,0.0403355089952686,561.3597637491156
25,25,0,3,230.0,pos+cell,0.0437795824026431,570.258423151668
25,25,0,3,231.0,pos+cell,0.0568662263261319,570.258423151668
25,25,0,3,232.0,pos+cell,0.0400635184043309,565.6277280738144
25,25,0,3,233.0,pos+cell,0.0330037524781227,565.6277280738144
25,25,0,3,234.0,pos+cell,0.0447420262651301,570.258423151668
25,25,0,3,235.0,pos+cell,0.0373834962452478,570.258423151668
25,25,1,11,,pos,0.0342182061768126,
25,25,1,11,32.0,pos+cell,0.0599540501438744,134.99999999999977
25,25,1,11,97.0,pos+cell,0.0834382492911593,271.5418526640327
25,25,1,11,106.0,pos+cell,0.0347730326608117,274.80307301814474
25,25,1,11,206.0,pos+cell,0.0479820057416287,540.4391982129825
25,25,1,11,209.0,pos+cell,0.038897493562395,540.4391982129825
25,25,1,11,293.0,pos+cell,0.0426048578118599,720.3398148103822
25,25,0,14,,pos,0.0522945451404952,
25,25,0,14,3.0,pos+cell,0.06255324194137,59.99999999999961
25,25,0,14,15.0,pos+cell,0.0628734480549129,0.0
25,25,0,14,69.0,pos+cell,0.0739843143772177,303.01141387851516
25,25,0,14,71.0,pos+cell,0.088944085636898,296.6172843511665
25,25,0,14,76.0,pos+cell,0.0606050725499937,285.768448654271
25,25,0,14,79.0,pos+cell,0.0733145443845124,290.85685450245916
25,25,0,14,82.0,pos+cell,0.0812734165835013,290.85685450245916
25,25,0,14,83.0,pos+cell,0.0684306017024299,290.85685450245916
25,25,0,14,85.0,pos+cell,0.0637000723509056,274.884149328186
25,25,0,14,87.0,pos+cell,0.075266200194115,281.388526207933
25,25,0,14,88.0,pos+cell,0.0528620367121988,277.7506059699538
25,25,0,14,89.0,pos+cell,0.0758323458578067,277.7506059699538
25,25,0,14,91.0,pos+cell,0.067135142109189,274.884149328186
25,25,0,14,95.0,pos+cell,0.0765738821066161,272.8134747168555
25,25,0,14,96.0,pos+cell,0.0558833758076789,271.5567867358286
25,25,0,14,101.0,pos+cell,0.0719368272126331,271.1254043012057
25,25,0,14,104.0,pos+cell,0.0688211250386054,271.52326105270646
25,25,0,14,105.0,pos+cell,0.0682320281747824,272.74672817084377
25,25,0,14,109.0,pos+cell,0.058326614455922,274.7847778955451
25,25,0,14,110.0,pos+cell,0.1049539697024225,274.7847778955451
25,25,0,14,111.0,pos+cell,0.0721789974889891,274.7847778955451
25,25,0,14,120.0,pos+cell,0.0588252748970795,296.3716523878825
25,25,0,14,207.0,pos+cell,0.052536686179418,540.1425662262671
25,25,0,14,214.0,pos+cell,0.070462366491674,540.4295673433319
25,25,0,14,215.0,pos+cell,0.0700180933129692,541.132370745185
25,25,0,14,219.0,pos+cell,0.0889980870391031,541.132370745185
25,25,0,14,221.0,pos+cell,0.0547661269116562,543.7779817969014
25,25,0,14,227.0,pos+cell,0.0698300089524809,548.0554208343514
25,25,0,14,230.0,pos+cell,0.0719464677625011,553.9268860822021
25,25,0,14,231.0,pos+cell,0.0618445764279389,553.9268860822021
25,25,0,14,232.0,pos+cell,0.076839156740339,550.7947618807949
25,25,0,14,233.0,pos+cell,0.0565827509096054,550.7947618807949
25,25,0,14,234.0,pos+cell,0.0680772063076671,553.9268860822021
25,25,0,14,235.0,pos+cell,0.0704638198075096,553.9268860822021
25,25,0,15,,pos,0.0134167133040202,
25,25,0,15,3.0,pos+cell,0.01646391185001,59.99999999999961
25,25,0,15,14.0,pos+cell,0.0195955356349094,0.0
25,25,0,15,69.0,pos+cell,0.0168440209143437,303.01141387851516
25,25,0,15,71.0,pos+cell,0.0170809270633731,296.6172843511665
25,25,0,15,76.0,pos+cell,0.0136691859544725,285.768448654271
25,25,0,15,79.0,pos+cell,0.0187072919311805,290.85685450245916
25,25,0,15,82.0,pos+cell,0.0166749824805661,290.85685450245916
25,25,0,15,83.0,pos+cell,0.0181466995524887,290.85685450245916
25,25,0,15,85.0,pos+cell,0.0146582925542106,274.884149328186
25,25,0,15,87.0,pos+cell,0.0173309655443201,281.388526207933
25,25,0,15,88.0,pos+cell,0.0130176595523864,277.7506059699538
25,25,0,15,89.0,pos+cell,0.0154831210653379,277.7506059699538
25,25,0,15,91.0,pos+cell,0.0153070021654688,274.884149328186
25,25,0,15,95.0,pos+cell,0.0166092213696154,272.8134747168555
25,25,0,15,96.0,pos+cell,0.013523929100713,271.5567867358286
25,25,0,15,101.0,pos+cell,0.0153193906557305,271.1254043012057
25,25,0,15,104.0,pos+cell,0.0160970461084879,271.52326105270646
25,25,0,15,105.0,pos+cell,0.0144741491032996,272.74672817084377
25,25,0,15,109.0,pos+cell,0.0135250202562864,274.7847778955451
25,25,0,15,110.0,pos+cell,0.017589376974623,274.7847778955451
25,25,0,15,111.0,pos+cell,0.0171913418185119,274.7847778955451
25,25,0,15,120.0,pos+cell,0.0135380931683115,296.3716523878825
25,25,0,15,207.0,pos+cell,0.0142448235969509,540.1425662262671
25,25,0,15,214.0,pos+cell,0.0142221016658695,540.4295673433319
25,25,0,15,215.0,pos+cell,0.0139867678598213,541.132370745185
25,25,0,15,219.0,pos+cell,0.0146711118660206,541.132370745185
25,25,0,15,221.0,pos+cell,0.0138422866851577,543.7779817969014
25,25,0,15,227.0,pos+cell,0.013755564977186,548.0554208343514
25,25,0,15,230.0,pos+cell,0.0145375633404514,553.9268860822021
25,25,0,15,231.0,pos+cell,0.0138591773112078,553.9268860822021
25,25,0,15,232.0,pos+cell,0.0178492419783953,550.7947618807949
25,25,0,15,233.0,pos+cell,0.0133256205689807,550.7947618807949
25,25,0,15,234.0,pos+cell,0.0142209274651705,553.9268860822021
25,25,0,15,235.0,pos+cell,0.013443036665655,553.9268860822021
25,25,1,32,,pos,0.0282959081745586,
25,25,1,32,11.0,pos+cell,0.0355549116717366,134.99999999999977
25,25,1,32,97.0,pos+cell,0.0349554125321154,296.5577107099797
25,25,1,32,106.0,pos+cell,0.0284928259080566,285.70686818201864
25,25,1,32,206.0,pos+cell,0.0317379441755324,552.6631474981871
25,25,1,32,209.0,pos+cell,0.0294196523670136,552.6631474981871
25,25,1,32,293.0,pos+cell,0.0318921395744559,730.3276591286121
25,25,0,69,,pos,0.0745497401121949,
25,25,0,69,3.0,pos+cell,0.1532618670189937,281.42499714803085
25,25,0,69,14.0,pos+cell,0.097393611025186,303.01141387851516
25,25,0,69,15.0,pos+cell,0.0790153506063661,303.01141387851516
25,25,0,69,71.0,pos+cell,0.1030059185604426,14.999999999999972
25,25,0,69,76.0,pos+cell,0.0836719080958345,44.999999999999474
25,25,0,69,79.0,pos+cell,0.1007708185353326,29.999999999999947
25,25,0,69,82.0,pos+cell,0.1756361775349318,29.999999999999947
25,25,0,69,83.0,pos+cell,0.117307236747272,29.999999999999947
25,25,0,69,85.0,pos+cell,0.1013618944931403,89.99999999999983
25,25,0,69,87.0,pos+cell,0.1093494615187561,59.99999999999989
25,25,0,69,88.0,pos+cell,0.111104521497422,74.99999999999986
25,25,0,69,89.0,pos+cell,0.108239714176471,74.99999999999986
25,25,0,69,91.0,pos+cell,0.1303561832334918,89.99999999999983
25,25,0,69,95.0,pos+cell,0.1306404653039247,105.00000000000009
25,25,0,69,96.0,pos+cell,0.0805130023532629,120.00000000000006
25,25,0,69,101.0,pos+cell,0.101362382038672,134.99999999999957
25,25,0,69,104.0,pos+cell,0.1146090253666737,150.0
25,25,0,69,105.0,pos+cell,0.1072243468774782,164.99999999999997
25,25,0,69,109.0,pos+cell,0.0808874460344113,179.99999999999994
25,25,0,69,110.0,pos+cell,0.1184992689890058,179.99999999999994
25,25,0,69,111.0,pos+cell,0.1430753658933329,179.99999999999994
25,25,0,69,120.0,pos+cell,0.0826813674580809,255.00000000000057
25,25,0,69,207.0,pos+cell,0.0711059720733096,303.5901401427067
25,25,0,69,214.0,pos+cell,0.1088062333899094,310.7114540881346
25,25,0,69,215.0,pos+cell,0.0853156008183116,318.3806561511828
25,25,0,69,219.0,pos+cell,0.0933953814058249,318.3806561511828
25,25,0,69,221.0,pos+cell,0.0852899492688884,335.20965265136255
25,25,0,69,227.0,pos+cell,0.1287103356776165,353.78634830931014
25,25,0,69,230.0,pos+cell,0.1270171155917624,373.8503032891991
25,25,0,69,231.0,pos+cell,0.100577463916879,373.8503032891991
25,25,0,69,232.0,pos+cell,0.0920670674656583,363.64737694603474
25,25,0,69,233.0,pos+cell,0.0726514581115777,363.64737694603474
25,25,0,69,234.0,pos+cell,0.1244996230867627,373.8503032891991
25,25,0,69,235.0,pos+cell,0.0927718049973495,373.8503032891991
25,25,0,71,,pos,0.0247610908809861,
25,25,0,71,3.0,pos+cell,0.0422294147194903,277.78747951728457
25,25,0,71,14.0,pos+cell,0.0793152078187283,296.6172843511665
25,25,0,71,15.0,pos+cell,0.0418809157109097,296.6172843511665
25,25,0,71,69.0,pos+cell,0.0449240957784191,14.999999999999972
25,25,0,71,76.0,pos+cell,0.0317363292480567,29.9999999999995
25,25,0,71,79.0,pos+cell,0.050013970979726,14.999999999999972
25,25,0,71,82.0,pos+cell,0.0377614692083562,14.999999999999972
25,25,0,71,83.0,pos+cell,0.0542021507148236,14.999999999999972
25,25,0,71,85.0,pos+cell,0.0341448771106657,74.99999999999986
25,25,0,71,87.0,pos+cell,0.0484697405216718,44.999999999999915
25,25,0,71,88.0,pos+cell,0.02692452587541,59.99999999999989
25,25,0,71,89.0,pos+cell,0.0347193428113724,59.99999999999989
25,25,0,71,91.0,pos+cell,0.0393897126845936,74.99999999999986
25,25,0,71,95.0,pos+cell,0.0342678669958319,90.00000000000011
25,25,0,71,96.0,pos+cell,0.0290291287398384,105.00000000000009
25,25,0,71,101.0,pos+cell,0.0395015137717704,119.9999999999996
25,25,0,71,104.0,pos+cell,0.0474620835129404,135.00000000000003
25,25,0,71,105.0,pos+cell,0.0456595710729978,150.0
25,25,0,71,109.0,pos+cell,0.036277192871455,164.99999999999997
25,25,0,71,110.0,pos+cell,0.035846260108621,164.99999999999997
25,25,0,71,111.0,pos+cell,0.0396455402431058,164.99999999999997
25,25,0,71,120.0,pos+cell,0.0461395514588948,240.00000000000057
25,25,0,71,207.0,pos+cell,0.0191986920164324,297.06067556146115
25,25,0,71,214.0,pos+cell,0.0355801863788819,303.5946178341234
25,25,0,71,215.0,pos+cell,0.0432639353705497,310.71584927496576
25,25,0,71,219.0,pos+cell,0.0487836517447756,310.71584927496576
25,25,0,71,221.0,pos+cell,0.0240057230220451,326.5633675357584
25,25,0,71,227.0,pos+cell,0.0312264090381412,344.30063468127156
25,25,0,71,230.0,pos+cell,0.0454661758770681,363.6512354819632
25,25,0,71,231.0,pos+cell,0.0462577316153954,363.6512354819632
25,25,0,71,232.0,pos+cell,0.0410214479682451,353.79029672214364
25,25,0,71,233.0,pos+cell,0.0233655189987212,353.79029672214364
25,25,0,71,234.0,pos+cell,0.0308250103409791,363.6512354819632
25,25,0,71,235.0,pos+cell,0.0375684571921975,363.6512354819632
25,25,0,76,,pos,-0.005951130139072,
25,25,0,76,3.0,pos+cell,0.0288061680569607,272.8508627257006
25,25,0,76,14.0,pos+cell,0.0437181950776523,285.768448654271
25,25,0,76,15.0,pos+cell,0.0053751551774859,285.768448654271
25,25,0,76,69.0,pos+cell,0.063085543141667,44.999999999999474
25,25,0,76,71.0,pos+cell,0.0501741008721319,29.9999999999995
25,25,0,76,79.0,pos+cell,0.3145459151252249,14.999999999999526
25,25,0,76,82.0,pos+cell,0.0721046014055611,14.999999999999526
25,25,0,76,83.0,pos+cell,0.0348832829067596,14.999999999999526
25,25,0,76,85.0,pos+cell,0.0942208067273467,45.00000000000036
25,25,0,76,87.0,pos+cell,0.0649600191962227,15.00000000000042
25,25,0,76,88.0,pos+cell,0.0121530978479602,30.00000000000039
25,25,0,76,89.0,pos+cell,0.0306774420156484,30.00000000000039
25,25,0,76,91.0,pos+cell,0.2120996704188552,45.00000000000036
25,25,0,76,95.0,pos+cell,0.0289011090463063,60.00000000000061
25,25,0,76,96.0,pos+cell,0.0119222933763829,75.00000000000058
25,25,0,76,101.0,pos+cell,0.0324562321385388,90.00000000000011
25,25,0,76,104.0,pos+cell,0.01890673052892,105.00000000000053
25,25,0,76,105.0,pos+cell,0.0203265647124994,120.0000000000005
25,25,0,76,109.0,pos+cell,0.0104730277187462,135.00000000000048
25,25,0,76,110.0,pos+cell,0.0460387056451691,135.00000000000048
25,25,0,76,111.0,pos+cell,0.0197371547418364,135.00000000000048
25,25,0,76,120.0,pos+cell,0.0318125954695869,210.00000000000105
25,25,0,76,207.0,pos+cell,-0.0092174984376344,285.9216475039247
25,25,0,76,214.0,pos+cell,0.0835553378504344,291.16294498170015
25,25,0,76,215.0,pos+cell,0.0670920595826806,297.06991188855613
25,25,0,76,219.0,pos+cell,0.0534277406814126,297.06991188855613
25,25,0,76,221.0,pos+cell,-0.0077489062609045,310.72476017786295
25,25,0,76,227.0,pos+cell,0.0863005247508385,326.5719225924151
25,25,0,76,230.0,pos+cell,0.0417483051465656,344.3088216468211
25,25,0,76,231.0,pos+cell,0.0388789474931581,344.3088216468211
25,25,0,76,232.0,pos+cell,0.0496449441980671,335.2221541675975
25,25,0,76,233.0,pos+cell,0.0190865008294476,335.2221541675975
25,25,0,76,234.0,pos+cell,0.0287231442360073,344.3088216468211
25,25,0,76,235.0,pos+cell,0.1636223645975791,344.3088216468211
25,25,0,79,,pos,0.0763167173796513,
25,25,0,79,3.0,pos+cell,0.0969135685284198,274.9213315357003
25,25,0,79,14.0,pos+cell,0.1003695054292651,290.85685450245916
25,25,0,79,15.0,pos+cell,0.0888411989951096,290.85685450245916
25,25,0,79,69.0,pos+cell,0.1054232227499105,29.999999999999947
25,25,0,79,71.0,pos+cell,0.1199807200983201,14.999999999999972
25,25,0,79,76.0,pos+cell,0.1519311076103637,14.999999999999526
25,25,0,79,82.0,pos+cell,0.105736468967328,0.0
25,25,0,79,83.0,pos+cell,0.1007692067524943,0.0
25,25,0,79,85.0,pos+cell,0.1054603023751043,59.99999999999989
25,25,0,79,87.0,pos+cell,0.0978928935700949,29.999999999999947
25,25,0,79,88.0,pos+cell,0.0899486244091068,44.999999999999915
25,25,0,79,89.0,pos+cell,0.0899804228845893,44.999999999999915
25,25,0,79,91.0,pos+cell,0.1479171468653566,59.99999999999989
25,25,0,79,95.0,pos+cell,0.0948994543330264,75.00000000000014
25,25,0,79,96.0,pos+cell,0.081661387520063,90.00000000000011
25,25,0,79,101.0,pos+cell,0.0921648957216592,104.99999999999964
25,25,0,79,104.0,pos+cell,0.0988502005889286,120.00000000000006
25,25,0,79,105.0,pos+cell,0.090978965449674,135.00000000000003
25,25,0,79,109.0,pos+cell,0.081315775992032,150.0
25,25,0,79,110.0,pos+cell,0.1154550362252392,150.0
25,25,0,79,111.0,pos+cell,0.0926906404214377,150.0
25,25,0,79,120.0,pos+cell,0.0939578880676909,225.00000000000057
25,25,0,79,207.0,pos+cell,0.0804127512639457,291.15823316230484
25,25,0,79,214.0,pos+cell,0.1074496215960347,297.06527271650583
25,25,0,79,215.0,pos+cell,0.0927331229141913,303.5991366424958
25,25,0,79,219.0,pos+cell,0.0980642746242165,303.5991366424958
25,25,0,79,221.0,pos+cell,0.0826512564894433,318.38931326591756
25,25,0,79,227.0,pos+cell,0.1000139363368968,335.21794974884074
25,25,0,79,230.0,pos+cell,0.1002439564658745,353.79428043100165
25,25,0,79,231.0,pos+cell,0.0882279945548918,353.79428043100165
25,25,0,79,232.0,pos+cell,0.0858877452780146,344.30471003132294
25,25,0,79,233.0,pos+cell,0.0833683170698959,344.30471003132294
25,25,0,79,234.0,pos+cell,0.091032162957647,353.79428043100165
25,25,0,79,235.0,pos+cell,0.1170091290555539,353.79428043100165
25,25,0,82,,pos,0.047657842797326,
25,25,0,82,3.0,pos+cell,0.0530338752132032,274.9213315357003
25,25,0,82,14.0,pos+cell,0.0730998673336745,290.85685450245916
25,25,0,82,15.0,pos+cell,0.0658324203988239,290.85685450245916
25,25,0,82,69.0,pos+cell,0.1202344371259042,29.999999999999947
25,25,0,82,71.0,pos+cell,0.0680916800573221,14.999999999999972
25,25,0,82,76.0,pos+cell,0.0638877402380461,14.999999999999526
25,25,0,82,79.0,pos+cell,0.0767894837503856,0.0
25,25,0,82,83.0,pos+cell,0.0702128917425848,0.0
25,25,0,82,85.0,pos+cell,0.0742510342251973,59.99999999999989
25,25,0,82,87.0,pos+cell,0.0786317691310813,29.999999999999947
25,25,0,82,88.0,pos+cell,0.0640587462523932,44.999999999999915
25,25,0,82,89.0,pos+cell,0.1571539972400209,44.999999999999915
25,25,0,82,91.0,pos+cell,0.1129750073504418,59.99999999999989
25,25,0,82,95.0,pos+cell,0.0889405839321361,75.00000000000014
25,25,0,82,96.0,pos+cell,0.0610352132572356,90.00000000000011
25,25,0,82,101.0,pos+cell,0.093443244036835,104.99999999999964
25,25,0,82,104.0,pos+cell,0.0922489206134889,120.00000000000006
25,25,0,82,105.0,pos+cell,0.0893915462699821,135.00000000000003
25,25,0,82,109.0,pos+cell,0.0655235664920611,150.0
25,25,0,82,110.0,pos+cell,0.0842932983189298,150.0
25,25,0,82,111.0,pos+cell,0.1887501802937459,150.0
25,25,0,82,120.0,pos+cell,0.0581317172319569,225.00000000000057
25,25,0,82,207.0,pos+cell,0.0440601488737779,291.15823316230484
25,25,0,82,214.0,pos+cell,0.0651161256632853,297.06527271650583
25,25,0,82,215.0,pos+cell,0.0618862496860105,303.5991366424958
25,25,0,82,219.0,pos+cell,0.0533801894429471,303.5991366424958
25,25,0,82,221.0,pos+cell,0.0465116174101544,318.38931326591756
25,25,0,82,227.0,pos+cell,0.0745835149992289,335.21794974884074
25,25,0,82,230.0,pos+cell,0.0868663773250821,353.79428043100165
25,25,0,82,231.0,pos+cell,0.0795375214710239,353.79428043100165
25,25,0,82,232.0,pos+cell,0.0544120852715085,344.30471003132294
25,25,0,82,233.0,pos+cell,0.0474079981042329,344.30471003132294
25,25,0,82,234.0,pos+cell,0.0909437227997965,353.79428043100165
25,25,0,82,235.0,pos+cell,0.0905129407327185,353.79428043100165
25,25,0,83,,pos,0.0513807614062242,
25,25,0,83,3.0,pos+cell,0.1826052241181221,274.9213315357003
25,25,0,83,14.0,pos+cell,0.0917121129781795,290.85685450245916
25,25,0,83,15.0,pos+cell,0.0708668598609551,290.85685450245916
25,25,0,83,69.0,pos+cell,0.1018180501247815,29.999999999999947
25,25,0,83,71.0,pos+cell,0.086079022176364,14.999999999999972
25,25,0,83,76.0,pos+cell,0.0814022461809571,14.999999999999526
25,25,0,83,79.0,pos+cell,0.0783775645267641,0.0
25,25,0,83,82.0,pos+cell,0.0890007510864775,0.0
25,25,0,83,85.0,pos+cell,0.0685742937921064,59.99999999999989
25,25,0,83,87.0,pos+cell,0.3734762409718893,29.999999999999947
25,25,0,83,88.0,pos+cell,0.0738596021344665,44.999999999999915
25,25,0,83,89.0,pos+cell,0.0929485188159682,44.999999999999915
25,25,0,83,91.0,pos+cell,0.1321779867827797,59.99999999999989
25,25,0,83,95.0,pos+cell,0.1317110672417837,75.00000000000014
25,25,0,83,96.0,pos+cell,0.0621824542778387,90.00000000000011
25,25,0,83,101.0,pos+cell,0.0961246777641407,104.99999999999964
25,25,0,83,104.0,pos+cell,0.0786308709986336,120.00000000000006
25,25,0,83,105.0,pos+cell,0.0761557278711718,135.00000000000003
25,25,0,83,109.0,pos+cell,0.1008573472793027,150.0
25,25,0,83,110.0,pos+cell,0.1223078496741186,150.0
25,25,0,83,111.0,pos+cell,0.09351523924945,150.0
25,25,0,83,120.0,pos+cell,0.0956605234313248,225.00000000000057
25,25,0,83,207.0,pos+cell,0.0634265132338081,291.15823316230484
25,25,0,83,214.0,pos+cell,0.0840232922989434,297.06527271650583
25,25,0,83,215.0,pos+cell,0.0669814883455457,303.5991366424958
25,25,0,83,219.0,pos+cell,0.0996748954957803,303.5991366424958
25,25,0,83,221.0,pos+cell,0.0682177349025976,318.38931326591756
25,25,0,83,227.0,pos+cell,0.08244377493911,335.21794974884074
25,25,0,83,230.0,pos+cell,0.077229023933123,353.79428043100165
25,25,0,83,231.0,pos+cell,0.1489760206856882,353.79428043100165
25,25,0,83,232.0,pos+cell,0.0860699041461417,344.30471003132294
25,25,0,83,233.0,pos+cell,0.0591362007243964,344.30471003132294
25,25,0,83,234.0,pos+cell,0.0812950156500565,353.79428043100165
25,25,0,83,235.0,pos+cell,0.1316842751820761,353.79428043100165
25,25,0,85,,pos,0.0146969549453791,
25,25,0,85,3.0,pos+cell,0.0199760768378639,271.56059647995505
25,25,0,85,14.0,pos+cell,0.0264145369805872,274.884149328186
25,25,0,85,15.0,pos+cell,0.0219991200272842,274.884149328186
25,25,0,85,69.0,pos+cell,0.0249649328225248,89.99999999999983
25,25,0,85,71.0,pos+cell,0.0242139099880024,74.99999999999986
25,25,0,85,76.0,pos+cell,0.0345113767704172,45.00000000000036
25,25,0,85,79.0,pos+cell,0.0358979203501158,59.99999999999989
25,25,0,85,82.0,pos+cell,0.0198113890398345,59.99999999999989
25,25,0,85,83.0,pos+cell,0.024767553706591,59.99999999999989
25,25,0,85,87.0,pos+cell,0.0248006032807645,29.999999999999947
25,25,0,85,88.0,pos+cell,0.02015439402018,14.999999999999972
25,25,0,85,89.0,pos+cell,0.0189127124940613,14.999999999999972
25,25,0,85,91.0,pos+cell,0.018241971283276,0.0
25,25,0,85,95.0,pos+cell,0.0340650360525281,15.000000000000243
25,25,0,85,96.0,pos+cell,0.0238298515672507,30.000000000000217
25,25,0,85,101.0,pos+cell,0.0448383997439997,44.999999999999744
25,25,0,85,104.0,pos+cell,0.0374230207148773,60.00000000000016
25,25,0,85,105.0,pos+cell,0.0179663433906264,75.00000000000014
25,25,0,85,109.0,pos+cell,0.0156160807079978,90.00000000000011
25,25,0,85,110.0,pos+cell,0.022031087598441,90.00000000000011
25,25,0,85,111.0,pos+cell,0.0332468793901326,90.00000000000011
25,25,0,85,120.0,pos+cell,0.021092480792618,165.00000000000068
25,25,0,85,207.0,pos+cell,0.0143472926339899,274.56402501210664
25,25,0,85,214.0,pos+cell,0.0282271863733096,277.5970341326973
25,25,0,85,215.0,pos+cell,0.0301149113978959,281.39797953732915
25,25,0,85,219.0,pos+cell,0.0177673878416852,281.39797953732915
25,25,0,85,221.0,pos+cell,0.0134288245303807,291.17733762182365
25,25,0,85,227.0,pos+cell,0.0259562540052098,303.6176230085729
25,25,0,85,230.0,pos+cell,0.0206435854696469,318.40709800225625
25,25,0,85,231.0,pos+cell,0.020927367726843,318.40709800225625
25,25,0,85,232.0,pos+cell,0.0188467246532839,310.73842782925516
25,25,0,85,233.0,pos+cell,0.0214200133329018,310.73842782925516
25,25,0,85,234.0,pos+cell,0.0443424996514916,318.40709800225625
25,25,0,85,235.0,pos+cell,0.0163192371118479,318.40709800225625
25,25,0,87,,pos,0.0824800454953925,
25,25,0,87,3.0,pos+cell,0.1190273327876727,271.5942710127659
25,25,0,87,14.0,pos+cell,0.1199996752488318,281.388526207933
25,25,0,87,15.0,pos+cell,0.0947872638341138,281.388526207933
25,25,0,87,69.0,pos+cell,0.1026773702056204,59.99999999999989
25,25,0,87,71.0,pos+cell,0.1050324241066585,44.999999999999915
25,25,0,87,76.0,pos+cell,0.0999509732600753,15.00000000000042
25,25,0,87,79.0,pos+cell,0.0976303838003558,29.999999999999947
25,25,0,87,82.0,pos+cell,0.1117048214512691,29.999999999999947
25,25,0,87,83.0,pos+cell,0.2194412930749155,29.999999999999947
25,25,0,87,85.0,pos+cell,0.0958851974949303,29.999999999999947
25,25,0,87,88.0,pos+cell,0.0958879266496872,14.999999999999972
25,25,0,87,89.0,pos+cell,0.1241215382973293,14.999999999999972
25,25,0,87,91.0,pos+cell,0.1453688010612862,29.999999999999947
25,25,0,87,95.0,pos+cell,0.1556895137503546,45.00000000000019
25,25,0,87,96.0,pos+cell,0.0869108077352281,60.00000000000016
25,25,0,87,101.0,pos+cell,0.1041023904277126,74.99999999999969
25,25,0,87,104.0,pos+cell,0.1004391873248552,90.00000000000011
25,25,0,87,105.0,pos+cell,0.1076056856141371,105.00000000000009
25,25,0,87,109.0,pos+cell,0.1018489810169278,120.00000000000006
25,25,0,87,110.0,pos+cell,0.1291381564560425,120.00000000000006
25,25,0,87,111.0,pos+cell,0.1172979542980226,120.00000000000006
25,25,0,87,120.0,pos+cell,0.1079267333740892,195.00000000000065
25,25,0,87,207.0,pos+cell,0.0879556906389719,281.3880954918347
25,25,0,87,214.0,pos+cell,0.1005263010073315,285.92646748194005
25,25,0,87,215.0,pos+cell,0.0991821490471391,291.16769966615453
25,25,0,87,219.0,pos+cell,0.115612014604518,291.16769966615453
25,25,0,87,221.0,pos+cell,0.0849380214722699,303.60829760274675
25,25,0,87,227.0,pos+cell,0.1126548456936773,318.39812722061686
25,25,0,87,230.0,pos+cell,0.0991220637592874,335.2263958311671
25,25,0,87,231.0,pos+cell,0.1827550396298952,335.2263958311671
25,25,0,87,232.0,pos+cell,0.1043185066794516,326.5762574648918
25,25,0,87,233.0,pos+cell,0.0876567592329836,326.5762574648918
25,25,0,87,234.0,pos+cell,0.1051656379426447,335.2263958311671
25,25,0,87,235.0,pos+cell,0.1589041079941311,335.2263958311671
25,25,0,88,,pos,0.0133732668980396,
25,25,0,88,3.0,pos+cell,0.020737973299239,271.16287135917474
25,25,0,88,14.0,pos+cell,0.0174245086154785,277.7506059699538
25,25,0,88,15.0,pos+cell,0.0151484919595534,277.7506059699538
25,25,0,88,69.0,pos+cell,0.0271247137379115,74.99999999999986
25,25,0,88,71.0,pos+cell,0.0185167994345299,59.99999999999989
25,25,0,88,76.0,pos+cell,0.0146618100116075,30.00000000000039
25,25,0,88,79.0,pos+cell,0.0192841023682894,44.999999999999915
25,25,0,88,82.0,pos+cell,0.0260686292872405,44.999999999999915
25,25,0,88,83.0,pos+cell,0.0253833430164014,44.999999999999915
25,25,0,88,85.0,pos+cell,0.0193997321835955,14.999999999999972
25,25,0,88,87.0,pos+cell,0.0273000350657741,14.999999999999972
25,25,0,88,89.0,pos+cell,0.0264800660831381,0.0
25,25,0,88,91.0,pos+cell,0.0209506472674377,14.999999999999972
25,25,0,88,95.0,pos+cell,0.0338054352370787,30.000000000000217
25,25,0,88,96.0,pos+cell,0.0125231817051434,45.00000000000019
25,25,0,88,101.0,pos+cell,0.0183412757721783,59.99999999999971
25,25,0,88,104.0,pos+cell,0.0253687927062275,75.00000000000014
25,25,0,88,105.0,pos+cell,0.0164594808341188,90.00000000000011
25,25,0,88,109.0,pos+cell,0.0152388029087286,105.00000000000009
25,25,0,88,110.0,pos+cell,0.0213186373701095,105.00000000000009
25,25,0,88,111.0,pos+cell,0.0207269777075459,105.00000000000009
25,25,0,88,120.0,pos+cell,0.0152157600815153,180.00000000000065
25,25,0,88,207.0,pos+cell,0.0143747646166228,277.59202448500804
25,25,0,88,214.0,pos+cell,0.013399678951575,281.3930153415067
25,25,0,88,215.0,pos+cell,0.0182344725575088,285.9313311064136
25,25,0,88,219.0,pos+cell,0.0183153265542438,285.9313311064136
25,25,0,88,221.0,pos+cell,0.0151612713302534,297.0793162757814
25,25,0,88,227.0,pos+cell,0.0134377045932293,310.7338317748584
25,25,0,88,230.0,pos+cell,0.0194074791131932,326.5806305647755
25,25,0,88,231.0,pos+cell,0.0176839418706193,326.5806305647755
25,25,0,88,232.0,pos+cell,0.0179560941833287,318.4025930088922
25,25,0,88,233.0,pos+cell,0.0102909691518838,318.4025930088922
25,25,0,88,234.0,pos+cell,0.0261711463246006,326.5806305647755
25,25,0,88,235.0,pos+cell,0.0152477605252087,326.5806305647755
25,25,0,89,,pos,0.0418447048539405,
25,25,0,89,3.0,pos+cell,0.0495816501988422,271.16287135917474
25,25,0,89,14.0,pos+cell,0.1409999040024847,277.7506059699538
25,25,0,89,15.0,pos+cell,0.064105843607666,277.7506059699538
25,25,0,89,69.0,pos+cell,0.0757576137174331,74.99999999999986
25,25,0,89,71.0,pos+cell,0.049661613528425,59.99999999999989
25,25,0,89,76.0,pos+cell,0.0531833434605643,30.00000000000039
25,25,0,89,79.0,pos+cell,0.0703342935302237,44.999999999999915
25,25,0,89,82.0,pos+cell,0.2483788350197716,44.999999999999915
25,25,0,89,83.0,pos+cell,0.0791000627871794,44.999999999999915
25,25,0,89,85.0,pos+cell,0.0495534641676625,14.999999999999972
25,25,0,89,87.0,pos+cell,0.0772848616468003,14.999999999999972
25,25,0,89,88.0,pos+cell,0.0455045548705842,0.0
25,25,0,89,91.0,pos+cell,0.0899124988528316,14.999999999999972
25,25,0,89,95.0,pos+cell,0.0821462839672494,30.000000000000217
25,25,0,89,96.0,pos+cell,0.0485795008671761,45.00000000000019
25,25,0,89,101.0,pos+cell,0.0550878940096419,59.99999999999971
25,25,0,89,104.0,pos+cell,0.0583735198613005,75.00000000000014
25,25,0,89,105.0,pos+cell,0.1094623884136911,90.00000000000011
25,25,0,89,109.0,pos+cell,0.069339126979346,105.00000000000009
25,25,0,89,110.0,pos+cell,0.170262751026798,105.00000000000009
25,25,0,89,111.0,pos+cell,0.090197353099699,105.00000000000009
25,25,0,89,120.0,pos+cell,0.0632763117471594,180.00000000000065
25,25,0,89,207.0,pos+cell,0.0467113272419959,277.59202448500804
25,25,0,89,214.0,pos+cell,0.064956447833524,281.3930153415067
25,25,0,89,215.0,pos+cell,0.0563171465728336,285.9313311064136
25,25,0,89,219.0,pos+cell,0.0777191014512753,285.9313311064136
25,25,0,89,221.0,pos+cell,0.0795096428757213,297.0793162757814
25,25,0,89,227.0,pos+cell,0.1031482104080852,310.7338317748584
25,25,0,89,230.0,pos+cell,0.0850623095038439,326.5806305647755
25,25,0,89,231.0,pos+cell,0.0868586842318018,326.5806305647755
25,25,0,89,232.0,pos+cell,0.0563836779713593,318.4025930088922
25,25,0,89,233.0,pos+cell,0.036463883828803,318.4025930088922
25,25,0,89,234.0,pos+cell,0.0945820154179285,326.5806305647755
25,25,0,89,235.0,pos+cell,0.0800252053602505,326.5806305647755
25,25,0,91,,pos,0.0311571092381154,
25,25,0,91,3.0,pos+cell,0.0428870332864416,271.56059647995505
25,25,0,91,14.0,pos+cell,0.0410382505044197,274.884149328186
25,25,0,91,15.0,pos+cell,0.0367971230599883,274.884149328186
25,25,0,91,69.0,pos+cell,0.0680816957333775,89.99999999999983
25,25,0,91,71.0,pos+cell,0.0564011518492442,74.99999999999986
25,25,0,91,76.0,pos+cell,0.0616964076427355,45.00000000000036
25,25,0,91,79.0,pos+cell,0.074526984736043,59.99999999999989
25,25,0,91,82.0,pos+cell,0.0470008799171112,59.99999999999989
25,25,0,91,83.0,pos+cell,0.0485646600302461,59.99999999999989
25,25,0,91,85.0,pos+cell,0.0414760577476089,0.0
25,25,0,91,87.0,pos+cell,0.0495080681334609,29.999999999999947
25,25,0,91,88.0,pos+cell,0.0410458278107623,14.999999999999972
25,25,0,91,89.0,pos+cell,0.0421324009968168,14.999999999999972
25,25,0,91,95.0,pos+cell,0.0553612742960083,15.000000000000243
25,25,0,91,96.0,pos+cell,0.0465471084835294,30.000000000000217
25,25,0,91,101.0,pos+cell,0.0560300994582925,44.999999999999744
25,25,0,91,104.0,pos+cell,0.0737444184146442,60.00000000000016
25,25,0,91,105.0,pos+cell,0.0634252156092316,75.00000000000014
25,25,0,91,109.0,pos+cell,0.0423265443783181,90.00000000000011
25,25,0,91,110.0,pos+cell,0.0478170294481448,90.00000000000011
25,25,0,91,111.0,pos+cell,0.0640323479293347,90.00000000000011
25,25,0,91,120.0,pos+cell,0.043322713885027,165.00000000000068
25,25,0,91,207.0,pos+cell,0.0344776406689096,274.56402501210664
25,25,0,91,214.0,pos+cell,0.0596524414380766,277.5970341326973
25,25,0,91,215.0,pos+cell,0.0607643557345439,281.39797953732915
25,25,0,91,219.0,pos+cell,0.0499774670114233,281.39797953732915
25,25,0,91,221.0,pos+cell,0.0328033726625186,291.17733762182365
25,25,0,91,227.0,pos+cell,0.0750153365353172,303.6176230085729
25,25,0,91,230.0,pos+cell,0.0639705012683497,318.40709800225625
25,25,0,91,231.0,pos+cell,0.0763677168406203,318.40709800225625
25,25,0,91,232.0,pos+cell,0.0475698721712954,310.73842782925516
25,25,0,91,233.0,pos+cell,0.0328317998513582,310.73842782925516
25,25,0,91,234.0,pos+cell,0.0542870255585054,318.40709800225625
25,25,0,91,235.0,pos+cell,0.1017052667328718,318.40709800225625
25,25,0,95,,pos,0.0220289305873412,
25,25,0,95,3.0,pos+cell,0.0280332285893798,272.78381974989935
25,25,0,95,14.0,pos+cell,0.0326244220599493,272.8134747168555
25,25,0,95,15.0,pos+cell,0.0237315806971138,272.8134747168555
25,25,0,95,69.0,pos+cell,0.032231853203346,105.00000000000009
25,25,0,95,71.0,pos+cell,0.026372104399699,90.00000000000011
25,25,0,95,76.0,pos+cell,0.023883224082858,60.00000000000061
25,25,0,95,79.0,pos+cell,0.0273957319519109,75.00000000000014
25,25,0,95,82.0,pos+cell,0.0274615691763332,75.00000000000014
25,25,0,95,83.0,pos+cell,0.0333683413135774,75.00000000000014
25,25,0,95,85.0,pos+cell,0.0279076122820368,15.000000000000243
25,25,0,95,87.0,pos+cell,0.0395620777870171,45.00000000000019
25,25,0,95,88.0,pos+cell,0.0267600224755381,30.000000000000217
25,25,0,95,89.0,pos+cell,0.0341936677193367,30.000000000000217
25,25,0,95,91.0,pos+cell,0.028857484029092,15.000000000000243
25,25,0,95,96.0,pos+cell,0.0297896542936012,14.999999999999972
25,25,0,95,101.0,pos+cell,0.048134914275802,29.9999999999995
25,25,0,95,104.0,pos+cell,0.0351005509038866,44.999999999999915
25,25,0,95,105.0,pos+cell,0.0360524181955303,59.99999999999989
25,25,0,95,109.0,pos+cell,0.025109730531942,74.99999999999986
25,25,0,95,110.0,pos+cell,0.0424747018802163,74.99999999999986
25,25,0,95,111.0,pos+cell,0.0417850550441634,74.99999999999986
25,25,0,95,120.0,pos+cell,0.0300832242847774,150.00000000000043
25,25,0,95,207.0,pos+cell,0.0226767943557361,272.32971854722734
25,25,0,95,214.0,pos+cell,0.0280291688823094,274.56911267576027
25,25,0,95,215.0,pos+cell,0.0304443915777694,277.60208872970793
25,25,0,95,219.0,pos+cell,0.0266190303088465,277.60208872970793
25,25,0,95,221.0,pos+cell,0.025146385831104,285.94118928580605
25,25,0,95,227.0,pos+cell,0.0340655748109218,297.08888870717743
25,25,0,95,230.0,pos+cell,0.0407411386217715,310.74306405187923
25,25,0,95,231.0,pos+cell,0.0355928413782267,310.74306405187923
25,25,0,95,232.0,pos+cell,0.0270119156001505,303.62234737385205
25,25,0,95,233.0,pos+cell,0.0211301388706282,303.62234737385205
25,25,0,95,234.0,pos+cell,0.0431919734076268,310.74306405187923
25,25,0,95,235.0,pos+cell,0.0262096994558054,310.74306405187923
25,25,0,96,,pos,0.0063235327302503,
25,25,0,96,3.0,pos+cell,0.0216110686780722,274.82151857913567
25,25,0,96,14.0,pos+cell,0.0234049484125413,271.5567867358286
25,25,0,96,15.0,pos+cell,0.011734963833331,271.5567867358286
25,25,0,96,69.0,pos+cell,0.0270152721733926,120.00000000000006
25,25,0,96,71.0,pos+cell,0.0285589860635843,105.00000000000009
25,25,0,96,76.0,pos+cell,0.0368223154809674,75.00000000000058
25,25,0,96,79.0,pos+cell,0.0366488642449185,90.00000000000011
25,25,0,96,82.0,pos+cell,0.0267340867724082,90.00000000000011
25,25,0,96,83.0,pos+cell,0.0162707110995642,90.00000000000011
25,25,0,96,85.0,pos+cell,0.0332895054467064,30.000000000000217
25,25,0,96,87.0,pos+cell,0.0183634719075879,60.00000000000016
25,25,0,96,88.0,pos+cell,0.0183110108655295,45.00000000000019
25,25,0,96,89.0,pos+cell,0.0311641327194246,45.00000000000019
25,25,0,96,91.0,pos+cell,0.03238986043708,30.000000000000217
25,25,0,96,95.0,pos+cell,0.0422761737972749,14.999999999999972
25,25,0,96,101.0,pos+cell,0.0255546958434985,14.999999999999526
25,25,0,96,104.0,pos+cell,0.0607080685253584,29.999999999999947
25,25,0,96,105.0,pos+cell,0.0198010676897775,44.999999999999915
25,25,0,96,109.0,pos+cell,0.0211626030824261,59.99999999999989
25,25,0,96,110.0,pos+cell,0.0343444002388005,59.99999999999989
25,25,0,96,111.0,pos+cell,0.02151398532505,59.99999999999989
25,25,0,96,120.0,pos+cell,0.0274009760040366,135.00000000000048
25,25,0,96,207.0,pos+cell,0.0063874279727501,270.90874363367357
25,25,0,96,214.0,pos+cell,0.020043240231128,272.3348709068283
25,25,0,96,215.0,pos+cell,0.017340861042248,274.5742457815412
25,25,0,96,219.0,pos+cell,0.0121889149852297,274.5742457815412
25,25,0,96,221.0,pos+cell,0.0154028112731686,281.40804095801684
25,25,0,96,227.0,pos+cell,0.0178198727719486,291.1871470122876
25,25,0,96,230.0,pos+cell,0.0243323323370375,303.6271128448222
25,25,0,96,231.0,pos+cell,0.022483221460261,303.6271128448222
25,25,0,96,232.0,pos+cell,0.0163990828296144,297.09373793437493
25,25,0,96,233.0,pos+cell,0.0190873817237577,297.09373793437493
25,25,0,96,234.0,pos+cell,0.0183113593634454,303.6271128448222
25,25,0,96,235.0,pos+cell,0.018903085161894,303.6271128448222
25,25,1,97,,pos,0.0505910722979454,
25,25,1,97,11.0,pos+cell,0.0663321005442814,271.5418526640327
25,25,1,97,32.0,pos+cell,0.0582311565414846,296.5577107099797
25,25,1,97,106.0,pos+cell,0.0514047372758343,29.999999999999947
25,25,1,97,206.0,pos+cell,0.0589346586470227,270.3087361564774
25,25,1,97,209.0,pos+cell,0.0503851209360532,270.3087361564774
25,25,1,97,293.0,pos+cell,0.052813942620437,450.06395238193727
25,25,0,101,,pos,0.0110121530901471,
25,25,0,101,3.0,pos+cell,0.0424843353784531,277.65576138617905
25,25,0,101,14.0,pos+cell,0.0382746244301235,271.1254043012057
25,25,0,101,15.0,pos+cell,0.0260031502670484,271.1254043012057
25,25,0,101,69.0,pos+cell,0.040763194701199,134.99999999999957
25,25,0,101,71.0,pos+cell,0.0280540109552823,119.9999999999996
25,25,0,101,76.0,pos+cell,0.023220892752791,90.00000000000011
25,25,0,101,79.0,pos+cell,0.0313188095206073,104.99999999999964
25,25,0,101,82.0,pos+cell,0.0209579330675213,104.99999999999964
25,25,0,101,83.0,pos+cell,0.0503587855947139,104.99999999999964
25,25,0,101,85.0,pos+cell,0.0374812105030371,44.999999999999744
25,25,0,101,87.0,pos+cell,0.0476920448670403,74.99999999999969
25,25,0,101,88.0,pos+cell,0.0079969189885241,59.99999999999971
25,25,0,101,89.0,pos+cell,0.0288552904009034,59.99999999999971
25,25,0,101,91.0,pos+cell,0.0271774104340397,44.999999999999744
25,25,0,101,95.0,pos+cell,0.049718930668794,29.9999999999995
25,25,0,101,96.0,pos+cell,0.0523976851202282,14.999999999999526
25,25,0,101,104.0,pos+cell,0.1150614382097495,15.00000000000042
25,25,0,101,105.0,pos+cell,0.0418845479867862,30.00000000000039
25,25,0,101,109.0,pos+cell,0.0115142918362491,45.00000000000036
25,25,0,101,110.0,pos+cell,0.0356344123631438,45.00000000000036
25,25,0,101,111.0,pos+cell,0.0301683770595094,45.00000000000036
25,25,0,101,120.0,pos+cell,0.0539979255824479,120.00000000000097
25,25,0,101,207.0,pos+cell,0.0087021588404649,270.3139270373224
25,25,0,101,214.0,pos+cell,0.0635867444003167,270.91394609381655
25,25,0,101,215.0,pos+cell,0.0426697998296646,272.34006907891427
25,25,0,101,219.0,pos+cell,0.0128137505893892,272.34006907891427
25,25,0,101,221.0,pos+cell,0.0203015374205141,277.612332761851
25,25,0,101,227.0,pos+cell,0.0414458840894878,285.95122202404656
25,25,0,101,230.0,pos+cell,0.0294726105748834,297.0986291665017
25,25,0,101,231.0,pos+cell,0.0339566461176235,297.0986291665017
25,25,0,101,232.0,pos+cell,0.0196183129239425,291.1921159901657
25,25,0,101,233.0,pos+cell,0.0212894258329932,291.1921159901657
25,25,0,101,234.0,pos+cell,0.0445117939206088,297.0986291665017
25,25,0,101,235.0,pos+cell,0.0256941131959286,297.0986291665017
25,25,0,104,,pos,0.0250940941824657,
25,25,0,104,3.0,pos+cell,0.0505271935288144,281.2624692128964
25,25,0,104,14.0,pos+cell,0.0392983237803517,271.52326105270646
25,25,0,104,15.0,pos+cell,0.0431904337576557,271.52326105270646
25,25,0,104,69.0,pos+cell,0.0406292029030455,150.0
25,25,0,104,71.0,pos+cell,0.035227330240469,135.00000000000003
25,25,0,104,76.0,pos+cell,0.0313914852279943,105.00000000000053
25,25,0,104,79.0,pos+cell,0.0437629761461496,120.00000000000006
25,25,0,104,82.0,pos+cell,0.0340079976393658,120.00000000000006
25,25,0,104,83.0,pos+cell,0.0681469512693795,120.00000000000006
25,25,0,104,85.0,pos+cell,0.0372575790070254,60.00000000000016
25,25,0,104,87.0,pos+cell,0.064784300774205,90.00000000000011
25,25,0,104,88.0,pos+cell,0.0295776158731642,75.00000000000014
25,25,0,104,89.0,pos+cell,0.0469385457774903,75.00000000000014
25,25,0,104,91.0,pos+cell,0.0565250228181828,60.00000000000016
25,25,0,104,95.0,pos+cell,0.054440150314823,44.999999999999915
25,25,0,104,96.0,pos+cell,0.0752957401595273,29.999999999999947
25,25,0,104,101.0,pos+cell,0.0910944642493517,15.00000000000042
25,25,0,104,105.0,pos+cell,0.0499331318848275,14.999999999999972
25,25,0,104,109.0,pos+cell,0.0312784116446593,29.999999999999947
25,25,0,104,110.0,pos+cell,0.0852531492890973,29.999999999999947
25,25,0,104,111.0,pos+cell,0.0547504783295977,29.999999999999947
25,25,0,104,120.0,pos+cell,0.0351154194122701,105.00000000000053
25,25,0,104,207.0,pos+cell,0.0269102799676969,270.55071783956197
25,25,0,104,214.0,pos+cell,0.0554525790963956,270.3191640716725
25,25,0,104,215.0,pos+cell,0.0528824425362472,270.9191946047997
25,25,0,104,219.0,pos+cell,0.0356056418134356,270.9191946047997
25,25,0,104,221.0,pos+cell,0.0381045952664005,274.5846483092679
25,25,0,104,227.0,pos+cell,0.0480223717388658,281.41827973487324
25,25,0,104,230.0,pos+cell,0.0406340371230726,291.19712782022157
25,25,0,104,231.0,pos+cell,0.0486008464642301,291.19712782022157
25,25,0,104,232.0,pos+cell,0.0309827093160638,285.95630384700553
25,25,0,104,233.0,pos+cell,0.0279742565627481,285.95630384700553
25,25,0,104,234.0,pos+cell,0.0395697396993062,291.19712782022157
25,25,0,104,235.0,pos+cell,0.0430160704403758,291.19712782022157
25,25,0,105,,pos,0.0199518030844662,
25,25,0,105,3.0,pos+cell,0.0271411703323701,285.6123795365532
25,25,0,105,14.0,pos+cell,0.0280971020254115,272.74672817084377
25,25,0,105,15.0,pos+cell,0.0224199416892401,272.74672817084377
25,25,0,105,69.0,pos+cell,0.0466548052606467,164.99999999999997
25,25,0,105,71.0,pos+cell,0.0251203705837223,150.0
25,25,0,105,76.0,pos+cell,0.0233110742708962,120.0000000000005
25,25,0,105,79.0,pos+cell,0.0249547692884949,135.00000000000003
25,25,0,105,82.0,pos+cell,0.0335168212018147,135.00000000000003
25,25,0,105,83.0,pos+cell,0.0271910098627353,135.00000000000003
25,25,0,105,85.0,pos+cell,0.0230383676420438,75.00000000000014
25,25,0,105,87.0,pos+cell,0.0288197616408084,105.00000000000009
25,25,0,105,88.0,pos+cell,0.0254310388003928,90.00000000000011
25,25,0,105,89.0,pos+cell,0.0411272653305102,90.00000000000011
25,25,0,105,91.0,pos+cell,0.0398628363285858,75.00000000000014
25,25,0,105,95.0,pos+cell,0.0410353032079034,59.99999999999989
25,25,0,105,96.0,pos+cell,0.0244106877715322,44.999999999999915
25,25,0,105,101.0,pos+cell,0.0416937874828866,30.00000000000039
25,25,0,105,104.0,pos+cell,0.0408061507104345,14.999999999999972
25,25,0,105,109.0,pos+cell,0.0213742770743102,14.999999999999972
25,25,0,105,110.0,pos+cell,0.0396696220769008,14.999999999999972
25,25,0,105,111.0,pos+cell,0.053238375031031,14.999999999999972
25,25,0,105,120.0,pos+cell,0.0250398808474387,90.00000000000055
25,25,0,105,207.0,pos+cell,0.020886188460139,271.6169411076299
25,25,0,105,214.0,pos+cell,0.0487778570153185,270.55597339680435
25,25,0,105,215.0,pos+cell,0.0280228009932266,270.32444725684525
25,25,0,105,219.0,pos+cell,0.0258875386661466,270.32444725684525
25,25,0,105,221.0,pos+cell,0.021086503131827,272.35060285002504
25,25,0,105,227.0,pos+cell,0.0515275770165542,277.62275656153486
25,25,0,105,230.0,pos+cell,0.0420997090034265,285.9614293027619
25,25,0,105,231.0,pos+cell,0.033134868423172,285.9614293027619
25,25,0,105,232.0,pos+cell,0.0233360856581205,281.42346562582856
25,25,0,105,233.0,pos+cell,0.0197586204798937,281.42346562582856
25,25,0,105,234.0,pos+cell,0.0410487095076145,285.9614293027619
25,25,0,105,235.0,pos+cell,0.0316440216095879,285.9614293027619
25,25,1,106,,pos,-0.0001025518371473,
25,25,1,106,11.0,pos+cell,0.0022115675076167,274.80307301814474
25,25,1,106,32.0,pos+cell,0.0041977704016812,285.70686818201864
25,25,1,106,97.0,pos+cell,0.0040187858119159,29.999999999999947
25,25,1,106,206.0,pos+cell,0.0063467279138738,271.61172909614334
25,25,1,106,209.0,pos+cell,-0.0007190918058312,271.61172909614334
25,25,1,106,293.0,pos+cell,8.40464210193903e-05,451.1276613084202
25,25,0,109,,pos,0.0235746245413893,
25,25,0,109,3.0,pos+cell,0.0266314885215243,290.6721281810981
25,25,0,109,14.0,pos+cell,0.0298430019328027,274.7847778955451
25,25,0,109,15.0,pos+cell,0.0234765219849792,274.7847778955451
25,25,0,109,69.0,pos+cell,0.0254905824067586,179.99999999999994
25,25,0,109,71.0,pos+cell,0.0282666693565929,164.99999999999997
25,25,0,109,76.0,pos+cell,0.0242509636318492,135.00000000000048
25,25,0,109,79.0,pos+cell,0.0254604027248797,150.0
25,25,0,109,82.0,pos+cell,0.0297639325229837,150.0
25,25,0,109,83.0,pos+cell,0.0374987144757207,150.0
25,25,0,109,85.0,pos+cell,0.0241025854418986,90.00000000000011
25,25,0,109,87.0,pos+cell,0.0358745839083566,120.00000000000006
25,25,0,109,88.0,pos+cell,0.0230305129672108,105.00000000000009
25,25,0,109,89.0,pos+cell,0.0316673810688934,105.00000000000009
25,25,0,109,91.0,pos+cell,0.0359265147340622,90.00000000000011
25,25,0,109,95.0,pos+cell,0.0304377251254256,74.99999999999986
25,25,0,109,96.0,pos+cell,0.027927957307905,59.99999999999989
25,25,0,109,101.0,pos+cell,0.0252345896966567,45.00000000000036
25,25,0,109,104.0,pos+cell,0.0277975524175121,29.999999999999947
25,25,0,109,105.0,pos+cell,0.026611711446901,14.999999999999972
25,25,0,109,110.0,pos+cell,0.0300799533912461,0.0
25,25,0,109,111.0,pos+cell,0.0277414219373684,0.0
25,25,0,109,120.0,pos+cell,0.0269005151147007,75.00000000000058
25,25,0,109,207.0,pos+cell,0.0218712117779375,273.50289663882734
25,25,0,109,214.0,pos+cell,0.0246327920752422,271.6221990504031
25,25,0,109,215.0,pos+cell,0.0263680216493816,270.56127506375424
25,25,0,109,219.0,pos+cell,0.0273385560579699,270.56127506375424
25,25,0,109,221.0,pos+cell,0.0224975101403172,270.92982976855797
25,25,0,109,227.0,pos+cell,0.0281906818233878,274.59523257463
25,25,0,109,230.0,pos+cell,0.0260974176229207,281.4286958485409
25,25,0,109,231.0,pos+cell,0.0331542975782511,281.4286958485409
25,25,0,109,232.0,pos+cell,0.0250065420547581,277.6280358678908
25,25,0,109,233.0,pos+cell,0.0233108870399455,277.6280358678908
25,25,0,109,234.0,pos+cell,0.023219319343193,281.4286958485409
25,25,0,109,235.0,pos+cell,0.0309852084636856,281.4286958485409
25,25,0,110,,pos,0.0309648125455704,
25,25,0,110,3.0,pos+cell,0.0443462346812111,290.6721281810981
25,25,0,110,14.0,pos+cell,0.0657814368789437,274.7847778955451
25,25,0,110,15.0,pos+cell,0.0404455390119726,274.7847778955451
25,25,0,110,69.0,pos+cell,0.0545330608250138,179.99999999999994
25,25,0,110,71.0,pos+cell,0.0406083184683321,164.99999999999997
25,25,0,110,76.0,pos+cell,0.039612540315392,135.00000000000048
25,25,0,110,79.0,pos+cell,0.0428312418134912,150.0
25,25,0,110,82.0,pos+cell,0.0574595534095514,150.0
25,25,0,110,83.0,pos+cell,0.0751707128919964,150.0
25,25,0,110,85.0,pos+cell,0.0399915167745474,90.00000000000011
25,25,0,110,87.0,pos+cell,0.0858617835889607,120.00000000000006
25,25,0,110,88.0,pos+cell,0.0346311627397982,105.00000000000009
25,25,0,110,89.0,pos+cell,0.0651843300681534,105.00000000000009
25,25,0,110,91.0,pos+cell,0.0782809278388846,90.00000000000011
25,25,0,110,95.0,pos+cell,0.0848112139378608,74.99999999999986
25,25,0,110,96.0,pos+cell,0.0371453334404304,59.99999999999989
25,25,0,110,101.0,pos+cell,0.0591478988025163,45.00000000000036
25,25,0,110,104.0,pos+cell,0.0582938662229407,29.999999999999947
25,25,0,110,105.0,pos+cell,0.0867973903308702,14.999999999999972
25,25,0,110,109.0,pos+cell,0.0380027950872206,0.0
25,25,0,110,111.0,pos+cell,0.0765026126900694,0.0
25,25,0,110,120.0,pos+cell,0.0434708154505881,75.00000000000058
25,25,0,110,207.0,pos+cell,0.0311040416118932,273.50289663882734
25,25,0,110,214.0,pos+cell,0.0464892807562657,271.6221990504031
25,25,0,110,215.0,pos+cell,0.0445780329564918,270.56127506375424
25,25,0,110,219.0,pos+cell,0.0631792622742629,270.56127506375424
25,25,0,110,221.0,pos+cell,0.0443218032628459,270.92982976855797
25,25,0,110,227.0,pos+cell,0.0659772640336791,274.59523257463
25,25,0,110,230.0,pos+cell,0.0586249931120237,281.4286958485409
25,25,0,110,231.0,pos+cell,0.0769464130519406,281.4286958485409
25,25,0,110,232.0,pos+cell,0.046181975034698,277.6280358678908
25,25,0,110,233.0,pos+cell,0.030260147631073,277.6280358678908
25,25,0,110,234.0,pos+cell,0.0754188938695233,281.4286958485409
25,25,0,110,235.0,pos+cell,0.0771861251996144,281.4286958485409
25,25,0,111,,pos,0.0672149095590421,
25,25,0,111,3.0,pos+cell,0.0768092910641733,290.6721281810981
25,25,0,111,14.0,pos+cell,0.1174614038361168,274.7847778955451
25,25,0,111,15.0,pos+cell,0.0855415839671877,274.7847778955451
25,25,0,111,69.0,pos+cell,0.1649916313046563,179.99999999999994
25,25,0,111,71.0,pos+cell,0.0915710202178634,164.99999999999997
25,25,0,111,76.0,pos+cell,0.0853711063131087,135.00000000000048
25,25,0,111,79.0,pos+cell,0.0933442045204461,150.0
25,25,0,111,82.0,pos+cell,0.307383990590193,150.0
25,25,0,111,83.0,pos+cell,0.106411836404192,150.0
25,25,0,111,85.0,pos+cell,0.1633913354061397,90.00000000000011
25,25,0,111,87.0,pos+cell,0.1075581623597519,120.00000000000006
25,25,0,111,88.0,pos+cell,0.077013758730545,105.00000000000009
25,25,0,111,89.0,pos+cell,0.1127353293441494,105.00000000000009
25,25,0,111,91.0,pos+cell,0.1498290920015058,90.00000000000011
25,25,0,111,95.0,pos+cell,0.2251503209044764,74.99999999999986
25,25,0,111,96.0,pos+cell,0.1041940815742686,59.99999999999989
25,25,0,111,101.0,pos+cell,0.2318577587589946,45.00000000000036
25,25,0,111,104.0,pos+cell,0.1870690020925144,29.999999999999947
25,25,0,111,105.0,pos+cell,0.1688740677037877,14.999999999999972
25,25,0,111,109.0,pos+cell,0.0702321758670533,0.0
25,25,0,111,110.0,pos+cell,0.124282198816816,0.0
25,25,0,111,120.0,pos+cell,0.1286866282875677,75.00000000000058
25,25,0,111,207.0,pos+cell,0.0652946290257894,273.50289663882734
25,25,0,111,214.0,pos+cell,0.1222176539179575,271.6221990504031
25,25,0,111,215.0,pos+cell,0.115374868344771,270.56127506375424
25,25,0,111,219.0,pos+cell,0.0730498468538721,270.56127506375424
25,25,0,111,221.0,pos+cell,0.0665266380476551,270.92982976855797
25,25,0,111,227.0,pos+cell,0.1352996027297738,274.59523257463
25,25,0,111,230.0,pos+cell,0.1474630463333771,281.4286958485409
25,25,0,111,231.0,pos+cell,0.12991976709444,281.4286958485409
25,25,0,111,232.0,pos+cell,0.0817335210282863,277.6280358678908
25,25,0,111,233.0,pos+cell,0.0801840502038365,277.6280358678908
25,25,0,111,234.0,pos+cell,0.2067430758959137,281.4286958485409
25,25,0,111,235.0,pos+cell,0.110431763864508,281.4286958485409
25,25,0,120,,pos,0.0102443263791587,
25,25,0,120,3.0,pos+cell,0.0188296998808717,325.2991851900525
25,25,0,120,14.0,pos+cell,0.0207442659824793,296.3716523878825
25,25,0,120,15.0,pos+cell,0.0096489742020902,296.3716523878825
25,25,0,120,69.0,pos+cell,0.0188077563918276,255.00000000000057
25,25,0,120,71.0,pos+cell,0.022232691861826,240.00000000000057
25,25,0,120,76.0,pos+cell,0.0197590782050812,210.00000000000105
25,25,0,120,79.0,pos+cell,0.0190086807393602,225.00000000000057
25,25,0,120,82.0,pos+cell,0.0249079503256442,225.00000000000057
25,25,0,120,83.0,pos+cell,0.0164663333972284,225.00000000000057
25,25,0,120,85.0,pos+cell,0.0141703071662665,165.00000000000068
25,25,0,120,87.0,pos+cell,0.0235166641802438,195.00000000000065
25,25,0,120,88.0,pos+cell,0.0140130125385527,180.00000000000065
25,25,0,120,89.0,pos+cell,0.0242327468646011,180.00000000000065
25,25,0,120,91.0,pos+cell,0.0243150317461604,165.00000000000068
25,25,0,120,95.0,pos+cell,0.0203205310539089,150.00000000000043
25,25,0,120,96.0,pos+cell,0.0265805631949387,135.00000000000048
25,25,0,120,101.0,pos+cell,0.0515359750530489,120.00000000000097
25,25,0,120,104.0,pos+cell,0.0230008651548346,105.00000000000053
25,25,0,120,105.0,pos+cell,0.0210861779805476,90.00000000000055
25,25,0,120,109.0,pos+cell,0.0154359506155133,75.00000000000058
25,25,0,120,110.0,pos+cell,0.0201546389033336,75.00000000000058
25,25,0,120,111.0,pos+cell,0.0207308383743212,75.00000000000058
25,25,0,120,207.0,pos+cell,0.0086952491666534,294.43877688858544
25,25,0,120,214.0,pos+cell,0.0229085850214605,288.8235454363084
25,25,0,120,215.0,pos+cell,0.0101190841875801,283.8906258775594
25,25,0,120,219.0,pos+cell,0.0101317782110317,283.8906258775594
25,25,0,120,221.0,pos+cell,0.0122324439649186,276.2129279861073
25,25,0,120,227.0,pos+cell,0.0204139830050207,271.6491776394042
25,25,0,120,230.0,pos+cell,0.0150368857251876,270.35711538199
25,25,0,120,231.0,pos+cell,0.0237996701603157,270.35711538199
25,25,0,120,232.0,pos+cell,0.0206784493122249,270.58847494843087
25,25,0,120,233.0,pos+cell,0.0100093122131769,270.58847494843087
25,25,0,120,234.0,pos+cell,0.0291042733985386,270.35711538199
25,25,0,120,235.0,pos+cell,0.0278975295464238,270.35711538199
25,25,1,206,,pos,0.0105756883411338,
25,25,1,206,11.0,pos+cell,0.012518921280242,540.4391982129825
25,25,1,206,32.0,pos+cell,0.0167058383802818,552.6631474981871
25,25,1,206,97.0,pos+cell,0.0243165274711866,270.3087361564774
25,25,1,206,106.0,pos+cell,0.0139980999793376,271.61172909614334
25,25,1,206,209.0,pos+cell,0.0107935596580856,0.0
25,25,1,206,293.0,pos+cell,0.0140185359486097,180.11807051621892
25,25,0,207,,pos,0.0009405185384692,
25,25,0,207,3.0,pos+cell,0.003670643332496,543.7969565008349
25,25,0,207,14.0,pos+cell,0.007617725573019,540.1425662262671
25,25,0,207,15.0,pos+cell,0.00941475042359,540.1425662262671
25,25,0,207,69.0,pos+cell,0.0037143683798255,303.5901401427067
25,25,0,207,71.0,pos+cell,0.0058749654447644,297.06067556146115
25,25,0,207,76.0,pos+cell,0.0032192020934384,285.9216475039247
25,25,0,207,79.0,pos+cell,0.0069375507073784,291.15823316230484
25,25,0,207,82.0,pos+cell,0.0052144082016713,291.15823316230484
25,25,0,207,83.0,pos+cell,0.0030275641529461,291.15823316230484
25,25,0,207,85.0,pos+cell,0.0031265200259196,274.56402501210664
25,25,0,207,87.0,pos+cell,0.0037611076422609,281.3880954918347
25,25,0,207,88.0,pos+cell,0.003209070953984,277.59202448500804
25,25,0,207,89.0,pos+cell,0.0043073166329098,277.59202448500804
25,25,0,207,91.0,pos+cell,0.0053510101014034,274.56402501210664
25,25,0,207,95.0,pos+cell,0.0068846558993234,272.32971854722734
25,25,0,207,96.0,pos+cell,0.0029231518975001,270.90874363367357
25,25,0,207,101.0,pos+cell,0.0029738083182676,270.3139270373224
25,25,0,207,104.0,pos+cell,0.0034265548684109,270.55071783956197
25,25,0,207,105.0,pos+cell,0.0035385757757995,271.6169411076299
25,25,0,207,109.0,pos+cell,0.0033199785320898,273.50289663882734
25,25,0,207,110.0,pos+cell,0.0052705332535087,273.50289663882734
25,25,0,207,111.0,pos+cell,0.0048418617047535,273.50289663882734
25,25,0,207,120.0,pos+cell,0.0034284065025486,294.43877688858544
25,25,0,207,214.0,pos+cell,0.0053409386388146,14.999999999999874
25,25,0,207,215.0,pos+cell,0.0030531259634441,29.999999999999748
25,25,0,207,219.0,pos+cell,0.0057016837653277,29.999999999999748
25,25,0,207,221.0,pos+cell,0.0052138825363982,59.99999999999966
25,25,0,207,227.0,pos+cell,0.0025142352627293,89.99999999999957
25,25,0,207,230.0,pos+cell,0.0055344236756825,119.99999999999991
25,25,0,207,231.0,pos+cell,0.0057433210422886,119.99999999999991
25,25,0,207,232.0,pos+cell,0.0103669602885113,105.00000000000006
25,25,0,207,233.0,pos+cell,0.0012892186250469,105.00000000000006
25,25,0,207,234.0,pos+cell,0.0048452851141207,119.99999999999991
25,25,0,207,235.0,pos+cell,0.0034896091473976,119.99999999999991
25,25,1,209,,pos,0.0281470549994904,
25,25,1,209,11.0,pos+cell,0.0280596854974426,540.4391982129825
25,25,1,209,32.0,pos+cell,0.0291707668087394,552.6631474981871
25,25,1,209,97.0,pos+cell,0.0268508623968742,270.3087361564774
25,25,1,209,106.0,pos+cell,0.0274225284602758,271.61172909614334
25,25,1,209,206.0,pos+cell,0.0280183215458023,0.0
25,25,1,209,293.0,pos+cell,0.0276280093107942,180.11807051621892
25,25,0,214,,pos,0.0289252293165997,
25,25,0,214,3.0,pos+cell,0.0454849470895924,545.733517670532
25,25,0,214,14.0,pos+cell,0.031212652194254,540.4295673433319
25,25,0,214,15.0,pos+cell,0.0339109852414963,540.4295673433319
25,25,0,214,69.0,pos+cell,0.0555478345910146,310.7114540881346
25,25,0,214,71.0,pos+cell,0.037217465366298,303.5946178341234
25,25,0,214,76.0,pos+cell,0.0370071397281066,291.16294498170015
25,25,0,214,79.0,pos+cell,0.0450190852637193,297.06527271650583
25,25,0,214,82.0,pos+cell,0.0373819409159635,297.06527271650583
25,25,0,214,83.0,pos+cell,0.0440946005347466,297.06527271650583
25,25,0,214,85.0,pos+cell,0.0334218045618047,277.5970341326973
25,25,0,214,87.0,pos+cell,0.0398930496283853,285.92646748194005
25,25,0,214,88.0,pos+cell,0.0335521775184566,281.3930153415067
25,25,0,214,89.0,pos+cell,0.0399093717231675,281.3930153415067
25,25,0,214,91.0,pos+cell,0.0431178622270015,277.5970341326973
25,25,0,214,95.0,pos+cell,0.0399549717308044,274.56911267576027
25,25,0,214,96.0,pos+cell,0.0333865507631753,272.3348709068283
25,25,0,214,101.0,pos+cell,0.0432522318489524,270.91394609381655
25,25,0,214,104.0,pos+cell,0.0436823060002141,270.3191640716725
25,25,0,214,105.0,pos+cell,0.0522816839491548,270.55597339680435
25,25,0,214,109.0,pos+cell,0.0315513543754529,271.6221990504031
25,25,0,214,110.0,pos+cell,0.03522128696046,271.6221990504031
25,25,0,214,111.0,pos+cell,0.0340437260220134,271.6221990504031
25,25,0,214,120.0,pos+cell,0.0386356654523545,288.8235454363084
25,25,0,214,207.0,pos+cell,0.0304199798106547,14.999999999999874
25,25,0,214,215.0,pos+cell,0.0461780515030187,14.999999999999874
25,25,0,214,219.0,pos+cell,0.0327660990583562,14.999999999999874
25,25,0,214,221.0,pos+cell,0.0332505792755855,44.99999999999979
25,25,0,214,227.0,pos+cell,0.0590914114655849,74.9999999999997
25,25,0,214,230.0,pos+cell,0.0566855471881146,105.00000000000006
25,25,0,214,231.0,pos+cell,0.0347388462289031,105.00000000000006
25,25,0,214,232.0,pos+cell,0.0375976157094979,90.00000000000018
25,25,0,214,233.0,pos+cell,0.0298051548946812,90.00000000000018
25,25,0,214,234.0,pos+cell,0.041669478961145,105.00000000000006
25,25,0,214,235.0,pos+cell,0.0350304829264657,105.00000000000006
25,25,0,215,,pos,0.0414159078575954,
25,25,0,215,3.0,pos+cell,0.0534418371482302,548.0739135541254
25,25,0,215,14.0,pos+cell,0.0470127136021299,541.132370745185
25,25,0,215,15.0,pos+cell,0.0517004683384715,541.132370745185
25,25,0,215,69.0,pos+cell,0.0524360946216829,318.3806561511828
25,25,0,215,71.0,pos+cell,0.0488811388705439,310.71584927496576
25,25,0,215,76.0,pos+cell,0.0484530455254778,297.06991188855613
25,25,0,215,79.0,pos+cell,0.0542982840127459,303.5991366424958
25,25,0,215,82.0,pos+cell,0.0467930422575275,303.5991366424958
25,25,0,215,83.0,pos+cell,0.0698770553650477,303.5991366424958
25,25,0,215,85.0,pos+cell,0.0520055369101326,281.39797953732915
25,25,0,215,87.0,pos+cell,0.0658432417633043,291.16769966615453
25,25,0,215,88.0,pos+cell,0.0413463688738719,285.9313311064136
25,25,0,215,89.0,pos+cell,0.0553106389235049,285.9313311064136
25,25,0,215,91.0,pos+cell,0.058229425502731,281.39797953732915
25,25,0,215,95.0,pos+cell,0.0510080170435928,277.60208872970793
25,25,0,215,96.0,pos+cell,0.0429236815719447,274.5742457815412
25,25,0,215,101.0,pos+cell,0.0576069484358874,272.34006907891427
25,25,0,215,104.0,pos+cell,0.0576360192086355,270.9191946047997
25,25,0,215,105.0,pos+cell,0.0514892811241787,270.32444725684525
25,25,0,215,109.0,pos+cell,0.0531619568156187,270.56127506375424
25,25,0,215,110.0,pos+cell,0.0522910972984647,270.56127506375424
25,25,0,215,111.0,pos+cell,0.048564743304639,270.56127506375424
25,25,0,215,120.0,pos+cell,0.0480089971399133,283.8906258775594
25,25,0,215,207.0,pos+cell,0.0403646193472326,29.999999999999748
25,25,0,215,214.0,pos+cell,0.0683199988017781,14.999999999999874
25,25,0,215,219.0,pos+cell,0.0504791619644322,0.0
25,25,0,215,221.0,pos+cell,0.0437656341847675,29.99999999999991
25,25,0,215,227.0,pos+cell,0.0734106190777245,59.99999999999982
25,25,0,215,230.0,pos+cell,0.0504361859840105,90.00000000000018
25,25,0,215,231.0,pos+cell,0.0566971679949566,90.00000000000018
25,25,0,215,232.0,pos+cell,0.0490432347128266,75.00000000000031
25,25,0,215,233.0,pos+cell,0.0464376623540295,75.00000000000031
25,25,0,215,234.0,pos+cell,0.0436346505269994,90.00000000000018
25,25,0,215,235.0,pos+cell,0.0609819389410759,90.00000000000018
25,25,0,219,,pos,0.0222978716087711,
25,25,0,219,3.0,pos+cell,0.0274841589423529,548.0739135541254
25,25,0,219,14.0,pos+cell,0.0486598647202615,541.132370745185
25,25,0,219,15.0,pos+cell,0.0254650100451916,541.132370745185
25,25,0,219,69.0,pos+cell,0.0307213912596363,318.3806561511828
25,25,0,219,71.0,pos+cell,0.0381401036562809,310.71584927496576
25,25,0,219,76.0,pos+cell,0.0243881733023564,297.06991188855613
25,25,0,219,79.0,pos+cell,0.0241745160590175,303.5991366424958
25,25,0,219,82.0,pos+cell,0.0235470298011887,303.5991366424958
25,25,0,219,83.0,pos+cell,0.0361684624170833,303.5991366424958
25,25,0,219,85.0,pos+cell,0.0272125451041738,281.39797953732915
25,25,0,219,87.0,pos+cell,0.0396989581967381,291.16769966615453
25,25,0,219,88.0,pos+cell,0.0250819330609535,285.9313311064136
25,25,0,219,89.0,pos+cell,0.0296504417068504,285.9313311064136
25,25,0,219,91.0,pos+cell,0.0314796453784997,281.39797953732915
25,25,0,219,95.0,pos+cell,0.033598162286103,277.60208872970793
25,25,0,219,96.0,pos+cell,0.0222300646264941,274.5742457815412
25,25,0,219,101.0,pos+cell,0.0294993711077543,272.34006907891427
25,25,0,219,104.0,pos+cell,0.0359626469515352,270.9191946047997
25,25,0,219,105.0,pos+cell,0.0276921716912179,270.32444725684525
25,25,0,219,109.0,pos+cell,0.0265277553988833,270.56127506375424
25,25,0,219,110.0,pos+cell,0.0418762222788564,270.56127506375424
25,25,0,219,111.0,pos+cell,0.0315045529920766,270.56127506375424
25,25,0,219,120.0,pos+cell,0.0224256861929145,283.8906258775594
25,25,0,219,207.0,pos+cell,0.0260176143453537,29.999999999999748
25,25,0,219,214.0,pos+cell,0.0298322475518327,14.999999999999874
25,25,0,219,215.0,pos+cell,0.0400083643232441,0.0
25,25,0,219,221.0,pos+cell,0.022403379837497,29.99999999999991
25,25,0,219,227.0,pos+cell,0.0346594276904412,59.99999999999982
25,25,0,219,230.0,pos+cell,0.0256519327825459,90.00000000000018
25,25,0,219,231.0,pos+cell,0.0301533618891515,90.00000000000018
25,25,0,219,232.0,pos+cell,0.037836010021302,75.00000000000031
25,25,0,219,233.0,pos+cell,0.0256395454605469,75.00000000000031
25,25,0,219,234.0,pos+cell,0.0351206703998716,90.00000000000018
25,25,0,219,235.0,pos+cell,0.0310649543709931,90.00000000000018
25,25,0,221,,pos,0.0117874688085929,
25,25,0,221,3.0,pos+cell,0.016028721123295,553.9448524334339
25,25,0,221,14.0,pos+cell,0.0143637016239432,543.7779817969014
25,25,0,221,15.0,pos+cell,0.0125754375220147,543.7779817969014
25,25,0,221,69.0,pos+cell,0.0157752348220935,335.20965265136255
25,25,0,221,71.0,pos+cell,0.0124677177198396,326.5633675357584
25,25,0,221,76.0,pos+cell,0.011594755935158,310.72476017786295
25,25,0,221,79.0,pos+cell,0.0146342831061488,318.38931326591756
25,25,0,221,82.0,pos+cell,0.0127071164081132,318.38931326591756
25,25,0,221,83.0,pos+cell,0.0163129730529836,318.38931326591756
25,25,0,221,85.0,pos+cell,0.0134357633773628,291.17733762182365
25,25,0,221,87.0,pos+cell,0.0159459441364529,303.60829760274675
25,25,0,221,88.0,pos+cell,0.0114419592357013,297.0793162757814
25,25,0,221,89.0,pos+cell,0.0169369484206752,297.0793162757814
25,25,0,221,91.0,pos+cell,0.0152475959840154,291.17733762182365
25,25,0,221,95.0,pos+cell,0.0202301799987959,285.94118928580605
25,25,0,221,96.0,pos+cell,0.0137654978164125,281.40804095801684
25,25,0,221,101.0,pos+cell,0.0139789636104562,277.612332761851
25,25,0,221,104.0,pos+cell,0.0169913895181883,274.5846483092679
25,25,0,221,105.0,pos+cell,0.0168650668478302,272.35060285002504
25,25,0,221,109.0,pos+cell,0.0117456175779717,270.92982976855797
25,25,0,221,110.0,pos+cell,0.026445222995979,270.92982976855797
25,25,0,221,111.0,pos+cell,0.0172725022875733,270.92982976855797
25,25,0,221,120.0,pos+cell,0.0145036235229121,276.2129279861073
25,25,0,221,207.0,pos+cell,0.013316555919211,59.99999999999966
25,25,0,221,214.0,pos+cell,0.0144444233079697,44.99999999999979
25,25,0,221,215.0,pos+cell,0.0124182440080467,29.99999999999991
25,25,0,221,219.0,pos+cell,0.0132146504888213,29.99999999999991
25,25,0,221,227.0,pos+cell,0.0131451497938897,29.99999999999991
25,25,0,221,230.0,pos+cell,0.0143986103344507,60.00000000000027
25,25,0,221,231.0,pos+cell,0.0196825747923142,60.00000000000027
25,25,0,221,232.0,pos+cell,0.0136394753997714,45.000000000000405
25,25,0,221,233.0,pos+cell,0.0144258974739689,45.000000000000405
25,25,0,221,234.0,pos+cell,0.0200190447648924,60.00000000000027
25,25,0,221,235.0,pos+cell,0.0177857188670211,60.00000000000027
25,25,0,227,,pos,0.0337255990386839,
25,25,0,227,3.0,pos+cell,0.058612944194565,561.3597637491156
25,25,0,227,14.0,pos+cell,0.0452033346892079,548.0554208343514
25,25,0,227,15.0,pos+cell,0.0357073452930255,548.0554208343514
25,25,0,227,69.0,pos+cell,0.0780800824774066,353.78634830931014
25,25,0,227,71.0,pos+cell,0.0463334894510171,344.30063468127156
25,25,0,227,76.0,pos+cell,0.044786661532407,326.5719225924151
25,25,0,227,79.0,pos+cell,0.05035807417432,335.21794974884074
25,25,0,227,82.0,pos+cell,0.0436875944934092,335.21794974884074
25,25,0,227,83.0,pos+cell,0.0586727667287763,335.21794974884074
25,25,0,227,85.0,pos+cell,0.0394103604808872,303.6176230085729
25,25,0,227,87.0,pos+cell,0.0544778626537911,318.39812722061686
25,25,0,227,88.0,pos+cell,0.0423928241797069,310.7338317748584
25,25,0,227,89.0,pos+cell,0.0649031076630045,310.7338317748584
25,25,0,227,91.0,pos+cell,0.0712846549746722,303.6176230085729
25,25,0,227,95.0,pos+cell,0.0542080705837707,297.08888870717743
25,25,0,227,96.0,pos+cell,0.0357640224946021,291.1871470122876
25,25,0,227,101.0,pos+cell,0.0484368309064473,285.95122202404656
25,25,0,227,104.0,pos+cell,0.051979853452844,281.41827973487324
25,25,0,227,105.0,pos+cell,0.0709464695291938,277.62275656153486
25,25,0,227,109.0,pos+cell,0.046357946270167,274.59523257463
25,25,0,227,110.0,pos+cell,0.0524373506745243,274.59523257463
25,25,0,227,111.0,pos+cell,0.0488593668653192,274.59523257463
25,25,0,227,120.0,pos+cell,0.0425125147785485,271.6491776394042
25,25,0,227,207.0,pos+cell,0.0361316091108213,89.99999999999957
25,25,0,227,214.0,pos+cell,0.0736248292782226,74.9999999999997
25,25,0,227,215.0,pos+cell,0.0579899542115992,59.99999999999982
25,25,0,227,219.0,pos+cell,0.0453069768215154,59.99999999999982
25,25,0,227,221.0,pos+cell,0.0419646692370882,29.99999999999991
25,25,0,227,230.0,pos+cell,0.0703065234524968,30.00000000000036
25,25,0,227,231.0,pos+cell,0.0562487754627566,30.00000000000036
25,25,0,227,232.0,pos+cell,0.0521985975035969,15.000000000000488
25,25,0,227,233.0,pos+cell,0.0364715980619529,15.000000000000488
25,25,0,227,234.0,pos+cell,0.0538188205651844,30.00000000000036
25,25,0,227,235.0,pos+cell,0.0538545760812579,30.00000000000036
25,25,0,230,,pos,0.0343497125337674,
25,25,0,230,3.0,pos+cell,0.0418645699058032,570.258423151668
25,25,0,230,14.0,pos+cell,0.050351763758652,553.9268860822021
25,25,0,230,15.0,pos+cell,0.0348147887610934,553.9268860822021
25,25,0,230,69.0,pos+cell,0.0560648950646157,373.8503032891991
25,25,0,230,71.0,pos+cell,0.0490809167406997,363.6512354819632
25,25,0,230,76.0,pos+cell,0.0399038052578908,344.3088216468211
25,25,0,230,79.0,pos+cell,0.0485718041172466,353.79428043100165
25,25,0,230,82.0,pos+cell,0.0405477524707595,353.79428043100165
25,25,0,230,83.0,pos+cell,0.0464922338145831,353.79428043100165
25,25,0,230,85.0,pos+cell,0.0382088507909431,318.40709800225625
25,25,0,230,87.0,pos+cell,0.0449532738806647,335.2263958311671
25,25,0,230,88.0,pos+cell,0.0413263675002723,326.5806305647755
25,25,0,230,89.0,pos+cell,0.0447367682808699,326.5806305647755
25,25,0,230,91.0,pos+cell,0.0472623424447363,318.40709800225625
25,25,0,230,95.0,pos+cell,0.0759380481196372,310.74306405187923
25,25,0,230,96.0,pos+cell,0.0371821045197676,303.6271128448222
25,25,0,230,101.0,pos+cell,0.0599237706364295,297.0986291665017
25,25,0,230,104.0,pos+cell,0.055042479387907,291.19712782022157
25,25,0,230,105.0,pos+cell,0.045215083900048,285.9614293027619
25,25,0,230,109.0,pos+cell,0.0348524019734456,281.4286958485409
25,25,0,230,110.0,pos+cell,0.05688682865265,281.4286958485409
25,25,0,230,111.0,pos+cell,0.0520720808489082,281.4286958485409
25,25,0,230,120.0,pos+cell,0.0367384530744479,270.35711538199
25,25,0,230,207.0,pos+cell,0.0318435496506399,119.99999999999991
25,25,0,230,214.0,pos+cell,0.0513151538020585,105.00000000000006
25,25,0,230,215.0,pos+cell,0.0479834309557221,90.00000000000018
25,25,0,230,219.0,pos+cell,0.0380431893583863,90.00000000000018
25,25,0,230,221.0,pos+cell,0.0360075232471478,60.00000000000027
25,25,0,230,227.0,pos+cell,0.05096513877684,30.00000000000036
25,25,0,230,231.0,pos+cell,0.0366672081888847,0.0
25,25,0,230,232.0,pos+cell,0.0499222314232375,14.999999999999874
25,25,0,230,233.0,pos+cell,0.0343158419467024,14.999999999999874
25,25,0,230,234.0,pos+cell,0.0698502596532793,0.0
25,25,0,230,235.0,pos+cell,0.0366556163907503,0.0
25,25,0,231,,pos,0.0720218458430865,
25,25,0,231,3.0,pos+cell,0.074964044465736,570.258423151668
25,25,0,231,14.0,pos+cell,0.0949490075989023,553.9268860822021
25,25,0,231,15.0,pos+cell,0.0728095707517804,553.9268860822021
25,25,0,231,69.0,pos+cell,0.0870066847897904,373.8503032891991
25,25,0,231,71.0,pos+cell,0.0817991018855536,363.6512354819632
25,25,0,231,76.0,pos+cell,0.0809148534913133,344.3088216468211
25,25,0,231,79.0,pos+cell,0.0792619569601127,353.79428043100165
25,25,0,231,82.0,pos+cell,0.0849702714204678,353.79428043100165
25,25,0,231,83.0,pos+cell,0.0889541432283592,353.79428043100165
25,25,0,231,85.0,pos+cell,0.0803462522842925,318.40709800225625
25,25,0,231,87.0,pos+cell,0.1102018360704608,335.2263958311671
25,25,0,231,88.0,pos+cell,0.0760288817834276,326.5806305647755
25,25,0,231,89.0,pos+cell,0.116247443343665,326.5806305647755
25,25,0,231,91.0,pos+cell,0.1357264062042176,318.40709800225625
25,25,0,231,95.0,pos+cell,0.1018357157702949,310.74306405187923
25,25,0,231,96.0,pos+cell,0.083635131559107,303.6271128448222
25,25,0,231,101.0,pos+cell,0.0913940911805578,297.0986291665017
25,25,0,231,104.0,pos+cell,0.0902105429246918,291.19712782022157
25,25,0,231,105.0,pos+cell,0.1007236217154419,285.9614293027619
25,25,0,231,109.0,pos+cell,0.0806502907818391,281.4286958485409
25,25,0,231,110.0,pos+cell,0.09696214227413,281.4286958485409
25,25,0,231,111.0,pos+cell,0.097366454357384,281.4286958485409
25,25,0,231,120.0,pos+cell,0.0849840199631631,270.35711538199
25,25,0,231,207.0,pos+cell,0.0712860244086478,119.99999999999991
25,25,0,231,214.0,pos+cell,0.0902181526026735,105.00000000000006
25,25,0,231,215.0,pos+cell,0.0910399581783317,90.00000000000018
25,25,0,231,219.0,pos+cell,0.0836632076263702,90.00000000000018
25,25,0,231,221.0,pos+cell,0.0726255851374804,60.00000000000027
25,25,0,231,227.0,pos+cell,0.1082533528089503,30.00000000000036
25,25,0,231,230.0,pos+cell,0.0926347874079257,0.0
25,25,0,231,232.0,pos+cell,0.0763449676487935,14.999999999999874
25,25,0,231,233.0,pos+cell,0.0737461917364808,14.999999999999874
25,25,0,231,234.0,pos+cell,0.0897723157743398,0.0
25,25,0,231,235.0,pos+cell,0.124834656360134,0.0
25,25,0,232,,pos,0.0108919107685425,
25,25,0,232,3.0,pos+cell,0.0131116024730375,565.6277280738144
25,25,0,232,14.0,pos+cell,0.0231991174602291,550.7947618807949
25,25,0,232,15.0,pos+cell,0.0152885493508336,550.7947618807949
25,25,0,232,69.0,pos+cell,0.016885920485182,363.64737694603474
25,25,0,232,71.0,pos+cell,0.0210909799385141,353.79029672214364
25,25,0,232,76.0,pos+cell,0.0117650618121353,335.2221541675975
25,25,0,232,79.0,pos+cell,0.0160078581371333,344.30471003132294
25,25,0,232,82.0,pos+cell,0.0164406071300365,344.30471003132294
25,25,0,232,83.0,pos+cell,0.016092886421455,344.30471003132294
25,25,0,232,85.0,pos+cell,0.0151626376956154,310.73842782925516
25,25,0,232,87.0,pos+cell,0.0174583052663638,326.5762574648918
25,25,0,232,88.0,pos+cell,0.0131941954304922,318.4025930088922
25,25,0,232,89.0,pos+cell,0.0147655595025356,318.4025930088922
25,25,0,232,91.0,pos+cell,0.0126821915357216,310.73842782925516
25,25,0,232,95.0,pos+cell,0.0178581795408493,303.62234737385205
25,25,0,232,96.0,pos+cell,0.0104582956943752,297.09373793437493
25,25,0,232,101.0,pos+cell,0.0131944055415713,291.1921159901657
25,25,0,232,104.0,pos+cell,0.0169472227084882,285.95630384700553
25,25,0,232,105.0,pos+cell,0.0147694152576226,281.42346562582856
25,25,0,232,109.0,pos+cell,0.0116933462574159,277.6280358678908
25,25,0,232,110.0,pos+cell,0.0156491008844094,277.6280358678908
25,25,0,232,111.0,pos+cell,0.0162283601739952,277.6280358678908
25,25,0,232,120.0,pos+cell,0.0138302345112956,270.58847494843087
25,25,0,232,207.0,pos+cell,0.0103876676107298,105.00000000000006
25,25,0,232,214.0,pos+cell,0.0146106480726477,90.00000000000018
25,25,0,232,215.0,pos+cell,0.0182807703738998,75.00000000000031
25,25,0,232,219.0,pos+cell,0.0202710185215526,75.00000000000031
25,25,0,232,221.0,pos+cell,0.0121146228814173,45.000000000000405
25,25,0,232,227.0,pos+cell,0.0176459178582158,15.000000000000488
25,25,0,232,230.0,pos+cell,0.0196698074456917,14.999999999999874
25,25,0,232,231.0,pos+cell,0.0117322374915207,14.999999999999874
25,25,0,232,233.0,pos+cell,0.0105460417284391,0.0
25,25,0,232,234.0,pos+cell,0.0145561353522402,14.999999999999874
25,25,0,232,235.0,pos+cell,0.0138666779145228,14.999999999999874
25,25,0,233,,pos,0.0388178690838251,
25,25,0,233,3.0,pos+cell,0.0396926778924433,565.6277280738144
25,25,0,233,14.0,pos+cell,0.0429978971228289,550.7947618807949
25,25,0,233,15.0,pos+cell,0.0392586663894688,550.7947618807949
25,25,0,233,69.0,pos+cell,0.0412409834146961,363.64737694603474
25,25,0,233,71.0,pos+cell,0.0404894847135751,353.79029672214364
25,25,0,233,76.0,pos+cell,0.0398837236698187,335.2221541675975
25,25,0,233,79.0,pos+cell,0.0440206191554557,344.30471003132294
25,25,0,233,82.0,pos+cell,0.0408824062373748,344.30471003132294
25,25,0,233,83.0,pos+cell,0.0415879023135661,344.30471003132294
25,25,0,233,85.0,pos+cell,0.040477803055249,310.73842782925516
25,25,0,233,87.0,pos+cell,0.0400352540789571,326.5762574648918
25,25,0,233,88.0,pos+cell,0.0379354448563525,318.4025930088922
25,25,0,233,89.0,pos+cell,0.0415148516331905,318.4025930088922
25,25,0,233,91.0,pos+cell,0.0376767098532832,310.73842782925516
25,25,0,233,95.0,pos+cell,0.0408807245305781,303.62234737385205
25,25,0,233,96.0,pos+cell,0.0384030461011191,297.09373793437493
25,25,0,233,101.0,pos+cell,0.043776167789041,291.1921159901657
25,25,0,233,104.0,pos+cell,0.0390393612701212,285.95630384700553
25,25,0,233,105.0,pos+cell,0.0372344552034529,281.42346562582856
25,25,0,233,109.0,pos+cell,0.0396557815588765,277.6280358678908
25,25,0,233,110.0,pos+cell,0.0413981865492418,277.6280358678908
25,25,0,233,111.0,pos+cell,0.0425796038914808,277.6280358678908
25,25,0,233,120.0,pos+cell,0.0418342447248359,270.58847494843087
25,25,0,233,207.0,pos+cell,0.0395534780631578,105.00000000000006
25,25,0,233,214.0,pos+cell,0.0397996374070025,90.00000000000018
25,25,0,233,215.0,pos+cell,0.0443508231204454,75.00000000000031
25,25,0,233,219.0,pos+cell,0.0404530696102963,75.00000000000031
25,25,0,233,221.0,pos+cell,0.041469705938912,45.000000000000405
25,25,0,233,227.0,pos+cell,0.03763534846208,15.000000000000488
25,25,0,233,230.0,pos+cell,0.0390135783535951,14.999999999999874
25,25,0,233,231.0,pos+cell,0.0421197944859606,14.999999999999874
25,25,0,233,232.0,pos+cell,0.0396285039875735,0.0
25,25,0,233,234.0,pos+cell,0.0392625110428256,14.999999999999874
25,25,0,233,235.0,pos+cell,0.0457259405596702,14.999999999999874
25,25,0,234,,pos,0.0195863881868545,
25,25,0,234,3.0,pos+cell,0.0252869753232744,570.258423151668
25,25,0,234,14.0,pos+cell,0.0331848732969669,553.9268860822021
25,25,0,234,15.0,pos+cell,0.020373162932547,553.9268860822021
25,25,0,234,69.0,pos+cell,0.0325030803532897,373.8503032891991
25,25,0,234,71.0,pos+cell,0.0265931212714344,363.6512354819632
25,25,0,234,76.0,pos+cell,0.0232707139080832,344.3088216468211
25,25,0,234,79.0,pos+cell,0.0243716251656644,353.79428043100165
25,25,0,234,82.0,pos+cell,0.0225556420995765,353.79428043100165
25,25,0,234,83.0,pos+cell,0.0277859083591741,353.79428043100165
25,25,0,234,85.0,pos+cell,0.0277690795579516,318.40709800225625
25,25,0,234,87.0,pos+cell,0.0260313824881327,335.2263958311671
25,25,0,234,88.0,pos+cell,0.0227561598405471,326.5806305647755
25,25,0,234,89.0,pos+cell,0.029482951588882,326.5806305647755
25,25,0,234,91.0,pos+cell,0.0269698144637129,318.40709800225625
25,25,0,234,95.0,pos+cell,0.0489656300550532,310.74306405187923
25,25,0,234,96.0,pos+cell,0.0255034423936701,303.6271128448222
25,25,0,234,101.0,pos+cell,0.0576543048616939,297.0986291665017
25,25,0,234,104.0,pos+cell,0.0451494946396581,291.19712782022157
25,25,0,234,105.0,pos+cell,0.0319256681110117,285.9614293027619
25,25,0,234,109.0,pos+cell,0.0182371998564355,281.4286958485409
25,25,0,234,110.0,pos+cell,0.0486727505678304,281.4286958485409
25,25,0,234,111.0,pos+cell,0.0358468377235425,281.4286958485409
25,25,0,234,120.0,pos+cell,0.0321690187592797,270.35711538199
25,25,0,234,207.0,pos+cell,0.020058140078009,119.99999999999991
25,25,0,234,214.0,pos+cell,0.0292139871124631,105.00000000000006
25,25,0,234,215.0,pos+cell,0.029806804039072,90.00000000000018
25,25,0,234,219.0,pos+cell,0.0316688134021324,90.00000000000018
25,25,0,234,221.0,pos+cell,0.0266273359476336,60.00000000000027
25,25,0,234,227.0,pos+cell,0.0297670501183523,30.00000000000036
25,25,0,234,230.0,pos+cell,0.0425223506066116,0.0
25,25,0,234,231.0,pos+cell,0.0254537356592445,0.0
25,25,0,234,232.0,pos+cell,0.0250528546633607,14.999999999999874
25,25,0,234,233.0,pos+cell,0.0201591097340466,14.999999999999874
25,25,0,234,235.0,pos+cell,0.0233853346546976,0.0
25,25,0,235,,pos,0.0346078561937308,
25,25,0,235,3.0,pos+cell,0.0363569031715089,570.258423151668
25,25,0,235,14.0,pos+cell,0.044225273870706,553.9268860822021
25,25,0,235,15.0,pos+cell,0.0374858200914421,553.9268860822021
25,25,0,235,69.0,pos+cell,0.0494758802683011,373.8503032891991
25,25,0,235,71.0,pos+cell,0.0491481805086257,363.6512354819632
25,25,0,235,76.0,pos+cell,0.0627444199386473,344.3088216468211
25,25,0,235,79.0,pos+cell,0.0666938190472858,353.79428043100165
25,25,0,235,82.0,pos+cell,0.0430936143922403,353.79428043100165
25,25,0,235,83.0,pos+cell,0.0452538148188519,353.79428043100165
25,25,0,235,85.0,pos+cell,0.0398057377180112,318.40709800225625
25,25,0,235,87.0,pos+cell,0.0568919643592973,335.2263958311671
25,25,0,235,88.0,pos+cell,0.0352471531150576,326.5806305647755
25,25,0,235,89.0,pos+cell,0.0444725475791933,326.5806305647755
25,25,0,235,91.0,pos+cell,0.1321991082186617,318.40709800225625
25,25,0,235,95.0,pos+cell,0.0489197306630073,310.74306405187923
25,25,0,235,96.0,pos+cell,0.0412848237109809,303.6271128448222
25,25,0,235,101.0,pos+cell,0.0481340341204485,297.0986291665017
25,25,0,235,104.0,pos+cell,0.0526874285661563,291.19712782022157
25,25,0,235,105.0,pos+cell,0.0605407595049904,285.9614293027619
25,25,0,235,109.0,pos+cell,0.0409771090315897,281.4286958485409
25,25,0,235,110.0,pos+cell,0.0539878449193317,281.4286958485409
25,25,0,235,111.0,pos+cell,0.0478323988132584,281.4286958485409
25,25,0,235,120.0,pos+cell,0.0495899946848879,270.35711538199
25,25,0,235,207.0,pos+cell,0.0350489971074936,119.99999999999991
25,25,0,235,214.0,pos+cell,0.0556164248896586,105.00000000000006
25,25,0,235,215.0,pos+cell,0.0627940155381698,90.00000000000018
25,25,0,235,219.0,pos+cell,0.0415037770480409,90.00000000000018
25,25,0,235,221.0,pos+cell,0.0434041607548408,60.00000000000027
25,25,0,235,227.0,pos+cell,0.0733400195626895,30.00000000000036
25,25,0,235,230.0,pos+cell,0.049359499602032,0.0
25,25,0,235,231.0,pos+cell,0.0754461128250728,0.0
25,25,0,235,232.0,pos+cell,0.0460454843458401,14.999999999999874
25,25,0,235,233.0,pos+cell,0.0378647888133825,14.999999999999874
25,25,0,235,234.0,pos+cell,0.0513869338069106,0.0
25,25,1,293,,pos,0.0026243496809542,
25,25,1,293,11.0,pos+cell,0.0061432229976705,720.3398148103822
25,25,1,293,32.0,pos+cell,0.0077855567012009,730.3276591286121
25,25,1,293,97.0,pos+cell,0.0053115361833719,450.06395238193727
25,25,1,293,106.0,pos+cell,0.004350453600061,451.1276613084202
25,25,1,293,206.0,pos+cell,0.0068307915031579,180.11807051621892
25,25,1,293,209.0,pos+cell,0.0031413481484527,180.11807051621892
26,18,0,62,,pos,0.0416063291108663,
26,18,0,62,90.0,pos+cell,0.0623161746878191,165.0
26,18,0,62,92.0,pos+cell,0.0720210464756152,135.00000000000023
26,18,0,62,97.0,pos+cell,0.0673904050431525,180.00000000000043
26,18,0,62,109.0,pos+cell,0.0593418343963087,255.00000000000023
26,18,0,62,116.0,pos+cell,0.0533754441842951,285.0
26,18,0,62,145.0,pos+cell,0.0485827265653899,450.0
26,18,0,62,147.0,pos+cell,0.0435776050824225,464.99999999999994
26,18,0,62,158.0,pos+cell,0.0449179558139244,509.99999999999994
26,18,0,62,161.0,pos+cell,0.0576935872642483,540.0000000000002
26,18,1,75,,pos,0.0831170636692433,
26,18,1,75,94.0,pos+cell,0.1386628809449064,60.00000000000043
26,18,1,75,131.0,pos+cell,0.080733256200902,285.0
26,18,1,75,137.0,pos+cell,0.0917916943399711,330.0
26,18,1,75,148.0,pos+cell,0.08749342931512,374.9999999999998
26,18,1,75,170.0,pos+cell,0.0920199241050813,494.9999999999997
26,18,0,90,,pos,0.0307880697084477,
26,18,0,90,62.0,pos+cell,0.0512588105531965,165.0
26,18,0,90,92.0,pos+cell,0.0498393636239596,29.99999999999977
26,18,0,90,97.0,pos+cell,0.040291085006415,15.000000000000409
26,18,0,90,109.0,pos+cell,0.0443481227935319,90.00000000000021
26,18,0,90,116.0,pos+cell,0.0727375429811739,119.99999999999996
26,18,0,90,145.0,pos+cell,0.0401903607663356,285.0
26,18,0,90,147.0,pos+cell,0.0312097891499537,299.99999999999994
26,18,0,90,158.0,pos+cell,0.0292901409796911,345.0
26,18,0,90,161.0,pos+cell,0.0386603733739102,375.00000000000017
26,18,0,92,,pos,0.0160271507104587,
26,18,0,92,62.0,pos+cell,0.0317768065277715,135.00000000000023
26,18,0,92,90.0,pos+cell,0.0193981930002615,29.99999999999977
26,18,0,92,97.0,pos+cell,0.0266845243960891,45.00000000000018
26,18,0,92,109.0,pos+cell,0.0295558576982047,119.99999999999996
26,18,0,92,116.0,pos+cell,0.0190976406746689,149.99999999999974
26,18,0,92,145.0,pos+cell,0.0208395980159722,314.9999999999998
26,18,0,92,147.0,pos+cell,0.0168555915992168,329.9999999999997
26,18,0,92,158.0,pos+cell,0.0148454856105276,374.9999999999998
26,18,0,92,161.0,pos+cell,0.0182269886239697,404.99999999999994
26,18,1,94,,pos,-0.0015202605841431,
26,18,1,94,75.0,pos+cell,0.0675214626078931,60.00000000000043
26,18,1,94,131.0,pos+cell,-0.0086977202247308,224.99999999999957
26,18,1,94,137.0,pos+cell,0.0128790772418174,269.99999999999955
26,18,1,94,148.0,pos+cell,0.0193921016794483,314.9999999999993
26,18,1,94,170.0,pos+cell,-0.0036196411701512,434.9999999999993
26,18,0,97,,pos,0.0270348432512343,
26,18,0,97,62.0,pos+cell,0.1158019954118918,180.00000000000043
26,18,0,97,90.0,pos+cell,0.0291285023127988,15.000000000000409
26,18,0,97,92.0,pos+cell,0.0627543674795259,45.00000000000018
26,18,0,97,109.0,pos+cell,0.0659449374700557,74.9999999999998
26,18,0,97,116.0,pos+cell,0.0456945486608142,104.99999999999956
26,18,0,97,145.0,pos+cell,0.0679847887383055,269.99999999999955
26,18,0,97,147.0,pos+cell,0.0245673802668056,284.99999999999955
26,18,0,97,158.0,pos+cell,0.0388336039349794,329.9999999999996
26,18,0,97,161.0,pos+cell,0.0389887777441129,359.9999999999998
26,18,0,109,,pos,0.1049528616552691,
26,18,0,109,62.0,pos+cell,0.1415209993869432,255.00000000000023
26,18,0,109,90.0,pos+cell,0.1199247873595378,90.00000000000021
26,18,0,109,92.0,pos+cell,0.1384709296820398,119.99999999999996
26,18,0,109,97.0,pos+cell,0.1657316833897577,74.9999999999998
26,18,0,109,116.0,pos+cell,0.1176966022468157,29.99999999999977
26,18,0,109,145.0,pos+cell,0.1305842017507988,194.9999999999998
26,18,0,109,147.0,pos+cell,0.1123006598450984,209.99999999999977
26,18,0,109,158.0,pos+cell,0.1482259374656504,254.99999999999977
26,18,0,109,161.0,pos+cell,0.1443091762978443,285.0
26,18,0,116,,pos,0.03554780473699,
26,18,0,116,62.0,pos+cell,0.0790236876707402,285.0
26,18,0,116,90.0,pos+cell,0.1745197672884184,119.99999999999996
26,18,0,116,92.0,pos+cell,0.0369945777445574,149.99999999999974
26,18,0,116,97.0,pos+cell,0.0863994442804389,104.99999999999956
26,18,0,116,109.0,pos+cell,0.0982657696165312,29.99999999999977
26,18,0,116,145.0,pos+cell,0.0408444787593278,165.0
26,18,0,116,147.0,pos+cell,0.0329010978910958,179.99999999999997
26,18,0,116,158.0,pos+cell,0.0346587687657204,225.0
26,18,0,116,161.0,pos+cell,0.0661613673744658,255.00000000000023
26,18,1,131,,pos,-0.0416346868510857,
26,18,1,131,75.0,pos+cell,-0.0454490275560617,285.0
26,18,1,131,94.0,pos+cell,-0.0420870194840279,224.99999999999957
26,18,1,131,137.0,pos+cell,-0.0170406713284735,45.00000000000003
26,18,1,131,148.0,pos+cell,-0.0313888611842805,89.99999999999976
26,18,1,131,170.0,pos+cell,-0.0348361689727734,209.99999999999977
26,18,1,137,,pos,0.0072293958284267,
26,18,1,137,75.0,pos+cell,0.0124509689448707,330.0
26,18,1,137,94.0,pos+cell,0.0118371110246088,269.99999999999955
26,18,1,137,131.0,pos+cell,0.0068677899831267,45.00000000000003
26,18,1,137,148.0,pos+cell,0.0150179691592834,44.99999999999973
26,18,1,137,170.0,pos+cell,0.0101463627642901,164.99999999999972
26,18,0,145,,pos,0.0602406087262133,
26,18,0,145,62.0,pos+cell,0.0602005929060174,450.0
26,18,0,145,90.0,pos+cell,0.0577775872427689,285.0
26,18,0,145,92.0,pos+cell,0.0663298254001459,314.9999999999998
26,18,0,145,97.0,pos+cell,0.1028310387747959,269.99999999999955
26,18,0,145,109.0,pos+cell,0.0829667215968077,194.9999999999998
26,18,0,145,116.0,pos+cell,0.0593570904691152,165.0
26,18,0,145,147.0,pos+cell,0.0467965745067721,14.99999999999996
26,18,0,145,158.0,pos+cell,0.06823666320186,59.999999999999986
26,18,0,145,161.0,pos+cell,0.0587255770750631,90.00000000000021
26,18,0,147,,pos,0.0035580391269999,
26,18,0,147,62.0,pos+cell,0.0032061199885301,464.99999999999994
26,18,0,147,90.0,pos+cell,0.0024609463685635,299.99999999999994
26,18,0,147,92.0,pos+cell,0.0017936627461093,329.9999999999997
26,18,0,147,97.0,pos+cell,0.0030419482030085,284.99999999999955
26,18,0,147,109.0,pos+cell,0.0043607487696914,209.99999999999977
26,18,0,147,116.0,pos+cell,0.0029045926156571,179.99999999999997
26,18,0,147,145.0,pos+cell,0.0027884028470008,14.99999999999996
26,18,0,147,158.0,pos+cell,0.005821689346458,45.00000000000003
26,18,0,147,161.0,pos+cell,0.0076723717973371,75.00000000000024
26,18,1,148,,pos,0.0405491810804653,
26,18,1,148,75.0,pos+cell,0.0416498341513933,374.9999999999998
26,18,1,148,94.0,pos+cell,0.0462085878069436,314.9999999999993
26,18,1,148,131.0,pos+cell,0.0408376386529918,89.99999999999976
26,18,1,148,137.0,pos+cell,0.0552647579599342,44.99999999999973
26,18,1,148,170.0,pos+cell,0.0441261266613656,119.99999999999996
26,18,0,158,,pos,0.0324615977090544,
26,18,0,158,62.0,pos+cell,0.036389028030191,509.99999999999994
26,18,0,158,90.0,pos+cell,0.0332373700986571,345.0
26,18,0,158,92.0,pos+cell,0.0314762516932937,374.9999999999998
26,18,0,158,97.0,pos+cell,0.0384386860449031,329.9999999999996
26,18,0,158,109.0,pos+cell,0.03828346263119,254.99999999999977
26,18,0,158,116.0,pos+cell,0.0347581733955974,225.0
26,18,0,158,145.0,pos+cell,0.0422078649147521,59.999999999999986
26,18,0,158,147.0,pos+cell,0.0395182290737043,45.00000000000003
26,18,0,158,161.0,pos+cell,0.0353073533138316,30.000000000000217
26,18,0,161,,pos,0.0144212750812737,
26,18,0,161,62.0,pos+cell,0.0155335477993317,540.0000000000002
26,18,0,161,90.0,pos+cell,0.0148044153903492,375.00000000000017
26,18,0,161,92.0,pos+cell,0.0174709052747748,404.99999999999994
26,18,0,161,97.0,pos+cell,0.0179746974115424,359.9999999999998
26,18,0,161,109.0,pos+cell,0.018760230264487,285.0
26,18,0,161,116.0,pos+cell,0.014729652070742,255.00000000000023
26,18,0,161,145.0,pos+cell,0.0155450714763762,90.00000000000021
26,18,0,161,147.0,pos+cell,0.0243163474430312,75.00000000000024
26,18,0,161,158.0,pos+cell,0.0144975102283469,30.000000000000217
26,18,1,170,,pos,0.0143156527427691,
26,18,1,170,75.0,pos+cell,0.0144832959510964,494.9999999999997
26,18,1,170,94.0,pos+cell,0.0118897695575366,434.9999999999993
26,18,1,170,131.0,pos+cell,0.014743228934998,209.99999999999977
26,18,1,170,137.0,pos+cell,0.0185464601570934,164.99999999999972
26,18,1,170,148.0,pos+cell,0.0167925488750299,119.99999999999996
26,19,0,24,,pos,-0.0002849669496088,
26,19,0,24,113.0,pos+cell,0.0596843610420999,284.1001490368617
26,19,0,24,114.0,pos+cell,0.0485894366027613,284.1001490368617
26,19,0,24,115.0,pos+cell,0.0128830991158006,294.34792528534126
26,19,0,24,123.0,pos+cell,0.1516983696697692,274.29015338824905
26,19,0,24,124.0,pos+cell,0.0557951929895574,274.29015338824905
26,19,0,24,126.0,pos+cell,0.0392720899148441,274.29015338824905
26,19,0,24,129.0,pos+cell,0.0373387703741919,256.18250403123403
26,19,0,24,132.0,pos+cell,0.0199139726807423,240.46592793507685
26,19,0,24,133.0,pos+cell,0.0437061713311997,233.6579895074417
26,19,0,24,134.0,pos+cell,-0.0022504245420371,240.46592793507685
26,19,0,24,145.0,pos+cell,0.0106827377192567,214.9065618183592
26,19,0,24,148.0,pos+cell,0.0981277387194462,211.37459033325771
26,19,0,24,149.0,pos+cell,0.1045165330361958,212.6194343788225
26,19,0,24,155.0,pos+cell,0.1822333531802036,212.6194343788225
26,19,0,24,156.0,pos+cell,0.1809214823917657,212.6194343788225
26,19,0,24,157.0,pos+cell,0.0220918987724875,211.19046143596228
26,19,0,24,163.0,pos+cell,0.0021686576204519,216.95158835666777
26,19,0,24,166.0,pos+cell,0.0075078456916222,216.95158835666777
26,19,0,24,179.0,pos+cell,0.0078855690774162,231.48341707221135
26,19,0,24,183.0,pos+cell,0.0100331168007996,231.48341707221135
26,19,0,24,185.0,pos+cell,0.0138987088785143,245.3140018535258
26,19,0,24,192.0,pos+cell,0.0068128931169378,271.0083766128604
26,19,0,24,195.0,pos+cell,0.0329086926678256,261.86513061374905
26,19,0,24,198.0,pos+cell,0.0231680644518537,280.6558992027776
26,19,0,24,201.0,pos+cell,0.0130362765267559,280.6558992027776
26,19,0,24,203.0,pos+cell,0.0013586895582699,290.7575060429263
26,19,0,24,215.0,pos+cell,0.0058332398561692,334.8562401572215
26,19,0,24,217.0,pos+cell,0.0069245083409728,323.35198779232627
26,19,0,24,221.0,pos+cell,0.0081517886445663,358.64061217072856
26,19,0,24,224.0,pos+cell,0.0003443217764645,358.64061217072856
26,19,0,24,227.0,pos+cell,0.0022065675658329,370.87097791708806
26,19,0,24,255.0,pos+cell,-0.0020467751523536,608.1979819259824
26,19,0,24,298.0,pos+cell,0.0031305433617133,553.702589616655
26,19,0,24,302.0,pos+cell,0.0052513603206213,556.8597312120185
26,19,0,24,340.0,pos+cell,0.0003906418970502,544.3110625137743
26,19,0,24,363.0,pos+cell,-0.0021267886056989,554.9716391746664
26,19,0,24,430.0,pos+cell,-0.0009890249006676,768.6151868911429
26,19,0,113,,pos,0.0399643193422316,
26,19,0,113,24.0,pos+cell,0.0598933143338827,284.1001490368617
26,19,0,113,114.0,pos+cell,0.0461719699099165,0.0
26,19,0,113,115.0,pos+cell,0.1287599729204049,14.999999999999812
26,19,0,113,123.0,pos+cell,0.0606443267005324,14.99999999999996
26,19,0,113,124.0,pos+cell,0.0503096510741612,14.99999999999996
26,19,0,113,126.0,pos+cell,0.0695065131859549,14.99999999999996
26,19,0,113,129.0,pos+cell,0.0584548806969091,45.000000000000625
26,19,0,113,132.0,pos+cell,0.0453648336529255,75.0000000000004
26,19,0,113,133.0,pos+cell,0.0610276726497365,90.00000000000021
26,19,0,113,134.0,pos+cell,0.0440609336410471,75.0000000000004
26,19,0,113,145.0,pos+cell,0.0399450515744255,150.0000000000002
26,19,0,113,148.0,pos+cell,0.0481689301480934,179.99999999999997
26,19,0,113,149.0,pos+cell,0.0477647057104434,165.00000000000014
26,19,0,113,155.0,pos+cell,0.0584564766427884,165.00000000000014
26,19,0,113,156.0,pos+cell,0.0500305090540239,165.00000000000014
26,19,0,113,157.0,pos+cell,0.0539178746352507,195.0000000000008
26,19,0,113,163.0,pos+cell,0.0380501267048251,239.99999999999991
26,19,0,113,166.0,pos+cell,0.047038917899154,239.99999999999991
26,19,0,113,179.0,pos+cell,0.0511256086715757,285.0
26,19,0,113,183.0,pos+cell,0.0426480630780224,285.0
26,19,0,113,185.0,pos+cell,0.049518746786674,315.0000000000002
26,19,0,113,192.0,pos+cell,0.0493040377163573,359.99999999999994
26,19,0,113,195.0,pos+cell,0.0486485083904602,345.0
26,19,0,113,198.0,pos+cell,0.043014172715131,374.99999999999886
26,19,0,113,201.0,pos+cell,0.0493714977910529,374.99999999999886
26,19,0,113,203.0,pos+cell,0.0549896616718769,390.00000000000017
26,19,0,113,215.0,pos+cell,0.0429843265063936,450.0000000000001
26,19,0,113,217.0,pos+cell,0.0497883754699139,435.0000000000002
26,19,0,113,221.0,pos+cell,0.0393228606944063,479.9999999999999
26,19,0,113,224.0,pos+cell,0.0377456430459458,479.9999999999999
26,19,0,113,227.0,pos+cell,0.0482567910624644,495.00000000000017
26,19,0,113,255.0,pos+cell,0.0411727605390754,342.16665940692
26,19,0,113,298.0,pos+cell,0.0465113737639838,341.2786353587625
26,19,0,113,302.0,pos+cell,0.0405940154890758,338.0477497650137
26,19,0,113,340.0,pos+cell,0.0377183702194033,403.94227961905295
26,19,0,113,363.0,pos+cell,0.0404022844533747,450.99167888064903
26,19,0,113,430.0,pos+cell,0.0348267537536123,523.9024225560522
26,19,0,114,,pos,0.1172111665330685,
26,19,0,114,24.0,pos+cell,0.1513829336233249,284.1001490368617
26,19,0,114,113.0,pos+cell,0.1345079475233141,0.0
26,19,0,114,115.0,pos+cell,0.1408302036472944,14.999999999999812
26,19,0,114,123.0,pos+cell,0.1325583383302256,14.99999999999996
26,19,0,114,124.0,pos+cell,0.1267378268100466,14.99999999999996
26,19,0,114,126.0,pos+cell,0.1333691575015988,14.99999999999996
26,19,0,114,129.0,pos+cell,0.1217184719051142,45.000000000000625
26,19,0,114,132.0,pos+cell,0.1314607954311021,75.0000000000004
26,19,0,114,133.0,pos+cell,0.1393349115342719,90.00000000000021
26,19,0,114,134.0,pos+cell,0.1166000376788576,75.0000000000004
26,19,0,114,145.0,pos+cell,0.1161768583025958,150.0000000000002
26,19,0,114,148.0,pos+cell,0.1330668620923478,179.99999999999997
26,19,0,114,149.0,pos+cell,0.1293063337412434,165.00000000000014
26,19,0,114,155.0,pos+cell,0.1457013356262778,165.00000000000014
26,19,0,114,156.0,pos+cell,0.1251978674052798,165.00000000000014
26,19,0,114,157.0,pos+cell,0.1255648492731867,195.0000000000008
26,19,0,114,163.0,pos+cell,0.1165177470774936,239.99999999999991
26,19,0,114,166.0,pos+cell,0.1329375426116019,239.99999999999991
26,19,0,114,179.0,pos+cell,0.1262484205353514,285.0
26,19,0,114,183.0,pos+cell,0.119364626261616,285.0
26,19,0,114,185.0,pos+cell,0.1277416413075131,315.0000000000002
26,19,0,114,192.0,pos+cell,0.1240840989552229,359.99999999999994
26,19,0,114,195.0,pos+cell,0.1223411829579924,345.0
26,19,0,114,198.0,pos+cell,0.1262267647542177,374.99999999999886
26,19,0,114,201.0,pos+cell,0.1198340639796009,374.99999999999886
26,19,0,114,203.0,pos+cell,0.1247702239588238,390.00000000000017
26,19,0,114,215.0,pos+cell,0.1214044155687159,450.0000000000001
26,19,0,114,217.0,pos+cell,0.1190228706522273,435.0000000000002
26,19,0,114,221.0,pos+cell,0.1152673819932713,479.9999999999999
26,19,0,114,224.0,pos+cell,0.1150412590132572,479.9999999999999
26,19,0,114,227.0,pos+cell,0.1150708006452468,495.00000000000017
26,19,0,114,255.0,pos+cell,0.1147740658626068,342.16665940692
26,19,0,114,298.0,pos+cell,0.1197821599771167,341.2786353587625
26,19,0,114,302.0,pos+cell,0.1191728795851944,338.0477497650137
26,19,0,114,340.0,pos+cell,0.1166228924054783,403.94227961905295
26,19,0,114,363.0,pos+cell,0.1159315058019826,450.99167888064903
26,19,0,114,430.0,pos+cell,0.116847744192864,523.9024225560522
26,19,0,115,,pos,0.0001674454782552,
26,19,0,115,24.0,pos+cell,0.010186612815812,294.34792528534126
26,19,0,115,113.0,pos+cell,0.0372916924491234,14.999999999999812
26,19,0,115,114.0,pos+cell,0.0177728651084771,14.999999999999812
26,19,0,115,123.0,pos+cell,0.0125667591005997,29.99999999999977
26,19,0,115,124.0,pos+cell,0.0059876082531382,29.99999999999977
26,19,0,115,126.0,pos+cell,0.0505898920873309,29.99999999999977
26,19,0,115,129.0,pos+cell,0.0238729833924331,60.00000000000043
26,19,0,115,132.0,pos+cell,0.0048446477700452,90.00000000000021
26,19,0,115,133.0,pos+cell,0.0209437830835451,105.0
26,19,0,115,134.0,pos+cell,0.0190576070844071,90.00000000000021
26,19,0,115,145.0,pos+cell,0.0026614857106491,165.0
26,19,0,115,148.0,pos+cell,0.0077814753020853,194.9999999999998
26,19,0,115,149.0,pos+cell,0.0160522013305697,179.99999999999997
26,19,0,115,155.0,pos+cell,0.0175601407631499,179.99999999999997
26,19,0,115,156.0,pos+cell,0.0042246294858616,179.99999999999997
26,19,0,115,157.0,pos+cell,0.0037099250212869,210.00000000000065
26,19,0,115,163.0,pos+cell,0.0016878944324899,254.99999999999977
26,19,0,115,166.0,pos+cell,0.0047742239052487,254.99999999999977
26,19,0,115,179.0,pos+cell,0.0061292450524435,299.9999999999998
26,19,0,115,183.0,pos+cell,0.0079906833462522,299.9999999999998
26,19,0,115,185.0,pos+cell,0.0045302196996625,330.0
26,19,0,115,192.0,pos+cell,0.0137226877721887,374.9999999999998
26,19,0,115,195.0,pos+cell,0.014446493582629,359.9999999999998
26,19,0,115,198.0,pos+cell,0.0050777004808621,389.9999999999987
26,19,0,115,201.0,pos+cell,0.0063024828076252,389.9999999999987
26,19,0,115,203.0,pos+cell,0.0091085301924782,404.99999999999994
26,19,0,115,215.0,pos+cell,0.0059187623128315,464.99999999999994
26,19,0,115,217.0,pos+cell,0.006060025469282,450.0
26,19,0,115,221.0,pos+cell,0.0073857575313082,494.9999999999997
26,19,0,115,224.0,pos+cell,0.0022305482211865,494.9999999999997
26,19,0,115,227.0,pos+cell,0.0026689696015461,509.99999999999994
26,19,0,115,255.0,pos+cell,0.0264326546816363,338.77755606830164
26,19,0,115,298.0,pos+cell,0.004038221790185,345.1279456102063
26,19,0,115,302.0,pos+cell,0.0071203216281824,341.27477877495323
26,19,0,115,340.0,pos+cell,0.0021027741960544,412.6881885557224
26,19,0,115,363.0,pos+cell,0.0003204273768894,461.2869627894818
26,19,0,115,430.0,pos+cell,0.0028018306039211,522.8736213410277
26,19,0,123,,pos,-0.0213688473983149,
26,19,0,123,24.0,pos+cell,0.1180218296635189,274.29015338824905
26,19,0,123,113.0,pos+cell,0.0278353291823612,14.99999999999996
26,19,0,123,114.0,pos+cell,-0.0095263066405442,14.99999999999996
26,19,0,123,115.0,pos+cell,0.0217701205890926,29.99999999999977
26,19,0,123,124.0,pos+cell,0.0014927934493619,0.0
26,19,0,123,126.0,pos+cell,0.0197565197785535,0.0
26,19,0,123,129.0,pos+cell,0.0306354481079351,30.000000000000668
26,19,0,123,132.0,pos+cell,-0.0160516539002216,60.00000000000043
26,19,0,123,133.0,pos+cell,0.1763307507210016,75.00000000000024
26,19,0,123,134.0,pos+cell,-0.0184642438987549,60.00000000000043
26,19,0,123,145.0,pos+cell,-0.0108701021546171,135.00000000000023
26,19,0,123,148.0,pos+cell,0.0056833885747899,165.0
26,19,0,123,149.0,pos+cell,0.063926876166692,150.0000000000002
26,19,0,123,155.0,pos+cell,0.059177011190351,150.0000000000002
26,19,0,123,156.0,pos+cell,0.0948166159880956,150.0000000000002
26,19,0,123,157.0,pos+cell,-0.0137463896737529,180.00000000000088
26,19,0,123,163.0,pos+cell,-0.0147137252506396,225.0
26,19,0,123,166.0,pos+cell,-0.0071607659034089,225.0
26,19,0,123,179.0,pos+cell,-0.0166102494279939,270.0
26,19,0,123,183.0,pos+cell,-0.00540010892002,270.0
26,19,0,123,185.0,pos+cell,-0.011027892762259,300.0000000000002
26,19,0,123,192.0,pos+cell,-0.0043911818438888,345.0
26,19,0,123,195.0,pos+cell,0.0247294392477556,330.0
26,19,0,123,198.0,pos+cell,-0.0108224685618201,359.99999999999886
26,19,0,123,201.0,pos+cell,-0.0193099806797961,359.99999999999886
26,19,0,123,203.0,pos+cell,0.0009891863944909,375.00000000000017
26,19,0,123,215.0,pos+cell,-0.0169774801206869,435.0000000000002
26,19,0,123,217.0,pos+cell,-0.0190095780192284,420.0000000000002
26,19,0,123,221.0,pos+cell,-0.0102884336292796,464.99999999999994
26,19,0,123,224.0,pos+cell,-0.0210736731395393,464.99999999999994
26,19,0,123,227.0,pos+cell,-0.016956853520215,480.0000000000002
26,19,0,123,255.0,pos+cell,-0.0223443272723419,346.1730970537299
26,19,0,123,298.0,pos+cell,-0.0168004000282151,338.05164555664663
26,19,0,123,302.0,pos+cell,-0.016336460976865,335.4610075917695
26,19,0,123,340.0,pos+cell,-0.0176168292688852,395.5719777161556
26,19,0,123,363.0,pos+cell,-0.0157158446881525,440.96635563229535
26,19,0,123,430.0,pos+cell,-0.0213712166356481,525.3576618132831
26,19,0,124,,pos,0.0084440465194469,
26,19,0,124,24.0,pos+cell,0.0359159533623273,274.29015338824905
26,19,0,124,113.0,pos+cell,0.0476630651149687,14.99999999999996
26,19,0,124,114.0,pos+cell,0.0289925026599986,14.99999999999996
26,19,0,124,115.0,pos+cell,0.0249196531938587,29.99999999999977
26,19,0,124,123.0,pos+cell,0.0166564480697561,0.0
26,19,0,124,126.0,pos+cell,0.0160033147657588,0.0
26,19,0,124,129.0,pos+cell,0.0213601148281103,30.000000000000668
26,19,0,124,132.0,pos+cell,0.0477528358473055,60.00000000000043
26,19,0,124,133.0,pos+cell,0.0181733437581323,75.00000000000024
26,19,0,124,134.0,pos+cell,0.0185880404788145,60.00000000000043
26,19,0,124,145.0,pos+cell,0.0139427247639374,135.00000000000023
26,19,0,124,148.0,pos+cell,0.0410580928083401,165.0
26,19,0,124,149.0,pos+cell,0.010537501973251,150.0000000000002
26,19,0,124,155.0,pos+cell,0.0140763294773086,150.0000000000002
26,19,0,124,156.0,pos+cell,0.0256597311813918,150.0000000000002
26,19,0,124,157.0,pos+cell,0.0410530462431732,180.00000000000088
26,19,0,124,163.0,pos+cell,0.0083710890414739,225.0
26,19,0,124,166.0,pos+cell,0.0081753995466126,225.0
26,19,0,124,179.0,pos+cell,0.0239212078524779,270.0
26,19,0,124,183.0,pos+cell,0.0116518724717375,270.0
26,19,0,124,185.0,pos+cell,0.0235990344559212,300.0000000000002
26,19,0,124,192.0,pos+cell,0.0111530675980713,345.0
26,19,0,124,195.0,pos+cell,0.0119288579218051,330.0
26,19,0,124,198.0,pos+cell,0.0294869493720267,359.99999999999886
26,19,0,124,201.0,pos+cell,0.0162257957498907,359.99999999999886
26,19,0,124,203.0,pos+cell,0.0092640738783791,375.00000000000017
26,19,0,124,215.0,pos+cell,0.0069338150543789,435.0000000000002
26,19,0,124,217.0,pos+cell,0.0121663161105413,420.0000000000002
26,19,0,124,221.0,pos+cell,0.004457311301172,464.99999999999994
26,19,0,124,224.0,pos+cell,0.0066389823589443,464.99999999999994
26,19,0,124,227.0,pos+cell,0.0102846236244774,480.0000000000002
26,19,0,124,255.0,pos+cell,0.0072573723362892,346.1730970537299
26,19,0,124,298.0,pos+cell,0.031339829631468,338.05164555664663
26,19,0,124,302.0,pos+cell,0.0089136519565121,335.4610075917695
26,19,0,124,340.0,pos+cell,0.0089782640581396,395.5719777161556
26,19,0,124,363.0,pos+cell,0.0138322545799956,440.96635563229535
26,19,0,124,430.0,pos+cell,0.0042778184105704,525.3576618132831
26,19,0,126,,pos,0.0130297000199799,
26,19,0,126,24.0,pos+cell,0.0211701615941772,274.29015338824905
26,19,0,126,113.0,pos+cell,0.0212758416753472,14.99999999999996
26,19,0,126,114.0,pos+cell,0.0191971655028362,14.99999999999996
26,19,0,126,115.0,pos+cell,0.0509032658102876,29.99999999999977
26,19,0,126,123.0,pos+cell,0.017996251120882,0.0
26,19,0,126,124.0,pos+cell,0.0149404072198053,0.0
26,19,0,126,129.0,pos+cell,0.0180549156297113,30.000000000000668
26,19,0,126,132.0,pos+cell,0.0130439643182425,60.00000000000043
26,19,0,126,133.0,pos+cell,0.0177918963042529,75.00000000000024
26,19,0,126,134.0,pos+cell,0.0159995091493539,60.00000000000043
26,19,0,126,145.0,pos+cell,0.0150030170374296,135.00000000000023
26,19,0,126,148.0,pos+cell,0.0152311008401374,165.0
26,19,0,126,149.0,pos+cell,0.0204683527214039,150.0000000000002
26,19,0,126,155.0,pos+cell,0.0274015447799977,150.0000000000002
26,19,0,126,156.0,pos+cell,0.0156125253584863,150.0000000000002
26,19,0,126,157.0,pos+cell,0.0137263823746595,180.00000000000088
26,19,0,126,163.0,pos+cell,0.0131144181626719,225.0
26,19,0,126,166.0,pos+cell,0.0130979642949636,225.0
26,19,0,126,179.0,pos+cell,0.0142544900851121,270.0
26,19,0,126,183.0,pos+cell,0.0160383454920361,270.0
26,19,0,126,185.0,pos+cell,0.0140950964686136,300.0000000000002
26,19,0,126,192.0,pos+cell,0.0144945324492066,345.0
26,19,0,126,195.0,pos+cell,0.0152682860095454,330.0
26,19,0,126,198.0,pos+cell,0.0158265115806876,359.99999999999886
26,19,0,126,201.0,pos+cell,0.015155038589504,359.99999999999886
26,19,0,126,203.0,pos+cell,0.0147152399938635,375.00000000000017
26,19,0,126,215.0,pos+cell,0.0142948616122228,435.0000000000002
26,19,0,126,217.0,pos+cell,0.013654214893823,420.0000000000002
26,19,0,126,221.0,pos+cell,0.0134494771348328,464.99999999999994
26,19,0,126,224.0,pos+cell,0.0141622264420081,464.99999999999994
26,19,0,126,227.0,pos+cell,0.0139539885638436,480.0000000000002
26,19,0,126,255.0,pos+cell,0.015069517313802,346.1730970537299
26,19,0,126,298.0,pos+cell,0.01390334450315,338.05164555664663
26,19,0,126,302.0,pos+cell,0.0131812988874879,335.4610075917695
26,19,0,126,340.0,pos+cell,0.0127328838689129,395.5719777161556
26,19,0,126,363.0,pos+cell,0.0127841121978364,440.96635563229535
26,19,0,126,430.0,pos+cell,0.0133258417857106,525.3576618132831
26,19,0,129,,pos,0.0549428685188918,
26,19,0,129,24.0,pos+cell,0.0695062092743681,256.18250403123403
26,19,0,129,113.0,pos+cell,0.0607946767502685,45.000000000000625
26,19,0,129,114.0,pos+cell,0.0697046210033257,45.000000000000625
26,19,0,129,115.0,pos+cell,0.1189719249619352,60.00000000000043
26,19,0,129,123.0,pos+cell,0.0785671760501302,30.000000000000668
26,19,0,129,124.0,pos+cell,0.0596307670141649,30.000000000000668
26,19,0,129,126.0,pos+cell,0.0685560078802638,30.000000000000668
26,19,0,129,132.0,pos+cell,0.0580095500409906,29.99999999999977
26,19,0,129,133.0,pos+cell,0.0847670271209145,44.99999999999958
26,19,0,129,134.0,pos+cell,0.0655226824552889,29.99999999999977
26,19,0,129,145.0,pos+cell,0.0629540535678571,104.99999999999956
26,19,0,129,148.0,pos+cell,0.0588351186071491,134.99999999999935
26,19,0,129,149.0,pos+cell,0.0578694793829622,119.99999999999952
26,19,0,129,155.0,pos+cell,0.0716996671155853,119.99999999999952
26,19,0,129,156.0,pos+cell,0.0751967648177276,119.99999999999952
26,19,0,129,157.0,pos+cell,0.0613110080704108,150.0000000000002
26,19,0,129,163.0,pos+cell,0.0494427919059649,194.99999999999935
26,19,0,129,166.0,pos+cell,0.0541706248221639,194.99999999999935
26,19,0,129,179.0,pos+cell,0.0505061584728017,239.99999999999935
26,19,0,129,183.0,pos+cell,0.0875790653477133,239.99999999999935
26,19,0,129,185.0,pos+cell,0.0633555240489849,269.99999999999955
26,19,0,129,192.0,pos+cell,0.0549535563522146,314.9999999999993
26,19,0,129,195.0,pos+cell,0.0656417311812698,299.9999999999993
26,19,0,129,198.0,pos+cell,0.0616824041680833,329.99999999999824
26,19,0,129,201.0,pos+cell,0.059831325132814,329.99999999999824
26,19,0,129,203.0,pos+cell,0.0491311779184842,344.9999999999995
26,19,0,129,215.0,pos+cell,0.0556256964091271,404.9999999999995
26,19,0,129,217.0,pos+cell,0.0556653879759811,389.9999999999996
26,19,0,129,221.0,pos+cell,0.0525527043641468,434.9999999999993
26,19,0,129,224.0,pos+cell,0.0495608476489373,434.9999999999993
26,19,0,129,227.0,pos+cell,0.0629842123286399,449.99999999999955
26,19,0,129,255.0,pos+cell,0.0586952207704751,355.95139240060746
26,19,0,129,298.0,pos+cell,0.0490999477138677,333.53340355351474
26,19,0,129,302.0,pos+cell,0.0459502848681025,332.2645039739832
26,19,0,129,340.0,pos+cell,0.0548989606554755,380.0563617874822
26,19,0,129,363.0,pos+cell,0.052197751631153,421.8020762866285
26,19,0,129,430.0,pos+cell,0.0517154250167882,529.5323613883854
26,19,0,132,,pos,0.0041668745921998,
26,19,0,132,24.0,pos+cell,0.005717341741478,240.46592793507685
26,19,0,132,113.0,pos+cell,0.0237434005291165,75.0000000000004
26,19,0,132,114.0,pos+cell,0.0388685065966014,75.0000000000004
26,19,0,132,115.0,pos+cell,0.0141234505950887,90.00000000000021
26,19,0,132,123.0,pos+cell,0.0099250364921854,60.00000000000043
26,19,0,132,124.0,pos+cell,0.0267078997817105,60.00000000000043
26,19,0,132,126.0,pos+cell,0.0064720318874866,60.00000000000043
26,19,0,132,129.0,pos+cell,0.013611877041883,29.99999999999977
26,19,0,132,133.0,pos+cell,0.017891224087741,14.999999999999812
26,19,0,132,134.0,pos+cell,0.0029476056377597,0.0
26,19,0,132,145.0,pos+cell,0.0018696776619607,74.9999999999998
26,19,0,132,148.0,pos+cell,0.0136835795086632,104.99999999999956
26,19,0,132,149.0,pos+cell,0.0025462526339752,89.99999999999976
26,19,0,132,155.0,pos+cell,0.0111306406208146,89.99999999999976
26,19,0,132,156.0,pos+cell,0.005620467487186,89.99999999999976
26,19,0,132,157.0,pos+cell,0.0734254590540486,120.00000000000044
26,19,0,132,163.0,pos+cell,0.0066812766026836,164.99999999999957
26,19,0,132,166.0,pos+cell,0.0076722063495046,164.99999999999957
26,19,0,132,179.0,pos+cell,0.0324833082421418,209.9999999999996
26,19,0,132,183.0,pos+cell,0.0013897641632976,209.9999999999996
26,19,0,132,185.0,pos+cell,0.0180663099957275,239.99999999999983
26,19,0,132,192.0,pos+cell,0.0128944978313176,284.99999999999955
26,19,0,132,195.0,pos+cell,0.0087861436675008,269.99999999999955
26,19,0,132,198.0,pos+cell,0.0047587921072274,299.99999999999847
26,19,0,132,201.0,pos+cell,0.0053353163412983,299.99999999999847
26,19,0,132,203.0,pos+cell,0.0065771040838383,314.9999999999998
26,19,0,132,215.0,pos+cell,0.0017923861021932,374.9999999999998
26,19,0,132,217.0,pos+cell,0.0088306296607912,359.9999999999998
26,19,0,132,221.0,pos+cell,0.0052515441610062,404.9999999999995
26,19,0,132,224.0,pos+cell,0.0027576969421475,404.9999999999995
26,19,0,132,227.0,pos+cell,0.0070223575980901,419.9999999999998
26,19,0,132,255.0,pos+cell,0.0047947357073447,367.9225113798979
26,19,0,132,298.0,pos+cell,0.03914818194672,331.67777662729657
26,19,0,132,302.0,pos+cell,0.004995634290481,331.76092836207977
26,19,0,132,340.0,pos+cell,0.0037698107312325,366.3447648268019
26,19,0,132,363.0,pos+cell,0.0113524275413291,403.95873096121335
26,19,0,132,430.0,pos+cell,0.0049783853284844,535.3581704701995
26,19,0,133,,pos,0.012258596651999,
26,19,0,133,24.0,pos+cell,0.0425109616125407,233.6579895074417
26,19,0,133,113.0,pos+cell,0.0385872328340323,90.00000000000021
26,19,0,133,114.0,pos+cell,0.0422773995818666,90.00000000000021
26,19,0,133,115.0,pos+cell,0.0852368316807093,105.0
26,19,0,133,123.0,pos+cell,0.1519105046785808,75.00000000000024
26,19,0,133,124.0,pos+cell,0.0178727844824559,75.00000000000024
26,19,0,133,126.0,pos+cell,0.0547877135427487,75.00000000000024
26,19,0,133,129.0,pos+cell,0.0389966831053796,44.99999999999958
26,19,0,133,132.0,pos+cell,0.0197083051022318,14.999999999999812
26,19,0,133,134.0,pos+cell,0.0086644433659579,14.999999999999812
26,19,0,133,145.0,pos+cell,0.0253312982500495,59.999999999999986
26,19,0,133,148.0,pos+cell,0.0294977904429073,89.99999999999976
26,19,0,133,149.0,pos+cell,0.0330951111574396,74.99999999999996
26,19,0,133,155.0,pos+cell,0.0375680733127003,74.99999999999996
26,19,0,133,156.0,pos+cell,0.080840317310413,74.99999999999996
26,19,0,133,157.0,pos+cell,0.0170774921802487,105.0000000000006
26,19,0,133,163.0,pos+cell,0.0067179286910284,149.99999999999974
26,19,0,133,166.0,pos+cell,0.0164270559276284,149.99999999999974
26,19,0,133,179.0,pos+cell,0.0191393632613666,194.9999999999998
26,19,0,133,183.0,pos+cell,0.0260130405934613,194.9999999999998
26,19,0,133,185.0,pos+cell,0.0165045288239878,225.0
26,19,0,133,192.0,pos+cell,0.02229001018738,269.9999999999997
26,19,0,133,195.0,pos+cell,0.0889722360377683,254.99999999999977
26,19,0,133,198.0,pos+cell,0.0056070478928327,284.99999999999864
26,19,0,133,201.0,pos+cell,0.0040860652030215,284.99999999999864
26,19,0,133,203.0,pos+cell,0.0233543310836211,299.99999999999994
26,19,0,133,215.0,pos+cell,0.0135295814276649,359.99999999999994
26,19,0,133,217.0,pos+cell,0.0248335283244588,345.0
26,19,0,133,221.0,pos+cell,0.0170633256163183,389.9999999999997
26,19,0,133,224.0,pos+cell,0.0117515332874029,389.9999999999997
26,19,0,133,227.0,pos+cell,0.0127639103196351,404.99999999999994
26,19,0,133,255.0,pos+cell,0.0116072139928447,374.6662043661945
26,19,0,133,298.0,pos+cell,0.0127941437872188,331.7649101693011
26,19,0,133,302.0,pos+cell,0.0088391767588533,332.5253675751145
26,19,0,133,340.0,pos+cell,0.0084613429363582,360.23091345196684
26,19,0,133,363.0,pos+cell,0.0185901765046647,395.58878737880775
26,19,0,133,430.0,pos+cell,0.0158871358688448,538.8740995399752
26,19,0,134,,pos,0.0565092390374652,
26,19,0,134,24.0,pos+cell,0.0616785021861122,240.46592793507685
26,19,0,134,113.0,pos+cell,0.0653461260262387,75.0000000000004
26,19,0,134,114.0,pos+cell,0.0586628072402989,75.0000000000004
26,19,0,134,115.0,pos+cell,0.0904648914060649,90.00000000000021
26,19,0,134,123.0,pos+cell,0.057700659335889,60.00000000000043
26,19,0,134,124.0,pos+cell,0.069517775447259,60.00000000000043
26,19,0,134,126.0,pos+cell,0.0714401963223582,60.00000000000043
26,19,0,134,129.0,pos+cell,0.0540808487329285,29.99999999999977
26,19,0,134,132.0,pos+cell,0.0575039528680821,0.0
26,19,0,134,133.0,pos+cell,0.0582280065626015,14.999999999999812
26,19,0,134,145.0,pos+cell,0.0583972135019762,74.9999999999998
26,19,0,134,148.0,pos+cell,0.0611512699675429,104.99999999999956
26,19,0,134,149.0,pos+cell,0.063811337449366,89.99999999999976
26,19,0,134,155.0,pos+cell,0.0587790124868338,89.99999999999976
26,19,0,134,156.0,pos+cell,0.0621467992913604,89.99999999999976
26,19,0,134,157.0,pos+cell,0.0591026056322566,120.00000000000044
26,19,0,134,163.0,pos+cell,0.0556446970239277,164.99999999999957
26,19,0,134,166.0,pos+cell,0.0576017967914379,164.99999999999957
26,19,0,134,179.0,pos+cell,0.0585699341064095,209.9999999999996
26,19,0,134,183.0,pos+cell,0.0595600957364708,209.9999999999996
26,19,0,134,185.0,pos+cell,0.068543738897371,239.99999999999983
26,19,0,134,192.0,pos+cell,0.0622381254072502,284.99999999999955
26,19,0,134,195.0,pos+cell,0.0560139844588005,269.99999999999955
26,19,0,134,198.0,pos+cell,0.060004712180248,299.99999999999847
26,19,0,134,201.0,pos+cell,0.0622994510727399,299.99999999999847
26,19,0,134,203.0,pos+cell,0.0589190803956634,314.9999999999998
26,19,0,134,215.0,pos+cell,0.0629132403267466,374.9999999999998
26,19,0,134,217.0,pos+cell,0.0632169740541466,359.9999999999998
26,19,0,134,221.0,pos+cell,0.0605381385326994,404.9999999999995
26,19,0,134,224.0,pos+cell,0.0610512035013837,404.9999999999995
26,19,0,134,227.0,pos+cell,0.0551810533940203,419.9999999999998
26,19,0,134,255.0,pos+cell,0.0692937746119384,367.9225113798979
26,19,0,134,298.0,pos+cell,0.0665544696220232,331.67777662729657
26,19,0,134,302.0,pos+cell,0.0668959978064321,331.76092836207977
26,19,0,134,340.0,pos+cell,0.0568720120127302,366.3447648268019
26,19,0,134,363.0,pos+cell,0.064049894129946,403.95873096121335
26,19,0,134,430.0,pos+cell,0.0580777514131364,535.3581704701995
26,19,0,145,,pos,0.0187803089153245,
26,19,0,145,24.0,pos+cell,0.0248842132382594,214.9065618183592
26,19,0,145,113.0,pos+cell,0.0229144303709055,150.0000000000002
26,19,0,145,114.0,pos+cell,0.0179964491971418,150.0000000000002
26,19,0,145,115.0,pos+cell,0.0265419042588333,165.0
26,19,0,145,123.0,pos+cell,0.022868384535286,135.00000000000023
26,19,0,145,124.0,pos+cell,0.0225154007092599,135.00000000000023
26,19,0,145,126.0,pos+cell,0.0210302419015163,135.00000000000023
26,19,0,145,129.0,pos+cell,0.0265260738842234,104.99999999999956
26,19,0,145,132.0,pos+cell,0.017507929160138,74.9999999999998
26,19,0,145,133.0,pos+cell,0.018437796079794,59.999999999999986
26,19,0,145,134.0,pos+cell,0.0188015853599237,74.9999999999998
26,19,0,145,148.0,pos+cell,0.0207564945314164,29.99999999999977
26,19,0,145,149.0,pos+cell,0.0259546265370451,14.99999999999996
26,19,0,145,155.0,pos+cell,0.0290135872403817,14.99999999999996
26,19,0,145,156.0,pos+cell,0.0199818314930683,14.99999999999996
26,19,0,145,157.0,pos+cell,0.0195061097366073,45.000000000000625
26,19,0,145,163.0,pos+cell,0.0173278004915973,89.99999999999976
26,19,0,145,166.0,pos+cell,0.0171980906599666,89.99999999999976
26,19,0,145,179.0,pos+cell,0.020419349656578,134.99999999999977
26,19,0,145,183.0,pos+cell,0.0200826075170761,134.99999999999977
26,19,0,145,185.0,pos+cell,0.0221148026259375,165.0
26,19,0,145,192.0,pos+cell,0.0193928570112108,209.99999999999977
26,19,0,145,195.0,pos+cell,0.019128521194933,194.9999999999998
26,19,0,145,198.0,pos+cell,0.0186296569520438,224.99999999999864
26,19,0,145,201.0,pos+cell,0.0212962005651288,224.99999999999864
26,19,0,145,203.0,pos+cell,0.0195105592803849,239.99999999999991
26,19,0,145,215.0,pos+cell,0.0193831258774716,299.99999999999994
26,19,0,145,217.0,pos+cell,0.0193635264646594,285.0
26,19,0,145,221.0,pos+cell,0.0199231575824365,329.9999999999997
26,19,0,145,224.0,pos+cell,0.0175088654368329,329.9999999999997
26,19,0,145,227.0,pos+cell,0.0183016093600747,345.0
26,19,0,145,255.0,pos+cell,0.0181161410147189,406.0861065716124
26,19,0,145,298.0,pos+cell,0.0176133747836599,338.82028874392194
26,19,0,145,302.0,pos+cell,0.0178016756648898,342.20512277601694
26,19,0,145,340.0,pos+cell,0.0181239059806667,341.31745951265464
26,19,0,145,363.0,pos+cell,0.0180332862858589,366.3629596725108
26,19,0,145,430.0,pos+cell,0.019024002770412,556.7701437921202
26,19,0,148,,pos,-0.0068209301764144,
26,19,0,148,24.0,pos+cell,0.0541152943019378,211.37459033325771
26,19,0,148,113.0,pos+cell,0.0363997426175668,179.99999999999997
26,19,0,148,114.0,pos+cell,0.0290913613069941,179.99999999999997
26,19,0,148,115.0,pos+cell,0.007579747762265,194.9999999999998
26,19,0,148,123.0,pos+cell,0.0142282497999273,165.0
26,19,0,148,124.0,pos+cell,0.0405830396094576,165.0
26,19,0,148,126.0,pos+cell,0.0144789994474477,165.0
26,19,0,148,129.0,pos+cell,0.0135981484119718,134.99999999999935
26,19,0,148,132.0,pos+cell,0.0256321808136718,104.99999999999956
26,19,0,148,133.0,pos+cell,0.0117877184830701,89.99999999999976
26,19,0,148,134.0,pos+cell,0.0008100210472325,104.99999999999956
26,19,0,148,145.0,pos+cell,-0.0036602675252413,29.99999999999977
26,19,0,148,149.0,pos+cell,0.0133952079595933,14.999999999999812
26,19,0,148,155.0,pos+cell,0.0217539928494548,14.999999999999812
26,19,0,148,156.0,pos+cell,0.0518519864308261,14.999999999999812
26,19,0,148,157.0,pos+cell,0.0349203194378599,15.000000000000856
26,19,0,148,163.0,pos+cell,-0.0051367805270679,59.999999999999986
26,19,0,148,166.0,pos+cell,-0.0104329335748118,59.999999999999986
26,19,0,148,179.0,pos+cell,0.0084917254918579,105.0
26,19,0,148,183.0,pos+cell,-0.0004380770212296,105.0
26,19,0,148,185.0,pos+cell,0.0193185026520325,135.00000000000023
26,19,0,148,192.0,pos+cell,-0.0058473608543951,179.99999999999997
26,19,0,148,195.0,pos+cell,0.0286906788330259,165.0
26,19,0,148,198.0,pos+cell,0.0164613100097324,194.9999999999989
26,19,0,148,201.0,pos+cell,0.0134886691153798,194.9999999999989
26,19,0,148,203.0,pos+cell,0.0003564398522293,210.00000000000017
26,19,0,148,215.0,pos+cell,0.0003077105667363,270.00000000000017
26,19,0,148,217.0,pos+cell,0.0195209141213447,255.00000000000023
26,19,0,148,221.0,pos+cell,0.0044941869289099,299.99999999999994
26,19,0,148,224.0,pos+cell,-0.0035344170467069,299.99999999999994
26,19,0,148,227.0,pos+cell,0.0072409460374831,315.0000000000002
26,19,0,148,255.0,pos+cell,-0.0111202793969242,424.1126107281541
26,19,0,148,298.0,pos+cell,0.0030731432637015,346.21496831730093
26,19,0,148,302.0,pos+cell,-0.004565685449388,350.8132823037644
26,19,0,148,340.0,pos+cell,-0.0087430381089603,335.50448096715456
26,19,0,148,363.0,pos+cell,-0.0056041167919476,354.66531121620125
26,19,0,148,430.0,pos+cell,-0.0104590142284766,567.8880540651808
26,19,0,149,,pos,0.0336466984933549,
26,19,0,149,24.0,pos+cell,0.1262373696368914,212.6194343788225
26,19,0,149,113.0,pos+cell,0.0496229872934486,165.00000000000014
26,19,0,149,114.0,pos+cell,0.0453864525992287,165.00000000000014
26,19,0,149,115.0,pos+cell,0.0525889702452873,179.99999999999997
26,19,0,149,123.0,pos+cell,0.109723357665853,150.0000000000002
26,19,0,149,124.0,pos+cell,0.0346632017650882,150.0000000000002
26,19,0,149,126.0,pos+cell,0.045609025686766,150.0000000000002
26,19,0,149,129.0,pos+cell,0.0463264098071443,119.99999999999952
26,19,0,149,132.0,pos+cell,0.032471208845338,89.99999999999976
26,19,0,149,133.0,pos+cell,0.0646016578198486,74.99999999999996
26,19,0,149,134.0,pos+cell,0.0461503422991241,89.99999999999976
26,19,0,149,145.0,pos+cell,0.0419643544351173,14.99999999999996
26,19,0,149,148.0,pos+cell,0.0582441377932112,14.999999999999812
26,19,0,149,155.0,pos+cell,0.1213685691120026,0.0
26,19,0,149,156.0,pos+cell,0.0708384395647478,0.0
26,19,0,149,157.0,pos+cell,0.0332804233517544,30.000000000000668
26,19,0,149,163.0,pos+cell,0.0353013511837508,74.9999999999998
26,19,0,149,166.0,pos+cell,0.0378309132811187,74.9999999999998
26,19,0,149,179.0,pos+cell,0.0380055990676829,119.99999999999984
26,19,0,149,183.0,pos+cell,0.0323845704157616,119.99999999999984
26,19,0,149,185.0,pos+cell,0.0314366578434531,150.00000000000006
26,19,0,149,192.0,pos+cell,0.0331496193309269,194.9999999999998
26,19,0,149,195.0,pos+cell,0.0464289030892275,179.99999999999983
26,19,0,149,198.0,pos+cell,0.0382883683093516,209.9999999999987
26,19,0,149,201.0,pos+cell,0.0426074776556641,209.9999999999987
26,19,0,149,203.0,pos+cell,0.0325459383512973,225.0
26,19,0,149,215.0,pos+cell,0.0344171060477942,285.0
26,19,0,149,217.0,pos+cell,0.037580495383914,270.0
26,19,0,149,221.0,pos+cell,0.0326987276723093,314.9999999999998
26,19,0,149,224.0,pos+cell,0.0308997256112933,314.9999999999998
26,19,0,149,227.0,pos+cell,0.0297581169550791,330.0
26,19,0,149,255.0,pos+cell,0.0325096426536666,414.9261576046644
26,19,0,149,298.0,pos+cell,0.0395205821250585,342.2089948784692
26,19,0,149,302.0,pos+cell,0.0353666578597652,346.21113868193896
26,19,0,149,340.0,pos+cell,0.033844832508659,338.09086420458954
26,19,0,149,363.0,pos+cell,0.0331813097072749,360.2494283132775
26,19,0,149,430.0,pos+cell,0.0334517466769202,562.1564884301504
26,19,0,155,,pos,0.0271638713954042,
26,19,0,155,24.0,pos+cell,0.287941889270286,212.6194343788225
26,19,0,155,113.0,pos+cell,0.0599954487979079,165.00000000000014
26,19,0,155,114.0,pos+cell,0.0635675945458264,165.00000000000014
26,19,0,155,115.0,pos+cell,0.0636265220936415,179.99999999999997
26,19,0,155,123.0,pos+cell,0.1508248938622427,150.0000000000002
26,19,0,155,124.0,pos+cell,0.0437338774360806,150.0000000000002
26,19,0,155,126.0,pos+cell,0.0818760357921224,150.0000000000002
26,19,0,155,129.0,pos+cell,0.0592517118433196,119.99999999999952
26,19,0,155,132.0,pos+cell,0.0349050378530198,89.99999999999976
26,19,0,155,133.0,pos+cell,0.0653183787463015,74.99999999999996
26,19,0,155,134.0,pos+cell,0.0399817339541685,89.99999999999976
26,19,0,155,145.0,pos+cell,0.0359606908110551,14.99999999999996
26,19,0,155,148.0,pos+cell,0.0597682097692426,14.999999999999812
26,19,0,155,149.0,pos+cell,0.1646804039588749,0.0
26,19,0,155,156.0,pos+cell,0.0742596010601538,0.0
26,19,0,155,157.0,pos+cell,0.0369786610008177,30.000000000000668
26,19,0,155,163.0,pos+cell,0.0322106640011821,74.9999999999998
26,19,0,155,166.0,pos+cell,0.0460582307100072,74.9999999999998
26,19,0,155,179.0,pos+cell,0.0390536317827135,119.99999999999984
26,19,0,155,183.0,pos+cell,0.0336793253255187,119.99999999999984
26,19,0,155,185.0,pos+cell,0.0491676779640211,150.00000000000006
26,19,0,155,192.0,pos+cell,0.0433189959678514,194.9999999999998
26,19,0,155,195.0,pos+cell,0.0488433687166905,179.99999999999983
26,19,0,155,198.0,pos+cell,0.0614940374979628,209.9999999999987
26,19,0,155,201.0,pos+cell,0.058372128478102,209.9999999999987
26,19,0,155,203.0,pos+cell,0.0262377803637857,225.0
26,19,0,155,215.0,pos+cell,0.0310657618805209,285.0
26,19,0,155,217.0,pos+cell,0.0414575372143169,270.0
26,19,0,155,221.0,pos+cell,0.0447080385213928,314.9999999999998
26,19,0,155,224.0,pos+cell,0.026800337828669,314.9999999999998
26,19,0,155,227.0,pos+cell,0.0438107509853962,330.0
26,19,0,155,255.0,pos+cell,0.0294635314903121,414.9261576046644
26,19,0,155,298.0,pos+cell,0.0307998643823657,342.2089948784692
26,19,0,155,302.0,pos+cell,0.0335960938913031,346.21113868193896
26,19,0,155,340.0,pos+cell,0.0273199510613886,338.09086420458954
26,19,0,155,363.0,pos+cell,0.0269882963246328,360.2494283132775
26,19,0,155,430.0,pos+cell,0.0243081062114856,562.1564884301504
26,19,0,156,,pos,0.000633127700887,
26,19,0,156,24.0,pos+cell,0.1032046201235732,212.6194343788225
26,19,0,156,113.0,pos+cell,0.029790356192046,165.00000000000014
26,19,0,156,114.0,pos+cell,0.0306483922313449,165.00000000000014
26,19,0,156,115.0,pos+cell,0.0165213650800277,179.99999999999997
26,19,0,156,123.0,pos+cell,0.0506039145821898,150.0000000000002
26,19,0,156,124.0,pos+cell,0.0400287625739786,150.0000000000002
26,19,0,156,126.0,pos+cell,0.0279314726261605,150.0000000000002
26,19,0,156,129.0,pos+cell,0.0665750171136236,119.99999999999952
26,19,0,156,132.0,pos+cell,0.004951601051098,89.99999999999976
26,19,0,156,133.0,pos+cell,0.0457033750903849,74.99999999999996
26,19,0,156,134.0,pos+cell,0.005167170983249,89.99999999999976
26,19,0,156,145.0,pos+cell,0.0222049988235543,14.99999999999996
26,19,0,156,148.0,pos+cell,0.0689593708219749,14.999999999999812
26,19,0,156,149.0,pos+cell,0.032596058959584,0.0
26,19,0,156,155.0,pos+cell,0.0356980729044769,0.0
26,19,0,156,157.0,pos+cell,0.0149472549534831,30.000000000000668
26,19,0,156,163.0,pos+cell,0.0015130697870642,74.9999999999998
26,19,0,156,166.0,pos+cell,0.0057733408656667,74.9999999999998
26,19,0,156,179.0,pos+cell,0.0175040025659598,119.99999999999984
26,19,0,156,183.0,pos+cell,0.0752335030722314,119.99999999999984
26,19,0,156,185.0,pos+cell,0.0031997373913362,150.00000000000006
26,19,0,156,192.0,pos+cell,0.014609132581686,194.9999999999998
26,19,0,156,195.0,pos+cell,0.0515271087696346,179.99999999999983
26,19,0,156,198.0,pos+cell,-0.0018261076318438,209.9999999999987
26,19,0,156,201.0,pos+cell,0.021523289869619,209.9999999999987
26,19,0,156,203.0,pos+cell,-0.0020119713352934,225.0
26,19,0,156,215.0,pos+cell,0.0024322323018709,285.0
26,19,0,156,217.0,pos+cell,0.0091039873829938,270.0
26,19,0,156,221.0,pos+cell,-0.0002386034159883,314.9999999999998
26,19,0,156,224.0,pos+cell,0.008481904430229,314.9999999999998
26,19,0,156,227.0,pos+cell,0.0018206691839514,330.0
26,19,0,156,255.0,pos+cell,-0.0007325704853276,414.9261576046644
26,19,0,156,298.0,pos+cell,-0.0083751994756978,342.2089948784692
26,19,0,156,302.0,pos+cell,0.0050592174740854,346.21113868193896
26,19,0,156,340.0,pos+cell,-0.0037508736195729,338.09086420458954
26,19,0,156,363.0,pos+cell,0.0014375897211972,360.2494283132775
26,19,0,156,430.0,pos+cell,-0.003038623454414,562.1564884301504
26,19,0,157,,pos,-0.0442781860403127,
26,19,0,157,24.0,pos+cell,0.001005947825619,211.19046143596228
26,19,0,157,113.0,pos+cell,0.0824647019852987,195.0000000000008
26,19,0,157,114.0,pos+cell,0.038748123392671,195.0000000000008
26,19,0,157,115.0,pos+cell,-0.0039371322996425,210.00000000000065
26,19,0,157,123.0,pos+cell,-0.0197602193591039,180.00000000000088
26,19,0,157,124.0,pos+cell,0.0203920301547708,180.00000000000088
26,19,0,157,126.0,pos+cell,-0.0283775888873498,180.00000000000088
26,19,0,157,129.0,pos+cell,0.037030533005405,150.0000000000002
26,19,0,157,132.0,pos+cell,0.1235309653503532,120.00000000000044
26,19,0,157,133.0,pos+cell,-0.0066035432993563,105.0000000000006
26,19,0,157,134.0,pos+cell,-0.0262702061407161,120.00000000000044
26,19,0,157,145.0,pos+cell,-0.0322890718305974,45.000000000000625
26,19,0,157,148.0,pos+cell,-0.0069594243614093,15.000000000000856
26,19,0,157,149.0,pos+cell,-0.0371814495479675,30.000000000000668
26,19,0,157,155.0,pos+cell,-0.0248220092277514,30.000000000000668
26,19,0,157,156.0,pos+cell,-0.0017627603014429,30.000000000000668
26,19,0,157,163.0,pos+cell,-0.0087607055175168,44.99999999999913
26,19,0,157,166.0,pos+cell,-0.032877604429212,44.99999999999913
26,19,0,157,179.0,pos+cell,-0.0311162102608048,89.99999999999916
26,19,0,157,183.0,pos+cell,-0.0237235323795878,89.99999999999916
26,19,0,157,185.0,pos+cell,-0.0057953579710318,119.9999999999994
26,19,0,157,192.0,pos+cell,-0.0261764091716613,164.99999999999912
26,19,0,157,195.0,pos+cell,-0.0312197377013011,149.99999999999915
26,19,0,157,198.0,pos+cell,0.0015162887268583,179.99999999999804
26,19,0,157,201.0,pos+cell,-0.0223194939795722,179.99999999999804
26,19,0,157,203.0,pos+cell,-0.0378547858626791,194.99999999999935
26,19,0,157,215.0,pos+cell,-0.0405694015637861,254.99999999999932
26,19,0,157,217.0,pos+cell,-0.0189692354818619,239.99999999999935
26,19,0,157,221.0,pos+cell,-0.0479503973767918,284.9999999999991
26,19,0,157,224.0,pos+cell,-0.0350295295364833,284.9999999999991
26,19,0,157,227.0,pos+cell,-0.0487109380170583,299.9999999999993
26,19,0,157,255.0,pos+cell,-0.0356606773253887,433.6234505797987
26,19,0,157,298.0,pos+cell,0.0525990885965276,350.81706400653803
26,19,0,157,302.0,pos+cell,-0.0196769065458313,355.9884345509512
26,19,0,157,340.0,pos+cell,-0.0508704186945812,333.5732019204679
26,19,0,157,363.0,pos+cell,-0.0262167598133599,349.6359754946939
26,19,0,157,430.0,pos+cell,-0.0198550379862844,573.9544985586904
26,19,0,163,,pos,-0.0041437902467272,
26,19,0,163,24.0,pos+cell,-0.0020540691251678,216.95158835666777
26,19,0,163,113.0,pos+cell,-0.0032955837115244,239.99999999999991
26,19,0,163,114.0,pos+cell,-0.0011181407941493,239.99999999999991
26,19,0,163,115.0,pos+cell,-0.0004641610405575,254.99999999999977
26,19,0,163,123.0,pos+cell,-0.0034107647998473,225.0
26,19,0,163,124.0,pos+cell,-0.0029617216009465,225.0
26,19,0,163,126.0,pos+cell,-0.0011450576960261,225.0
26,19,0,163,129.0,pos+cell,-0.0034674683221,194.99999999999935
26,19,0,163,132.0,pos+cell,-0.0038705681613953,164.99999999999957
26,19,0,163,133.0,pos+cell,-0.0032469158529177,149.99999999999974
26,19,0,163,134.0,pos+cell,-0.001892048375564,164.99999999999957
26,19,0,163,145.0,pos+cell,-0.001972642884782,89.99999999999976
26,19,0,163,148.0,pos+cell,-0.0032706380638792,59.999999999999986
26,19,0,163,149.0,pos+cell,-0.0017785591877099,74.9999999999998
26,19,0,163,155.0,pos+cell,-0.0027404986406903,74.9999999999998
26,19,0,163,156.0,pos+cell,-0.0022475518551119,74.9999999999998
26,19,0,163,157.0,pos+cell,-0.003583635453527,44.99999999999913
26,19,0,163,166.0,pos+cell,0.0107921784691496,0.0
26,19,0,163,179.0,pos+cell,-0.0037629550151331,45.00000000000003
26,19,0,163,183.0,pos+cell,-0.0031035603499467,45.00000000000003
26,19,0,163,185.0,pos+cell,-0.0032547900549108,75.00000000000024
26,19,0,163,192.0,pos+cell,-0.002862659828461,119.99999999999996
26,19,0,163,195.0,pos+cell,1.4526895321431698e-05,105.0
26,19,0,163,198.0,pos+cell,-0.0035816311078613,134.9999999999989
26,19,0,163,201.0,pos+cell,-0.0014641213465137,134.9999999999989
26,19,0,163,203.0,pos+cell,-0.0033683616836949,150.0000000000002
26,19,0,163,215.0,pos+cell,-0.0021500721184504,210.00000000000017
26,19,0,163,217.0,pos+cell,-0.0015196025846988,195.00000000000023
26,19,0,163,221.0,pos+cell,-0.0026962704803951,239.99999999999991
26,19,0,163,224.0,pos+cell,-0.0024891465729077,239.99999999999991
26,19,0,163,227.0,pos+cell,-0.0029655840109826,255.00000000000023
26,19,0,163,255.0,pos+cell,-0.0029356984138793,463.8994156441356
26,19,0,163,298.0,pos+cell,-0.003487635228374,367.9620044676078
26,19,0,163,302.0,pos+cell,-0.0031545841439227,374.701461184667
26,19,0,163,340.0,pos+cell,-0.0029861221758326,331.804993800235
26,19,0,163,363.0,pos+cell,-0.0034204422557517,338.110651267083
26,19,0,163,430.0,pos+cell,-0.0026149097889318,594.0576906439447
26,19,0,166,,pos,0.0174820108616948,
26,19,0,166,24.0,pos+cell,0.0332998905862812,216.95158835666777
26,19,0,166,113.0,pos+cell,0.0287055728811609,239.99999999999991
26,19,0,166,114.0,pos+cell,0.0452691236568384,239.99999999999991
26,19,0,166,115.0,pos+cell,0.0242930271079875,254.99999999999977
26,19,0,166,123.0,pos+cell,0.036061732586856,225.0
26,19,0,166,124.0,pos+cell,0.015572889041603,225.0
26,19,0,166,126.0,pos+cell,0.0150658194320562,225.0
26,19,0,166,129.0,pos+cell,0.0213943677339716,194.99999999999935
26,19,0,166,132.0,pos+cell,0.0222316836066325,164.99999999999957
26,19,0,166,133.0,pos+cell,0.0263166707305841,149.99999999999974
26,19,0,166,134.0,pos+cell,0.0276096141657066,164.99999999999957
26,19,0,166,145.0,pos+cell,0.0206688777762681,89.99999999999976
26,19,0,166,148.0,pos+cell,0.0240776083397721,59.999999999999986
26,19,0,166,149.0,pos+cell,0.0248612659453534,74.9999999999998
26,19,0,166,155.0,pos+cell,0.0446694126413672,74.9999999999998
26,19,0,166,156.0,pos+cell,0.0270826069603795,74.9999999999998
26,19,0,166,157.0,pos+cell,0.0189075864910559,44.99999999999913
26,19,0,166,163.0,pos+cell,0.0446870336949652,0.0
26,19,0,166,179.0,pos+cell,0.0409592304524311,45.00000000000003
26,19,0,166,183.0,pos+cell,0.0268137869014911,45.00000000000003
26,19,0,166,185.0,pos+cell,0.0274631567379131,75.00000000000024
26,19,0,166,192.0,pos+cell,0.0276015953978128,119.99999999999996
26,19,0,166,195.0,pos+cell,0.0418082906109389,105.0
26,19,0,166,198.0,pos+cell,0.0768179740406708,134.9999999999989
26,19,0,166,201.0,pos+cell,0.0226575625684928,134.9999999999989
26,19,0,166,203.0,pos+cell,0.0317810733368323,150.0000000000002
26,19,0,166,215.0,pos+cell,0.0190378761462127,210.00000000000017
26,19,0,166,217.0,pos+cell,0.0215280340588042,195.00000000000023
26,19,0,166,221.0,pos+cell,0.0320862147280352,239.99999999999991
26,19,0,166,224.0,pos+cell,0.0235851043785108,239.99999999999991
26,19,0,166,227.0,pos+cell,0.012812901365439,255.00000000000023
26,19,0,166,255.0,pos+cell,0.0102158726894135,463.8994156441356
26,19,0,166,298.0,pos+cell,0.0165274767258142,367.9620044676078
26,19,0,166,302.0,pos+cell,0.0135813114595227,374.701461184667
26,19,0,166,340.0,pos+cell,0.0185899610060978,331.804993800235
26,19,0,166,363.0,pos+cell,0.0422344294162348,338.110651267083
26,19,0,166,430.0,pos+cell,0.016924940590739,594.0576906439447
26,19,0,179,,pos,0.0145307813567939,
26,19,0,179,24.0,pos+cell,0.0144970843822361,231.48341707221135
26,19,0,179,113.0,pos+cell,0.0237396741288606,285.0
26,19,0,179,114.0,pos+cell,0.0239330835265768,285.0
26,19,0,179,115.0,pos+cell,0.0209624604667758,299.9999999999998
26,19,0,179,123.0,pos+cell,0.0154769080872243,270.0
26,19,0,179,124.0,pos+cell,0.0165909776057065,270.0
26,19,0,179,126.0,pos+cell,0.0193986164687834,270.0
26,19,0,179,129.0,pos+cell,0.0161749650229764,239.99999999999935
26,19,0,179,132.0,pos+cell,0.0162223889478053,209.9999999999996
26,19,0,179,133.0,pos+cell,0.0191271467501294,194.9999999999998
26,19,0,179,134.0,pos+cell,0.013684440499082,209.9999999999996
26,19,0,179,145.0,pos+cell,0.0160440444696879,134.99999999999977
26,19,0,179,148.0,pos+cell,0.0159159666793246,105.0
26,19,0,179,149.0,pos+cell,0.0156989524744445,119.99999999999984
26,19,0,179,155.0,pos+cell,0.0177250675842884,119.99999999999984
26,19,0,179,156.0,pos+cell,0.0161373174446096,119.99999999999984
26,19,0,179,157.0,pos+cell,0.0150242386183924,89.99999999999916
26,19,0,179,163.0,pos+cell,0.0149231485299399,45.00000000000003
26,19,0,179,166.0,pos+cell,0.0205567419377671,45.00000000000003
26,19,0,179,183.0,pos+cell,0.0199729328286106,0.0
26,19,0,179,185.0,pos+cell,0.0182355396650263,30.000000000000217
26,19,0,179,192.0,pos+cell,0.0202201930744804,74.99999999999996
26,19,0,179,195.0,pos+cell,0.0194976800494144,59.999999999999986
26,19,0,179,198.0,pos+cell,0.0244370686462581,89.99999999999886
26,19,0,179,201.0,pos+cell,0.0164231381749275,89.99999999999886
26,19,0,179,203.0,pos+cell,0.0376744937889456,105.00000000000016
26,19,0,179,215.0,pos+cell,0.0166823653586896,165.00000000000014
26,19,0,179,217.0,pos+cell,0.0281011699261113,150.0000000000002
26,19,0,179,221.0,pos+cell,0.0153332519062127,194.99999999999991
26,19,0,179,224.0,pos+cell,0.0172930338932038,194.99999999999991
26,19,0,179,227.0,pos+cell,0.0144137494430185,210.00000000000017
26,19,0,179,255.0,pos+cell,0.0148209612663433,496.4131734525288
26,19,0,179,298.0,pos+cell,0.0147881710801032,389.5760016549691
26,19,0,179,302.0,pos+cell,0.0147721106831644,397.6488457091412
26,19,0,179,340.0,pos+cell,0.0141860094161065,336.1071656214349
26,19,0,179,363.0,pos+cell,0.0168105559188061,332.3286169446978
26,19,0,179,430.0,pos+cell,0.0136678146293783,616.794384872849
26,19,0,183,,pos,-0.0242308675073298,
26,19,0,183,24.0,pos+cell,-0.000795524528336,231.48341707221135
26,19,0,183,113.0,pos+cell,-0.0112384991706593,285.0
26,19,0,183,114.0,pos+cell,-0.0095413584234168,285.0
26,19,0,183,115.0,pos+cell,0.0136376768830189,299.9999999999998
26,19,0,183,123.0,pos+cell,0.0051863273626753,270.0
26,19,0,183,124.0,pos+cell,-0.0154895587020651,270.0
26,19,0,183,126.0,pos+cell,0.0067170328960511,270.0
26,19,0,183,129.0,pos+cell,0.1097586387205387,239.99999999999935
26,19,0,183,132.0,pos+cell,-0.0186072645129674,209.9999999999996
26,19,0,183,133.0,pos+cell,0.021819414526613,194.9999999999998
26,19,0,183,134.0,pos+cell,-0.0276302739879057,209.9999999999996
26,19,0,183,145.0,pos+cell,-0.0136936359652538,134.99999999999977
26,19,0,183,148.0,pos+cell,0.0079508353274873,105.0
26,19,0,183,149.0,pos+cell,-0.014050017188434,119.99999999999984
26,19,0,183,155.0,pos+cell,-0.0084679572891794,119.99999999999984
26,19,0,183,156.0,pos+cell,0.0115233354873043,119.99999999999984
26,19,0,183,157.0,pos+cell,-0.016529503753375,89.99999999999916
26,19,0,183,163.0,pos+cell,-0.0310210868017363,45.00000000000003
26,19,0,183,166.0,pos+cell,0.0786421904378482,45.00000000000003
26,19,0,183,179.0,pos+cell,0.0134876105429446,0.0
26,19,0,183,185.0,pos+cell,0.0065142362652246,30.000000000000217
26,19,0,183,192.0,pos+cell,-0.0230546531255432,74.99999999999996
26,19,0,183,195.0,pos+cell,0.0405249859385188,59.999999999999986
26,19,0,183,198.0,pos+cell,0.0173562908492074,89.99999999999886
26,19,0,183,201.0,pos+cell,0.0014695523274013,89.99999999999886
26,19,0,183,203.0,pos+cell,-0.0070759839480518,105.00000000000016
26,19,0,183,215.0,pos+cell,-0.0085866271440428,165.00000000000014
26,19,0,183,217.0,pos+cell,-0.0037773868218417,150.0000000000002
26,19,0,183,221.0,pos+cell,-0.0419781055743045,194.99999999999991
26,19,0,183,224.0,pos+cell,-0.0217029855922252,194.99999999999991
26,19,0,183,227.0,pos+cell,-0.0170978136311659,210.00000000000017
26,19,0,183,255.0,pos+cell,-0.0319093459635714,496.4131734525288
26,19,0,183,298.0,pos+cell,-0.0381655147727242,389.5760016549691
26,19,0,183,302.0,pos+cell,-0.023034058406256,397.6488457091412
26,19,0,183,340.0,pos+cell,-0.0229195988887502,336.1071656214349
26,19,0,183,363.0,pos+cell,-0.0185377343096161,332.3286169446978
26,19,0,183,430.0,pos+cell,-0.0420277034741688,616.794384872849
26,19,0,185,,pos,0.0156180156920666,
26,19,0,185,24.0,pos+cell,0.0279603408867062,245.3140018535258
26,19,0,185,113.0,pos+cell,0.024590635925112,315.0000000000002
26,19,0,185,114.0,pos+cell,0.0233778389400636,315.0000000000002
26,19,0,185,115.0,pos+cell,0.0262711056752113,330.0
26,19,0,185,123.0,pos+cell,0.0268176872145272,300.0000000000002
26,19,0,185,124.0,pos+cell,0.0192050521598054,300.0000000000002
26,19,0,185,126.0,pos+cell,0.0222512293647121,300.0000000000002
26,19,0,185,129.0,pos+cell,0.0242903283864592,269.99999999999955
26,19,0,185,132.0,pos+cell,0.0213862598003664,239.99999999999983
26,19,0,185,133.0,pos+cell,0.0276841562149729,225.0
26,19,0,185,134.0,pos+cell,0.0164209795832723,239.99999999999983
26,19,0,185,145.0,pos+cell,0.0181268393656752,165.0
26,19,0,185,148.0,pos+cell,0.0225337647041303,135.00000000000023
26,19,0,185,149.0,pos+cell,0.0233380243123696,150.00000000000006
26,19,0,185,155.0,pos+cell,0.0400132427724037,150.00000000000006
26,19,0,185,156.0,pos+cell,0.0198452469995211,150.00000000000006
26,19,0,185,157.0,pos+cell,0.0195306519036324,119.9999999999994
26,19,0,185,163.0,pos+cell,0.0169537301193754,75.00000000000024
26,19,0,185,166.0,pos+cell,0.0263676681884585,75.00000000000024
26,19,0,185,179.0,pos+cell,0.0398954815620363,30.000000000000217
26,19,0,185,183.0,pos+cell,0.0234093702031369,30.000000000000217
26,19,0,185,192.0,pos+cell,0.0209102180952357,44.99999999999973
26,19,0,185,195.0,pos+cell,0.0273185625131605,29.99999999999977
26,19,0,185,198.0,pos+cell,0.030588979294756,59.99999999999864
26,19,0,185,201.0,pos+cell,0.0236815236911875,59.99999999999864
26,19,0,185,203.0,pos+cell,0.0248631822737935,74.99999999999996
26,19,0,185,215.0,pos+cell,0.0206380544554931,134.99999999999994
26,19,0,185,217.0,pos+cell,0.0259567292394862,119.99999999999996
26,19,0,185,221.0,pos+cell,0.0219831912181581,164.99999999999972
26,19,0,185,224.0,pos+cell,0.0184757471081347,164.99999999999972
26,19,0,185,227.0,pos+cell,0.0295660377821222,179.99999999999997
26,19,0,185,255.0,pos+cell,0.01637502582685,519.1258223257349
26,19,0,185,298.0,pos+cell,0.0255245991263658,406.1219980349596
26,19,0,185,302.0,pos+cell,0.0180797438070933,414.9580912338069
26,19,0,185,340.0,pos+cell,0.0157397812244296,342.24797349720245
26,19,0,185,363.0,pos+cell,0.0200327094811455,331.82521664342926
26,19,0,185,430.0,pos+cell,0.0158572237249763,633.2765289684404
26,19,0,192,,pos,0.0331810175419573,
26,19,0,192,24.0,pos+cell,0.0334727584605502,271.0083766128604
26,19,0,192,113.0,pos+cell,0.0341144182162814,359.99999999999994
26,19,0,192,114.0,pos+cell,0.0347218508414652,359.99999999999994
26,19,0,192,115.0,pos+cell,0.0360860364650742,374.9999999999998
26,19,0,192,123.0,pos+cell,0.0342092483830522,345.0
26,19,0,192,124.0,pos+cell,0.031506460204318,345.0
26,19,0,192,126.0,pos+cell,0.0325342760599375,345.0
26,19,0,192,129.0,pos+cell,0.0337451199018749,314.9999999999993
26,19,0,192,132.0,pos+cell,0.0329085742554611,284.99999999999955
26,19,0,192,133.0,pos+cell,0.034023337699368,269.9999999999997
26,19,0,192,134.0,pos+cell,0.0315204036331588,284.99999999999955
26,19,0,192,145.0,pos+cell,0.0321066076744339,209.99999999999977
26,19,0,192,148.0,pos+cell,0.0328384562085937,179.99999999999997
26,19,0,192,149.0,pos+cell,0.0327143632789759,194.9999999999998
26,19,0,192,155.0,pos+cell,0.0339598792471429,194.9999999999998
26,19,0,192,156.0,pos+cell,0.032741013084859,194.9999999999998
26,19,0,192,157.0,pos+cell,0.0316418616426755,164.99999999999912
26,19,0,192,163.0,pos+cell,0.0324015104151076,119.99999999999996
26,19,0,192,166.0,pos+cell,0.0342760936777608,119.99999999999996
26,19,0,192,179.0,pos+cell,0.032179878719915,74.99999999999996
26,19,0,192,183.0,pos+cell,0.0329995697672286,74.99999999999996
26,19,0,192,185.0,pos+cell,0.0333866201183971,44.99999999999973
26,19,0,192,195.0,pos+cell,0.0350519916840204,14.99999999999996
26,19,0,192,198.0,pos+cell,0.0333958798377552,14.999999999998916
26,19,0,192,201.0,pos+cell,0.0335262677464814,14.999999999998916
26,19,0,192,203.0,pos+cell,0.0340459906164745,30.000000000000217
26,19,0,192,215.0,pos+cell,0.0331548602584459,90.00000000000021
26,19,0,192,217.0,pos+cell,0.0349414820069235,75.00000000000024
26,19,0,192,221.0,pos+cell,0.0334106378414507,119.99999999999996
26,19,0,192,224.0,pos+cell,0.0320535703131113,119.99999999999996
26,19,0,192,227.0,pos+cell,0.0327904938687288,135.00000000000023
26,19,0,192,255.0,pos+cell,0.03291091104421,554.4952572814399
26,19,0,192,298.0,pos+cell,0.0319814773901106,433.6571244907205
26,19,0,192,302.0,pos+cell,0.0351750939198255,443.46774060836947
26,19,0,192,340.0,pos+cell,0.0325946429348801,356.0297013371811
26,19,0,192,363.0,pos+cell,0.035899295295182,336.1271657283644
26,19,0,192,430.0,pos+cell,0.032450530201015,659.78779584028
26,19,0,195,,pos,-0.0097177803874612,
26,19,0,195,24.0,pos+cell,0.0116322096541255,261.86513061374905
26,19,0,195,113.0,pos+cell,-0.0028150217312021,345.0
26,19,0,195,114.0,pos+cell,-0.0023291169701835,345.0
26,19,0,195,115.0,pos+cell,0.0081549382334708,359.9999999999998
26,19,0,195,123.0,pos+cell,0.029525657097943,330.0
26,19,0,195,124.0,pos+cell,-0.0121045404486986,330.0
26,19,0,195,126.0,pos+cell,0.0074777848569816,330.0
26,19,0,195,129.0,pos+cell,-0.0001860665397401,299.9999999999993
26,19,0,195,132.0,pos+cell,-0.0079562769571153,269.99999999999955
26,19,0,195,133.0,pos+cell,0.0544464642301337,254.99999999999977
26,19,0,195,134.0,pos+cell,-0.0078242118035342,269.99999999999955
26,19,0,195,145.0,pos+cell,-0.0015894385078956,194.9999999999998
26,19,0,195,148.0,pos+cell,0.0244722950734834,165.0
26,19,0,195,149.0,pos+cell,0.0013083692585417,179.99999999999983
26,19,0,195,155.0,pos+cell,0.0174402963135461,179.99999999999983
26,19,0,195,156.0,pos+cell,0.0539962115494735,179.99999999999983
26,19,0,195,157.0,pos+cell,-0.0116803799178396,149.99999999999915
26,19,0,195,163.0,pos+cell,-0.0053303309462576,105.0
26,19,0,195,166.0,pos+cell,0.00534583311116,105.0
26,19,0,195,179.0,pos+cell,-0.0037864010537802,59.999999999999986
26,19,0,195,183.0,pos+cell,0.0086600071362667,59.999999999999986
26,19,0,195,185.0,pos+cell,0.0080982286871374,29.99999999999977
26,19,0,195,192.0,pos+cell,-1.493555111367062e-05,14.99999999999996
26,19,0,195,198.0,pos+cell,0.0158663809885141,29.99999999999887
26,19,0,195,201.0,pos+cell,0.0117904391866067,29.99999999999887
26,19,0,195,203.0,pos+cell,-0.0067887948888779,45.00000000000018
26,19,0,195,215.0,pos+cell,-0.0045903048186337,105.00000000000016
26,19,0,195,217.0,pos+cell,0.0070882354099873,90.00000000000021
26,19,0,195,221.0,pos+cell,0.001358158051489,134.99999999999994
26,19,0,195,224.0,pos+cell,-0.0057292193767978,134.99999999999994
26,19,0,195,227.0,pos+cell,-0.0125953998834989,150.0000000000002
26,19,0,195,255.0,pos+cell,-0.0105196960645155,542.5469565240693
26,19,0,195,298.0,pos+cell,-0.0073064557662009,424.1470187450841
26,19,0,195,302.0,pos+cell,-0.0073951725252867,433.65404467962264
26,19,0,195,340.0,pos+cell,-0.0072028617175377,350.85513241765307
26,19,0,195,363.0,pos+cell,-0.0030236264078095,334.02640488521536
26,19,0,195,430.0,pos+cell,-0.0098072061639466,650.7249888193593
26,19,0,198,,pos,0.0101267009591229,
26,19,0,198,24.0,pos+cell,0.0120044032682238,280.6558992027776
26,19,0,198,113.0,pos+cell,0.0126227668534528,374.99999999999886
26,19,0,198,114.0,pos+cell,0.0132826942310689,374.99999999999886
26,19,0,198,115.0,pos+cell,0.0106608752811174,389.9999999999987
26,19,0,198,123.0,pos+cell,0.0121147600802081,359.99999999999886
26,19,0,198,124.0,pos+cell,0.0147887362004549,359.99999999999886
26,19,0,198,126.0,pos+cell,0.0105924441276629,359.99999999999886
26,19,0,198,129.0,pos+cell,0.0110604521587853,329.99999999999824
26,19,0,198,132.0,pos+cell,0.0099174248903874,299.99999999999847
26,19,0,198,133.0,pos+cell,0.0107911401078437,284.99999999999864
26,19,0,198,134.0,pos+cell,0.0091701830596358,299.99999999999847
26,19,0,198,145.0,pos+cell,0.0126337428688106,224.99999999999864
26,19,0,198,148.0,pos+cell,0.0133916359984945,194.9999999999989
26,19,0,198,149.0,pos+cell,0.0121520214529851,209.9999999999987
26,19,0,198,155.0,pos+cell,0.0182370978864087,209.9999999999987
26,19,0,198,156.0,pos+cell,0.0112115926335077,209.9999999999987
26,19,0,198,157.0,pos+cell,0.01062544568219,179.99999999999804
26,19,0,198,163.0,pos+cell,0.0091431290938858,134.9999999999989
26,19,0,198,166.0,pos+cell,0.0254035456473261,134.9999999999989
26,19,0,198,179.0,pos+cell,0.0182395541150179,89.99999999999886
26,19,0,198,183.0,pos+cell,0.0134583646764407,89.99999999999886
26,19,0,198,185.0,pos+cell,0.0109436446360827,59.99999999999864
26,19,0,198,192.0,pos+cell,0.0132598536206405,14.999999999998916
26,19,0,198,195.0,pos+cell,0.024844536463646,29.99999999999887
26,19,0,198,201.0,pos+cell,0.0134099434062467,0.0
26,19,0,198,203.0,pos+cell,0.0078662899634355,15.000000000001306
26,19,0,198,215.0,pos+cell,0.0120500826245316,75.0000000000013
26,19,0,198,217.0,pos+cell,0.0140247347348854,60.000000000001336
26,19,0,198,221.0,pos+cell,0.0116759497850874,105.00000000000108
26,19,0,198,224.0,pos+cell,0.0125175904323069,105.00000000000108
26,19,0,198,227.0,pos+cell,0.0109992119175834,120.00000000000132
26,19,0,198,255.0,pos+cell,0.0089821215923088,566.588722674295
26,19,0,198,298.0,pos+cell,0.0078760149402932,443.470754089576
26,19,0,198,302.0,pos+cell,0.0104763168894844,453.56525820832815
26,19,0,198,340.0,pos+cell,0.0098575431286119,361.75263996918613
26,19,0,198,363.0,pos+cell,0.0094598775254495,338.8794828853242
26,19,0,198,430.0,pos+cell,0.0096907382037707,669.0641673304541
26,19,0,201,,pos,0.0267378244270389,
26,19,0,201,24.0,pos+cell,0.0309854052204504,280.6558992027776
26,19,0,201,113.0,pos+cell,0.0328985067724087,374.99999999999886
26,19,0,201,114.0,pos+cell,0.028265959182612,374.99999999999886
26,19,0,201,115.0,pos+cell,0.0348919718558873,389.9999999999987
26,19,0,201,123.0,pos+cell,0.0289111122699303,359.99999999999886
26,19,0,201,124.0,pos+cell,0.0278262598672021,359.99999999999886
26,19,0,201,126.0,pos+cell,0.0275395089331121,359.99999999999886
26,19,0,201,129.0,pos+cell,0.0302303602705247,329.99999999999824
26,19,0,201,132.0,pos+cell,0.0271006648086479,299.99999999999847
26,19,0,201,133.0,pos+cell,0.0309756186745811,284.99999999999864
26,19,0,201,134.0,pos+cell,0.0299552838821381,299.99999999999847
26,19,0,201,145.0,pos+cell,0.0277945974706096,224.99999999999864
26,19,0,201,148.0,pos+cell,0.0303903300212602,194.9999999999989
26,19,0,201,149.0,pos+cell,0.0284896350877271,209.9999999999987
26,19,0,201,155.0,pos+cell,0.0336605489094728,209.9999999999987
26,19,0,201,156.0,pos+cell,0.0271778418766092,209.9999999999987
26,19,0,201,157.0,pos+cell,0.0263488368582605,179.99999999999804
26,19,0,201,163.0,pos+cell,0.0282462149520903,134.9999999999989
26,19,0,201,166.0,pos+cell,0.03057547521268,134.9999999999989
26,19,0,201,179.0,pos+cell,0.0339169066582319,89.99999999999886
26,19,0,201,183.0,pos+cell,0.0305937469509011,89.99999999999886
26,19,0,201,185.0,pos+cell,0.0285560593852247,59.99999999999864
26,19,0,201,192.0,pos+cell,0.0330014677371168,14.999999999998916
26,19,0,201,195.0,pos+cell,0.0392749872826387,29.99999999999887
26,19,0,201,198.0,pos+cell,0.0365859739817638,0.0
26,19,0,201,203.0,pos+cell,0.0340618401531055,15.000000000001306
26,19,0,201,215.0,pos+cell,0.0360358476968989,75.0000000000013
26,19,0,201,217.0,pos+cell,0.0433127206835414,60.000000000001336
26,19,0,201,221.0,pos+cell,0.0277470505157059,105.00000000000108
26,19,0,201,224.0,pos+cell,0.0352155753073087,105.00000000000108
26,19,0,201,227.0,pos+cell,0.0276128834903881,120.00000000000132
26,19,0,201,255.0,pos+cell,0.0283105836805468,566.588722674295
26,19,0,201,298.0,pos+cell,0.0267165238941998,443.470754089576
26,19,0,201,302.0,pos+cell,0.0265399788229035,453.56525820832815
26,19,0,201,340.0,pos+cell,0.0258603257803684,361.75263996918613
26,19,0,201,363.0,pos+cell,0.0306618876557371,338.8794828853242
26,19,0,201,430.0,pos+cell,0.0256007763514118,669.0641673304541
26,19,0,203,,pos,0.0164864820627111,
26,19,0,203,24.0,pos+cell,0.0164835658897044,290.7575060429263
26,19,0,203,113.0,pos+cell,0.0218531190313477,390.00000000000017
26,19,0,203,114.0,pos+cell,0.02268594648046,390.00000000000017
26,19,0,203,115.0,pos+cell,0.0219073299976173,404.99999999999994
26,19,0,203,123.0,pos+cell,0.0181291746007219,375.00000000000017
26,19,0,203,124.0,pos+cell,0.0167169659962693,375.00000000000017
26,19,0,203,126.0,pos+cell,0.0213506302367364,375.00000000000017
26,19,0,203,129.0,pos+cell,0.0174376155050781,344.9999999999995
26,19,0,203,132.0,pos+cell,0.0166407544264321,314.9999999999998
26,19,0,203,133.0,pos+cell,0.0197835633823149,299.99999999999994
26,19,0,203,134.0,pos+cell,0.0171159334968221,314.9999999999998
26,19,0,203,145.0,pos+cell,0.0168780141648866,239.99999999999991
26,19,0,203,148.0,pos+cell,0.0174183919202887,210.00000000000017
26,19,0,203,149.0,pos+cell,0.017088483052086,225.0
26,19,0,203,155.0,pos+cell,0.0194175902064704,225.0
26,19,0,203,156.0,pos+cell,0.0158839265083086,225.0
26,19,0,203,157.0,pos+cell,0.0167919312526377,194.99999999999935
26,19,0,203,163.0,pos+cell,0.016311322556027,150.0000000000002
26,19,0,203,166.0,pos+cell,0.018753476284342,150.0000000000002
26,19,0,203,179.0,pos+cell,0.028068608594352,105.00000000000016
26,19,0,203,183.0,pos+cell,0.0173400474518347,105.00000000000016
26,19,0,203,185.0,pos+cell,0.0216105526164022,74.99999999999996
26,19,0,203,192.0,pos+cell,0.0176340982943318,30.000000000000217
26,19,0,203,195.0,pos+cell,0.0217432662306028,45.00000000000018
26,19,0,203,198.0,pos+cell,0.0180862488888747,15.000000000001306
26,19,0,203,201.0,pos+cell,0.0194478212692648,15.000000000001306
26,19,0,203,215.0,pos+cell,0.0167124052409849,59.999999999999986
26,19,0,203,217.0,pos+cell,0.0316525587464157,45.00000000000003
26,19,0,203,221.0,pos+cell,0.01799860612549,89.99999999999976
26,19,0,203,224.0,pos+cell,0.0184984243259463,89.99999999999976
26,19,0,203,227.0,pos+cell,0.0178405169612268,105.0
26,19,0,203,255.0,pos+cell,0.0171386313340659,578.8182538377399
26,19,0,203,298.0,pos+cell,0.0176189165991437,453.5682063857601
26,19,0,203,302.0,pos+cell,0.0162317067113453,463.928065487403
26,19,0,203,340.0,pos+cell,0.0158087037873988,367.9983652342895
26,19,0,203,363.0,pos+cell,0.0169257666291803,342.2676384069438
26,19,0,203,430.0,pos+cell,0.0166858896598925,678.5453444475282
26,19,0,215,,pos,-0.0099855619645603,
26,19,0,215,24.0,pos+cell,-0.002901711607514,334.8562401572215
26,19,0,215,113.0,pos+cell,0.0008478093091129,450.0000000000001
26,19,0,215,114.0,pos+cell,0.0123783780056742,450.0000000000001
26,19,0,215,115.0,pos+cell,0.0767641914022719,464.99999999999994
26,19,0,215,123.0,pos+cell,-0.0020361706787225,435.0000000000002
26,19,0,215,124.0,pos+cell,-0.0125594734303375,435.0000000000002
26,19,0,215,126.0,pos+cell,0.0168101299222508,435.0000000000002
26,19,0,215,129.0,pos+cell,0.0043154927288529,404.9999999999995
26,19,0,215,132.0,pos+cell,-0.0107589890314728,374.9999999999998
26,19,0,215,133.0,pos+cell,0.0010183309650183,359.99999999999994
26,19,0,215,134.0,pos+cell,0.005103715406703,374.9999999999998
26,19,0,215,145.0,pos+cell,-0.0075731999827625,299.99999999999994
26,19,0,215,148.0,pos+cell,-0.0102171299072807,270.00000000000017
26,19,0,215,149.0,pos+cell,0.0023569741636665,285.0
26,19,0,215,155.0,pos+cell,0.0041183214567455,285.0
26,19,0,215,156.0,pos+cell,1.2154937601915882e-05,285.0
26,19,0,215,157.0,pos+cell,-0.0063584163983014,254.99999999999932
26,19,0,215,163.0,pos+cell,0.0004229784996232,210.00000000000017
26,19,0,215,166.0,pos+cell,-0.0088825048651649,210.00000000000017
26,19,0,215,179.0,pos+cell,0.0141652726165944,165.00000000000014
26,19,0,215,183.0,pos+cell,0.0020506955479023,165.00000000000014
26,19,0,215,185.0,pos+cell,0.0357684387788111,134.99999999999994
26,19,0,215,192.0,pos+cell,0.0055294377667993,90.00000000000021
26,19,0,215,195.0,pos+cell,-0.0013054787620978,105.00000000000016
26,19,0,215,198.0,pos+cell,-0.0038088056944545,75.0000000000013
26,19,0,215,201.0,pos+cell,0.020238727607724,75.0000000000013
26,19,0,215,203.0,pos+cell,0.0111612693820674,59.999999999999986
26,19,0,215,217.0,pos+cell,0.0339823070645277,14.99999999999996
26,19,0,215,221.0,pos+cell,0.0012685039662884,29.99999999999977
26,19,0,215,224.0,pos+cell,0.0145051503512125,29.99999999999977
26,19,0,215,227.0,pos+cell,0.0042480689238862,45.00000000000003
26,19,0,215,255.0,pos+cell,-0.0033953260750118,628.9369858992951
26,19,0,215,298.0,pos+cell,-0.0051651924367009,496.4426958762367
26,19,0,215,302.0,pos+cell,-0.0069567803882122,507.70116793254266
26,19,0,215,340.0,pos+cell,-0.0102226490458889,397.6859237851445
26,19,0,215,363.0,pos+cell,-0.0074544768558652,361.77128938161
26,19,0,215,430.0,pos+cell,-0.0086124489722652,718.3533130254874
26,19,0,217,,pos,0.0521015790330808,
26,19,0,217,24.0,pos+cell,0.0479305735552465,323.35198779232627
26,19,0,217,113.0,pos+cell,0.0643141208665459,435.0000000000002
26,19,0,217,114.0,pos+cell,0.0597186802493104,435.0000000000002
26,19,0,217,115.0,pos+cell,0.0600232241827886,450.0
26,19,0,217,123.0,pos+cell,0.0515489544854018,420.0000000000002
26,19,0,217,124.0,pos+cell,0.0528963544230725,420.0000000000002
26,19,0,217,126.0,pos+cell,0.0544439491534746,420.0000000000002
26,19,0,217,129.0,pos+cell,0.0541206715075948,389.9999999999996
26,19,0,217,132.0,pos+cell,0.0554170638090275,359.9999999999998
26,19,0,217,133.0,pos+cell,0.0646292948291304,345.0
26,19,0,217,134.0,pos+cell,0.0690785688433327,359.9999999999998
26,19,0,217,145.0,pos+cell,0.0534904598220195,285.0
26,19,0,217,148.0,pos+cell,0.0580151231921058,255.00000000000023
26,19,0,217,149.0,pos+cell,0.0603390245759873,270.0
26,19,0,217,155.0,pos+cell,0.0595141323444387,270.0
26,19,0,217,156.0,pos+cell,0.0495509212491664,270.0
26,19,0,217,157.0,pos+cell,0.0665323608938261,239.99999999999935
26,19,0,217,163.0,pos+cell,0.0484726999047711,195.00000000000023
26,19,0,217,166.0,pos+cell,0.0683148287216152,195.00000000000023
26,19,0,217,179.0,pos+cell,0.1543740171208478,150.0000000000002
26,19,0,217,183.0,pos+cell,0.0539265131829509,150.0000000000002
26,19,0,217,185.0,pos+cell,0.0803643733000006,119.99999999999996
26,19,0,217,192.0,pos+cell,0.068215941924517,75.00000000000024
26,19,0,217,195.0,pos+cell,0.0897559292799991,90.00000000000021
26,19,0,217,198.0,pos+cell,0.0635714687011927,60.000000000001336
26,19,0,217,201.0,pos+cell,0.1060298595073145,60.000000000001336
26,19,0,217,203.0,pos+cell,0.2130320857398712,45.00000000000003
26,19,0,217,215.0,pos+cell,0.0655014781967017,14.99999999999996
26,19,0,217,221.0,pos+cell,0.0606852659183762,44.99999999999973
26,19,0,217,224.0,pos+cell,0.0577318082156912,44.99999999999973
26,19,0,217,227.0,pos+cell,0.058827294507073,59.999999999999986
26,19,0,217,255.0,pos+cell,0.0642905082087108,616.2417885197419
26,19,0,217,298.0,pos+cell,0.0465759137638401,485.3839121537179
26,19,0,217,302.0,pos+cell,0.0409590223356516,496.4399957968455
26,19,0,217,340.0,pos+cell,0.050946961759456,389.6104075694208
26,19,0,217,363.0,pos+cell,0.0538185807964028,356.04863915031484
26,19,0,217,430.0,pos+cell,0.0459164243600276,708.1345619787769
26,19,0,221,,pos,-0.000402469806672,
26,19,0,221,24.0,pos+cell,0.0021371933486753,358.64061217072856
26,19,0,221,113.0,pos+cell,0.0023730225466557,479.9999999999999
26,19,0,221,114.0,pos+cell,0.0019174322282205,479.9999999999999
26,19,0,221,115.0,pos+cell,0.0120788179983425,494.9999999999997
26,19,0,221,123.0,pos+cell,0.0046914016840915,464.99999999999994
26,19,0,221,124.0,pos+cell,-0.0018754744159153,464.99999999999994
26,19,0,221,126.0,pos+cell,0.0032260853832958,464.99999999999994
26,19,0,221,129.0,pos+cell,0.0021227370128643,434.9999999999993
26,19,0,221,132.0,pos+cell,0.0003172759149934,404.9999999999995
26,19,0,221,133.0,pos+cell,0.0012691949022387,389.9999999999997
26,19,0,221,134.0,pos+cell,0.0022567986954105,404.9999999999995
26,19,0,221,145.0,pos+cell,0.0001080533583056,329.9999999999997
26,19,0,221,148.0,pos+cell,0.0037056889806918,299.99999999999994
26,19,0,221,149.0,pos+cell,-0.000361359503231,314.9999999999998
26,19,0,221,155.0,pos+cell,0.004280077574875,314.9999999999998
26,19,0,221,156.0,pos+cell,0.0009385740519191,314.9999999999998
26,19,0,221,157.0,pos+cell,0.0010656734407779,284.9999999999991
26,19,0,221,163.0,pos+cell,-0.0005156594210659,239.99999999999991
26,19,0,221,166.0,pos+cell,0.0018294096440689,239.99999999999991
26,19,0,221,179.0,pos+cell,0.0037144131247601,194.99999999999991
26,19,0,221,183.0,pos+cell,0.0015911241049629,194.99999999999991
26,19,0,221,185.0,pos+cell,0.0051321968419207,164.99999999999972
26,19,0,221,192.0,pos+cell,0.0072642315721229,119.99999999999996
26,19,0,221,195.0,pos+cell,0.0051308868526417,134.99999999999994
26,19,0,221,198.0,pos+cell,0.0031576373219848,105.00000000000108
26,19,0,221,201.0,pos+cell,0.0083805168793502,105.00000000000108
26,19,0,221,203.0,pos+cell,0.0028084365227161,89.99999999999976
26,19,0,221,215.0,pos+cell,0.0048624394824546,29.99999999999977
26,19,0,221,217.0,pos+cell,0.0057533077767901,44.99999999999973
26,19,0,221,224.0,pos+cell,0.0075164025597775,0.0
26,19,0,221,227.0,pos+cell,0.0073991165279536,15.00000000000026
26,19,0,221,255.0,pos+cell,0.0051215844886705,654.6199759098785
26,19,0,221,298.0,pos+cell,-0.0005150072363716,519.1540874454333
26,19,0,221,302.0,pos+cell,0.0066008682627561,530.7787570227916
26,19,0,221,340.0,pos+cell,-0.0014344827405715,414.99366568384
26,19,0,221,363.0,pos+cell,0.0027069592230481,374.7587631809503
26,19,0,221,430.0,pos+cell,-0.0005016532225102,739.2802792353745
26,19,0,224,,pos,0.0039362857992431,
26,19,0,224,24.0,pos+cell,0.0030614916841106,358.64061217072856
26,19,0,224,113.0,pos+cell,0.0058216221309578,479.9999999999999
26,19,0,224,114.0,pos+cell,0.0039173360522988,479.9999999999999
26,19,0,224,115.0,pos+cell,0.0057374690570457,494.9999999999997
26,19,0,224,123.0,pos+cell,0.0041758206923825,464.99999999999994
26,19,0,224,124.0,pos+cell,0.0038191757151926,464.99999999999994
26,19,0,224,126.0,pos+cell,0.004318400650884,464.99999999999994
26,19,0,224,129.0,pos+cell,0.0038548664514734,434.9999999999993
26,19,0,224,132.0,pos+cell,0.0036269167484418,404.9999999999995
26,19,0,224,133.0,pos+cell,0.0037401055628917,389.9999999999997
26,19,0,224,134.0,pos+cell,0.003245755498383,404.9999999999995
26,19,0,224,145.0,pos+cell,0.0037945975091199,329.9999999999997
26,19,0,224,148.0,pos+cell,0.0036064959165445,299.99999999999994
26,19,0,224,149.0,pos+cell,0.0047261398950002,314.9999999999998
26,19,0,224,155.0,pos+cell,0.0051332684872095,314.9999999999998
26,19,0,224,156.0,pos+cell,0.0042814560570824,314.9999999999998
26,19,0,224,157.0,pos+cell,0.0046603879295021,284.9999999999991
26,19,0,224,163.0,pos+cell,0.003261688593537,239.99999999999991
26,19,0,224,166.0,pos+cell,0.0041548196252475,239.99999999999991
26,19,0,224,179.0,pos+cell,0.0043703245417045,194.99999999999991
26,19,0,224,183.0,pos+cell,0.0045236884607912,194.99999999999991
26,19,0,224,185.0,pos+cell,0.0042701353619021,164.99999999999972
26,19,0,224,192.0,pos+cell,0.004140775391079,119.99999999999996
26,19,0,224,195.0,pos+cell,0.0068728191197922,134.99999999999994
26,19,0,224,198.0,pos+cell,0.0057326004022741,105.00000000000108
26,19,0,224,201.0,pos+cell,0.0102997206198555,105.00000000000108
26,19,0,224,203.0,pos+cell,0.0070033269331501,89.99999999999976
26,19,0,224,215.0,pos+cell,0.0064094553838654,29.99999999999977
26,19,0,224,217.0,pos+cell,0.0066050911162159,44.99999999999973
26,19,0,224,221.0,pos+cell,0.0069287433319862,0.0
26,19,0,224,227.0,pos+cell,0.0053620845874347,15.00000000000026
26,19,0,224,255.0,pos+cell,0.0048920588453135,654.6199759098785
26,19,0,224,298.0,pos+cell,0.003653932439113,519.1540874454333
26,19,0,224,302.0,pos+cell,0.0043006324133853,530.7787570227916
26,19,0,224,340.0,pos+cell,0.0035309087902194,414.99366568384
26,19,0,224,363.0,pos+cell,0.0036893197537644,374.7587631809503
26,19,0,224,430.0,pos+cell,0.0028354793581274,739.2802792353745
26,19,0,227,,pos,0.0168482309272116,
26,19,0,227,24.0,pos+cell,0.0169173052097247,370.87097791708806
26,19,0,227,113.0,pos+cell,0.017448891286269,495.00000000000017
26,19,0,227,114.0,pos+cell,0.015652916586933,495.00000000000017
26,19,0,227,115.0,pos+cell,0.0170459719961392,509.99999999999994
26,19,0,227,123.0,pos+cell,0.018530095287691,480.0000000000002
26,19,0,227,124.0,pos+cell,0.0161641016726786,480.0000000000002
26,19,0,227,126.0,pos+cell,0.01556501705846,480.0000000000002
26,19,0,227,129.0,pos+cell,0.0197733269890371,449.99999999999955
26,19,0,227,132.0,pos+cell,0.0159976733264957,419.9999999999998
26,19,0,227,133.0,pos+cell,0.017742231131021,404.99999999999994
26,19,0,227,134.0,pos+cell,0.0153493230856925,419.9999999999998
26,19,0,227,145.0,pos+cell,0.0154098625513223,345.0
26,19,0,227,148.0,pos+cell,0.0162724887913806,315.0000000000002
26,19,0,227,149.0,pos+cell,0.0167937260180086,330.0
26,19,0,227,155.0,pos+cell,0.0203377360689011,330.0
26,19,0,227,156.0,pos+cell,0.0178900637934198,330.0
26,19,0,227,157.0,pos+cell,0.0161886634741696,299.9999999999993
26,19,0,227,163.0,pos+cell,0.0158658458599031,255.00000000000023
26,19,0,227,166.0,pos+cell,0.0182351939957127,255.00000000000023
26,19,0,227,179.0,pos+cell,0.0148961857961957,210.00000000000017
26,19,0,227,183.0,pos+cell,0.017101425544614,210.00000000000017
26,19,0,227,185.0,pos+cell,0.025345647274256,179.99999999999997
26,19,0,227,192.0,pos+cell,0.0161800991585909,135.00000000000023
26,19,0,227,195.0,pos+cell,0.0174506159258119,150.0000000000002
26,19,0,227,198.0,pos+cell,0.0171364939768227,120.00000000000132
26,19,0,227,201.0,pos+cell,0.0170172885186068,120.00000000000132
26,19,0,227,203.0,pos+cell,0.0169866685968869,105.0
26,19,0,227,215.0,pos+cell,0.0185491742471724,45.00000000000003
26,19,0,227,217.0,pos+cell,0.0169338979742028,59.999999999999986
26,19,0,227,221.0,pos+cell,0.0162655009425566,15.00000000000026
26,19,0,227,224.0,pos+cell,0.016006097574919,15.00000000000026
26,19,0,227,255.0,pos+cell,0.0161191279777753,667.596512254468
26,19,0,227,298.0,pos+cell,0.0147351569767355,530.7812869935397
26,19,0,227,302.0,pos+cell,0.0159882957308866,542.5715578612243
26,19,0,227,340.0,pos+cell,0.0163166133986426,424.1786968344172
26,19,0,227,363.0,pos+cell,0.0153353204358702,381.97115461898073
26,19,0,227,430.0,pos+cell,0.0162530906200936,749.9748367326423
26,19,0,255,,pos,0.0348916879096477,
26,19,0,255,24.0,pos+cell,0.0344888960147771,608.1979819259824
26,19,0,255,113.0,pos+cell,0.0372793625139354,342.16665940692
26,19,0,255,114.0,pos+cell,0.0355074184819781,342.16665940692
26,19,0,255,115.0,pos+cell,0.0573038798701415,338.77755606830164
26,19,0,255,123.0,pos+cell,0.0356762860712583,346.1730970537299
26,19,0,255,124.0,pos+cell,0.0344016196985109,346.1730970537299
26,19,0,255,126.0,pos+cell,0.0364787264748391,346.1730970537299
26,19,0,255,129.0,pos+cell,0.0360227948328699,355.95139240060746
26,19,0,255,132.0,pos+cell,0.0345352773599518,367.9225113798979
26,19,0,255,133.0,pos+cell,0.035869681889688,374.6662043661945
26,19,0,255,134.0,pos+cell,0.0395210685202347,367.9225113798979
26,19,0,255,145.0,pos+cell,0.034226224785397,406.0861065716124
26,19,0,255,148.0,pos+cell,0.0349793461686327,424.1126107281541
26,19,0,255,149.0,pos+cell,0.0354879715696885,414.9261576046644
26,19,0,255,155.0,pos+cell,0.0354428419290735,414.9261576046644
26,19,0,255,156.0,pos+cell,0.0339316904291072,414.9261576046644
26,19,0,255,157.0,pos+cell,0.0347272227361355,433.6234505797987
26,19,0,255,163.0,pos+cell,0.033563085201363,463.8994156441356
26,19,0,255,166.0,pos+cell,0.0346711507519465,463.8994156441356
26,19,0,255,179.0,pos+cell,0.0342738546738312,496.4131734525288
26,19,0,255,183.0,pos+cell,0.0346580419247696,496.4131734525288
26,19,0,255,185.0,pos+cell,0.0342609364118875,519.1258223257349
26,19,0,255,192.0,pos+cell,0.0354421957762306,554.4952572814399
26,19,0,255,195.0,pos+cell,0.035859992746372,542.5469565240693
26,19,0,255,198.0,pos+cell,0.0338169536805918,566.588722674295
26,19,0,255,201.0,pos+cell,0.0347380540221614,566.588722674295
26,19,0,255,203.0,pos+cell,0.0339638552435953,578.8182538377399
26,19,0,255,215.0,pos+cell,0.0344765958661992,628.9369858992951
26,19,0,255,217.0,pos+cell,0.035364272113121,616.2417885197419
26,19,0,255,221.0,pos+cell,0.0345694105947546,654.6199759098785
26,19,0,255,224.0,pos+cell,0.0358795341291238,654.6199759098785
26,19,0,255,227.0,pos+cell,0.0347925790869228,667.596512254468
26,19,0,255,298.0,pos+cell,0.0344906390999122,165.00000000000028
26,19,0,255,302.0,pos+cell,0.0361321670153632,150.0000000000002
26,19,0,255,340.0,pos+cell,0.0343490969140099,315.00000000000006
26,19,0,255,363.0,pos+cell,0.0351605298348703,390.0000000000004
26,19,0,255,430.0,pos+cell,0.0349488046081549,200.9485996508706
26,19,1,282,,pos,0.0853178423860091,
26,19,1,282,313.0,pos+cell,0.0839504909627232,149.99999999999974
26,19,1,282,355.0,pos+cell,0.0847131556246176,300.0000000000002
26,19,0,298,,pos,0.00650143417,
26,19,0,298,24.0,pos+cell,0.0064453747019794,553.702589616655
26,19,0,298,113.0,pos+cell,0.0082298188667859,341.2786353587625
26,19,0,298,114.0,pos+cell,0.0083210357777165,341.2786353587625
26,19,0,298,115.0,pos+cell,0.012375839120083,345.1279456102063
26,19,0,298,123.0,pos+cell,0.0077083495546939,338.05164555664663
26,19,0,298,124.0,pos+cell,0.0071883304028989,338.05164555664663
26,19,0,298,126.0,pos+cell,0.006440445627905,338.05164555664663
26,19,0,298,129.0,pos+cell,0.0059192575395748,333.53340355351474
26,19,0,298,132.0,pos+cell,0.0096505135510535,331.67777662729657
26,19,0,298,133.0,pos+cell,0.0091357294169755,331.7649101693011
26,19,0,298,134.0,pos+cell,0.0061296385467727,331.67777662729657
26,19,0,298,145.0,pos+cell,0.0055896993574118,338.82028874392194
26,19,0,298,148.0,pos+cell,0.0072288719878113,346.21496831730093
26,19,0,298,149.0,pos+cell,0.0080756146930904,342.2089948784692
26,19,0,298,155.0,pos+cell,0.0072214276409171,342.2089948784692
26,19,0,298,156.0,pos+cell,0.0057609795212501,342.2089948784692
26,19,0,298,157.0,pos+cell,0.0111864994161375,350.81706400653803
26,19,0,298,163.0,pos+cell,0.005850551049089,367.9620044676078
26,19,0,298,166.0,pos+cell,0.0058186739935286,367.9620044676078
26,19,0,298,179.0,pos+cell,0.0069436479383117,389.5760016549691
26,19,0,298,183.0,pos+cell,0.0059075689439659,389.5760016549691
26,19,0,298,185.0,pos+cell,0.0115011483206755,406.1219980349596
26,19,0,298,192.0,pos+cell,0.0064240251869688,433.6571244907205
26,19,0,298,195.0,pos+cell,0.0065146538863939,424.1470187450841
26,19,0,298,198.0,pos+cell,0.0042532275299239,443.470754089576
26,19,0,298,201.0,pos+cell,0.0059741019409674,443.470754089576
26,19,0,298,203.0,pos+cell,0.0057044948727673,453.5682063857601
26,19,0,298,215.0,pos+cell,0.0056702280891923,496.4426958762367
26,19,0,298,217.0,pos+cell,0.0065200822537215,485.3839121537179
26,19,0,298,221.0,pos+cell,0.0067769591015657,519.1540874454333
26,19,0,298,224.0,pos+cell,0.0053531137544355,519.1540874454333
26,19,0,298,227.0,pos+cell,0.006301680676813,530.7812869935397
26,19,0,298,255.0,pos+cell,0.0055930361972242,165.00000000000028
26,19,0,298,302.0,pos+cell,0.0098834546696329,15.000000000000094
26,19,0,298,340.0,pos+cell,0.0063611422326159,149.99999999999974
26,19,0,298,363.0,pos+cell,0.0062191636166359,225.00000000000009
26,19,0,298,430.0,pos+cell,0.0053625832074174,232.36962595354976
26,19,0,302,,pos,0.0114088175270444,
26,19,0,302,24.0,pos+cell,0.0108104742692216,556.8597312120185
26,19,0,302,113.0,pos+cell,0.0114336322633075,338.0477497650137
26,19,0,302,114.0,pos+cell,0.0117146898195075,338.0477497650137
26,19,0,302,115.0,pos+cell,0.014428664227979,341.27477877495323
26,19,0,302,123.0,pos+cell,0.0113649082094121,335.4610075917695
26,19,0,302,124.0,pos+cell,0.0109217826880552,335.4610075917695
26,19,0,302,126.0,pos+cell,0.0114928895537956,335.4610075917695
26,19,0,302,129.0,pos+cell,0.0115462930530433,332.2645039739832
26,19,0,302,132.0,pos+cell,0.0111103629822457,331.76092836207977
26,19,0,302,133.0,pos+cell,0.0117171344806069,332.5253675751145
26,19,0,302,134.0,pos+cell,0.011822481053997,331.76092836207977
26,19,0,302,145.0,pos+cell,0.0111245178091842,342.20512277601694
26,19,0,302,148.0,pos+cell,0.0108813758270028,350.8132823037644
26,19,0,302,149.0,pos+cell,0.0116199290109575,346.21113868193896
26,19,0,302,155.0,pos+cell,0.0110753007728812,346.21113868193896
26,19,0,302,156.0,pos+cell,0.0109305011654472,346.21113868193896
26,19,0,302,157.0,pos+cell,0.0109806133515346,355.9884345509512
26,19,0,302,163.0,pos+cell,0.0108205589974755,374.701461184667
26,19,0,302,166.0,pos+cell,0.0105997607479834,374.701461184667
26,19,0,302,179.0,pos+cell,0.0108364813296442,397.6488457091412
26,19,0,302,183.0,pos+cell,0.0114570592308776,397.6488457091412
26,19,0,302,185.0,pos+cell,0.0104765436646405,414.9580912338069
26,19,0,302,192.0,pos+cell,0.0127223581378056,443.46774060836947
26,19,0,302,195.0,pos+cell,0.0113620808051994,433.65404467962264
26,19,0,302,198.0,pos+cell,0.0114670175595699,453.56525820832815
26,19,0,302,201.0,pos+cell,0.0111382975987019,453.56525820832815
26,19,0,302,203.0,pos+cell,0.0107871485933867,463.928065487403
26,19,0,302,215.0,pos+cell,0.0113604785661318,507.70116793254266
26,19,0,302,217.0,pos+cell,0.0117505820994262,496.4399957968455
26,19,0,302,221.0,pos+cell,0.0127975499384793,530.7787570227916
26,19,0,302,224.0,pos+cell,0.0110985019790945,530.7787570227916
26,19,0,302,227.0,pos+cell,0.0112549737025969,542.5715578612243
26,19,0,302,255.0,pos+cell,0.0124046677900303,150.0000000000002
26,19,0,302,298.0,pos+cell,0.0126951336126432,15.000000000000094
26,19,0,302,340.0,pos+cell,0.0112627620921052,164.99999999999986
26,19,0,302,363.0,pos+cell,0.0109030400794488,240.00000000000017
26,19,0,302,430.0,pos+cell,0.0109367010612483,224.7396009040386
26,19,1,313,,pos,0.0090813644142421,
26,19,1,313,282.0,pos+cell,0.0107183847051697,149.99999999999974
26,19,1,313,355.0,pos+cell,0.0073217683669571,150.00000000000048
26,19,0,340,,pos,-0.0028526282247194,
26,19,0,340,24.0,pos+cell,-0.0031194339930782,544.3110625137743
26,19,0,340,113.0,pos+cell,-0.002234782103677,403.94227961905295
26,19,0,340,114.0,pos+cell,-0.0051559595333606,403.94227961905295
26,19,0,340,115.0,pos+cell,0.0049473460880498,412.6881885557224
26,19,0,340,123.0,pos+cell,-0.0019541624783431,395.5719777161556
26,19,0,340,124.0,pos+cell,-0.0006858964927452,395.5719777161556
26,19,0,340,126.0,pos+cell,-0.0049992264742106,395.5719777161556
26,19,0,340,129.0,pos+cell,-0.0005938593410518,380.0563617874822
26,19,0,340,132.0,pos+cell,-0.0035573683767027,366.3447648268019
26,19,0,340,133.0,pos+cell,-0.0023990211093131,360.23091345196684
26,19,0,340,134.0,pos+cell,-0.0024177267282366,366.3447648268019
26,19,0,340,145.0,pos+cell,-0.0019466945393792,341.31745951265464
26,19,0,340,148.0,pos+cell,-0.0018760208447886,335.50448096715456
26,19,0,340,149.0,pos+cell,-0.0015555173079447,338.09086420458954
26,19,0,340,155.0,pos+cell,-0.0020339499414514,338.09086420458954
26,19,0,340,156.0,pos+cell,-0.0027063183756773,338.09086420458954
26,19,0,340,157.0,pos+cell,-0.0050996587355573,333.5732019204679
26,19,0,340,163.0,pos+cell,-0.0032206472583326,331.804993800235
26,19,0,340,166.0,pos+cell,-0.0010500701884887,331.804993800235
26,19,0,340,179.0,pos+cell,-0.0049638450699095,336.1071656214349
26,19,0,340,183.0,pos+cell,-0.0013157668397712,336.1071656214349
26,19,0,340,185.0,pos+cell,-0.0032910162778494,342.24797349720245
26,19,0,340,192.0,pos+cell,-0.0027468509607739,356.0297013371811
26,19,0,340,195.0,pos+cell,-0.0025522005824962,350.85513241765307
26,19,0,340,198.0,pos+cell,-0.0035988688378365,361.75263996918613
26,19,0,340,201.0,pos+cell,-0.0056450041909616,361.75263996918613
26,19,0,340,203.0,pos+cell,-0.0051862365256245,367.9983652342895
26,19,0,340,215.0,pos+cell,-0.0019797391280238,397.6859237851445
26,19,0,340,217.0,pos+cell,-0.0035065681848671,389.6104075694208
26,19,0,340,221.0,pos+cell,-0.0048461843663818,414.99366568384
26,19,0,340,224.0,pos+cell,-0.0064955253455276,414.99366568384
26,19,0,340,227.0,pos+cell,-0.0025137516700878,424.1786968344172
26,19,0,340,255.0,pos+cell,-3.066459925160636e-06,315.00000000000006
26,19,0,340,298.0,pos+cell,-0.0020140633948242,149.99999999999974
26,19,0,340,302.0,pos+cell,-0.0025787548098764,164.99999999999986
26,19,0,340,363.0,pos+cell,-0.0029396484050836,75.00000000000033
26,19,0,340,430.0,pos+cell,-0.006273012549433,337.0803933465327
26,19,1,355,,pos,0.0015316385781631,
26,19,1,355,282.0,pos+cell,0.0023585795249552,300.0000000000002
26,19,1,355,313.0,pos+cell,0.0012016568095267,150.00000000000048
26,19,0,363,,pos,0.0300475222587823,
26,19,0,363,24.0,pos+cell,0.0285976999009446,554.9716391746664
26,19,0,363,113.0,pos+cell,0.0292599832330045,450.99167888064903
26,19,0,363,114.0,pos+cell,0.0289550226856404,450.99167888064903
26,19,0,363,115.0,pos+cell,0.029105137359365,461.2869627894818
26,19,0,363,123.0,pos+cell,0.0291942046257234,440.96635563229535
26,19,0,363,124.0,pos+cell,0.0284927258272292,440.96635563229535
26,19,0,363,126.0,pos+cell,0.0284016464640527,440.96635563229535
26,19,0,363,129.0,pos+cell,0.0291471197644729,421.8020762866285
26,19,0,363,132.0,pos+cell,0.029285917354345,403.95873096121335
26,19,0,363,133.0,pos+cell,0.0292770565365592,395.58878737880775
26,19,0,363,134.0,pos+cell,0.0289018809612937,403.95873096121335
26,19,0,363,145.0,pos+cell,0.0290805339497643,366.3629596725108
26,19,0,363,148.0,pos+cell,0.0292154507970839,354.66531121620125
26,19,0,363,149.0,pos+cell,0.0288668577512116,360.2494283132775
26,19,0,363,155.0,pos+cell,0.0290502948269886,360.2494283132775
26,19,0,363,156.0,pos+cell,0.0290728396936097,360.2494283132775
26,19,0,363,157.0,pos+cell,0.0294454967791429,349.6359754946939
26,19,0,363,163.0,pos+cell,0.029267839773425,338.110651267083
26,19,0,363,166.0,pos+cell,0.0292131494803037,338.110651267083
26,19,0,363,179.0,pos+cell,0.0285942508042697,332.3286169446978
26,19,0,363,183.0,pos+cell,0.0293651217019642,332.3286169446978
26,19,0,363,185.0,pos+cell,0.0292252344435382,331.82521664342926
26,19,0,363,192.0,pos+cell,0.0297163605608345,336.1271657283644
26,19,0,363,195.0,pos+cell,0.0290381750710303,334.02640488521536
26,19,0,363,198.0,pos+cell,0.0287288848788346,338.8794828853242
26,19,0,363,201.0,pos+cell,0.0291320190275669,338.8794828853242
26,19,0,363,203.0,pos+cell,0.0284803706928024,342.2676384069438
26,19,0,363,215.0,pos+cell,0.0290096246371687,361.77128938161
26,19,0,363,217.0,pos+cell,0.0293181844017938,356.04863915031484
26,19,0,363,221.0,pos+cell,0.0290010321114896,374.7587631809503
26,19,0,363,224.0,pos+cell,0.0289068324675516,374.7587631809503
26,19,0,363,227.0,pos+cell,0.0288611220255715,381.97115461898073
26,19,0,363,255.0,pos+cell,0.0287984194540554,390.0000000000004
26,19,0,363,298.0,pos+cell,0.028604348837529,225.00000000000009
26,19,0,363,302.0,pos+cell,0.0280758427761505,240.00000000000017
26,19,0,363,340.0,pos+cell,0.0290211021658228,75.00000000000033
26,19,0,363,430.0,pos+cell,0.028788961622616,400.3897673955764
26,19,0,430,,pos,0.0051817712656247,
26,19,0,430,24.0,pos+cell,0.0064355133306323,768.6151868911429
26,19,0,430,113.0,pos+cell,0.0060765850330968,523.9024225560522
26,19,0,430,114.0,pos+cell,0.0064676846909489,523.9024225560522
26,19,0,430,115.0,pos+cell,0.0115166770956417,522.8736213410277
26,19,0,430,123.0,pos+cell,0.0056072695648717,525.3576618132831
26,19,0,430,124.0,pos+cell,0.0042367384714165,525.3576618132831
26,19,0,430,126.0,pos+cell,0.005939288335447,525.3576618132831
26,19,0,430,129.0,pos+cell,0.0056273863507336,529.5323613883854
26,19,0,430,132.0,pos+cell,0.0052359902727836,535.3581704701995
26,19,0,430,133.0,pos+cell,0.0059991391573333,538.8740995399752
26,19,0,430,134.0,pos+cell,0.0053477412052231,535.3581704701995
26,19,0,430,145.0,pos+cell,0.0052582828936342,556.7701437921202
26,19,0,430,148.0,pos+cell,0.0043755793645646,567.8880540651808
26,19,0,430,149.0,pos+cell,0.0056506427766209,562.1564884301504
26,19,0,430,155.0,pos+cell,0.0066963439566757,562.1564884301504
26,19,0,430,156.0,pos+cell,0.0054221656237116,562.1564884301504
26,19,0,430,157.0,pos+cell,0.0050984698203304,573.9544985586904
26,19,0,430,163.0,pos+cell,0.0047482581132417,594.0576906439447
26,19,0,430,166.0,pos+cell,0.0048499157516928,594.0576906439447
26,19,0,430,179.0,pos+cell,0.0057254312276807,616.794384872849
26,19,0,430,183.0,pos+cell,0.0050692974608037,616.794384872849
26,19,0,430,185.0,pos+cell,0.005221063456859,633.2765289684404
26,19,0,430,192.0,pos+cell,0.0072994583120513,659.78779584028
26,19,0,430,195.0,pos+cell,0.0061502720414688,650.7249888193593
26,19,0,430,198.0,pos+cell,0.0054930757205047,669.0641673304541
26,19,0,430,201.0,pos+cell,0.0051526589666241,669.0641673304541
26,19,0,430,203.0,pos+cell,0.0048891313463072,678.5453444475282
26,19,0,430,215.0,pos+cell,0.004823113897845,718.3533130254874
26,19,0,430,217.0,pos+cell,0.0057552140349462,708.1345619787769
26,19,0,430,221.0,pos+cell,0.0044829762156511,739.2802792353745
26,19,0,430,224.0,pos+cell,0.0056335586197781,739.2802792353745
26,19,0,430,227.0,pos+cell,0.0053416722547483,749.9748367326423
26,19,0,430,255.0,pos+cell,0.0066082994628054,200.9485996508706
26,19,0,430,298.0,pos+cell,0.0045625737751003,232.36962595354976
26,19,0,430,302.0,pos+cell,0.0059161908066669,224.7396009040386
26,19,0,430,340.0,pos+cell,0.004407115577237,337.0803933465327
26,19,0,430,363.0,pos+cell,0.0063748857292807,400.3897673955764
27,20,0,206,,pos,0.0004299241587595,
27,20,0,206,222.0,pos+cell,0.1017549527368908,75.00000000000014
27,20,0,206,223.0,pos+cell,0.0044740395186891,90.00000000000026
27,20,0,206,235.0,pos+cell,0.0177435487233262,179.99999999999926
27,20,0,222,,pos,0.006469937703249,
27,20,0,222,206.0,pos+cell,0.1383047700370558,75.00000000000014
27,20,0,222,223.0,pos+cell,0.0242522130230388,15.000000000000115
27,20,0,222,235.0,pos+cell,0.0901326213911725,104.9999999999991
27,20,0,223,,pos,-0.0206398916215702,
27,20,0,223,206.0,pos+cell,0.0166646929409139,90.00000000000026
27,20,0,223,222.0,pos+cell,0.0032724697951349,15.000000000000115
27,20,0,223,235.0,pos+cell,0.022142391082844,89.99999999999899
27,20,0,235,,pos,0.0087762504105585,
27,20,0,235,206.0,pos+cell,0.0578840055634929,179.99999999999926
27,20,0,235,222.0,pos+cell,0.0428196677449574,104.9999999999991
27,20,0,235,223.0,pos+cell,0.0391998415408318,89.99999999999899
27,23,0,200,,pos,0.0025157829351003,
27,23,0,200,239.0,pos+cell,0.006196201972479,150.00000000000057
27,23,0,200,256.0,pos+cell,0.0031927213611777,240.0000000000005
27,23,0,200,263.0,pos+cell,0.0087906392026741,240.0000000000005
27,23,0,200,269.0,pos+cell,0.0032284473988862,285.0000000000002
27,23,0,200,270.0,pos+cell,0.018384976228762,270.0000000000002
27,23,0,200,287.0,pos+cell,0.0151015406813862,315.00000000000034
27,23,1,205,,pos,0.0315682657292709,
27,23,1,205,206.0,pos+cell,0.0805596643822101,0.0
27,23,1,205,226.0,pos+cell,0.0856018104115137,59.99999999999979
27,23,1,205,309.0,pos+cell,0.0694447910491162,389.9999999999993
27,23,1,205,317.0,pos+cell,0.0316409577833536,419.99999999999994
27,23,1,206,,pos,0.0397965813573691,
27,23,1,206,205.0,pos+cell,0.0734837841298642,0.0
27,23,1,206,226.0,pos+cell,0.0822173087142379,59.99999999999979
27,23,1,206,309.0,pos+cell,0.0611553781794215,389.9999999999993
27,23,1,206,317.0,pos+cell,0.0422823172551945,419.99999999999994
27,23,1,226,,pos,0.0732336037180985,
27,23,1,226,205.0,pos+cell,0.1041227121752458,59.99999999999979
27,23,1,226,206.0,pos+cell,0.1150135109983995,59.99999999999979
27,23,1,226,309.0,pos+cell,0.0805996017964466,329.9999999999995
27,23,1,226,317.0,pos+cell,0.0773164848482555,360.0000000000001
27,23,0,239,,pos,0.013686556932404,
27,23,0,239,200.0,pos+cell,0.0177153016205986,150.00000000000057
27,23,0,239,256.0,pos+cell,0.0135923688957468,89.99999999999994
27,23,0,239,263.0,pos+cell,0.0872224384773694,89.99999999999994
27,23,0,239,269.0,pos+cell,0.0258548429308031,134.9999999999997
27,23,0,239,270.0,pos+cell,0.038671071141201,119.99999999999964
27,23,0,239,287.0,pos+cell,0.0292209243194975,164.99999999999974
27,23,0,256,,pos,-0.0014409307356403,
27,23,0,256,200.0,pos+cell,0.0037150030875845,240.0000000000005
27,23,0,256,239.0,pos+cell,-0.0013858546309529,89.99999999999994
27,23,0,256,263.0,pos+cell,0.0007352960409297,0.0
27,23,0,256,269.0,pos+cell,-0.0024323586254464,44.999999999999744
27,23,0,256,270.0,pos+cell,-0.0010846151990969,29.999999999999705
27,23,0,256,287.0,pos+cell,-0.0006884234974825,74.99999999999983
27,23,0,263,,pos,-0.0026770031713133,
27,23,0,263,200.0,pos+cell,0.0008447973521628,240.0000000000005
27,23,0,263,239.0,pos+cell,0.0213587205792402,89.99999999999994
27,23,0,263,256.0,pos+cell,-0.0034684869793812,0.0
27,23,0,263,269.0,pos+cell,-0.0037673328058767,44.999999999999744
27,23,0,263,270.0,pos+cell,0.0053583354560657,29.999999999999705
27,23,0,263,287.0,pos+cell,0.0112009981288121,74.99999999999983
27,23,0,269,,pos,-0.006445834826624,
27,23,0,269,200.0,pos+cell,0.0038223033522919,285.0000000000002
27,23,0,269,239.0,pos+cell,-0.0003408485106675,134.9999999999997
27,23,0,269,256.0,pos+cell,-0.0075990723434915,44.999999999999744
27,23,0,269,263.0,pos+cell,0.0024314867891155,44.999999999999744
27,23,0,269,270.0,pos+cell,-0.0039030204605098,15.00000000000004
27,23,0,269,287.0,pos+cell,-0.0013309717620773,30.00000000000008
27,23,0,270,,pos,-0.0051667287702972,
27,23,0,270,200.0,pos+cell,0.0134221875900271,270.0000000000002
27,23,0,270,239.0,pos+cell,0.043436077153053,119.99999999999964
27,23,0,270,256.0,pos+cell,0.0029741372912243,29.999999999999705
27,23,0,270,263.0,pos+cell,0.0424578894137821,29.999999999999705
27,23,0,270,269.0,pos+cell,-9.20104678076683e-05,15.00000000000004
27,23,0,270,287.0,pos+cell,0.0598842409446268,45.00000000000012
27,23,0,287,,pos,-0.0084622548286878,
27,23,0,287,200.0,pos+cell,0.0063490053109647,315.00000000000034
27,23,0,287,239.0,pos+cell,0.0017175744010806,164.99999999999974
27,23,0,287,256.0,pos+cell,-0.0054507019042821,74.99999999999983
27,23,0,287,263.0,pos+cell,0.0278590779993788,74.99999999999983
27,23,0,287,269.0,pos+cell,-0.0084302107475038,30.00000000000008
27,23,0,287,270.0,pos+cell,0.0387259507081845,45.00000000000012
27,23,1,309,,pos,0.0574353213998821,
27,23,1,309,205.0,pos+cell,0.0988982497226728,389.9999999999993
27,23,1,309,206.0,pos+cell,0.0737689547889144,389.9999999999993
27,23,1,309,226.0,pos+cell,0.0730657561964302,329.9999999999995
27,23,1,309,317.0,pos+cell,0.0693532376148161,30.00000000000061
27,23,1,317,,pos,0.0552991672065143,
27,23,1,317,205.0,pos+cell,0.0654955851111978,419.99999999999994
27,23,1,317,206.0,pos+cell,0.0605284226508526,419.99999999999994
27,23,1,317,226.0,pos+cell,0.0608494614315915,360.0000000000001
27,23,1,317,309.0,pos+cell,0.0581821474338591,30.00000000000061
27,26,0,194,,pos,0.0686754448338844,
27,26,0,194,205.0,pos+cell,0.0820965608342221,89.9999999999999
27,26,0,194,209.0,pos+cell,0.0998117270114939,89.9999999999999
27,26,0,194,219.0,pos+cell,0.0895632079673904,165.00000000000003
27,26,0,194,221.0,pos+cell,0.0818676689746609,179.9999999999998
27,26,0,194,226.0,pos+cell,0.1015724749392988,179.9999999999998
27,26,0,205,,pos,0.0136125097880537,
27,26,0,205,194.0,pos+cell,0.0184316555009042,89.9999999999999
27,26,0,205,209.0,pos+cell,0.1074504674356715,0.0
27,26,0,205,219.0,pos+cell,0.0370225045204266,75.00000000000014
27,26,0,205,221.0,pos+cell,0.1586170791068697,89.9999999999999
27,26,0,205,226.0,pos+cell,0.043466162095542,89.9999999999999
27,26,0,209,,pos,0.0179775714598974,
27,26,0,209,194.0,pos+cell,0.040511016010925,89.9999999999999
27,26,0,209,205.0,pos+cell,0.1050581198977688,0.0
27,26,0,209,219.0,pos+cell,0.0761997118564639,75.00000000000014
27,26,0,209,221.0,pos+cell,0.1777688022759208,89.9999999999999
27,26,0,209,226.0,pos+cell,0.0968051476602721,89.9999999999999
27,26,0,219,,pos,0.0113580940832082,
27,26,0,219,194.0,pos+cell,0.1055264196692148,165.00000000000003
27,26,0,219,205.0,pos+cell,0.0972189163938398,75.00000000000014
27,26,0,219,209.0,pos+cell,0.087451040657344,75.00000000000014
27,26,0,219,221.0,pos+cell,0.063469975144294,14.999999999999758
27,26,0,219,226.0,pos+cell,0.0467736159734744,14.999999999999758
27,26,0,221,,pos,0.0151803839171353,
27,26,0,221,194.0,pos+cell,0.0217187716655729,179.9999999999998
27,26,0,221,205.0,pos+cell,0.1799708609831503,89.9999999999999
27,26,0,221,209.0,pos+cell,0.1667859461102795,89.9999999999999
27,26,0,221,219.0,pos+cell,0.0317961067139845,14.999999999999758
27,26,0,221,226.0,pos+cell,0.061662958591067,0.0
27,26,0,226,,pos,0.0158164463408847,
27,26,0,226,194.0,pos+cell,0.0342636083631355,179.9999999999998
27,26,0,226,205.0,pos+cell,0.0675532024500805,89.9999999999999
27,26,0,226,209.0,pos+cell,0.0692033513396657,89.9999999999999
27,26,0,226,219.0,pos+cell,0.0287912981609958,14.999999999999758
27,26,0,226,221.0,pos+cell,0.0694420410718428,0.0
28,17,0,70,,pos,0.000954613534624,
28,17,0,70,134.0,pos+cell,0.0037693514767027,242.3698725324355
28,17,0,70,148.0,pos+cell,-0.001202055291998,260.15473340462677
28,17,0,70,151.0,pos+cell,-0.006164501032254,279.6858066001101
28,17,0,134,,pos,0.0022089860381553,
28,17,0,134,70.0,pos+cell,0.0017129017638645,242.3698725324355
28,17,0,134,148.0,pos+cell,0.0027418276545701,89.99999999999997
28,17,0,134,151.0,pos+cell,0.0033961370701374,135.0000000000002
28,17,0,148,,pos,0.0987576489157683,
28,17,0,148,70.0,pos+cell,0.095054067913877,260.15473340462677
28,17,0,148,134.0,pos+cell,0.0968037903164556,89.99999999999997
28,17,0,148,151.0,pos+cell,0.0976750250398214,45.00000000000021
28,17,0,151,,pos,0.0169620919919298,
28,17,0,151,70.0,pos+cell,0.0144323644866478,279.6858066001101
28,17,0,151,134.0,pos+cell,0.0208693629451461,135.0000000000002
28,17,0,151,148.0,pos+cell,0.0254542529698352,45.00000000000021
28,19,1,27,,pos,0.0186352287139376,
28,19,1,27,35.0,pos+cell,0.0276255459989114,29.999999999999503
28,19,1,27,55.0,pos+cell,0.0280923196529925,104.99999999999976
28,19,1,27,56.0,pos+cell,0.0306612370014319,104.99999999999976
28,19,1,27,58.0,pos+cell,0.0234314699136947,89.99999999999987
28,19,1,27,71.0,pos+cell,0.0514000145031912,179.9999999999995
28,19,1,27,99.0,pos+cell,0.024696000474815,284.9999999999997
28,19,1,27,100.0,pos+cell,0.0330465172341885,299.999999999999
28,19,1,27,110.0,pos+cell,0.0270025357091662,314.99999999999966
28,19,1,27,115.0,pos+cell,0.0296395814167663,359.9999999999998
28,19,1,27,116.0,pos+cell,0.0279033062929058,389.99999999999983
28,19,1,27,128.0,pos+cell,0.0247155404193073,464.99999999999966
28,19,1,27,134.0,pos+cell,0.0279144458263087,509.99999999999983
28,19,1,27,135.0,pos+cell,0.0259546304016809,539.9999999999999
28,19,1,27,143.0,pos+cell,0.0246321433826443,599.9999999999994
28,19,1,35,,pos,0.0645752326235581,
28,19,1,35,27.0,pos+cell,0.0666208248300872,29.999999999999503
28,19,1,35,55.0,pos+cell,0.0684098008672745,75.00000000000026
28,19,1,35,56.0,pos+cell,0.0644624109328972,75.00000000000026
28,19,1,35,58.0,pos+cell,0.0682274158292625,60.00000000000037
28,19,1,35,71.0,pos+cell,0.0679943735348523,150.0
28,19,1,35,99.0,pos+cell,0.0656105079358461,255.0000000000002
28,19,1,35,100.0,pos+cell,0.0652984775862425,269.9999999999995
28,19,1,35,110.0,pos+cell,0.0795358819886433,285.00000000000017
28,19,1,35,115.0,pos+cell,0.0663145394200203,330.0000000000003
28,19,1,35,116.0,pos+cell,0.0650770150948998,360.00000000000034
28,19,1,35,128.0,pos+cell,0.0686856257678978,435.00000000000017
28,19,1,35,134.0,pos+cell,0.0650878225594742,480.00000000000034
28,19,1,35,135.0,pos+cell,0.0772789284036531,510.00000000000034
28,19,1,35,143.0,pos+cell,0.0734045396758843,569.9999999999999
28,19,1,55,,pos,0.0130403774621458,
28,19,1,55,27.0,pos+cell,0.0171824644713878,104.99999999999976
28,19,1,55,35.0,pos+cell,0.0339067910923406,75.00000000000026
28,19,1,55,56.0,pos+cell,0.02282859321137,0.0
28,19,1,55,58.0,pos+cell,0.0231797811464104,14.99999999999989
28,19,1,55,71.0,pos+cell,0.0216419224811695,74.99999999999972
28,19,1,55,99.0,pos+cell,0.0244893378807487,179.99999999999994
28,19,1,55,100.0,pos+cell,0.0300314381188931,194.9999999999992
28,19,1,55,110.0,pos+cell,0.0194245624491838,209.9999999999999
28,19,1,55,115.0,pos+cell,0.0207383771807347,255.00000000000003
28,19,1,55,116.0,pos+cell,0.0154331182758116,285.00000000000006
28,19,1,55,128.0,pos+cell,0.0187838257232025,359.9999999999999
28,19,1,55,134.0,pos+cell,0.0190568901344533,405.0000000000001
28,19,1,55,135.0,pos+cell,0.0154441140307313,435.00000000000006
28,19,1,55,143.0,pos+cell,0.0229064402155661,494.9999999999996
28,19,1,56,,pos,0.0080976854177396,
28,19,1,56,27.0,pos+cell,0.0084370999911552,104.99999999999976
28,19,1,56,35.0,pos+cell,0.0103811405999124,75.00000000000026
28,19,1,56,55.0,pos+cell,0.0111617670249122,0.0
28,19,1,56,58.0,pos+cell,0.0087484668341666,14.99999999999989
28,19,1,56,71.0,pos+cell,0.0097972158405582,74.99999999999972
28,19,1,56,99.0,pos+cell,0.0069475422074607,179.99999999999994
28,19,1,56,100.0,pos+cell,0.009101772868853,194.9999999999992
28,19,1,56,110.0,pos+cell,0.0090753782922066,209.9999999999999
28,19,1,56,115.0,pos+cell,0.0095700808294633,255.00000000000003
28,19,1,56,116.0,pos+cell,0.0078780928313484,285.00000000000006
28,19,1,56,128.0,pos+cell,0.0089527835782253,359.9999999999999
28,19,1,56,134.0,pos+cell,0.0077460258258968,405.0000000000001
28,19,1,56,135.0,pos+cell,0.0082140382189367,435.00000000000006
28,19,1,56,143.0,pos+cell,0.0096467855186163,494.9999999999996
28,19,1,58,,pos,-0.0075584849287374,
28,19,1,58,27.0,pos+cell,-0.0050658459750808,89.99999999999987
28,19,1,58,35.0,pos+cell,-0.0041947415452582,60.00000000000037
28,19,1,58,55.0,pos+cell,-0.0024078897050494,14.99999999999989
28,19,1,58,56.0,pos+cell,-0.0041722224730071,14.99999999999989
28,19,1,58,71.0,pos+cell,-0.0031319585680999,89.99999999999962
28,19,1,58,99.0,pos+cell,-0.0040594707167645,194.99999999999983
28,19,1,58,100.0,pos+cell,-0.0056378101265764,209.9999999999991
28,19,1,58,110.0,pos+cell,-0.0014742135529597,224.9999999999998
28,19,1,58,115.0,pos+cell,-0.0037312025163038,269.99999999999994
28,19,1,58,116.0,pos+cell,-0.0031519601803482,300.0
28,19,1,58,128.0,pos+cell,-0.0028410385716062,374.99999999999983
28,19,1,58,134.0,pos+cell,-0.0061276850554771,420.0
28,19,1,58,135.0,pos+cell,-0.0055001591692478,449.99999999999994
28,19,1,58,143.0,pos+cell,-0.0106185184233073,509.9999999999995
28,19,1,71,,pos,0.0175999667549413,
28,19,1,71,27.0,pos+cell,0.0407348920259541,179.9999999999995
28,19,1,71,35.0,pos+cell,0.0152014028970159,150.0
28,19,1,71,55.0,pos+cell,0.0192855850657345,74.99999999999972
28,19,1,71,56.0,pos+cell,0.0192098389538919,74.99999999999972
28,19,1,71,58.0,pos+cell,0.0193988024717447,89.99999999999962
28,19,1,71,99.0,pos+cell,0.0205643515786363,105.00000000000024
28,19,1,71,100.0,pos+cell,0.0281244738395492,119.99999999999947
28,19,1,71,110.0,pos+cell,0.0215029048708463,135.0000000000002
28,19,1,71,115.0,pos+cell,0.0236808023161912,180.0000000000003
28,19,1,71,116.0,pos+cell,0.0229359321371583,210.0000000000003
28,19,1,71,128.0,pos+cell,0.0221300962762564,285.00000000000017
28,19,1,71,134.0,pos+cell,0.0219421665101622,330.0000000000004
28,19,1,71,135.0,pos+cell,0.0169921729200085,360.00000000000034
28,19,1,71,143.0,pos+cell,0.0151232037353932,419.9999999999999
28,19,0,91,,pos,0.0040566144207015,
28,19,0,91,129.0,pos+cell,0.0049311386474805,180.0000000000003
28,19,0,91,147.0,pos+cell,0.0045216064369188,299.9999999999999
28,19,1,99,,pos,0.0248668487529508,
28,19,1,99,27.0,pos+cell,0.0237188663093964,284.9999999999997
28,19,1,99,35.0,pos+cell,0.027347751167863,255.0000000000002
28,19,1,99,55.0,pos+cell,0.0236290685347441,179.99999999999994
28,19,1,99,56.0,pos+cell,0.0222141873738458,179.99999999999994
28,19,1,99,58.0,pos+cell,0.024370591707381,194.99999999999983
28,19,1,99,71.0,pos+cell,0.0280874287329651,105.00000000000024
28,19,1,99,100.0,pos+cell,0.0249123756266169,14.999999999999256
28,19,1,99,110.0,pos+cell,0.0248771846288614,29.99999999999996
28,19,1,99,115.0,pos+cell,0.0257622049559998,75.00000000000009
28,19,1,99,116.0,pos+cell,0.0246559894415653,105.00000000000011
28,19,1,99,128.0,pos+cell,0.0837311946844493,179.99999999999994
28,19,1,99,134.0,pos+cell,0.0257446774932103,225.00000000000017
28,19,1,99,135.0,pos+cell,0.0221878524742804,255.0000000000001
28,19,1,99,143.0,pos+cell,0.0441244452637547,314.99999999999966
28,19,1,100,,pos,0.0212315406463741,
28,19,1,100,27.0,pos+cell,0.023562831103007,299.999999999999
28,19,1,100,35.0,pos+cell,0.0217205114574193,269.9999999999995
28,19,1,100,55.0,pos+cell,0.024031799446134,194.9999999999992
28,19,1,100,56.0,pos+cell,0.0200055845219846,194.9999999999992
28,19,1,100,58.0,pos+cell,0.0210670476590149,209.9999999999991
28,19,1,100,71.0,pos+cell,0.0244588475213585,119.99999999999947
28,19,1,100,99.0,pos+cell,0.0213819683491238,14.999999999999256
28,19,1,100,110.0,pos+cell,0.0214145782760098,15.000000000000703
28,19,1,100,115.0,pos+cell,0.0227829203926096,60.000000000000824
28,19,1,100,116.0,pos+cell,0.0207701163931739,90.00000000000088
28,19,1,100,128.0,pos+cell,0.0190165280927693,165.00000000000068
28,19,1,100,134.0,pos+cell,0.0236898919811405,210.0000000000009
28,19,1,100,135.0,pos+cell,0.021479939919369,240.00000000000085
28,19,1,100,143.0,pos+cell,0.0204152393740713,300.00000000000045
28,19,1,110,,pos,0.0517125990338948,
28,19,1,110,27.0,pos+cell,0.0515118667365425,314.99999999999966
28,19,1,110,35.0,pos+cell,0.0592384348797052,285.00000000000017
28,19,1,110,55.0,pos+cell,0.0517999487356953,209.9999999999999
28,19,1,110,56.0,pos+cell,0.052149657485821,209.9999999999999
28,19,1,110,58.0,pos+cell,0.052823433914572,224.9999999999998
28,19,1,110,71.0,pos+cell,0.0522764537694016,135.0000000000002
28,19,1,110,99.0,pos+cell,0.0532963479088709,29.99999999999996
28,19,1,110,100.0,pos+cell,0.0523550385862609,15.000000000000703
28,19,1,110,115.0,pos+cell,0.0551969796611283,45.00000000000012
28,19,1,110,116.0,pos+cell,0.0544216906055923,75.00000000000017
28,19,1,110,128.0,pos+cell,0.0578890152655089,150.0
28,19,1,110,134.0,pos+cell,0.0532124321162303,195.0000000000002
28,19,1,110,135.0,pos+cell,0.0559116253498155,225.00000000000017
28,19,1,110,143.0,pos+cell,0.0574020477084172,284.9999999999997
28,19,1,115,,pos,0.00852118627013,
28,19,1,115,27.0,pos+cell,0.0075516524496767,359.9999999999998
28,19,1,115,35.0,pos+cell,0.0090858739233576,330.0000000000003
28,19,1,115,55.0,pos+cell,0.0084325375203258,255.00000000000003
28,19,1,115,56.0,pos+cell,0.0082492947702853,255.00000000000003
28,19,1,115,58.0,pos+cell,0.0081358143384435,269.99999999999994
28,19,1,115,71.0,pos+cell,0.0091939496636722,180.0000000000003
28,19,1,115,99.0,pos+cell,0.0080402563763518,75.00000000000009
28,19,1,115,100.0,pos+cell,0.0084557210391875,60.000000000000824
28,19,1,115,110.0,pos+cell,0.0100329198612932,45.00000000000012
28,19,1,115,116.0,pos+cell,0.0118689597292936,30.00000000000005
28,19,1,115,128.0,pos+cell,0.0081502575941845,104.99999999999986
28,19,1,115,134.0,pos+cell,0.0092757123543831,150.00000000000009
28,19,1,115,135.0,pos+cell,0.0097430253161252,180.00000000000003
28,19,1,115,143.0,pos+cell,0.0110577906242807,239.9999999999996
28,19,1,116,,pos,0.0021933116314578,
28,19,1,116,27.0,pos+cell,0.002465930208938,389.99999999999983
28,19,1,116,35.0,pos+cell,0.0035490873556605,360.00000000000034
28,19,1,116,55.0,pos+cell,0.001983435256212,285.00000000000006
28,19,1,116,56.0,pos+cell,0.0025857936621398,285.00000000000006
28,19,1,116,58.0,pos+cell,0.0028315619130979,300.0
28,19,1,116,71.0,pos+cell,0.0020248558485914,210.0000000000003
28,19,1,116,99.0,pos+cell,0.0032106136331557,105.00000000000011
28,19,1,116,100.0,pos+cell,0.0025582294829912,90.00000000000088
28,19,1,116,110.0,pos+cell,0.0037358926380388,75.00000000000017
28,19,1,116,115.0,pos+cell,0.0036262755651204,30.00000000000005
28,19,1,116,128.0,pos+cell,0.0027725647597026,74.99999999999982
28,19,1,116,134.0,pos+cell,0.0034636740333903,120.00000000000004
28,19,1,116,135.0,pos+cell,0.0032547884367908,150.0
28,19,1,116,143.0,pos+cell,0.0030740055103768,209.99999999999957
28,19,1,128,,pos,0.0001399241461979,
28,19,1,128,27.0,pos+cell,-3.04677039615342e-05,464.99999999999966
28,19,1,128,35.0,pos+cell,0.0073493286852468,435.00000000000017
28,19,1,128,55.0,pos+cell,0.0016021452129642,359.9999999999999
28,19,1,128,56.0,pos+cell,-0.0002768347402387,359.9999999999999
28,19,1,128,58.0,pos+cell,0.0008071992164281,374.99999999999983
28,19,1,128,71.0,pos+cell,0.0039996834794541,285.00000000000017
28,19,1,128,99.0,pos+cell,0.0364639095922563,179.99999999999994
28,19,1,128,100.0,pos+cell,-0.0002734968167277,165.00000000000068
28,19,1,128,110.0,pos+cell,0.0160570245749275,150.0
28,19,1,128,115.0,pos+cell,0.003663019612776,104.99999999999986
28,19,1,128,116.0,pos+cell,0.0025531440373725,74.99999999999982
28,19,1,128,134.0,pos+cell,0.0019824133919981,45.00000000000021
28,19,1,128,135.0,pos+cell,2.844797532081111e-05,75.00000000000017
28,19,1,128,143.0,pos+cell,0.0206866214805023,134.99999999999974
28,19,0,129,,pos,0.0075152616997039,
28,19,0,129,91.0,pos+cell,0.0081041885452526,180.0000000000003
28,19,0,129,147.0,pos+cell,0.0067286349251732,119.99999999999956
28,19,1,134,,pos,0.0044444405593282,
28,19,1,134,27.0,pos+cell,0.0045644087159823,509.99999999999983
28,19,1,134,35.0,pos+cell,0.0052321757735358,480.00000000000034
28,19,1,134,55.0,pos+cell,0.0043543448570296,405.0000000000001
28,19,1,134,56.0,pos+cell,0.0047127800069844,405.0000000000001
28,19,1,134,58.0,pos+cell,0.0043333691874541,420.0
28,19,1,134,71.0,pos+cell,0.0048460536050376,330.0000000000004
28,19,1,134,99.0,pos+cell,0.0059493183907278,225.00000000000017
28,19,1,134,100.0,pos+cell,0.0050135336375658,210.0000000000009
28,19,1,134,110.0,pos+cell,0.0055294243387111,195.0000000000002
28,19,1,134,115.0,pos+cell,0.0054891603604801,150.00000000000009
28,19,1,134,116.0,pos+cell,0.0058301998424151,120.00000000000004
28,19,1,134,128.0,pos+cell,0.0043544395481085,45.00000000000021
28,19,1,134,135.0,pos+cell,0.0056470232238404,29.99999999999996
28,19,1,134,143.0,pos+cell,0.0059158279758827,89.99999999999952
28,19,1,135,,pos,0.0165140976415495,
28,19,1,135,27.0,pos+cell,0.0164774005700043,539.9999999999999
28,19,1,135,35.0,pos+cell,0.017575839270494,510.00000000000034
28,19,1,135,55.0,pos+cell,0.0166924883684899,435.00000000000006
28,19,1,135,56.0,pos+cell,0.0162144355407695,435.00000000000006
28,19,1,135,58.0,pos+cell,0.0160774939029339,449.99999999999994
28,19,1,135,71.0,pos+cell,0.0158420189802573,360.00000000000034
28,19,1,135,99.0,pos+cell,0.0160041167260524,255.0000000000001
28,19,1,135,100.0,pos+cell,0.0166578658962324,240.00000000000085
28,19,1,135,110.0,pos+cell,0.0192572068463724,225.00000000000017
28,19,1,135,115.0,pos+cell,0.0183023638265275,180.00000000000003
28,19,1,135,116.0,pos+cell,0.0186386998544142,150.0
28,19,1,135,128.0,pos+cell,0.0164794942437317,75.00000000000017
28,19,1,135,134.0,pos+cell,0.0189179147449596,29.99999999999996
28,19,1,135,143.0,pos+cell,0.0166143741338066,59.99999999999956
28,19,1,143,,pos,0.0101452074463061,
28,19,1,143,27.0,pos+cell,0.0081818670221508,599.9999999999994
28,19,1,143,35.0,pos+cell,0.0130652579695756,569.9999999999999
28,19,1,143,55.0,pos+cell,0.0105706755056565,494.9999999999996
28,19,1,143,56.0,pos+cell,0.0095004390611979,494.9999999999996
28,19,1,143,58.0,pos+cell,0.0093254758966129,509.9999999999995
28,19,1,143,71.0,pos+cell,0.0100768780582188,419.9999999999999
28,19,1,143,99.0,pos+cell,0.021347445458727,314.99999999999966
28,19,1,143,100.0,pos+cell,0.0092956486628457,300.00000000000045
28,19,1,143,110.0,pos+cell,0.0187009475649599,284.9999999999997
28,19,1,143,115.0,pos+cell,0.0123105543426059,239.9999999999996
28,19,1,143,116.0,pos+cell,0.0100911825875509,209.99999999999957
28,19,1,143,128.0,pos+cell,0.0246692579972343,134.99999999999974
28,19,1,143,134.0,pos+cell,0.0109092290775411,89.99999999999952
28,19,1,143,135.0,pos+cell,0.0106895516160556,59.99999999999956
28,19,0,147,,pos,0.0017323260606976,
28,19,0,147,91.0,pos+cell,0.0025120653774468,299.9999999999999
28,19,0,147,129.0,pos+cell,0.0008377012515931,119.99999999999956
28,23,1,115,,pos,0.0370882724444574,
28,23,1,115,123.0,pos+cell,0.0610821311702367,59.99999999999919
28,23,1,115,138.0,pos+cell,0.1141420958574592,179.99999999999983
28,23,1,115,154.0,pos+cell,0.0932389657974618,239.99999999999952
28,23,1,115,194.0,pos+cell,0.0574178724310922,244.6024762503867
28,23,1,123,,pos,0.1258821834918823,
28,23,1,123,115.0,pos+cell,0.2634870039999509,59.99999999999919
28,23,1,123,138.0,pos+cell,0.1413041215429902,120.00000000000064
28,23,1,123,154.0,pos+cell,0.2064354224781222,180.00000000000034
28,23,1,123,194.0,pos+cell,0.1170595199220046,257.41968670018844
28,23,1,138,,pos,0.047972755102908,
28,23,1,138,115.0,pos+cell,0.0899606657671132,179.99999999999983
28,23,1,138,123.0,pos+cell,0.054889057079169,120.00000000000064
28,23,1,138,154.0,pos+cell,0.0968668503484942,59.99999999999969
28,23,1,138,194.0,pos+cell,0.0537020988534251,317.38610953667745
28,23,0,141,,pos,0.0025716697527374,
28,23,0,141,149.0,pos+cell,0.0019980868579859,30.000000000000703
28,23,0,141,211.0,pos+cell,-0.0002269228143557,256.37267311603017
28,23,0,141,281.0,pos+cell,-0.0050656087786511,660.7841539224205
28,23,0,141,315.0,pos+cell,4.412872032528714e-05,545.7178036297029
28,23,0,149,,pos,-0.0019954956675171,
28,23,0,149,141.0,pos+cell,-0.0005193952354276,30.000000000000703
28,23,0,149,211.0,pos+cell,0.001812235909589,267.6842885261459
28,23,0,149,281.0,pos+cell,-0.0034133392132157,681.7286228348183
28,23,0,149,315.0,pos+cell,-0.0026899589725102,560.5590559970633
28,23,1,154,,pos,0.0034745364334512,
28,23,1,154,115.0,pos+cell,0.019719955081592,239.99999999999952
28,23,1,154,123.0,pos+cell,0.0204951157604805,180.00000000000034
28,23,1,154,138.0,pos+cell,0.0359388666481524,59.99999999999969
28,23,1,154,194.0,pos+cell,0.0077195350572029,358.84323351545873
28,23,1,194,,pos,-0.0014218520214455,
28,23,1,194,115.0,pos+cell,0.008084400495531,244.6024762503867
28,23,1,194,123.0,pos+cell,0.0008329580108433,257.41968670018844
28,23,1,194,138.0,pos+cell,0.0030608652798042,317.38610953667745
28,23,1,194,154.0,pos+cell,0.0145651369098321,358.84323351545873
28,23,0,211,,pos,0.0066613970223191,
28,23,0,211,141.0,pos+cell,0.0068258130722948,256.37267311603017
28,23,0,211,149.0,pos+cell,0.0082092856197205,267.6842885261459
28,23,0,211,281.0,pos+cell,0.0072055041399637,444.2330860571033
28,23,0,211,315.0,pos+cell,0.0081173076311891,302.1445574856567
28,23,0,281,,pos,0.0185294871595919,
28,23,0,281,141.0,pos+cell,0.0175707129524882,660.7841539224205
28,23,0,281,149.0,pos+cell,0.0160856712651395,681.7286228348183
28,23,0,281,211.0,pos+cell,0.0184723268585415,444.2330860571033
28,23,0,281,315.0,pos+cell,0.0183107962715009,194.99999999999991
28,23,0,315,,pos,0.0700707747121121,
28,23,0,315,141.0,pos+cell,0.0691900980025061,545.7178036297029
28,23,0,315,149.0,pos+cell,0.0684844627296543,560.5590559970633
28,23,0,315,211.0,pos+cell,0.0690976740711006,302.1445574856567
28,23,0,315,281.0,pos+cell,0.0699275809911803,194.99999999999991
28,25,0,87,,pos,0.0688682068925617,
28,25,0,87,170.0,pos+cell,0.0784298751254,232.77068350388905
28,25,0,87,202.0,pos+cell,0.0689540080471104,750.4441623563521
28,25,0,87,365.0,pos+cell,0.0690690693084591,893.4576339851553
28,25,1,99,,pos,-0.0154640630430751,
28,25,1,99,108.0,pos+cell,0.0030969017109522,45.00000000000012
28,25,1,99,126.0,pos+cell,0.0676425040956883,120.00000000000018
28,25,1,99,139.0,pos+cell,-0.0081148416311479,164.99999999999994
28,25,1,99,140.0,pos+cell,0.0026993574253011,180.00000000000028
28,25,1,99,147.0,pos+cell,0.0148460955689349,210.00000000000017
28,25,1,99,149.0,pos+cell,0.0009550677584249,195.0000000000002
28,25,1,99,151.0,pos+cell,-0.0082348672852888,239.99999999999997
28,25,1,99,153.0,pos+cell,-0.0022417353981034,225.00000000000009
28,25,1,99,154.0,pos+cell,0.0016854158083796,239.99999999999997
28,25,1,99,155.0,pos+cell,0.001881939234043,225.00000000000009
28,25,1,99,156.0,pos+cell,-0.0011611688263587,239.99999999999997
28,25,1,99,158.0,pos+cell,-0.0091066800557352,255.0000000000003
28,25,1,99,160.0,pos+cell,-0.0152634746548093,255.0000000000003
28,25,1,99,162.0,pos+cell,0.0020622792582115,270.0000000000002
28,25,1,99,174.0,pos+cell,-0.009803519809372,360.00000000000017
28,25,1,99,177.0,pos+cell,0.0004774225730362,390.00000000000006
28,25,1,99,188.0,pos+cell,0.0117902321252947,450.0000000000001
28,25,1,99,242.0,pos+cell,-0.0072336267483421,243.0271599725372
28,25,1,99,258.0,pos+cell,0.0054199344254686,272.4288538025263
28,25,1,99,284.0,pos+cell,-0.0014936113216419,377.6015363140962
28,25,1,99,287.0,pos+cell,-0.0119256028155715,413.1319888169401
28,25,1,99,344.0,pos+cell,-0.0086330226433171,532.1409100751007
28,25,1,99,363.0,pos+cell,-0.0061908938611677,504.5080223568901
28,25,1,99,436.0,pos+cell,-0.0120984868623663,564.7164981686685
28,25,1,108,,pos,0.0162731583932717,
28,25,1,108,99.0,pos+cell,0.0263153422274813,45.00000000000012
28,25,1,108,126.0,pos+cell,0.0360612784709493,75.00000000000007
28,25,1,108,139.0,pos+cell,0.0154666499204448,119.99999999999984
28,25,1,108,140.0,pos+cell,0.010969901817463,135.00000000000017
28,25,1,108,147.0,pos+cell,0.0530607616757478,165.0
28,25,1,108,149.0,pos+cell,0.0793733494547515,150.00000000000009
28,25,1,108,151.0,pos+cell,0.0409624744677059,194.99999999999983
28,25,1,108,153.0,pos+cell,0.0171976983647535,179.99999999999994
28,25,1,108,154.0,pos+cell,0.023807824902314,194.99999999999983
28,25,1,108,155.0,pos+cell,0.0457775951156215,179.99999999999994
28,25,1,108,156.0,pos+cell,0.0458614017054132,194.99999999999983
28,25,1,108,158.0,pos+cell,0.1644116881243496,210.0000000000002
28,25,1,108,160.0,pos+cell,0.0226616474149315,210.0000000000002
28,25,1,108,162.0,pos+cell,0.0580158329566046,225.0000000000001
28,25,1,108,174.0,pos+cell,0.0093323099811375,315.00000000000006
28,25,1,108,177.0,pos+cell,0.0197217851108389,344.9999999999999
28,25,1,108,188.0,pos+cell,0.0098750134554043,405.0
28,25,1,108,242.0,pos+cell,0.0057534121459045,243.2735217849614
28,25,1,108,258.0,pos+cell,0.0190133156793636,254.7498190302994
28,25,1,108,284.0,pos+cell,0.0195586584152848,344.1350222782636
28,25,1,108,287.0,pos+cell,0.0190310210642608,377.4631082431694
28,25,1,108,344.0,pos+cell,0.0106353073894732,552.9707402356838
28,25,1,108,363.0,pos+cell,0.0131666422564594,519.9819408944503
28,25,1,108,436.0,pos+cell,0.0146755133864574,542.456168417059
28,25,1,126,,pos,0.004435858860351,
28,25,1,126,99.0,pos+cell,0.0082710971853467,120.00000000000018
28,25,1,126,108.0,pos+cell,0.0053306216838886,75.00000000000007
28,25,1,126,139.0,pos+cell,0.0054894542880905,44.99999999999977
28,25,1,126,140.0,pos+cell,0.0178647408331671,60.00000000000009
28,25,1,126,147.0,pos+cell,0.0155149609184467,89.99999999999994
28,25,1,126,149.0,pos+cell,0.0047053811845229,75.00000000000001
28,25,1,126,151.0,pos+cell,0.0078373023030558,119.9999999999998
28,25,1,126,153.0,pos+cell,0.0041982645713776,104.99999999999989
28,25,1,126,154.0,pos+cell,0.0047567290072414,119.9999999999998
28,25,1,126,155.0,pos+cell,0.0063024579249083,104.99999999999989
28,25,1,126,156.0,pos+cell,0.0039737725376861,119.9999999999998
28,25,1,126,158.0,pos+cell,0.0078731858537758,135.0000000000001
28,25,1,126,160.0,pos+cell,0.0074407811745975,135.0000000000001
28,25,1,126,162.0,pos+cell,0.0204489117208231,150.00000000000003
28,25,1,126,174.0,pos+cell,0.0071543683349468,239.99999999999997
28,25,1,126,177.0,pos+cell,0.0046183868576363,269.99999999999983
28,25,1,126,188.0,pos+cell,0.0082983745422404,329.9999999999999
28,25,1,126,242.0,pos+cell,0.0042092263804123,261.4989157349601
28,25,1,126,258.0,pos+cell,0.0157226474535826,241.58667212615552
28,25,1,126,284.0,pos+cell,0.0031151638108113,295.2494467021967
28,25,1,126,287.0,pos+cell,0.0038164752538377,323.2321063660788
28,25,1,126,344.0,pos+cell,0.0035674438280589,593.6731355374545
28,25,1,126,363.0,pos+cell,0.0044973924594194,552.9942819892971
28,25,1,126,436.0,pos+cell,0.0030555156015903,512.0370887316379
28,25,1,139,,pos,-0.0201674160857003,
28,25,1,139,99.0,pos+cell,-0.0166192083867327,164.99999999999994
28,25,1,139,108.0,pos+cell,-0.0097961756941715,119.99999999999984
28,25,1,139,126.0,pos+cell,-0.0003727956211185,44.99999999999977
28,25,1,139,140.0,pos+cell,-0.0005165706875505,15.000000000000329
28,25,1,139,147.0,pos+cell,-0.0232746328428569,45.00000000000017
28,25,1,139,149.0,pos+cell,0.0052178021031528,30.00000000000025
28,25,1,139,151.0,pos+cell,-0.0157588406522683,75.00000000000001
28,25,1,139,153.0,pos+cell,-0.0116324571759797,60.00000000000009
28,25,1,139,154.0,pos+cell,-0.0055165756574251,75.00000000000001
28,25,1,139,155.0,pos+cell,-0.0173948589852256,60.00000000000009
28,25,1,139,156.0,pos+cell,-0.0170492342085007,75.00000000000001
28,25,1,139,158.0,pos+cell,-0.0077328640135357,90.00000000000034
28,25,1,139,160.0,pos+cell,0.0263319355511018,90.00000000000034
28,25,1,139,162.0,pos+cell,-0.0158462427133332,105.00000000000028
28,25,1,139,174.0,pos+cell,-0.0212427724656223,195.0000000000002
28,25,1,139,177.0,pos+cell,-0.0187184250572837,225.00000000000009
28,25,1,139,188.0,pos+cell,-0.0190302398578391,285.00000000000017
28,25,1,139,242.0,pos+cell,-0.016605973074252,281.6052003211246
28,25,1,139,258.0,pos+cell,-0.0071435536050413,244.6305583135573
28,25,1,139,284.0,pos+cell,-0.0159337089420249,271.6951032124957
28,25,1,139,287.0,pos+cell,-0.0107460599108263,295.0921084790419
28,25,1,139,344.0,pos+cell,-0.0203315183976438,621.1686431558793
28,25,1,139,363.0,pos+cell,-0.013515786541995,576.5895855344226
28,25,1,139,436.0,pos+cell,-0.0055701834222808,498.33317327527385
28,25,1,140,,pos,0.0194662122058292,
28,25,1,140,99.0,pos+cell,0.0225376723847676,180.00000000000028
28,25,1,140,108.0,pos+cell,0.0273032062407385,135.00000000000017
28,25,1,140,126.0,pos+cell,0.0838642406424277,60.00000000000009
28,25,1,140,139.0,pos+cell,0.0237966706986785,15.000000000000329
28,25,1,140,147.0,pos+cell,0.0411963948416165,29.999999999999844
28,25,1,140,149.0,pos+cell,0.0200420208576689,14.999999999999922
28,25,1,140,151.0,pos+cell,0.0775040893125143,59.99999999999969
28,25,1,140,153.0,pos+cell,0.0208004889625379,44.99999999999977
28,25,1,140,154.0,pos+cell,0.0383802411159395,59.99999999999969
28,25,1,140,155.0,pos+cell,0.0408022025436102,44.99999999999977
28,25,1,140,156.0,pos+cell,0.0220001529468116,59.99999999999969
28,25,1,140,158.0,pos+cell,0.0347754038324866,75.00000000000001
28,25,1,140,160.0,pos+cell,0.01915211265221,75.00000000000001
28,25,1,140,162.0,pos+cell,0.1293053231214549,89.99999999999994
28,25,1,140,174.0,pos+cell,0.0249275522796231,179.9999999999999
28,25,1,140,177.0,pos+cell,0.0187096493772145,209.99999999999977
28,25,1,140,188.0,pos+cell,0.0363318169009393,269.99999999999983
28,25,1,140,242.0,pos+cell,0.0258374511058333,289.553836364986
28,25,1,140,258.0,pos+cell,0.0269095476330277,247.46199714583807
28,25,1,140,284.0,pos+cell,0.0157057670598866,265.0790326554461
28,25,1,140,287.0,pos+cell,0.0171070961218606,286.6696213184403
28,25,1,140,344.0,pos+cell,0.0242643049532559,630.7810346709316
28,25,1,140,363.0,pos+cell,0.022318808325519,585.0126849548284
28,25,1,140,436.0,pos+cell,0.024971102384453,494.5913552653493
28,25,1,147,,pos,0.017820939959884,
28,25,1,147,99.0,pos+cell,0.0279823453662344,210.00000000000017
28,25,1,147,108.0,pos+cell,0.0239794116250094,165.0
28,25,1,147,126.0,pos+cell,0.0397484148734316,89.99999999999994
28,25,1,147,139.0,pos+cell,0.0181413401583746,45.00000000000017
28,25,1,147,140.0,pos+cell,0.0193433718224616,29.999999999999844
28,25,1,147,149.0,pos+cell,0.0178339356941749,14.999999999999922
28,25,1,147,151.0,pos+cell,0.0216344940353441,29.999999999999844
28,25,1,147,153.0,pos+cell,0.0177982105398555,14.999999999999922
28,25,1,147,154.0,pos+cell,0.0183311143595219,29.999999999999844
28,25,1,147,155.0,pos+cell,0.0157117572808162,14.999999999999922
28,25,1,147,156.0,pos+cell,0.0188613234932766,29.999999999999844
28,25,1,147,158.0,pos+cell,0.018227310724625,45.00000000000017
28,25,1,147,160.0,pos+cell,0.0212349675158682,45.00000000000017
28,25,1,147,162.0,pos+cell,0.0268906187520157,60.00000000000009
28,25,1,147,174.0,pos+cell,0.0257827540140939,150.00000000000003
28,25,1,147,177.0,pos+cell,0.0188932937585093,179.9999999999999
28,25,1,147,188.0,pos+cell,0.0231857806649539,239.99999999999997
28,25,1,147,242.0,pos+cell,0.0161660569647957,307.03630854549067
28,25,1,147,258.0,pos+cell,0.0213773322693679,255.6835934756371
28,25,1,147,284.0,pos+cell,0.0185164236426243,253.99650084468493
28,25,1,147,287.0,pos+cell,0.018214751864614,271.53215350554893
28,25,1,147,344.0,pos+cell,0.0196804671176546,650.6175332876911
28,25,1,147,363.0,pos+cell,0.0186547479094373,602.6262725609103
28,25,1,147,436.0,pos+cell,0.0202969511330046,488.40549028080846
28,25,1,149,,pos,-0.0020976427528782,
28,25,1,149,99.0,pos+cell,-0.0049795535543299,195.0000000000002
28,25,1,149,108.0,pos+cell,0.0857835744497365,150.00000000000009
28,25,1,149,126.0,pos+cell,0.0235230413563306,75.00000000000001
28,25,1,149,139.0,pos+cell,0.0165898475014209,30.00000000000025
28,25,1,149,140.0,pos+cell,0.0147219086101409,14.999999999999922
28,25,1,149,147.0,pos+cell,-0.0082083460499668,14.999999999999922
28,25,1,149,151.0,pos+cell,0.0412783721423982,44.99999999999977
28,25,1,149,153.0,pos+cell,0.0679301099115622,29.999999999999844
28,25,1,149,154.0,pos+cell,-0.0107711458810868,44.99999999999977
28,25,1,149,155.0,pos+cell,0.0026683525812384,29.999999999999844
28,25,1,149,156.0,pos+cell,0.0197344373533566,44.99999999999977
28,25,1,149,158.0,pos+cell,0.1448959520478555,60.00000000000009
28,25,1,149,160.0,pos+cell,0.0037958800821465,60.00000000000009
28,25,1,149,162.0,pos+cell,0.0167133926847563,75.00000000000001
28,25,1,149,174.0,pos+cell,-0.0029617049726677,164.99999999999994
28,25,1,149,177.0,pos+cell,0.0145954294785369,194.9999999999998
28,25,1,149,188.0,pos+cell,-0.0013037587034291,254.99999999999991
28,25,1,149,242.0,pos+cell,0.0012308619698293,298.04590159816223
28,25,1,149,258.0,pos+cell,0.0025504872882309,251.1588541182867
28,25,1,149,284.0,pos+cell,0.0078046201105799,259.1631879674379
28,25,1,149,287.0,pos+cell,0.0085113486663618,278.80027095953386
28,25,1,149,344.0,pos+cell,0.0116913163985516,640.6004559481248
28,25,1,149,363.0,pos+cell,0.0113381368998933,593.6953199826969
28,25,1,149,436.0,pos+cell,0.0014446060469122,491.2792137062446
28,25,1,151,,pos,-0.001429074215789,
28,25,1,151,99.0,pos+cell,0.0048242630199061,239.99999999999997
28,25,1,151,108.0,pos+cell,0.0499983803494112,194.99999999999983
28,25,1,151,126.0,pos+cell,0.0674865973941991,119.9999999999998
28,25,1,151,139.0,pos+cell,0.0125633516957273,75.00000000000001
28,25,1,151,140.0,pos+cell,0.1065824925889389,59.99999999999969
28,25,1,151,147.0,pos+cell,0.0435213936736241,29.999999999999844
28,25,1,151,149.0,pos+cell,0.0474285130299321,44.99999999999977
28,25,1,151,153.0,pos+cell,0.0068891219012664,14.999999999999922
28,25,1,151,154.0,pos+cell,0.0036028064620011,0.0
28,25,1,151,155.0,pos+cell,-0.0053398922587484,14.999999999999922
28,25,1,151,156.0,pos+cell,-0.0014170074226466,0.0
28,25,1,151,158.0,pos+cell,0.0857617276771982,15.000000000000329
28,25,1,151,160.0,pos+cell,0.0041603722711123,15.000000000000329
28,25,1,151,162.0,pos+cell,0.2561331739626188,30.00000000000025
28,25,1,151,174.0,pos+cell,0.0040357430808738,120.00000000000018
28,25,1,151,177.0,pos+cell,0.0213510367114012,150.00000000000003
28,25,1,151,188.0,pos+cell,0.004644347084049,210.00000000000017
28,25,1,151,242.0,pos+cell,-0.0016618404335669,326.34516294378
28,25,1,151,258.0,pos+cell,0.0105883456112674,267.0407457932646
28,25,1,151,284.0,pos+cell,0.0198946517603248,246.0925665865204
28,25,1,151,287.0,pos+cell,0.0067927705273488,258.99797101109505
28,25,1,151,344.0,pos+cell,0.0161984383730403,671.2090848179789
28,25,1,151,363.0,pos+cell,0.0259949757408196,621.1899928389508
28,25,1,151,436.0,pos+cell,0.0141595554059245,484.0033441719786
28,25,1,153,,pos,-0.0307641478183801,
28,25,1,153,99.0,pos+cell,-0.0113600014616647,225.00000000000009
28,25,1,153,108.0,pos+cell,-0.0198025280694519,179.99999999999994
28,25,1,153,126.0,pos+cell,-0.0292457290740573,104.99999999999989
28,25,1,153,139.0,pos+cell,-0.0200830185169247,60.00000000000009
28,25,1,153,140.0,pos+cell,-0.0249265801416197,44.99999999999977
28,25,1,153,147.0,pos+cell,-0.0331581668592178,14.999999999999922
28,25,1,153,149.0,pos+cell,0.0742401332085099,29.999999999999844
28,25,1,153,151.0,pos+cell,-0.0127703346825127,14.999999999999922
28,25,1,153,154.0,pos+cell,-0.0259708314333757,14.999999999999922
28,25,1,153,155.0,pos+cell,-0.0019922087990053,0.0
28,25,1,153,156.0,pos+cell,-0.0201434841890895,14.999999999999922
28,25,1,153,158.0,pos+cell,-0.0260629035472751,30.00000000000025
28,25,1,153,160.0,pos+cell,-0.0247404898754023,30.00000000000025
28,25,1,153,162.0,pos+cell,-0.0063530460376428,45.00000000000017
28,25,1,153,174.0,pos+cell,-0.0107321044430795,135.0000000000001
28,25,1,153,177.0,pos+cell,-0.0250849123930588,164.99999999999994
28,25,1,153,188.0,pos+cell,-0.029046859482924,225.00000000000009
28,25,1,153,242.0,pos+cell,-0.0199726813595404,316.482590470664
28,25,1,153,258.0,pos+cell,-0.0165450202232057,260.9931607211555
28,25,1,153,284.0,pos+cell,-0.0485728083311445,249.6254932598882
28,25,1,153,287.0,pos+cell,-0.0352802262264016,264.9147592861004
28,25,1,153,344.0,pos+cell,-0.0079697992665625,660.8232782535542
28,25,1,153,363.0,pos+cell,-0.0124163958958906,611.7946679989587
28,25,1,153,436.0,pos+cell,-0.0151278503250974,485.9779625178984
28,25,1,154,,pos,0.0128396145067565,
28,25,1,154,99.0,pos+cell,0.0143310060055224,239.99999999999997
28,25,1,154,108.0,pos+cell,0.014587640854371,194.99999999999983
28,25,1,154,126.0,pos+cell,0.0138707014759908,119.9999999999998
28,25,1,154,139.0,pos+cell,0.012943754608434,75.00000000000001
28,25,1,154,140.0,pos+cell,0.0206424060563207,59.99999999999969
28,25,1,154,147.0,pos+cell,0.0144800463427204,29.999999999999844
28,25,1,154,149.0,pos+cell,0.0153154603585311,44.99999999999977
28,25,1,154,151.0,pos+cell,0.0125121432805809,0.0
28,25,1,154,153.0,pos+cell,0.0171301807401972,14.999999999999922
28,25,1,154,155.0,pos+cell,0.0517888918522823,14.999999999999922
28,25,1,154,156.0,pos+cell,0.0251163544176853,0.0
28,25,1,154,158.0,pos+cell,0.0147148818398663,15.000000000000329
28,25,1,154,160.0,pos+cell,0.0171736507856615,15.000000000000329
28,25,1,154,162.0,pos+cell,0.0148534746827104,30.00000000000025
28,25,1,154,174.0,pos+cell,0.0172645120133085,120.00000000000018
28,25,1,154,177.0,pos+cell,0.0138759135704314,150.00000000000003
28,25,1,154,188.0,pos+cell,0.0163361041726087,210.00000000000017
28,25,1,154,242.0,pos+cell,0.0121242153858636,326.34516294378
28,25,1,154,258.0,pos+cell,0.0169772483955811,267.0407457932646
28,25,1,154,284.0,pos+cell,0.0132258384920244,246.0925665865204
28,25,1,154,287.0,pos+cell,0.0141491216177502,258.99797101109505
28,25,1,154,344.0,pos+cell,0.0118446889600337,671.2090848179789
28,25,1,154,363.0,pos+cell,0.0139863968877534,621.1899928389508
28,25,1,154,436.0,pos+cell,0.0141585395110381,484.0033441719786
28,25,1,155,,pos,0.0308872134589211,
28,25,1,155,99.0,pos+cell,0.0312699773638364,225.00000000000009
28,25,1,155,108.0,pos+cell,0.0317696161170102,179.99999999999994
28,25,1,155,126.0,pos+cell,0.0332734504829268,104.99999999999989
28,25,1,155,139.0,pos+cell,0.0307924614470232,60.00000000000009
28,25,1,155,140.0,pos+cell,0.0364669994529312,44.99999999999977
28,25,1,155,147.0,pos+cell,0.0304888954524589,14.999999999999922
28,25,1,155,149.0,pos+cell,0.030260458238842,29.999999999999844
28,25,1,155,151.0,pos+cell,0.0302592267693195,14.999999999999922
28,25,1,155,153.0,pos+cell,0.0296989765468285,0.0
28,25,1,155,154.0,pos+cell,0.0424005673598786,14.999999999999922
28,25,1,155,156.0,pos+cell,0.0321240677147658,14.999999999999922
28,25,1,155,158.0,pos+cell,0.0338005733798972,30.00000000000025
28,25,1,155,160.0,pos+cell,0.0336891731441227,30.00000000000025
28,25,1,155,162.0,pos+cell,0.0332502634404319,45.00000000000017
28,25,1,155,174.0,pos+cell,0.0337660325277409,135.0000000000001
28,25,1,155,177.0,pos+cell,0.0308426171461537,164.99999999999994
28,25,1,155,188.0,pos+cell,0.0324329104218146,225.00000000000009
28,25,1,155,242.0,pos+cell,0.030024320191586,316.482590470664
28,25,1,155,258.0,pos+cell,0.0341827750873936,260.9931607211555
28,25,1,155,284.0,pos+cell,0.0291188975418487,249.6254932598882
28,25,1,155,287.0,pos+cell,0.0301408708429818,264.9147592861004
28,25,1,155,344.0,pos+cell,0.0312187477265822,660.8232782535542
28,25,1,155,363.0,pos+cell,0.0303778548913698,611.7946679989587
28,25,1,155,436.0,pos+cell,0.0318094072332563,485.9779625178984
28,25,1,156,,pos,0.0033891040473533,
28,25,1,156,99.0,pos+cell,0.0059680262168534,239.99999999999997
28,25,1,156,108.0,pos+cell,0.0049876915597226,194.99999999999983
28,25,1,156,126.0,pos+cell,0.0021758598965615,119.9999999999998
28,25,1,156,139.0,pos+cell,0.003709410588635,75.00000000000001
28,25,1,156,140.0,pos+cell,0.0061048942265899,59.99999999999969
28,25,1,156,147.0,pos+cell,0.0044378870412122,29.999999999999844
28,25,1,156,149.0,pos+cell,0.0053808949457784,44.99999999999977
28,25,1,156,151.0,pos+cell,0.0030194557284794,0.0
28,25,1,156,153.0,pos+cell,0.0030654833062721,14.999999999999922
28,25,1,156,154.0,pos+cell,0.0221809753216193,0.0
28,25,1,156,155.0,pos+cell,0.0152690356439455,14.999999999999922
28,25,1,156,158.0,pos+cell,0.0275243807868653,15.000000000000329
28,25,1,156,160.0,pos+cell,0.006097384370331,15.000000000000329
28,25,1,156,162.0,pos+cell,0.0132015295915943,30.00000000000025
28,25,1,156,174.0,pos+cell,0.0055420607942036,120.00000000000018
28,25,1,156,177.0,pos+cell,0.0006726049908421,150.00000000000003
28,25,1,156,188.0,pos+cell,0.0088422550016351,210.00000000000017
28,25,1,156,242.0,pos+cell,0.0019256197782842,326.34516294378
28,25,1,156,258.0,pos+cell,0.0055808426170428,267.0407457932646
28,25,1,156,284.0,pos+cell,0.001859441168566,246.0925665865204
28,25,1,156,287.0,pos+cell,0.0019712167743999,258.99797101109505
28,25,1,156,344.0,pos+cell,0.0034479645793329,671.2090848179789
28,25,1,156,363.0,pos+cell,0.0036143896931693,621.1899928389508
28,25,1,156,436.0,pos+cell,0.0029040358295868,484.0033441719786
28,25,1,158,,pos,0.0070355060944077,
28,25,1,158,99.0,pos+cell,0.0082486719060475,255.0000000000003
28,25,1,158,108.0,pos+cell,0.0758873645372641,210.0000000000002
28,25,1,158,126.0,pos+cell,0.0622293142310338,135.0000000000001
28,25,1,158,139.0,pos+cell,0.010805464292104,90.00000000000034
28,25,1,158,140.0,pos+cell,0.0393715107602392,75.00000000000001
28,25,1,158,147.0,pos+cell,0.0381882758470396,45.00000000000017
28,25,1,158,149.0,pos+cell,0.0564801638604531,60.00000000000009
28,25,1,158,151.0,pos+cell,0.0620185094891561,15.000000000000329
28,25,1,158,153.0,pos+cell,0.0078306156184277,30.00000000000025
28,25,1,158,154.0,pos+cell,0.0151126165898622,15.000000000000329
28,25,1,158,155.0,pos+cell,0.022066817215369,30.00000000000025
28,25,1,158,156.0,pos+cell,0.0563323656757451,15.000000000000329
28,25,1,158,160.0,pos+cell,0.0190397472211265,0.0
28,25,1,158,162.0,pos+cell,0.1665852088952647,14.999999999999922
28,25,1,158,174.0,pos+cell,0.0153133523348047,104.99999999999989
28,25,1,158,177.0,pos+cell,0.0091152616688332,134.99999999999972
28,25,1,158,188.0,pos+cell,0.0154030173234325,194.9999999999998
28,25,1,158,242.0,pos+cell,0.0139727768169837,336.58743393445747
28,25,1,158,258.0,pos+cell,0.0267888131446451,273.777445901643
28,25,1,158,284.0,pos+cell,0.0227473543351688,243.43421241279825
28,25,1,158,287.0,pos+cell,0.0085568063540241,253.83078672240572
28,25,1,158,344.0,pos+cell,0.0101904469514688,681.7667240358711
28,25,1,158,363.0,pos+cell,0.0159877559435699,630.8021073320506
28,25,1,158,436.0,pos+cell,0.011675722029138,482.4871959816859
28,25,1,160,,pos,0.0059355629692638,
28,25,1,160,99.0,pos+cell,0.0067379103393802,255.0000000000003
28,25,1,160,108.0,pos+cell,0.0059419839975946,210.0000000000002
28,25,1,160,126.0,pos+cell,0.0153402924284261,135.0000000000001
28,25,1,160,139.0,pos+cell,0.0156147075186318,90.00000000000034
28,25,1,160,140.0,pos+cell,0.0064702766499149,75.00000000000001
28,25,1,160,147.0,pos+cell,0.0118247156506383,45.00000000000017
28,25,1,160,149.0,pos+cell,0.0059358103538728,60.00000000000009
28,25,1,160,151.0,pos+cell,0.0055588573262655,15.000000000000329
28,25,1,160,153.0,pos+cell,0.0071138454196848,30.00000000000025
28,25,1,160,154.0,pos+cell,0.0076558046420657,15.000000000000329
28,25,1,160,155.0,pos+cell,0.0132040685173614,30.00000000000025
28,25,1,160,156.0,pos+cell,0.0111894841973357,15.000000000000329
28,25,1,160,158.0,pos+cell,0.010894854205829,0.0
28,25,1,160,162.0,pos+cell,0.0108482944773217,14.999999999999922
28,25,1,160,174.0,pos+cell,0.0176699549027257,104.99999999999989
28,25,1,160,177.0,pos+cell,0.0094583942843903,134.99999999999972
28,25,1,160,188.0,pos+cell,0.0089717620253261,194.9999999999998
28,25,1,160,242.0,pos+cell,0.0069357293401276,336.58743393445747
28,25,1,160,258.0,pos+cell,0.0086025729571386,273.777445901643
28,25,1,160,284.0,pos+cell,0.0097053041448886,243.43421241279825
28,25,1,160,287.0,pos+cell,0.009861877069497,253.83078672240572
28,25,1,160,344.0,pos+cell,0.007223107138761,681.7667240358711
28,25,1,160,363.0,pos+cell,0.00659894898303,630.8021073320506
28,25,1,160,436.0,pos+cell,0.0067565394095259,482.4871959816859
28,25,1,162,,pos,0.0360069420940765,
28,25,1,162,99.0,pos+cell,0.0419633647080846,270.0000000000002
28,25,1,162,108.0,pos+cell,0.0583978508802299,225.0000000000001
28,25,1,162,126.0,pos+cell,0.1169733665563705,150.00000000000003
28,25,1,162,139.0,pos+cell,0.0396245370933537,105.00000000000028
28,25,1,162,140.0,pos+cell,0.1375535290513447,89.99999999999994
28,25,1,162,147.0,pos+cell,0.0696375850888438,60.00000000000009
28,25,1,162,149.0,pos+cell,0.0386945919522217,75.00000000000001
28,25,1,162,151.0,pos+cell,0.1236745187927119,30.00000000000025
28,25,1,162,153.0,pos+cell,0.0377075376615237,45.00000000000017
28,25,1,162,154.0,pos+cell,0.0490021085943261,30.00000000000025
28,25,1,162,155.0,pos+cell,0.0482548041667644,45.00000000000017
28,25,1,162,156.0,pos+cell,0.0510784824622651,30.00000000000025
28,25,1,162,158.0,pos+cell,0.1490840133138417,14.999999999999922
28,25,1,162,160.0,pos+cell,0.0492920408579991,14.999999999999922
28,25,1,162,174.0,pos+cell,0.0441670582540475,89.99999999999994
28,25,1,162,177.0,pos+cell,0.0362213697172605,119.9999999999998
28,25,1,162,188.0,pos+cell,0.0452707200267813,179.9999999999999
28,25,1,162,242.0,pos+cell,0.0422829301659565,347.17579983109863
28,25,1,162,258.0,pos+cell,0.0436325128362389,281.1537299326315
28,25,1,162,284.0,pos+cell,0.0385740789216927,241.67929207306497
28,25,1,162,287.0,pos+cell,0.0375299608213278,249.45979152634385
28,25,1,162,344.0,pos+cell,0.0393790175220388,692.4883366981845
28,25,1,162,363.0,pos+cell,0.0490469585350531,640.6212531799546
28,25,1,162,436.0,pos+cell,0.0418138200162923,481.43384945689127
28,25,0,170,,pos,0.0069986034284169,
28,25,0,170,87.0,pos+cell,0.0104148699044431,232.77068350388905
28,25,0,170,202.0,pos+cell,0.0075939346675546,559.380515473894
28,25,0,170,365.0,pos+cell,0.0070164512673626,671.2331213105706
28,25,1,174,,pos,0.0123854545667933,
28,25,1,174,99.0,pos+cell,0.0123773143086608,360.00000000000017
28,25,1,174,108.0,pos+cell,0.011952568229458,315.00000000000006
28,25,1,174,126.0,pos+cell,0.0136935391424012,239.99999999999997
28,25,1,174,139.0,pos+cell,0.0122011362882308,195.0000000000002
28,25,1,174,140.0,pos+cell,0.012698099024319,179.9999999999999
28,25,1,174,147.0,pos+cell,0.0138943505124426,150.00000000000003
28,25,1,174,149.0,pos+cell,0.0117453123905251,164.99999999999994
28,25,1,174,151.0,pos+cell,0.0120190492663423,120.00000000000018
28,25,1,174,153.0,pos+cell,0.0119580686033855,135.0000000000001
28,25,1,174,154.0,pos+cell,0.014146816881978,120.00000000000018
28,25,1,174,155.0,pos+cell,0.0145253732930059,135.0000000000001
28,25,1,174,156.0,pos+cell,0.0128675755470551,120.00000000000018
28,25,1,174,158.0,pos+cell,0.0131916074300918,104.99999999999989
28,25,1,174,160.0,pos+cell,0.0140670817650253,104.99999999999989
28,25,1,174,162.0,pos+cell,0.0136304005383065,89.99999999999994
28,25,1,174,177.0,pos+cell,0.0144041860175158,29.999999999999844
28,25,1,174,188.0,pos+cell,0.0239837267593039,89.99999999999994
28,25,1,174,242.0,pos+cell,0.0131671090806133,416.43804800119426
28,25,1,174,258.0,pos+cell,0.01246797839743,336.2400923130009
28,25,1,174,284.0,pos+cell,0.0129681939471181,250.5012312950349
28,25,1,174,287.0,pos+cell,0.0131256020701604,241.8282518438982
28,25,1,174,344.0,pos+cell,0.0121713525091095,759.8654349458891
28,25,1,174,363.0,pos+cell,0.014288414663577,703.3856257371584
28,25,1,174,436.0,pos+cell,0.0136157345641496,484.90874822232934
28,25,1,177,,pos,0.0070605000619242,
28,25,1,177,99.0,pos+cell,0.0069849458398808,390.00000000000006
28,25,1,177,108.0,pos+cell,0.006919861114921,344.9999999999999
28,25,1,177,126.0,pos+cell,0.0072803134416805,269.99999999999983
28,25,1,177,139.0,pos+cell,0.0069618584000508,225.00000000000009
28,25,1,177,140.0,pos+cell,0.007341623312703,209.99999999999977
28,25,1,177,147.0,pos+cell,0.0077597855292902,179.9999999999999
28,25,1,177,149.0,pos+cell,0.0069717339210392,194.9999999999998
28,25,1,177,151.0,pos+cell,0.0072228843434946,150.00000000000003
28,25,1,177,153.0,pos+cell,0.0068405714270968,164.99999999999994
28,25,1,177,154.0,pos+cell,0.0080045945583826,150.00000000000003
28,25,1,177,155.0,pos+cell,0.0077054676431245,164.99999999999994
28,25,1,177,156.0,pos+cell,0.0066741553207367,150.00000000000003
28,25,1,177,158.0,pos+cell,0.0076587198578386,134.99999999999972
28,25,1,177,160.0,pos+cell,0.0077454331529233,134.99999999999972
28,25,1,177,162.0,pos+cell,0.0071415040410804,119.9999999999998
28,25,1,177,174.0,pos+cell,0.0109761907699155,29.999999999999844
28,25,1,177,188.0,pos+cell,0.0111077776179813,60.00000000000009
28,25,1,177,242.0,pos+cell,0.0075410924091675,441.19215590783745
28,25,1,177,258.0,pos+cell,0.0071076215801875,357.762574370019
28,25,1,177,284.0,pos+cell,0.0076290032944415,260.3808667473965
28,25,1,177,287.0,pos+cell,0.0079873730149884,246.63970075877648
28,25,1,177,344.0,pos+cell,0.0076437070471394,783.3351390984155
28,25,1,177,363.0,pos+cell,0.0098939550665847,725.5824703755274
28,25,1,177,436.0,pos+cell,0.0084188603299788,489.7507614448069
28,25,1,188,,pos,0.008387042548422,
28,25,1,188,99.0,pos+cell,0.0086749444868084,450.0000000000001
28,25,1,188,108.0,pos+cell,0.0083150412966151,405.0
28,25,1,188,126.0,pos+cell,0.0108070751255718,329.9999999999999
28,25,1,188,139.0,pos+cell,0.0082869176951207,285.00000000000017
28,25,1,188,140.0,pos+cell,0.0093717917887553,269.99999999999983
28,25,1,188,147.0,pos+cell,0.010251197977196,239.99999999999997
28,25,1,188,149.0,pos+cell,0.0082131698528696,254.99999999999991
28,25,1,188,151.0,pos+cell,0.0085096674982105,210.00000000000017
28,25,1,188,153.0,pos+cell,0.0080648679620779,225.00000000000009
28,25,1,188,154.0,pos+cell,0.0116441276704188,210.00000000000017
28,25,1,188,155.0,pos+cell,0.0107882338685802,225.00000000000009
28,25,1,188,156.0,pos+cell,0.0111925015084455,210.00000000000017
28,25,1,188,158.0,pos+cell,0.008810483626142,194.9999999999998
28,25,1,188,160.0,pos+cell,0.0105615027510846,194.9999999999998
28,25,1,188,162.0,pos+cell,0.0093370812062488,179.9999999999999
28,25,1,188,174.0,pos+cell,0.0219560121053682,89.99999999999994
28,25,1,188,177.0,pos+cell,0.0119421316532487,60.00000000000009
28,25,1,188,242.0,pos+cell,0.0094394968287742,492.4533070837548
28,25,1,188,258.0,pos+cell,0.0094406746397718,404.06358348938056
28,25,1,188,284.0,pos+cell,0.0092309160424888,288.6050130259683
28,25,1,188,287.0,pos+cell,0.0096169300112114,266.3299066785117
28,25,1,188,344.0,pos+cell,0.0087719189861995,831.5352439842777
28,25,1,188,363.0,pos+cell,0.0096058581397051,771.5614602618848
28,25,1,188,436.0,pos+cell,0.0104376293580329,504.67260357801473
28,25,0,202,,pos,0.004469467164588,
28,25,0,202,87.0,pos+cell,0.0063479346600864,750.4441623563521
28,25,0,202,170.0,pos+cell,0.0072440595103402,559.380515473894
28,25,0,202,365.0,pos+cell,0.0043917223349474,250.8008617890993
28,25,1,242,,pos,0.0106365371925043,
28,25,1,242,99.0,pos+cell,0.0103245999972115,243.0271599725372
28,25,1,242,108.0,pos+cell,0.0100858249393704,243.2735217849614
28,25,1,242,126.0,pos+cell,0.0105101421519951,261.4989157349601
28,25,1,242,139.0,pos+cell,0.0104328573816864,281.6052003211246
28,25,1,242,140.0,pos+cell,0.0111603831947234,289.553836364986
28,25,1,242,147.0,pos+cell,0.0106808372656057,307.03630854549067
28,25,1,242,149.0,pos+cell,0.0104212488164289,298.04590159816223
28,25,1,242,151.0,pos+cell,0.0107810788103601,326.34516294378
28,25,1,242,153.0,pos+cell,0.0103318984557743,316.482590470664
28,25,1,242,154.0,pos+cell,0.0106132667081572,326.34516294378
28,25,1,242,155.0,pos+cell,0.0100303352425063,316.482590470664
28,25,1,242,156.0,pos+cell,0.0102222384513566,326.34516294378
28,25,1,242,158.0,pos+cell,0.0102771054462446,336.58743393445747
28,25,1,242,160.0,pos+cell,0.0097657150412391,336.58743393445747
28,25,1,242,162.0,pos+cell,0.010306079904418,347.17579983109863
28,25,1,242,174.0,pos+cell,0.0121802796766454,416.43804800119426
28,25,1,242,177.0,pos+cell,0.0110604571429342,441.19215590783745
28,25,1,242,188.0,pos+cell,0.0107588106910733,492.4533070837548
28,25,1,242,258.0,pos+cell,0.0105880800021492,104.99999999999976
28,25,1,242,284.0,pos+cell,0.0096428787449654,269.99999999999994
28,25,1,242,287.0,pos+cell,0.0102890897642897,314.99999999999966
28,25,1,242,344.0,pos+cell,0.0108538033004663,350.6229637107963
28,25,1,242,363.0,pos+cell,0.0126854300413892,301.9118759393466
28,25,1,242,436.0,pos+cell,0.010774049774622,369.7116305236474
28,25,1,258,,pos,0.0028136149805505,
28,25,1,258,99.0,pos+cell,0.0040493395298891,272.4288538025263
28,25,1,258,108.0,pos+cell,0.0007170770431706,254.7498190302994
28,25,1,258,126.0,pos+cell,0.028960342922787,241.58667212615552
28,25,1,258,139.0,pos+cell,0.002610696897273,244.6305583135573
28,25,1,258,140.0,pos+cell,0.0088167982615623,247.46199714583807
28,25,1,258,147.0,pos+cell,0.0066730337213719,255.6835934756371
28,25,1,258,149.0,pos+cell,0.0069066712021468,251.1588541182867
28,25,1,258,151.0,pos+cell,0.0038080230780618,267.0407457932646
28,25,1,258,153.0,pos+cell,0.0024263766444092,260.9931607211555
28,25,1,258,154.0,pos+cell,0.0074534487087456,267.0407457932646
28,25,1,258,155.0,pos+cell,0.0116864081342793,260.9931607211555
28,25,1,258,156.0,pos+cell,0.0041552384822584,267.0407457932646
28,25,1,258,158.0,pos+cell,0.0105220650098932,273.777445901643
28,25,1,258,160.0,pos+cell,0.0032439893393645,273.777445901643
28,25,1,258,162.0,pos+cell,0.0117656837291785,281.1537299326315
28,25,1,258,174.0,pos+cell,0.0039779812834415,336.2400923130009
28,25,1,258,177.0,pos+cell,0.0027085897211157,357.762574370019
28,25,1,258,188.0,pos+cell,0.0059059535503123,404.06358348938056
28,25,1,258,242.0,pos+cell,0.003123212665416,104.99999999999976
28,25,1,258,284.0,pos+cell,0.0032215205935161,165.00000000000014
28,25,1,258,287.0,pos+cell,0.0011206385954116,209.9999999999999
28,25,1,258,344.0,pos+cell,0.0026355046549924,431.088472569443
28,25,1,258,363.0,pos+cell,0.0031334685537946,371.9053753745339
28,25,1,258,436.0,pos+cell,0.0035955107826036,299.0344972303008
28,25,1,284,,pos,0.0521220896993519,
28,25,1,284,99.0,pos+cell,0.0506172369153526,377.6015363140962
28,25,1,284,108.0,pos+cell,0.0521500302117226,344.1350222782636
28,25,1,284,126.0,pos+cell,0.0509041708616027,295.2494467021967
28,25,1,284,139.0,pos+cell,0.0508664246378721,271.6951032124957
28,25,1,284,140.0,pos+cell,0.0517776328370278,265.0790326554461
28,25,1,284,147.0,pos+cell,0.0514850931038024,253.99650084468493
28,25,1,284,149.0,pos+cell,0.0532731850811561,259.1631879674379
28,25,1,284,151.0,pos+cell,0.0516389439650189,246.0925665865204
28,25,1,284,153.0,pos+cell,0.05025504869749,249.6254932598882
28,25,1,284,154.0,pos+cell,0.0511301620258466,246.0925665865204
28,25,1,284,155.0,pos+cell,0.0506008287810558,249.6254932598882
28,25,1,284,156.0,pos+cell,0.0518548461939412,246.0925665865204
28,25,1,284,158.0,pos+cell,0.0543610163702227,243.43421241279825
28,25,1,284,160.0,pos+cell,0.0530787404148232,243.43421241279825
28,25,1,284,162.0,pos+cell,0.0533653262889864,241.67929207306497
28,25,1,284,174.0,pos+cell,0.0537173405510267,250.5012312950349
28,25,1,284,177.0,pos+cell,0.0532805148658039,260.3808667473965
28,25,1,284,188.0,pos+cell,0.053121489942149,288.6050130259683
28,25,1,284,242.0,pos+cell,0.0510876508904195,269.99999999999994
28,25,1,284,258.0,pos+cell,0.0511140157354164,165.00000000000014
28,25,1,284,287.0,pos+cell,0.052100671446686,44.99999999999976
28,25,1,284,344.0,pos+cell,0.0512137567536372,573.7868932160683
28,25,1,284,363.0,pos+cell,0.0607891402358637,506.92861698371394
28,25,1,284,436.0,pos+cell,0.0515283803429076,244.3316722405439
28,25,1,287,,pos,0.0123722054036174,
28,25,1,287,99.0,pos+cell,0.0130154096626984,413.1319888169401
28,25,1,287,108.0,pos+cell,0.0113990343312995,377.4631082431694
28,25,1,287,126.0,pos+cell,0.0106413825411378,323.2321063660788
28,25,1,287,139.0,pos+cell,0.0113920714153074,295.0921084790419
28,25,1,287,140.0,pos+cell,0.0123156223668349,286.6696213184403
28,25,1,287,147.0,pos+cell,0.0111780645437429,271.53215350554893
28,25,1,287,149.0,pos+cell,0.0123340634996615,278.80027095953386
28,25,1,287,151.0,pos+cell,0.0123107874727585,258.99797101109505
28,25,1,287,153.0,pos+cell,0.0112004509239845,264.9147592861004
28,25,1,287,154.0,pos+cell,0.0110690113440292,258.99797101109505
28,25,1,287,155.0,pos+cell,0.0108889757526463,264.9147592861004
28,25,1,287,156.0,pos+cell,0.0114134706125398,258.99797101109505
28,25,1,287,158.0,pos+cell,0.0114347946183658,253.83078672240572
28,25,1,287,160.0,pos+cell,0.0114355609989248,253.83078672240572
28,25,1,287,162.0,pos+cell,0.0115405753252462,249.45979152634385
28,25,1,287,174.0,pos+cell,0.0127811851370051,241.8282518438982
28,25,1,287,177.0,pos+cell,0.0136732754209594,246.63970075877648
28,25,1,287,188.0,pos+cell,0.0126146043684626,266.3299066785117
28,25,1,287,242.0,pos+cell,0.01170331539593,314.99999999999966
28,25,1,287,258.0,pos+cell,0.011755010266855,209.9999999999999
28,25,1,287,284.0,pos+cell,0.0127235622160858,44.99999999999976
28,25,1,287,344.0,pos+cell,0.011799364492386,614.6453352821298
28,25,1,287,363.0,pos+cell,0.0137275103551427,546.6161935316117
28,25,1,287,436.0,pos+cell,0.0124723957118678,247.0658052269239
28,25,1,344,,pos,0.0058365138155659,
28,25,1,344,99.0,pos+cell,0.0058527159771531,532.1409100751007
28,25,1,344,108.0,pos+cell,0.0053084709311999,552.9707402356838
28,25,1,344,126.0,pos+cell,0.0051327803578154,593.6731355374545
28,25,1,344,139.0,pos+cell,0.005480428778372,621.1686431558793
28,25,1,344,140.0,pos+cell,0.0059566847372733,630.7810346709316
28,25,1,344,147.0,pos+cell,0.0063274788691375,650.6175332876911
28,25,1,344,149.0,pos+cell,0.0057608427749982,640.6004559481248
28,25,1,344,151.0,pos+cell,0.0062254077303623,671.2090848179789
28,25,1,344,153.0,pos+cell,0.0057471970727402,660.8232782535542
28,25,1,344,154.0,pos+cell,0.0050620080084434,671.2090848179789
28,25,1,344,155.0,pos+cell,0.0063191106069369,660.8232782535542
28,25,1,344,156.0,pos+cell,0.0054566134112889,671.2090848179789
28,25,1,344,158.0,pos+cell,0.0061960360603198,681.7667240358711
28,25,1,344,160.0,pos+cell,0.0058091868050143,681.7667240358711
28,25,1,344,162.0,pos+cell,0.0062371291012962,692.4883366981845
28,25,1,344,174.0,pos+cell,0.0059551757765682,759.8654349458891
28,25,1,344,177.0,pos+cell,0.0067475719639066,783.3351390984155
28,25,1,344,188.0,pos+cell,0.0059716396278281,831.5352439842777
28,25,1,344,242.0,pos+cell,0.0061029923249361,350.6229637107963
28,25,1,344,258.0,pos+cell,0.0054372926138493,431.088472569443
28,25,1,344,284.0,pos+cell,0.005138639694873,573.7868932160683
28,25,1,344,287.0,pos+cell,0.006656589238528,614.6453352821298
28,25,1,344,363.0,pos+cell,0.0084202171646127,75.00000000000013
28,25,1,344,436.0,pos+cell,0.0071560451534947,525.0
28,25,1,363,,pos,0.0466722011469891,
28,25,1,363,99.0,pos+cell,0.0456612294765441,504.5080223568901
28,25,1,363,108.0,pos+cell,0.0453787068601153,519.9819408944503
28,25,1,363,126.0,pos+cell,0.045548288339759,552.9942819892971
28,25,1,363,139.0,pos+cell,0.045721681980679,576.5895855344226
28,25,1,363,140.0,pos+cell,0.046012126199262,585.0126849548284
28,25,1,363,147.0,pos+cell,0.0451341980289779,602.6262725609103
28,25,1,363,149.0,pos+cell,0.0454851469534438,593.6953199826969
28,25,1,363,151.0,pos+cell,0.0456797028539193,621.1899928389508
28,25,1,363,153.0,pos+cell,0.0453848863885746,611.7946679989587
28,25,1,363,154.0,pos+cell,0.0452498526087861,621.1899928389508
28,25,1,363,155.0,pos+cell,0.0449019298769894,611.7946679989587
28,25,1,363,156.0,pos+cell,0.0455947870978933,621.1899928389508
28,25,1,363,158.0,pos+cell,0.0464074972432973,630.8021073320506
28,25,1,363,160.0,pos+cell,0.0449847340444502,630.8021073320506
28,25,1,363,162.0,pos+cell,0.0468234923441065,640.6212531799546
28,25,1,363,174.0,pos+cell,0.04621608770212,703.3856257371584
28,25,1,363,177.0,pos+cell,0.0479220336719942,725.5824703755274
28,25,1,363,188.0,pos+cell,0.0448617036352986,771.5614602618848
28,25,1,363,242.0,pos+cell,0.0452709012906501,301.9118759393466
28,25,1,363,258.0,pos+cell,0.0452841172205277,371.9053753745339
28,25,1,363,284.0,pos+cell,0.0485042372465082,506.92861698371394
28,25,1,363,287.0,pos+cell,0.0458450475940409,546.6161935316117
28,25,1,363,344.0,pos+cell,0.0488509112298961,75.00000000000013
28,25,1,363,436.0,pos+cell,0.0474630356393664,449.99999999999983
28,25,0,365,,pos,0.0105961692551601,
28,25,0,365,87.0,pos+cell,0.0114624527782902,893.4576339851553
28,25,0,365,170.0,pos+cell,0.0098028408517127,671.2331213105706
28,25,0,365,202.0,pos+cell,0.0106681801946619,250.8008617890993
28,25,1,436,,pos,0.0294180715711942,
28,25,1,436,99.0,pos+cell,0.0289273268518101,564.7164981686685
28,25,1,436,108.0,pos+cell,0.0289116741801605,542.456168417059
28,25,1,436,126.0,pos+cell,0.0301721223094535,512.0370887316379
28,25,1,436,139.0,pos+cell,0.0302385590993993,498.33317327527385
28,25,1,436,140.0,pos+cell,0.0295348140444014,494.5913552653493
28,25,1,436,147.0,pos+cell,0.0318951911563671,488.40549028080846
28,25,1,436,149.0,pos+cell,0.029317188414804,491.2792137062446
28,25,1,436,151.0,pos+cell,0.0290496761039586,484.0033441719786
28,25,1,436,153.0,pos+cell,0.0288136365449949,485.9779625178984
28,25,1,436,154.0,pos+cell,0.0293956360741448,484.0033441719786
28,25,1,436,155.0,pos+cell,0.030570537126131,485.9779625178984
28,25,1,436,156.0,pos+cell,0.0282805467957927,484.0033441719786
28,25,1,436,158.0,pos+cell,0.0302264872054061,482.4871959816859
28,25,1,436,160.0,pos+cell,0.0286764943849885,482.4871959816859
28,25,1,436,162.0,pos+cell,0.0312587868551116,481.43384945689127
28,25,1,436,174.0,pos+cell,0.0308887474842777,484.90874822232934
28,25,1,436,177.0,pos+cell,0.0285158676185185,489.7507614448069
28,25,1,436,188.0,pos+cell,0.0311666760317942,504.67260357801473
28,25,1,436,242.0,pos+cell,0.0289593821716589,369.7116305236474
28,25,1,436,258.0,pos+cell,0.0291915040000532,299.0344972303008
28,25,1,436,284.0,pos+cell,0.0286530760250401,244.3316722405439
28,25,1,436,287.0,pos+cell,0.0293801729841582,247.0658052269239
28,25,1,436,344.0,pos+cell,0.0310565491686728,525.0
28,25,1,436,363.0,pos+cell,0.0361041842775348,449.99999999999983
29,17,0,132,,pos,0.0558308776691663,
29,17,0,132,143.0,pos+cell,0.0815011119916113,29.99999999999999
29,17,0,132,148.0,pos+cell,0.0611580665353274,45.00000000000067
29,17,0,132,236.0,pos+cell,0.0946125812003812,246.83871844803335
29,17,0,132,249.0,pos+cell,0.0817216077203369,284.45647850445016
29,17,0,143,,pos,0.0290068165997075,
29,17,0,143,132.0,pos+cell,0.041976796053719,29.99999999999999
29,17,0,143,148.0,pos+cell,0.0414970605345591,15.000000000000677
29,17,0,143,236.0,pos+cell,0.0496324145459093,243.26253295037836
29,17,0,143,249.0,pos+cell,0.067573135374441,269.9406870855018
29,17,0,148,,pos,0.0398593612572704,
29,17,0,148,132.0,pos+cell,0.0434484572840185,45.00000000000067
29,17,0,148,143.0,pos+cell,0.0590155156987081,15.000000000000677
29,17,0,148,236.0,pos+cell,0.0404501256860498,242.8483342409767
29,17,0,148,249.0,pos+cell,0.0410418121713775,263.6649725214039
29,17,0,236,,pos,0.0556470093817249,
29,17,0,236,132.0,pos+cell,0.0607999719972343,246.83871844803335
29,17,0,236,143.0,pos+cell,0.0546118259962423,243.26253295037836
29,17,0,236,148.0,pos+cell,0.0554406424872971,242.8483342409767
29,17,0,236,249.0,pos+cell,0.0567705068570264,105.00000000000117
29,17,0,249,,pos,0.0462350633781512,
29,17,0,249,132.0,pos+cell,0.0531934400491255,284.45647850445016
29,17,0,249,143.0,pos+cell,0.0563287984747119,269.9406870855018
29,17,0,249,148.0,pos+cell,0.045349360440023,263.6649725214039
29,17,0,249,236.0,pos+cell,0.0548520074788267,105.00000000000117
29,19,0,64,,pos,0.1074071581155734,
29,19,0,64,65.0,pos+cell,0.119550710457693,30.000000000000444
29,19,0,64,73.0,pos+cell,0.1532016579537819,30.000000000000444
29,19,0,64,77.0,pos+cell,0.1169236480662462,75.00000000000111
29,19,0,64,82.0,pos+cell,0.1730624642984732,105.00000000000064
29,19,0,64,86.0,pos+cell,0.1266427565707837,90.00000000000044
29,19,0,64,98.0,pos+cell,0.1441357754956955,195.00000000000065
29,19,0,64,100.0,pos+cell,0.1897098536031715,195.00000000000065
29,19,0,64,114.0,pos+cell,0.1626842833314769,285.00000000000057
29,19,0,65,,pos,-0.0056309976495834,
29,19,0,65,64.0,pos+cell,-0.0002965552848194,30.000000000000444
29,19,0,65,73.0,pos+cell,0.0103600731640077,0.0
29,19,0,65,77.0,pos+cell,-0.00387368252896,45.00000000000067
29,19,0,65,82.0,pos+cell,0.0040579688243944,75.0000000000002
29,19,0,65,86.0,pos+cell,0.0542427947717529,59.99999999999999
29,19,0,65,98.0,pos+cell,0.0034535707991016,165.00000000000017
29,19,0,65,100.0,pos+cell,0.0009313463066189,165.00000000000017
29,19,0,65,114.0,pos+cell,0.005094485993016,255.00000000000017
29,19,0,73,,pos,0.0699416520957535,
29,19,0,73,64.0,pos+cell,0.1018698322826559,30.000000000000444
29,19,0,73,65.0,pos+cell,0.074415401209174,0.0
29,19,0,73,77.0,pos+cell,0.0891855676848685,45.00000000000067
29,19,0,73,82.0,pos+cell,0.1570955815634029,75.0000000000002
29,19,0,73,86.0,pos+cell,0.1058988091428889,59.99999999999999
29,19,0,73,98.0,pos+cell,0.1851906516728569,165.00000000000017
29,19,0,73,100.0,pos+cell,0.0862470692616454,165.00000000000017
29,19,0,73,114.0,pos+cell,0.1493911936303529,255.00000000000017
29,19,0,77,,pos,0.2296210964244801,
29,19,0,77,64.0,pos+cell,0.2364627911595888,75.00000000000111
29,19,0,77,65.0,pos+cell,0.2302251981155101,45.00000000000067
29,19,0,77,73.0,pos+cell,0.2572818533692836,45.00000000000067
29,19,0,77,82.0,pos+cell,0.2370667486334647,29.999999999999535
29,19,0,77,86.0,pos+cell,0.2635851006321975,14.99999999999933
29,19,0,77,98.0,pos+cell,0.239019045143041,119.99999999999952
29,19,0,77,100.0,pos+cell,0.2788022657638081,119.99999999999952
29,19,0,77,114.0,pos+cell,0.2413218853109405,209.9999999999995
29,19,0,82,,pos,0.0859673214528478,
29,19,0,82,64.0,pos+cell,0.1985655261270003,105.00000000000064
29,19,0,82,65.0,pos+cell,0.0886312362522522,75.0000000000002
29,19,0,82,73.0,pos+cell,0.2783142500104624,75.0000000000002
29,19,0,82,77.0,pos+cell,0.1058265741593609,29.999999999999535
29,19,0,82,86.0,pos+cell,0.1019023926622587,15.000000000000204
29,19,0,82,98.0,pos+cell,0.3495994757928368,89.99999999999999
29,19,0,82,100.0,pos+cell,0.1611404722104395,89.99999999999999
29,19,0,82,114.0,pos+cell,0.2109476810098664,179.99999999999994
29,19,0,86,,pos,0.0175115503262491,
29,19,0,86,64.0,pos+cell,0.0199772487890537,90.00000000000044
29,19,0,86,65.0,pos+cell,0.0220089975039156,59.99999999999999
29,19,0,86,73.0,pos+cell,0.030406510674955,59.99999999999999
29,19,0,86,77.0,pos+cell,0.0232583586237608,14.99999999999933
29,19,0,86,82.0,pos+cell,0.0209485108549277,15.000000000000204
29,19,0,86,98.0,pos+cell,0.0243549820276351,105.00000000000018
29,19,0,86,100.0,pos+cell,0.0603843622177236,105.00000000000018
29,19,0,86,114.0,pos+cell,0.0350075135179285,195.00000000000017
29,19,0,98,,pos,0.0517738741753197,
29,19,0,98,64.0,pos+cell,0.1514506849311531,195.00000000000065
29,19,0,98,65.0,pos+cell,0.0658320342073922,165.00000000000017
29,19,0,98,73.0,pos+cell,0.32050372605973,165.00000000000017
29,19,0,98,77.0,pos+cell,0.0697046388522097,119.99999999999952
29,19,0,98,82.0,pos+cell,0.3406536454943668,89.99999999999999
29,19,0,98,86.0,pos+cell,0.1350422942381423,105.00000000000018
29,19,0,98,100.0,pos+cell,0.1131348334981088,0.0
29,19,0,98,114.0,pos+cell,0.1889574731613757,89.99999999999997
29,19,0,100,,pos,0.1002036856992944,
29,19,0,100,64.0,pos+cell,0.1092627798939226,195.00000000000065
29,19,0,100,65.0,pos+cell,0.0994108442719728,165.00000000000017
29,19,0,100,73.0,pos+cell,0.1091037105461107,165.00000000000017
29,19,0,100,77.0,pos+cell,0.1356150806953115,119.99999999999952
29,19,0,100,82.0,pos+cell,0.1060728933027094,89.99999999999999
29,19,0,100,86.0,pos+cell,0.1691305003516592,105.00000000000018
29,19,0,100,98.0,pos+cell,0.1047839299662408,0.0
29,19,0,100,114.0,pos+cell,0.1056894061133999,89.99999999999997
29,19,0,114,,pos,0.140801176042176,
29,19,0,114,64.0,pos+cell,0.1677315425788628,285.00000000000057
29,19,0,114,65.0,pos+cell,0.140140852221259,255.00000000000017
29,19,0,114,73.0,pos+cell,0.2179421218980577,255.00000000000017
29,19,0,114,77.0,pos+cell,0.1470494702670894,209.9999999999995
29,19,0,114,82.0,pos+cell,0.175879735709194,179.99999999999994
29,19,0,114,86.0,pos+cell,0.2156663632294332,195.00000000000017
29,19,0,114,98.0,pos+cell,0.1823421384678857,89.99999999999997
29,19,0,114,100.0,pos+cell,0.1658836268311457,89.99999999999997
29,20,1,53,,pos,0.1403769532964829,
29,20,1,53,103.0,pos+cell,0.1400245168786866,180.00000000000009
29,20,1,53,121.0,pos+cell,0.1206547349639126,255.00000000000003
29,20,1,53,144.0,pos+cell,0.1311101767821812,345.00000000000006
29,20,1,53,163.0,pos+cell,0.1407361297774111,479.99999999999926
29,20,1,53,168.0,pos+cell,0.1313632899362989,450.0000000000003
29,20,1,53,460.0,pos+cell,0.1311320004148489,45.000000000000064
29,20,1,103,,pos,0.0246071771781575,
29,20,1,103,53.0,pos+cell,0.0238613471526551,180.00000000000009
29,20,1,103,121.0,pos+cell,0.0238961805590956,74.99999999999994
29,20,1,103,144.0,pos+cell,0.0226556478080759,165.0
29,20,1,103,163.0,pos+cell,0.0318209579670442,299.99999999999915
29,20,1,103,168.0,pos+cell,0.023635472968521,270.0000000000002
29,20,1,103,460.0,pos+cell,0.0238486694815675,225.00000000000017
29,20,1,121,,pos,0.0129324657314553,
29,20,1,121,53.0,pos+cell,0.0130328261184556,255.00000000000003
29,20,1,121,103.0,pos+cell,0.0132797558249145,74.99999999999994
29,20,1,121,144.0,pos+cell,0.012438203424907,90.00000000000007
29,20,1,121,163.0,pos+cell,0.013518286680908,224.99999999999923
29,20,1,121,168.0,pos+cell,0.0133556388890122,195.00000000000028
29,20,1,121,460.0,pos+cell,0.0122066052947036,300.00000000000006
29,20,1,144,,pos,0.0264431161093935,
29,20,1,144,53.0,pos+cell,0.0261664152871903,345.00000000000006
29,20,1,144,103.0,pos+cell,0.0267876474709481,165.0
29,20,1,144,121.0,pos+cell,0.0262492453096745,90.00000000000007
29,20,1,144,163.0,pos+cell,0.0265664496123007,134.99999999999918
29,20,1,144,168.0,pos+cell,0.0278024579278059,105.0000000000002
29,20,1,144,460.0,pos+cell,0.0264177147780476,390.00000000000017
29,20,1,163,,pos,0.1367260345131266,
29,20,1,163,53.0,pos+cell,0.1360419339716624,479.99999999999926
29,20,1,163,103.0,pos+cell,0.1420521505206958,299.99999999999915
29,20,1,163,121.0,pos+cell,0.1373960665867058,224.99999999999923
29,20,1,163,144.0,pos+cell,0.1362664580059719,134.99999999999918
29,20,1,163,168.0,pos+cell,0.1371156171487203,29.99999999999897
29,20,1,163,460.0,pos+cell,0.1366071851931118,524.9999999999993
29,20,0,165,,pos,0.0227884181485979,
29,20,0,165,179.0,pos+cell,0.0242297028517099,29.99999999999897
29,20,0,165,184.0,pos+cell,0.0225625339663011,59.999999999999744
29,20,0,165,210.0,pos+cell,0.0234220760066986,179.9999999999997
29,20,0,165,218.0,pos+cell,0.022094156904722,224.99999999999977
29,20,1,168,,pos,0.0411729820969204,
29,20,1,168,53.0,pos+cell,0.040289207077912,450.0000000000003
29,20,1,168,103.0,pos+cell,0.0399831148567376,270.0000000000002
29,20,1,168,121.0,pos+cell,0.040427901038703,195.00000000000028
29,20,1,168,144.0,pos+cell,0.0420175212399955,105.0000000000002
29,20,1,168,163.0,pos+cell,0.0409117601898869,29.99999999999897
29,20,1,168,460.0,pos+cell,0.0411939969841284,495.00000000000034
29,20,0,179,,pos,0.045559441406609,
29,20,0,179,165.0,pos+cell,0.0451661927541431,29.99999999999897
29,20,0,179,184.0,pos+cell,0.0478277470576869,30.00000000000078
29,20,0,179,210.0,pos+cell,0.0565132151225218,150.0000000000007
29,20,0,179,218.0,pos+cell,0.0445624086181057,195.0000000000008
29,20,0,184,,pos,0.011757194703085,
29,20,0,184,165.0,pos+cell,0.0116674842015872,59.999999999999744
29,20,0,184,179.0,pos+cell,0.014559056545439,30.00000000000078
29,20,0,184,210.0,pos+cell,0.0137776019203623,119.99999999999994
29,20,0,184,218.0,pos+cell,0.0120545855089131,165.0
29,20,0,210,,pos,0.0402006080466197,
29,20,0,210,165.0,pos+cell,0.0396126130605697,179.9999999999997
29,20,0,210,179.0,pos+cell,0.0542230905785724,150.0000000000007
29,20,0,210,184.0,pos+cell,0.0427201597991661,119.99999999999994
29,20,0,210,218.0,pos+cell,0.0397403775044891,45.000000000000064
29,20,0,218,,pos,0.0111405318227376,
29,20,0,218,165.0,pos+cell,0.0099367923172415,224.99999999999977
29,20,0,218,179.0,pos+cell,0.0118779290917943,195.0000000000008
29,20,0,218,184.0,pos+cell,0.0120680704078744,165.0
29,20,0,218,210.0,pos+cell,0.0106617144516862,45.000000000000064
29,20,1,460,,pos,0.0798332460843759,
29,20,1,460,53.0,pos+cell,0.0796227241198892,45.000000000000064
29,20,1,460,103.0,pos+cell,0.0795678283662786,225.00000000000017
29,20,1,460,121.0,pos+cell,0.080229768831599,300.00000000000006
29,20,1,460,144.0,pos+cell,0.0797220125514059,390.00000000000017
29,20,1,460,163.0,pos+cell,0.0789239370849625,524.9999999999993
29,20,1,460,168.0,pos+cell,0.0812603169944595,495.00000000000034
29,23,0,132,,pos,0.0150575387991154,
29,23,0,132,144.0,pos+cell,0.0157974538749447,134.99999999999974
29,23,0,132,160.0,pos+cell,0.0221929836688398,255.00000000000017
29,23,0,132,184.0,pos+cell,0.0162309395994364,345.00000000000017
29,23,0,132,191.0,pos+cell,0.0146620396504323,389.99999999999994
29,23,0,132,194.0,pos+cell,0.0161587211903161,405.00000000000006
29,23,0,132,202.0,pos+cell,0.0142814445190115,435.0000000000001
29,23,0,132,205.0,pos+cell,0.012381976431863,449.99999999999943
29,23,0,132,210.0,pos+cell,0.021981941368857,449.99999999999943
29,23,0,132,211.0,pos+cell,0.0291982048625042,465.0000000000001
29,23,0,132,213.0,pos+cell,0.0151318796544886,480.00000000000034
29,23,0,132,214.0,pos+cell,0.0178424004127356,465.0000000000001
29,23,0,132,216.0,pos+cell,0.0166718182952789,509.99999999999983
29,23,0,132,217.0,pos+cell,0.0139834401810367,509.99999999999983
29,23,0,132,219.0,pos+cell,0.0109485473358626,525.0000000000001
29,23,0,132,362.0,pos+cell,0.0148219604614985,293.32557441791937
29,23,0,132,376.0,pos+cell,0.017037545712879,330.37212824157683
29,23,0,132,389.0,pos+cell,0.0159730984287773,362.215586360276
29,23,0,132,411.0,pos+cell,0.0157042981950382,445.4327888661041
29,23,0,132,416.0,pos+cell,0.0116113669682244,458.0522153912718
29,23,0,132,420.0,pos+cell,0.0116690054058636,470.81131534051815
29,23,0,144,,pos,0.1457729339732907,
29,23,0,144,132.0,pos+cell,0.1453198498579547,134.99999999999974
29,23,0,144,160.0,pos+cell,0.1899071883851497,120.00000000000044
29,23,0,144,184.0,pos+cell,0.1663326010895725,210.00000000000043
29,23,0,144,191.0,pos+cell,0.1702670747866282,255.00000000000017
29,23,0,144,194.0,pos+cell,0.1588138687213687,270.00000000000034
29,23,0,144,202.0,pos+cell,0.1575654771415877,300.0000000000004
29,23,0,144,205.0,pos+cell,0.1554461740015268,314.9999999999997
29,23,0,144,210.0,pos+cell,0.1657513272892162,314.9999999999997
29,23,0,144,211.0,pos+cell,0.1616497810076197,330.0000000000004
29,23,0,144,213.0,pos+cell,0.1482930758473561,345.00000000000057
29,23,0,144,214.0,pos+cell,0.1972512238865909,330.0000000000004
29,23,0,144,216.0,pos+cell,0.1609864791445737,375.00000000000017
29,23,0,144,217.0,pos+cell,0.1558821419378215,375.00000000000017
29,23,0,144,219.0,pos+cell,0.1612442280960905,390.0000000000004
29,23,0,144,362.0,pos+cell,0.1467289740045525,244.7878979340203
29,23,0,144,376.0,pos+cell,0.1563798536195629,258.5348793931149
29,23,0,144,389.0,pos+cell,0.1531826101055664,277.0463147719248
29,23,0,144,411.0,pos+cell,0.1522123057317998,340.0561807737845
29,23,0,144,416.0,pos+cell,0.1484778520071122,350.70357612151156
29,23,0,144,420.0,pos+cell,0.1491652928019278,361.6597717833447
29,23,0,160,,pos,0.0946459134349072,
29,23,0,160,132.0,pos+cell,0.0969775067513991,255.00000000000017
29,23,0,160,144.0,pos+cell,0.1144655108182961,120.00000000000044
29,23,0,160,184.0,pos+cell,0.1208118954571675,89.99999999999999
29,23,0,160,191.0,pos+cell,0.1179628558585784,134.99999999999974
29,23,0,160,194.0,pos+cell,0.1046318442412181,149.99999999999994
29,23,0,160,202.0,pos+cell,0.1003212997230534,179.99999999999997
29,23,0,160,205.0,pos+cell,0.1011917583110223,194.9999999999993
29,23,0,160,210.0,pos+cell,0.1282586837836155,194.9999999999993
29,23,0,160,211.0,pos+cell,0.123886763430076,209.99999999999991
29,23,0,160,213.0,pos+cell,0.0975286793295149,225.00000000000017
29,23,0,160,214.0,pos+cell,0.1267590843464069,209.99999999999991
29,23,0,160,216.0,pos+cell,0.102108385746947,254.99999999999972
29,23,0,160,217.0,pos+cell,0.0975197154861375,254.99999999999972
29,23,0,160,219.0,pos+cell,0.104769537317785,269.99999999999994
29,23,0,160,362.0,pos+cell,0.0969541128664922,259.4309614250729
29,23,0,160,376.0,pos+cell,0.0972950367269347,244.61281894202165
29,23,0,160,389.0,pos+cell,0.0947238643218682,242.8140992083875
29,23,0,160,411.0,pos+cell,0.0996195425103228,269.560660710764
29,23,0,160,416.0,pos+cell,0.0954750588673396,276.44294468123036
29,23,0,160,420.0,pos+cell,0.0989422768355143,283.9514985437407
29,23,0,184,,pos,0.1138839456749049,
29,23,0,184,132.0,pos+cell,0.1113916657744419,345.00000000000017
29,23,0,184,144.0,pos+cell,0.1268327162558649,210.00000000000043
29,23,0,184,160.0,pos+cell,0.1406581275471386,89.99999999999999
29,23,0,184,191.0,pos+cell,0.1238743022031627,44.99999999999976
29,23,0,184,194.0,pos+cell,0.1172763524349758,59.99999999999996
29,23,0,184,202.0,pos+cell,0.1190722489750466,89.99999999999999
29,23,0,184,205.0,pos+cell,0.1170313067920205,104.9999999999993
29,23,0,184,210.0,pos+cell,0.1212525229390861,104.9999999999993
29,23,0,184,211.0,pos+cell,0.1539794692828535,119.99999999999996
29,23,0,184,213.0,pos+cell,0.1129257024092885,135.0000000000002
29,23,0,184,214.0,pos+cell,0.1359814989192236,119.99999999999996
29,23,0,184,216.0,pos+cell,0.1128150593559034,164.99999999999972
29,23,0,184,217.0,pos+cell,0.1106196605999021,164.99999999999972
29,23,0,184,219.0,pos+cell,0.1175602837477567,179.99999999999994
29,23,0,184,362.0,pos+cell,0.1120743958296284,302.8892624775161
29,23,0,184,376.0,pos+cell,0.1185587632883419,271.0752509668204
29,23,0,184,389.0,pos+cell,0.1364959672378042,253.99154800630257
29,23,0,184,411.0,pos+cell,0.1168671887294261,243.58059773533265
29,23,0,184,416.0,pos+cell,0.1173528179862197,245.7467785826289
29,23,0,184,420.0,pos+cell,0.1122140126232152,248.80002165268675
29,23,0,191,,pos,0.1256836621218126,
29,23,0,191,132.0,pos+cell,0.1141889498303292,389.99999999999994
29,23,0,191,144.0,pos+cell,0.1281506556368738,255.00000000000017
29,23,0,191,160.0,pos+cell,0.1528951202749468,134.99999999999974
29,23,0,191,184.0,pos+cell,0.1879493510680498,44.99999999999976
29,23,0,191,194.0,pos+cell,0.1056173209081417,15.000000000000204
29,23,0,191,202.0,pos+cell,0.1145443642159953,45.00000000000023
29,23,0,191,205.0,pos+cell,0.1308147503688497,59.99999999999954
29,23,0,191,210.0,pos+cell,0.1575672678292231,59.99999999999954
29,23,0,191,211.0,pos+cell,0.1397421243583262,75.00000000000021
29,23,0,191,213.0,pos+cell,0.103660265648609,90.00000000000044
29,23,0,191,214.0,pos+cell,0.1440981474272183,75.00000000000021
29,23,0,191,216.0,pos+cell,0.1553628658881694,119.99999999999996
29,23,0,191,217.0,pos+cell,0.119558770628145,119.99999999999996
29,23,0,191,219.0,pos+cell,0.1635091061665481,135.0000000000002
29,23,0,191,362.0,pos+cell,0.1021764774679966,331.71621322041455
29,23,0,191,376.0,pos+cell,0.1254505828576574,293.9046987285262
29,23,0,191,389.0,pos+cell,0.1264033467291609,270.8564496200273
29,23,0,191,411.0,pos+cell,0.1330635056642917,242.36498610203793
29,23,0,191,416.0,pos+cell,0.1100296948514195,241.76821119327192
29,23,0,191,420.0,pos+cell,0.1238288353983631,242.10111399774289
29,23,0,194,,pos,0.0546814152664718,
29,23,0,194,132.0,pos+cell,0.0540153210034838,405.00000000000006
29,23,0,194,144.0,pos+cell,0.0592328641688322,270.00000000000034
29,23,0,194,160.0,pos+cell,0.063309577322064,149.99999999999994
29,23,0,194,184.0,pos+cell,0.0582835613371414,59.99999999999996
29,23,0,194,191.0,pos+cell,0.0514812354652367,15.000000000000204
29,23,0,194,202.0,pos+cell,0.0586426919230655,30.000000000000025
29,23,0,194,205.0,pos+cell,0.0559548268559565,44.99999999999934
29,23,0,194,210.0,pos+cell,0.0580022476147718,44.99999999999934
29,23,0,194,211.0,pos+cell,0.0578499108316503,60.000000000000014
29,23,0,194,213.0,pos+cell,0.0542352802511006,75.00000000000024
29,23,0,194,214.0,pos+cell,0.0629972112659485,60.000000000000014
29,23,0,194,216.0,pos+cell,0.0595981920879301,104.99999999999976
29,23,0,194,217.0,pos+cell,0.0556984806575599,104.99999999999976
29,23,0,194,219.0,pos+cell,0.0568371786858001,120.0
29,23,0,194,362.0,pos+cell,0.0545865314578189,342.10168036661884
29,23,0,194,376.0,pos+cell,0.0546051271995639,302.62082768821364
29,23,0,194,389.0,pos+cell,0.0609289527563476,277.87356761929686
29,23,0,194,411.0,pos+cell,0.0587789141527048,243.81115530936512
29,23,0,194,416.0,pos+cell,0.0537386974527038,242.29182995624535
29,23,0,194,420.0,pos+cell,0.0557033485553199,241.69563974926177
29,23,0,202,,pos,0.0095797803578598,
29,23,0,202,132.0,pos+cell,0.0112933883570049,435.0000000000001
29,23,0,202,144.0,pos+cell,0.0124583581403168,300.0000000000004
29,23,0,202,160.0,pos+cell,0.0159038713964909,179.99999999999997
29,23,0,202,184.0,pos+cell,0.013423750720381,89.99999999999999
29,23,0,202,191.0,pos+cell,0.0104726887088135,45.00000000000023
29,23,0,202,194.0,pos+cell,0.0113575174582928,30.000000000000025
29,23,0,202,205.0,pos+cell,0.0105300669405137,14.999999999999313
29,23,0,202,210.0,pos+cell,0.0138083255553794,14.999999999999313
29,23,0,202,211.0,pos+cell,0.0217132081074888,29.99999999999999
29,23,0,202,213.0,pos+cell,0.0111696730155234,45.00000000000021
29,23,0,202,214.0,pos+cell,0.0137846453367209,29.99999999999999
29,23,0,202,216.0,pos+cell,0.0115282535147681,74.99999999999974
29,23,0,202,217.0,pos+cell,0.0128642977419394,74.99999999999974
29,23,0,202,219.0,pos+cell,0.0109878566770675,89.99999999999997
29,23,0,202,362.0,pos+cell,0.012207825777062,363.83978191287673
29,23,0,202,376.0,pos+cell,0.0143336157037158,321.44696636099565
29,23,0,202,389.0,pos+cell,0.0163984140272328,293.70857349232267
29,23,0,202,411.0,pos+cell,0.0113850846296724,249.3994093484991
29,23,0,202,416.0,pos+cell,0.0127909381954177,246.09399973069128
29,23,0,202,420.0,pos+cell,0.0109189893691794,243.6687259857506
29,23,0,205,,pos,0.0174520370281334,
29,23,0,205,132.0,pos+cell,0.0165568829425116,449.99999999999943
29,23,0,205,144.0,pos+cell,0.0199369832839437,314.9999999999997
29,23,0,205,160.0,pos+cell,0.0238842079935121,194.9999999999993
29,23,0,205,184.0,pos+cell,0.0214461047544615,104.9999999999993
29,23,0,205,191.0,pos+cell,0.0198963803392308,59.99999999999954
29,23,0,205,194.0,pos+cell,0.0188310697516185,44.99999999999934
29,23,0,205,202.0,pos+cell,0.0194559235726154,14.999999999999313
29,23,0,205,210.0,pos+cell,0.0206206868486572,0.0
29,23,0,205,211.0,pos+cell,0.0209453897313686,15.000000000000677
29,23,0,205,213.0,pos+cell,0.0160122378163836,30.0000000000009
29,23,0,205,214.0,pos+cell,0.0199642145625132,15.000000000000677
29,23,0,205,216.0,pos+cell,0.0184113812814406,60.00000000000043
29,23,0,205,217.0,pos+cell,0.0176586556679373,60.00000000000043
29,23,0,205,219.0,pos+cell,0.0252694053659433,75.00000000000065
29,23,0,205,362.0,pos+cell,0.0169252332518546,375.1363758672064
29,23,0,205,376.0,pos+cell,0.0176377087514772,331.4778206738431
29,23,0,205,389.0,pos+cell,0.0217432133478019,302.4321897940171
29,23,0,205,411.0,pos+cell,0.0182902381722609,253.48206711407903
29,23,0,205,416.0,pos+cell,0.0191946442875841,249.33054290118775
29,23,0,205,420.0,pos+cell,0.0182033850309937,246.02495990930603
29,23,0,210,,pos,0.0371707262569461,
29,23,0,210,132.0,pos+cell,0.0360605370978452,449.99999999999943
29,23,0,210,144.0,pos+cell,0.0378557423861412,314.9999999999997
29,23,0,210,160.0,pos+cell,0.0440394535001235,194.9999999999993
29,23,0,210,184.0,pos+cell,0.0487162941282524,104.9999999999993
29,23,0,210,191.0,pos+cell,0.0397830662528724,59.99999999999954
29,23,0,210,194.0,pos+cell,0.0328978176913073,44.99999999999934
29,23,0,210,202.0,pos+cell,0.0314305531649887,14.999999999999313
29,23,0,210,205.0,pos+cell,0.0366651850355171,0.0
29,23,0,210,211.0,pos+cell,0.158172396965961,15.000000000000677
29,23,0,210,213.0,pos+cell,0.0356533909706513,30.0000000000009
29,23,0,210,214.0,pos+cell,0.0337344644604657,15.000000000000677
29,23,0,210,216.0,pos+cell,0.0346413206760859,60.00000000000043
29,23,0,210,217.0,pos+cell,0.0325137906720029,60.00000000000043
29,23,0,210,219.0,pos+cell,0.0339293190434191,75.00000000000065
29,23,0,210,362.0,pos+cell,0.0330970887737595,375.1363758672064
29,23,0,210,376.0,pos+cell,0.0333183024836683,331.4778206738431
29,23,0,210,389.0,pos+cell,0.03399337259634,302.4321897940171
29,23,0,210,411.0,pos+cell,0.0354422554375231,253.48206711407903
29,23,0,210,416.0,pos+cell,0.0364453965308237,249.33054290118775
29,23,0,210,420.0,pos+cell,0.0342287062399384,246.02495990930603
29,23,0,211,,pos,0.0315550200363298,
29,23,0,211,132.0,pos+cell,0.0323567201775375,465.0000000000001
29,23,0,211,144.0,pos+cell,0.0321151759554004,330.0000000000004
29,23,0,211,160.0,pos+cell,0.0469902726204124,209.99999999999991
29,23,0,211,184.0,pos+cell,0.0542051088920349,119.99999999999996
29,23,0,211,191.0,pos+cell,0.0331324125545726,75.00000000000021
29,23,0,211,194.0,pos+cell,0.029458447536498,60.000000000000014
29,23,0,211,202.0,pos+cell,0.0313254831968456,29.99999999999999
29,23,0,211,205.0,pos+cell,0.0288912621921645,15.000000000000677
29,23,0,211,210.0,pos+cell,0.0883936531603162,15.000000000000677
29,23,0,211,213.0,pos+cell,0.0331501785168892,15.000000000000222
29,23,0,211,214.0,pos+cell,0.0390649320686887,0.0
29,23,0,211,216.0,pos+cell,0.0319350956172919,44.99999999999976
29,23,0,211,217.0,pos+cell,0.031342659082009,44.99999999999976
29,23,0,211,219.0,pos+cell,0.0292086145116289,59.99999999999998
29,23,0,211,362.0,pos+cell,0.0304369402885284,386.6849028539322
29,23,0,211,376.0,pos+cell,0.030048516192683,341.87269416359436
29,23,0,211,389.0,pos+cell,0.0329241942063324,311.6339723205963
29,23,0,211,411.0,pos+cell,0.0322067177879469,258.3723114295976
29,23,0,211,416.0,pos+cell,0.0331269756105104,253.41504008908535
29,23,0,211,420.0,pos+cell,0.0301415798383724,249.26314162593837
29,23,0,213,,pos,0.0120268139319081,
29,23,0,213,132.0,pos+cell,0.0113787988775677,480.00000000000034
29,23,0,213,144.0,pos+cell,0.0109271269072806,345.00000000000057
29,23,0,213,160.0,pos+cell,0.015053026261977,225.00000000000017
29,23,0,213,184.0,pos+cell,0.0168401131981784,135.0000000000002
29,23,0,213,191.0,pos+cell,0.0118514955189557,90.00000000000044
29,23,0,213,194.0,pos+cell,0.0115013733686818,75.00000000000024
29,23,0,213,202.0,pos+cell,0.0146540201439048,45.00000000000021
29,23,0,213,205.0,pos+cell,0.0112571304635427,30.0000000000009
29,23,0,213,210.0,pos+cell,0.022347006925421,30.0000000000009
29,23,0,213,211.0,pos+cell,0.0464049767423859,15.000000000000222
29,23,0,213,214.0,pos+cell,0.0124249137260892,15.000000000000222
29,23,0,213,216.0,pos+cell,0.0118849860378946,29.999999999999535
29,23,0,213,217.0,pos+cell,0.0096853274676831,29.999999999999535
29,23,0,213,219.0,pos+cell,0.0107619489704163,44.99999999999976
29,23,0,213,362.0,pos+cell,0.0117500144230489,398.4634584143542
29,23,0,213,376.0,pos+cell,0.0130823124485272,352.59939369015984
29,23,0,213,389.0,pos+cell,0.0128295126159468,321.2728372972477
29,23,0,213,411.0,pos+cell,0.012216145045705,264.0252720451574
29,23,0,213,416.0,pos+cell,0.0117780809660587,258.30726947436926
29,23,0,213,420.0,pos+cell,0.010485959890388,253.34945559067128
29,23,0,214,,pos,0.0511116580640812,
29,23,0,214,132.0,pos+cell,0.0507524652399197,465.0000000000001
29,23,0,214,144.0,pos+cell,0.0552249176974449,330.0000000000004
29,23,0,214,160.0,pos+cell,0.0604564529237443,209.99999999999991
29,23,0,214,184.0,pos+cell,0.0592385014406635,119.99999999999996
29,23,0,214,191.0,pos+cell,0.0508564222164551,75.00000000000021
29,23,0,214,194.0,pos+cell,0.0529792260682194,60.000000000000014
29,23,0,214,202.0,pos+cell,0.0527996004663853,29.99999999999999
29,23,0,214,205.0,pos+cell,0.0517382607044819,15.000000000000677
29,23,0,214,210.0,pos+cell,0.0551398145272836,15.000000000000677
29,23,0,214,211.0,pos+cell,0.0599740826089856,0.0
29,23,0,214,213.0,pos+cell,0.0512310967247748,15.000000000000222
29,23,0,214,216.0,pos+cell,0.0520660694556238,44.99999999999976
29,23,0,214,217.0,pos+cell,0.051635696894096,44.99999999999976
29,23,0,214,219.0,pos+cell,0.051431755560302,59.99999999999998
29,23,0,214,362.0,pos+cell,0.051401145346365,386.6849028539322
29,23,0,214,376.0,pos+cell,0.0514921082290111,341.87269416359436
29,23,0,214,389.0,pos+cell,0.0533983174787133,311.6339723205963
29,23,0,214,411.0,pos+cell,0.0535507605132597,258.3723114295976
29,23,0,214,416.0,pos+cell,0.0512082850946907,253.41504008908535
29,23,0,214,420.0,pos+cell,0.0515759509459563,249.26314162593837
29,23,0,216,,pos,0.0654123208784389,
29,23,0,216,132.0,pos+cell,0.0630788303206814,509.99999999999983
29,23,0,216,144.0,pos+cell,0.0650547911338027,375.00000000000017
29,23,0,216,160.0,pos+cell,0.0663232688799041,254.99999999999972
29,23,0,216,184.0,pos+cell,0.0661545406758238,164.99999999999972
29,23,0,216,191.0,pos+cell,0.0653243487714821,119.99999999999996
29,23,0,216,194.0,pos+cell,0.0641862505365839,104.99999999999976
29,23,0,216,202.0,pos+cell,0.0632286734073517,74.99999999999974
29,23,0,216,205.0,pos+cell,0.0650806522018032,60.00000000000043
29,23,0,216,210.0,pos+cell,0.0639302745446219,60.00000000000043
29,23,0,216,211.0,pos+cell,0.0637445330242601,44.99999999999976
29,23,0,216,213.0,pos+cell,0.0650393436005165,29.999999999999535
29,23,0,216,214.0,pos+cell,0.0637210842563066,44.99999999999976
29,23,0,216,217.0,pos+cell,0.0645099068318349,0.0
29,23,0,216,219.0,pos+cell,0.0645645013243237,15.000000000000222
29,23,0,216,362.0,pos+cell,0.0638802316933797,422.63335751484743
29,23,0,216,376.0,pos+cell,0.0633291545505023,374.9334864514712
29,23,0,216,389.0,pos+cell,0.0663509401059156,341.71222182772834
29,23,0,216,411.0,pos+cell,0.0634619195892158,277.4266213048272
29,23,0,216,416.0,pos+cell,0.0631234750972233,270.3323349198308
29,23,0,216,420.0,pos+cell,0.0633183389270687,263.90076240474036
29,23,0,217,,pos,0.0118332043166765,
29,23,0,217,132.0,pos+cell,0.0122835302146381,509.99999999999983
29,23,0,217,144.0,pos+cell,0.0138658031004279,375.00000000000017
29,23,0,217,160.0,pos+cell,0.0144773825429122,254.99999999999972
29,23,0,217,184.0,pos+cell,0.0138955966493438,164.99999999999972
29,23,0,217,191.0,pos+cell,0.0116616459324519,119.99999999999996
29,23,0,217,194.0,pos+cell,0.0120501347687128,104.99999999999976
29,23,0,217,202.0,pos+cell,0.012495415784387,74.99999999999974
29,23,0,217,205.0,pos+cell,0.0112801308325465,60.00000000000043
29,23,0,217,210.0,pos+cell,0.0148818392721797,60.00000000000043
29,23,0,217,211.0,pos+cell,0.0212698520955116,44.99999999999976
29,23,0,217,213.0,pos+cell,0.0115084159977992,29.999999999999535
29,23,0,217,214.0,pos+cell,0.0151248472379373,44.99999999999976
29,23,0,217,216.0,pos+cell,0.0118802214655275,0.0
29,23,0,217,219.0,pos+cell,0.0137064601387655,15.000000000000222
29,23,0,217,362.0,pos+cell,0.0109542297383306,422.63335751484743
29,23,0,217,376.0,pos+cell,0.0115109233346699,374.9334864514712
29,23,0,217,389.0,pos+cell,0.0122765648217151,341.71222182772834
29,23,0,217,411.0,pos+cell,0.012920035585508,277.4266213048272
29,23,0,217,416.0,pos+cell,0.0116273989123781,270.3323349198308
29,23,0,217,420.0,pos+cell,0.0117209493973891,263.90076240474036
29,23,0,219,,pos,0.0154963248660778,
29,23,0,219,132.0,pos+cell,0.0148812642922502,525.0000000000001
29,23,0,219,144.0,pos+cell,0.0156983943399323,390.0000000000004
29,23,0,219,160.0,pos+cell,0.0231751249184773,269.99999999999994
29,23,0,219,184.0,pos+cell,0.0273496188008186,179.99999999999994
29,23,0,219,191.0,pos+cell,0.0165172941300101,135.0000000000002
29,23,0,219,194.0,pos+cell,0.017927505408472,120.0
29,23,0,219,202.0,pos+cell,0.0185793206341731,89.99999999999997
29,23,0,219,205.0,pos+cell,0.0189702090699055,75.00000000000065
29,23,0,219,210.0,pos+cell,0.0177232578658775,75.00000000000065
29,23,0,219,211.0,pos+cell,0.0204505565781179,59.99999999999998
29,23,0,219,213.0,pos+cell,0.0157592167550032,44.99999999999976
29,23,0,219,214.0,pos+cell,0.0172118495501486,59.99999999999998
29,23,0,219,216.0,pos+cell,0.0219624461034949,15.000000000000222
29,23,0,219,217.0,pos+cell,0.0198696440639578,15.000000000000222
29,23,0,219,362.0,pos+cell,0.0142080231830352,434.99065332561526
29,23,0,219,376.0,pos+cell,0.0154185051629977,386.4899903990392
29,23,0,219,389.0,pos+cell,0.0211744516283779,352.4453799202825
29,23,0,219,411.0,pos+cell,0.0221389875442968,285.07652161070445
29,23,0,219,416.0,pos+cell,0.0163119913110144,277.36804830974904
29,23,0,219,420.0,pos+cell,0.019117769096355,270.2729088766763
29,23,1,332,,pos,0.0348489713134978,
29,23,1,332,341.0,pos+cell,0.0358320387223408,30.000000000000384
29,23,1,332,425.0,pos+cell,0.0340929303987371,375.00000000000006
29,23,1,332,430.0,pos+cell,0.0339393503262345,405.00000000000085
29,23,1,341,,pos,0.0155214137541866,
29,23,1,341,332.0,pos+cell,0.0169236060791349,30.000000000000384
29,23,1,341,425.0,pos+cell,0.0172553749416364,344.99999999999966
29,23,1,341,430.0,pos+cell,0.0167492004144825,375.00000000000045
29,23,0,362,,pos,0.002490513886652,
29,23,0,362,132.0,pos+cell,0.0030018235171301,293.32557441791937
29,23,0,362,144.0,pos+cell,0.0027993274402101,244.7878979340203
29,23,0,362,160.0,pos+cell,0.003833118757632,259.4309614250729
29,23,0,362,184.0,pos+cell,0.0046207296817865,302.8892624775161
29,23,0,362,191.0,pos+cell,0.0024673960211319,331.71621322041455
29,23,0,362,194.0,pos+cell,0.0033528525492129,342.10168036661884
29,23,0,362,202.0,pos+cell,0.0030405377573319,363.83978191287673
29,23,0,362,205.0,pos+cell,0.0035270359718329,375.1363758672064
29,23,0,362,210.0,pos+cell,0.0057411952722676,375.1363758672064
29,23,0,362,211.0,pos+cell,0.0083862832369398,386.6849028539322
29,23,0,362,213.0,pos+cell,0.0030522171334002,398.4634584143542
29,23,0,362,214.0,pos+cell,0.0045433822143829,386.6849028539322
29,23,0,362,216.0,pos+cell,0.0034644526792968,422.63335751484743
29,23,0,362,217.0,pos+cell,0.0037324616838144,422.63335751484743
29,23,0,362,219.0,pos+cell,0.0032531059374019,434.99065332561526
29,23,0,362,376.0,pos+cell,0.0039881056969703,59.999999999999744
29,23,0,362,389.0,pos+cell,0.0027014271475283,104.99999999999936
29,23,0,362,411.0,pos+cell,0.0046508966829636,209.99999999999957
29,23,0,362,416.0,pos+cell,0.0021972727326119,224.99999999999977
29,23,0,362,420.0,pos+cell,0.0030800073728919,239.9999999999999
29,23,0,376,,pos,0.0257205725999842,
29,23,0,376,132.0,pos+cell,0.0252715228022613,330.37212824157683
29,23,0,376,144.0,pos+cell,0.0253376891406196,258.5348793931149
29,23,0,376,160.0,pos+cell,0.0276692630112588,244.61281894202165
29,23,0,376,184.0,pos+cell,0.0275621549891007,271.0752509668204
29,23,0,376,191.0,pos+cell,0.0249174387108987,293.9046987285262
29,23,0,376,194.0,pos+cell,0.0251013779698786,302.62082768821364
29,23,0,376,202.0,pos+cell,0.0291488696038256,321.44696636099565
29,23,0,376,205.0,pos+cell,0.025363274951986,331.4778206738431
29,23,0,376,210.0,pos+cell,0.0266350754346456,331.4778206738431
29,23,0,376,211.0,pos+cell,0.0288439090641237,341.87269416359436
29,23,0,376,213.0,pos+cell,0.025347939097121,352.59939369015984
29,23,0,376,214.0,pos+cell,0.0271590214728039,341.87269416359436
29,23,0,376,216.0,pos+cell,0.0251731707916138,374.9334864514712
29,23,0,376,217.0,pos+cell,0.0244132005542787,374.9334864514712
29,23,0,376,219.0,pos+cell,0.0238750947754427,386.4899903990392
29,23,0,376,362.0,pos+cell,0.0254724998194458,59.999999999999744
29,23,0,376,389.0,pos+cell,0.0299830460955859,44.99999999999961
29,23,0,376,411.0,pos+cell,0.0264010069236587,149.99999999999983
29,23,0,376,416.0,pos+cell,0.0267753119904025,165.0
29,23,0,376,420.0,pos+cell,0.0258779653781479,180.00000000000014
29,23,0,389,,pos,0.0574488410762909,
29,23,0,389,132.0,pos+cell,0.0617779073563827,362.215586360276
29,23,0,389,144.0,pos+cell,0.0655932243155767,277.0463147719248
29,23,0,389,160.0,pos+cell,0.0777449430317961,242.8140992083875
29,23,0,389,184.0,pos+cell,0.0675746058897638,253.99154800630257
29,23,0,389,191.0,pos+cell,0.0600854591834511,270.8564496200273
29,23,0,389,194.0,pos+cell,0.073311496948455,277.87356761929686
29,23,0,389,202.0,pos+cell,0.0795267334927586,293.70857349232267
29,23,0,389,205.0,pos+cell,0.0705885642233941,302.4321897940171
29,23,0,389,210.0,pos+cell,0.0631925069896372,302.4321897940171
29,23,0,389,211.0,pos+cell,0.0637153584527853,311.6339723205963
29,23,0,389,213.0,pos+cell,0.0572451154646238,321.2728372972477
29,23,0,389,214.0,pos+cell,0.0667164765992705,311.6339723205963
29,23,0,389,216.0,pos+cell,0.0691306828632614,341.71222182772834
29,23,0,389,217.0,pos+cell,0.0595787655988,341.71222182772834
29,23,0,389,219.0,pos+cell,0.0656173156921207,352.4453799202825
29,23,0,389,362.0,pos+cell,0.057761657884224,104.99999999999936
29,23,0,389,376.0,pos+cell,0.0754952043550794,44.99999999999961
29,23,0,389,411.0,pos+cell,0.0745359975703495,105.0000000000002
29,23,0,389,416.0,pos+cell,0.0648105322403615,120.0000000000004
29,23,0,389,420.0,pos+cell,0.0642526030219629,135.0000000000005
29,23,0,411,,pos,0.0779111318070178,
29,23,0,411,132.0,pos+cell,0.0760269090090136,445.4327888661041
29,23,0,411,144.0,pos+cell,0.0799042683820693,340.0561807737845
29,23,0,411,160.0,pos+cell,0.0830817238872834,269.560660710764
29,23,0,411,184.0,pos+cell,0.0807144311440797,243.58059773533265
29,23,0,411,191.0,pos+cell,0.0782228457982872,242.36498610203793
29,23,0,411,194.0,pos+cell,0.0792205607391697,243.81115530936512
29,23,0,411,202.0,pos+cell,0.0769082515981608,249.3994093484991
29,23,0,411,205.0,pos+cell,0.0774791186147229,253.48206711407903
29,23,0,411,210.0,pos+cell,0.0795032913966254,253.48206711407903
29,23,0,411,211.0,pos+cell,0.0820104219377258,258.3723114295976
29,23,0,411,213.0,pos+cell,0.0761812825843815,264.0252720451574
29,23,0,411,214.0,pos+cell,0.0800705629567767,258.3723114295976
29,23,0,411,216.0,pos+cell,0.0908887170231879,277.4266213048272
29,23,0,411,217.0,pos+cell,0.0762748993372861,277.4266213048272
29,23,0,411,219.0,pos+cell,0.0814630664753859,285.07652161070445
29,23,0,411,362.0,pos+cell,0.0773458598298992,209.99999999999957
29,23,0,411,376.0,pos+cell,0.0762871082992152,149.99999999999983
29,23,0,411,389.0,pos+cell,0.0790594332279948,105.0000000000002
29,23,0,411,416.0,pos+cell,0.0767334282181579,15.000000000000192
29,23,0,411,420.0,pos+cell,0.0816602435096739,30.000000000000327
29,23,0,416,,pos,0.0108052870168335,
29,23,0,416,132.0,pos+cell,0.0116463880567153,458.0522153912718
29,23,0,416,144.0,pos+cell,0.0133794611907237,350.70357612151156
29,23,0,416,160.0,pos+cell,0.0138983107006597,276.44294468123036
29,23,0,416,184.0,pos+cell,0.0145717721340666,245.7467785826289
29,23,0,416,191.0,pos+cell,0.0077547358693939,241.76821119327192
29,23,0,416,194.0,pos+cell,0.0124832804826629,242.29182995624535
29,23,0,416,202.0,pos+cell,0.0173627537170771,246.09399973069128
29,23,0,416,205.0,pos+cell,0.0133520352316625,249.33054290118775
29,23,0,416,210.0,pos+cell,0.0148521436665401,249.33054290118775
29,23,0,416,211.0,pos+cell,0.018750360100461,253.41504008908535
29,23,0,416,213.0,pos+cell,0.012319353468142,258.30726947436926
29,23,0,416,214.0,pos+cell,0.016127142184932,253.41504008908535
29,23,0,416,216.0,pos+cell,0.0134636421721275,270.3323349198308
29,23,0,416,217.0,pos+cell,0.0137719376858253,270.3323349198308
29,23,0,416,219.0,pos+cell,0.0119995248907948,277.36804830974904
29,23,0,416,362.0,pos+cell,0.0129341564988159,224.99999999999977
29,23,0,416,376.0,pos+cell,0.0152435506190488,165.0
29,23,0,416,389.0,pos+cell,0.016919169266793,120.0000000000004
29,23,0,416,411.0,pos+cell,0.0147653723543571,15.000000000000192
29,23,0,416,420.0,pos+cell,0.0169617886132321,15.000000000000137
29,23,0,420,,pos,0.0484510520220616,
29,23,0,420,132.0,pos+cell,0.0474647232055465,470.81131534051815
29,23,0,420,144.0,pos+cell,0.0504329404252775,361.6597717833447
29,23,0,420,160.0,pos+cell,0.0543621060099704,283.9514985437407
29,23,0,420,184.0,pos+cell,0.0489096195279656,248.80002165268675
29,23,0,420,191.0,pos+cell,0.0517969746109527,242.10111399774289
29,23,0,420,194.0,pos+cell,0.0484170978922324,241.69563974926177
29,23,0,420,202.0,pos+cell,0.0486127578817244,243.6687259857506
29,23,0,420,205.0,pos+cell,0.0488389827781803,246.02495990930603
29,23,0,420,210.0,pos+cell,0.0513629521649021,246.02495990930603
29,23,0,420,211.0,pos+cell,0.0520497946173147,249.26314162593837
29,23,0,420,213.0,pos+cell,0.0477551647218666,253.34945559067128
29,23,0,420,214.0,pos+cell,0.0519600229712435,249.26314162593837
29,23,0,420,216.0,pos+cell,0.051593337400616,263.90076240474036
29,23,0,420,217.0,pos+cell,0.0496746507111221,263.90076240474036
29,23,0,420,219.0,pos+cell,0.0534523930322847,270.2729088766763
29,23,0,420,362.0,pos+cell,0.0497186230257102,239.9999999999999
29,23,0,420,376.0,pos+cell,0.0503932364727697,180.00000000000014
29,23,0,420,389.0,pos+cell,0.0493954162743383,135.0000000000005
29,23,0,420,411.0,pos+cell,0.054482844381888,30.000000000000327
29,23,0,420,416.0,pos+cell,0.0576713644538334,15.000000000000137
29,23,1,425,,pos,0.0174615514736294,
29,23,1,425,332.0,pos+cell,0.0205329263846416,375.00000000000006
29,23,1,425,341.0,pos+cell,0.0186873222282561,344.99999999999966
29,23,1,425,430.0,pos+cell,0.0201198391441323,30.00000000000078
29,23,1,430,,pos,-0.0036057505162355,
29,23,1,430,332.0,pos+cell,-0.0016384880761938,405.00000000000085
29,23,1,430,341.0,pos+cell,-0.0003037547569264,375.00000000000045
29,23,1,430,425.0,pos+cell,-0.0023603992956305,30.00000000000078
29,25,1,47,,pos,0.0069556574660556,
29,25,1,47,376.0,pos+cell,0.0134511809724501,578.4883070563719
29,25,1,47,456.0,pos+cell,0.0132907406592363,874.0542972385683
29,25,1,47,467.0,pos+cell,0.0100251165061649,859.094955423246
29,25,1,47,491.0,pos+cell,0.0101399507146757,807.6738537822768
29,25,0,336,,pos,0.0238707526078625,
29,25,0,336,366.0,pos+cell,0.0220257530377144,150.00000000000134
29,25,0,336,368.0,pos+cell,0.0224605579163934,135.00000000000108
29,25,0,336,370.0,pos+cell,0.0183488504419022,180.00000000000043
29,25,0,336,377.0,pos+cell,0.0319156177083504,195.00000000000108
29,25,0,336,385.0,pos+cell,0.0257936563724248,225.00000000000108
29,25,0,336,387.0,pos+cell,0.0262879070436637,255.00000000000108
29,25,0,366,,pos,0.0307534119523691,
29,25,0,366,336.0,pos+cell,0.0318014332041959,150.00000000000134
29,25,0,366,368.0,pos+cell,0.0374409476498613,15.00000000000024
29,25,0,366,370.0,pos+cell,0.0396476401354947,29.999999999999098
29,25,0,366,377.0,pos+cell,0.0320913437335019,44.99999999999977
29,25,0,366,385.0,pos+cell,0.0334242999179537,74.99999999999976
29,25,0,366,387.0,pos+cell,0.0320737608604151,104.99999999999974
29,25,0,368,,pos,2.9729865358130157e-05,
29,25,0,368,336.0,pos+cell,0.0017091896791945,135.00000000000108
29,25,0,368,366.0,pos+cell,0.014355039195117,15.00000000000024
29,25,0,368,370.0,pos+cell,0.0345817770527523,44.99999999999934
29,25,0,368,377.0,pos+cell,0.0304653606172596,60.000000000000014
29,25,0,368,385.0,pos+cell,0.0143537430930718,90.0
29,25,0,368,387.0,pos+cell,0.0185380947043884,120.0
29,25,0,370,,pos,0.0322402536679826,
29,25,0,370,336.0,pos+cell,0.0345384817614277,180.00000000000043
29,25,0,370,366.0,pos+cell,0.1296950815770034,29.999999999999098
29,25,0,370,368.0,pos+cell,0.0361985584556179,44.99999999999934
29,25,0,370,377.0,pos+cell,0.0562352016362948,15.000000000000677
29,25,0,370,385.0,pos+cell,0.0247218686214453,45.00000000000067
29,25,0,370,387.0,pos+cell,0.063347570055319,75.00000000000065
29,25,1,376,,pos,0.051165585380546,
29,25,1,376,47.0,pos+cell,0.0532218430160586,578.4883070563719
29,25,1,376,456.0,pos+cell,0.0586600833515675,302.3717313741379
29,25,1,376,467.0,pos+cell,0.0600648753380629,285.3147847447684
29,25,1,376,491.0,pos+cell,0.0469368636416147,243.53228991859024
29,25,0,377,,pos,0.0001719082652546,
29,25,0,377,336.0,pos+cell,0.0046088487226286,195.00000000000108
29,25,0,377,366.0,pos+cell,0.0021124916123023,44.99999999999977
29,25,0,377,368.0,pos+cell,0.0014062886086163,60.000000000000014
29,25,0,377,370.0,pos+cell,-0.0031647227077755,15.000000000000677
29,25,0,377,385.0,pos+cell,-0.0017536219422264,29.99999999999999
29,25,0,377,387.0,pos+cell,0.0032361509232921,59.99999999999998
29,25,0,385,,pos,0.0055236910858116,
29,25,0,385,336.0,pos+cell,0.0057177242939466,225.00000000000108
29,25,0,385,366.0,pos+cell,0.0057524174474078,74.99999999999976
29,25,0,385,368.0,pos+cell,0.0075637471609091,90.0
29,25,0,385,370.0,pos+cell,0.0039019422846572,45.00000000000067
29,25,0,385,377.0,pos+cell,0.0056610654196421,29.99999999999999
29,25,0,385,387.0,pos+cell,0.0069312784287471,29.99999999999999
29,25,0,387,,pos,0.0079393621072087,
29,25,0,387,336.0,pos+cell,0.0068567628754947,255.00000000000108
29,25,0,387,366.0,pos+cell,0.0070316565182506,104.99999999999974
29,25,0,387,368.0,pos+cell,0.0075439364552756,120.0
29,25,0,387,370.0,pos+cell,0.0101504998238206,75.00000000000065
29,25,0,387,377.0,pos+cell,0.0068335730611914,59.99999999999998
29,25,0,387,385.0,pos+cell,0.008246478289274,29.99999999999999
29,25,1,456,,pos,0.0164425921607146,
29,25,1,456,47.0,pos+cell,0.0162016093914632,874.0542972385683
29,25,1,456,376.0,pos+cell,0.016494904609332,302.3717313741379
29,25,1,456,467.0,pos+cell,0.0167175534442011,29.999999999999872
29,25,1,456,491.0,pos+cell,0.0161482050189552,149.99999999999983
29,25,1,467,,pos,0.0613360728179476,
29,25,1,467,47.0,pos+cell,0.0620036563654042,859.094955423246
29,25,1,467,376.0,pos+cell,0.0622792013512007,285.3147847447684
29,25,1,467,456.0,pos+cell,0.0618786669606126,29.999999999999872
29,25,1,467,491.0,pos+cell,0.0622666089269026,119.99999999999994
29,25,1,491,,pos,0.0030074491702113,
29,25,1,491,47.0,pos+cell,0.0032156179579724,807.6738537822768
29,25,1,491,376.0,pos+cell,0.0031613596668573,243.53228991859024
29,25,1,491,456.0,pos+cell,0.0035295176187677,149.99999999999983
29,25,1,491,467.0,pos+cell,0.0025282185150836,119.99999999999994
