cluster_id,stability,sig,mouse,day
34,0.16870432086808976,True,20,14
37,0.012894040429441244,False,20,14
57,0.12281086823764982,True,20,14
80,0.053247407788087314,False,20,14
85,0.10117975361320365,False,20,14
86,0.046258467533069954,False,20,14
91,0.16532099297267336,True,20,14
96,0.09725924997556727,False,20,14
97,0.30884270524047325,True,20,14
102,0.1590918588786553,True,20,14
103,0.31025361095159737,True,20,14
105,0.10545172332068413,False,20,14
108,0.036675209955286926,False,20,14
110,0.21422382649570837,True,20,14
111,0.2541205429523523,True,20,14
113,0.08044750424694126,False,20,14
114,0.2572877474313569,True,20,14
116,0.02249624939012133,False,20,14
118,-0.008713309529009781,False,20,14
120,0.08859873555501711,False,20,14
126,0.04634852887202656,False,20,14
128,0.22587032579676158,True,20,14
131,0.04402967111829579,False,20,14
132,0.20811379701883861,True,20,14
141,0.008144608328822652,False,20,14
145,-0.01941817813349417,False,20,14
147,0.038528451966194886,False,20,14
148,0.07893307078018981,False,20,14
150,0.0068145060046816775,False,20,14
151,0.06251715397398361,False,20,14
153,-0.02260321333988205,False,20,14
155,0.00016900442585749778,False,20,14
159,0.06842680492519618,False,20,14
160,0.1364356678939552,True,20,14
161,0.1099552757175099,False,20,14
163,0.09477623158162551,False,20,14
166,-0.03628790793885359,False,20,14
167,0.054671670780488825,False,20,14
169,0.1626111374674499,True,20,14
170,0.17122134767661787,True,20,14
173,0.032736433933676506,False,20,14
174,0.027284567744115525,False,20,14
175,0.1592413747506076,True,20,14
176,-0.05405246800571806,False,20,14
177,0.07966041266708208,False,20,14
179,0.08304565907272,False,20,14
180,-0.03329202340030666,False,20,14
182,0.10951708118772274,True,20,14
185,0.07193937982483274,False,20,14
186,0.1547712388155317,True,20,14
188,0.021667403082591546,False,20,14
189,0.11503362507043018,True,20,14
190,0.1822196616937881,True,20,14
191,-0.0660431796004947,False,20,14
193,0.07995034974265613,False,20,14
194,0.02046224470593327,False,20,14
196,0.08228442386502234,False,20,14
198,0.11994882030166283,True,20,14
201,0.08630452351114808,False,20,14
202,0.16713583603135107,True,20,14
207,-0.00632677175687948,False,20,14
208,0.14728780462430766,True,20,14
210,0.05385350218872013,False,20,14
213,0.0010037987507720031,False,20,14
215,0.052198213848673645,False,20,14
217,0.025216062927911606,False,20,14
219,0.06386658138080954,False,20,14
225,0.37713687645202043,True,20,14
226,0.03982645132021608,False,20,14
227,0.03131955198475447,False,20,14
228,0.0758192043356382,False,20,14
231,0.12004486368882228,True,20,14
232,0.04879145611913691,False,20,14
233,-0.004448690165659784,False,20,14
234,0.10958284098612316,False,20,14
235,0.022976630602479814,False,20,14
236,0.0706688662887597,False,20,14
239,0.0842127327244168,False,20,14
240,0.051473564941907655,False,20,14
242,0.42745158221207763,True,20,14
243,0.12500583680326519,True,20,14
245,-0.05216664269504804,False,20,14
247,-0.07576006629489089,False,20,14
248,0.2337079496411094,True,20,14
249,0.1487603465968889,True,20,14
250,0.008883115764570402,False,20,14
251,0.019012249902254072,False,20,14
253,0.03427696868816595,False,20,14
255,0.01770316247281072,False,20,14
256,0.0019500538584612884,False,20,14
258,0.004620122213978218,False,20,14
260,0.18505148060775234,True,20,14
262,0.03988624484732415,False,20,14
264,0.13400220894228956,True,20,14
266,0.12274882057153462,True,20,14
267,0.057266915625355984,False,20,14
269,0.1054508887995332,False,20,14
270,0.20024104499372164,True,20,14
271,0.07137980495698297,False,20,14
273,0.07485481580869718,False,20,14
274,0.4265699760886636,True,20,14
275,0.11899040808824746,True,20,14
277,-0.001087984598773864,False,20,14
278,0.10384941603212837,False,20,14
279,0.09029743369665094,False,20,14
283,0.23883051243953254,True,20,14
284,0.05467719283300959,False,20,14
285,0.1259090633660716,True,20,14
286,0.05418791696719547,False,20,14
287,0.3161210893995608,True,20,14
288,-0.012998393550757536,False,20,14
291,0.055490652794278485,False,20,14
292,0.05814250893328821,False,20,14
293,0.28934947947150774,True,20,14
294,0.09554576415647764,False,20,14
295,0.189089626553809,True,20,14
297,0.006244287984683239,False,20,14
298,0.0708120683166263,False,20,14
299,0.060096900313712,False,20,14
300,0.06702771877751178,False,20,14
301,0.011657336823299778,False,20,14
302,0.029703859003720343,False,20,14
304,0.10304384612706707,True,20,14
305,0.030530295244527772,False,20,14
306,0.18514797092734514,True,20,14
307,0.2677919953968327,True,20,14
308,0.153330101006155,True,20,14
310,0.04036320541290859,False,20,14
311,0.3497743556548006,True,20,14
312,0.21370893873802466,True,20,14
315,-0.0005942048260981584,False,20,14
316,0.031698845650618014,False,20,14
317,0.05051417516057072,False,20,14
318,0.009576845355292721,False,20,14
321,0.12126643935669561,False,20,14
322,-0.03281128701070991,False,20,14
323,0.054100410425637784,False,20,14
324,0.0018734142912533956,False,20,14
326,-0.002521370098683142,False,20,14
327,0.12338412510782,False,20,14
328,0.1268162351655544,True,20,14
329,0.08177475862640986,False,20,14
330,0.23953970756462115,True,20,14
331,0.11480840420183103,False,20,14
334,0.10473539778005957,False,20,14
337,0.09767533296935033,False,20,14
339,-0.05911516689952553,False,20,14
341,0.05330377847793388,False,20,14
342,-0.0013106227977384784,False,20,14
343,0.03645823950565644,False,20,14
345,0.018628983027740898,False,20,14
347,-0.024179780566919638,False,20,14
349,0.0419490983109857,False,20,14
351,0.07858706365143292,False,20,14
352,0.11001397197985337,False,20,14
354,-0.0797780373567272,False,20,14
355,0.02788686967990367,False,20,14
356,0.14078001035494425,True,20,14
357,0.09040668987550797,False,20,14
359,0.08956135308524159,False,20,14
360,0.06784058921808932,False,20,14
362,0.05404379693847522,False,20,14
363,0.03186183672601743,False,20,14
364,-0.020672088722608773,False,20,14
366,0.0535906042092082,False,20,14
368,0.10244710759250521,True,20,14
369,0.1555978939123081,True,20,14
371,-0.002792775170307927,False,20,14
372,0.02954075043976943,False,20,14
373,-0.03914997314442875,False,20,14
374,0.026864175053623696,False,20,14
375,-0.04831033508182122,False,20,14
378,0.015322939272198683,False,20,14
379,-0.05793685761906456,False,20,14
381,-0.015002913384870248,False,20,14
382,-0.010733651969255137,False,20,14
383,0.15348950819553794,True,20,14
385,0.01133142637995035,False,20,14
386,0.024284123925717774,False,20,14
388,0.057518613977564116,False,20,14
389,-0.0017752749873211117,False,20,14
390,0.0041685249572667804,False,20,14
391,0.007851915059343366,False,20,14
393,-0.048369942377819185,False,20,14
396,-0.036075002053722036,False,20,14
397,0.12976296071803034,True,20,14
398,0.18071725028913965,True,20,14
399,0.07615747459701717,False,20,14
400,0.1462286350998125,True,20,14
401,-0.04772338111570546,False,20,14
403,0.06236071035345531,False,20,14
404,0.23569246065725166,True,20,14
406,0.02309557280239587,False,20,14
410,0.12935209214426832,True,20,14
411,0.05185700684216004,False,20,14
412,-0.02705796627756582,False,20,14
416,-0.0005696361612423524,False,20,14
419,0.1525992326086314,True,20,14
420,0.0048358402313616,False,20,14
421,0.1829710204513774,True,20,14
424,0.16911609048588672,True,20,14
426,0.02078544884260704,False,20,14
427,-0.031594091371194545,False,20,14
428,0.05798527930316602,False,20,14
7,0.021324549268491033,False,20,15
21,0.019211616684704894,False,20,15
34,0.04424624356410257,False,20,15
79,0.11414221235748068,True,20,15
81,0.06124349164882756,False,20,15
83,0.1359007177274714,True,20,15
85,0.041803622569674424,False,20,15
86,0.17386531004110184,True,20,15
87,-0.007555154857778472,False,20,15
89,-0.030795897104728926,False,20,15
91,0.06993465626186578,False,20,15
97,0.050901732751347316,False,20,15
100,0.1810503243791232,True,20,15
103,0.030209150898334442,False,20,15
105,0.08945647153282942,False,20,15
107,0.17016886057819877,True,20,15
109,0.10451722640172689,True,20,15
113,0.17200981617871722,True,20,15
114,-0.00019775844703448219,False,20,15
115,-0.01305315072061844,False,20,15
117,0.27119245105290063,True,20,15
118,-0.06838075932131225,False,20,15
119,0.12241590908090726,True,20,15
121,-0.006965485300462401,False,20,15
122,0.08486762542699054,False,20,15
123,0.27311086179623856,True,20,15
126,0.14066801896246134,True,20,15
130,0.006952241557138239,False,20,15
132,0.10679365642192663,False,20,15
135,0.18504332568832416,True,20,15
136,0.24428941210493224,True,20,15
138,0.2568821307946156,True,20,15
139,0.13261208475401967,False,20,15
141,-0.024408339362717274,False,20,15
178,0.20009539970938173,True,20,15
182,0.049769182635851256,False,20,15
189,0.25164631475130994,True,20,15
192,0.2640104330823961,True,20,15
193,0.14499788865603083,True,20,15
195,0.23345572637202813,True,20,15
198,0.05115394140940954,False,20,15
202,0.17911711476042078,True,20,15
204,0.2329603657172176,True,20,15
214,0.03162990112480516,False,20,15
220,0.1652984122532618,True,20,15
222,-0.006974681217883229,False,20,15
225,0.1484770041714352,True,20,15
268,0.13787376050716882,True,20,15
270,0.015086055114617282,False,20,15
274,0.013416115449504334,False,20,15
285,0.37600668034367885,True,20,15
286,0.0680504426927284,False,20,15
287,0.19398724011898097,True,20,15
288,0.14489108753637922,True,20,15
296,0.05512898728567947,False,20,15
301,0.31383643792067495,True,20,15
303,-0.005004154405594659,False,20,15
304,0.04014826369711432,False,20,15
305,0.06972773099339287,False,20,15
314,0.05783131671721183,False,20,15
315,0.03430735164786054,False,20,15
320,0.38233180313060494,True,20,15
321,0.32676241930554734,True,20,15
324,0.22331672692358928,True,20,15
325,0.5641835082250505,True,20,15
327,0.19397757292548792,True,20,15
333,-0.03283448178534825,False,20,15
345,0.10711597470161127,False,20,15
347,-0.00738851945978191,False,20,15
349,-0.03966466068099833,False,20,15
353,-0.03263838131252469,False,20,15
354,0.2363782926746676,True,20,15
355,0.21056720072235144,True,20,15
356,-0.027235687768242273,False,20,15
359,-0.0023766680882712325,False,20,15
27,0.1748172289918577,True,20,16
29,0.06451863912220825,False,20,16
47,0.38913288275752983,True,20,16
77,0.25354369378599845,True,20,16
78,0.3230061630600705,True,20,16
79,0.055795242944297586,False,20,16
80,0.09577194496988935,False,20,16
91,0.12119472106168817,False,20,16
92,0.42973656809245564,True,20,16
102,0.249339441876671,True,20,16
103,0.05921677707563656,False,20,16
104,0.2795679875366548,True,20,16
106,0.1533686183680897,True,20,16
107,0.2429760903963453,True,20,16
108,0.18032927084166697,True,20,16
109,0.178833132133264,True,20,16
110,0.5098083183637244,True,20,16
111,0.044059526421429906,False,20,16
113,0.33989601317028,True,20,16
114,0.11208213166339819,False,20,16
118,0.2544603768084466,True,20,16
119,0.26870353029720795,True,20,16
121,0.19103610563432802,True,20,16
124,-0.0030266108310143445,False,20,16
126,0.2368255347179914,True,20,16
130,0.005012389071599098,False,20,16
135,0.08302507669163796,False,20,16
137,0.29714051000509695,True,20,16
139,0.2800682031685284,True,20,16
140,0.027711629158661304,False,20,16
146,0.2631975630153768,True,20,16
147,0.4722543228253389,True,20,16
148,0.3094026907525118,True,20,16
149,-0.02059041356484494,False,20,16
150,0.41371265019081643,True,20,16
151,0.46725841267995594,True,20,16
152,0.0474485437069757,False,20,16
153,0.23974056315942283,True,20,16
154,0.0516154750896046,False,20,16
161,0.03023901158502251,False,20,16
162,0.1800752008531968,True,20,16
163,0.11969669409241986,False,20,16
164,0.008001684747748357,False,20,16
168,-0.002160926666183028,False,20,16
169,0.2690230506935302,True,20,16
170,0.2794842398092204,True,20,16
171,0.013100656526689273,False,20,16
172,0.15927824636595392,True,20,16
176,0.01759542316830365,False,20,16
178,0.147383861044715,True,20,16
179,0.052421590660182406,False,20,16
180,0.29107841079944236,True,20,16
182,0.0009785706239181051,False,20,16
183,0.18802580267188462,True,20,16
186,0.19080361089767606,True,20,16
190,0.261966537523126,True,20,16
191,0.13198795240158756,False,20,16
192,0.15865679357238396,True,20,16
193,0.19980044855483803,True,20,16
194,0.03823915126626476,False,20,16
197,0.047058835624336624,False,20,16
198,0.08770447727958948,False,20,16
200,-0.00045309396558495044,False,20,16
201,0.020557989759488485,False,20,16
202,-0.014874543938711923,False,20,16
203,0.1502052020212988,True,20,16
205,0.17304253363216857,True,20,16
206,0.3129877473655273,True,20,16
207,0.040218059610403006,False,20,16
210,0.04763841009679289,False,20,16
211,-0.041257800172951324,False,20,16
213,0.18972300181139037,True,20,16
214,0.050380806267863475,False,20,16
216,0.20039990694029933,True,20,16
217,0.0840367046216951,False,20,16
219,0.25690999918385454,True,20,16
220,0.13504749874135694,True,20,16
222,0.22105439265826365,True,20,16
224,0.1501894096722654,True,20,16
226,0.40197513589110284,True,20,16
227,0.4115795985790019,True,20,16
229,0.19899087464164297,True,20,16
231,0.14362605805855824,True,20,16
234,-0.05930248795811338,False,20,16
235,0.20334464607057792,True,20,16
239,0.13493224921456196,True,20,16
241,0.08793041233332677,False,20,16
242,0.4559514373935368,True,20,16
243,0.09162161360938952,False,20,16
244,-0.02760435314822615,False,20,16
245,0.27680608179340344,True,20,16
246,0.2501980443766659,True,20,16
247,0.32160149206830063,True,20,16
248,0.07034973771839735,False,20,16
249,0.2391873061251765,True,20,16
250,0.17357952818960828,True,20,16
252,0.044750496373434034,False,20,16
253,0.28712077165193706,True,20,16
254,0.11799202002201403,True,20,16
256,0.09775690479642708,False,20,16
257,0.06954837415847928,False,20,16
258,0.02557346663925598,False,20,16
259,0.025959932383700892,False,20,16
260,0.033549586198823894,False,20,16
261,0.021919875434098738,False,20,16
262,0.03776254090264267,False,20,16
263,0.08474602633192611,False,20,16
264,0.10832584100203374,False,20,16
265,0.1243402394853269,False,20,16
266,0.052032312757500455,False,20,16
269,0.03485961330722431,False,20,16
270,0.15286403117637531,True,20,16
271,0.13772473673453325,True,20,16
272,0.35392408431398065,True,20,16
273,0.02530162143362206,False,20,16
274,-0.033834149016537925,False,20,16
275,0.060403305678717926,False,20,16
276,0.044163793048934946,False,20,16
277,0.25930290489304164,True,20,16
278,0.17783301577277125,True,20,16
280,0.07206370245191879,False,20,16
281,0.005912357849836393,False,20,16
282,0.02621622035202184,False,20,16
283,0.16708808212602375,True,20,16
284,0.19387294319793,True,20,16
285,0.04861886401237701,False,20,16
286,0.03843937621471368,False,20,16
287,0.1008187496803455,False,20,16
288,0.1293319759824505,False,20,16
290,0.2615249209054136,True,20,16
291,-0.017637758294828696,False,20,16
292,0.08261760788398877,False,20,16
293,0.05631177438451476,False,20,16
294,0.10037943339646682,False,20,16
295,0.07636721143763305,False,20,16
296,0.1935266681297341,True,20,16
297,0.010455954987603497,False,20,16
298,0.2368668386435031,True,20,16
299,0.0879888186522566,False,20,16
301,0.06013193905943539,False,20,16
302,0.17785895542242994,True,20,16
303,0.19660162079264143,True,20,16
304,0.09070698872401234,False,20,16
305,-0.031881063868914955,False,20,16
307,0.0563648753905134,False,20,16
309,0.12718550874076484,True,20,16
310,0.06764629460268047,False,20,16
311,0.1728187680992368,True,20,16
312,0.13415621808687506,False,20,16
313,0.010942437321744741,False,20,16
315,0.08743539995134712,False,20,16
316,0.11281743928041538,False,20,16
317,0.23542844075896432,True,20,16
318,0.035214717330057675,False,20,16
319,-0.007912217709114558,False,20,16
320,0.06716989098464245,False,20,16
321,0.2006707075603161,True,20,16
322,0.23843586326737945,True,20,16
323,0.15633482382706165,True,20,16
324,0.23288903797215124,True,20,16
325,0.18054184114342411,True,20,16
326,0.1449940767214443,True,20,16
327,0.09051860245268974,False,20,16
328,0.022618819734227955,False,20,16
329,-0.03528786417331165,False,20,16
331,-0.02779178826480071,False,20,16
333,0.14724090525402575,True,20,16
334,-0.005849054404105459,False,20,16
335,0.03178699115268512,False,20,16
337,0.008473440741053143,False,20,16
341,0.05141011009388815,False,20,16
342,0.0018301296605362921,False,20,16
343,0.056211906485263745,False,20,16
344,0.054945349538248534,False,20,16
345,0.03775905852371383,False,20,16
346,0.007150220743236746,False,20,16
347,0.12245145680583891,False,20,16
348,0.026972331174071832,False,20,16
349,-0.012280557923279473,False,20,16
350,-0.004356438118507112,False,20,16
351,0.0946695480870182,False,20,16
352,0.04042128095949479,False,20,16
353,0.02445315733199077,False,20,16
355,0.021917078085905362,False,20,16
356,-0.027147172702277334,False,20,16
357,0.09029308643186314,False,20,16
358,0.04519756876794284,False,20,16
359,0.15248849909172413,True,20,16
361,0.12123369461571415,False,20,16
362,0.10703816181783112,False,20,16
363,-0.05521666770401232,False,20,16
364,0.0919841964603232,False,20,16
365,0.09055815356194657,False,20,16
366,0.0014931572194725174,False,20,16
367,0.027126676877153023,False,20,16
368,0.09759635458050196,False,20,16
369,-0.0176318883879481,False,20,16
370,0.08254425942617218,False,20,16
371,-0.033991592642813644,False,20,16
372,0.06971050095475483,False,20,16
374,0.0267520356560535,False,20,16
375,0.1032741545347583,False,20,16
376,0.10598172617149204,False,20,16
377,0.014439934938407529,False,20,16
378,0.03846811665092614,False,20,16
379,0.007809414285905927,False,20,16
381,0.1313459999363755,False,20,16
386,0.014736035696141727,False,20,16
387,0.17921014118308054,True,20,16
389,-0.032684591642238005,False,20,16
390,0.05807805967002424,False,20,16
391,-0.05440848890917554,False,20,16
394,0.3768570905093183,True,20,16
397,0.11711682599080442,False,20,16
399,0.019637879602974983,False,20,16
400,0.1709453763508975,True,20,16
401,0.07879790586133328,False,20,16
403,0.0721100183805957,False,20,16
404,0.18390354805914844,True,20,16
83,0.060799902188950934,False,20,17
89,0.19876102069229015,True,20,17
90,0.11020278143305708,False,20,17
95,0.21583208786080688,True,20,17
98,0.1820016935375791,True,20,17
102,0.02335428858475039,False,20,17
106,0.06195905130468324,False,20,17
109,0.1861546102489324,True,20,17
110,-0.03810962120877178,False,20,17
111,-0.04116108552634866,False,20,17
112,0.028354044880815915,False,20,17
114,0.016775113451056367,False,20,17
117,0.14066752729304718,True,20,17
119,0.05751109850699578,False,20,17
120,-0.021451144777189384,False,20,17
124,0.11584749785323444,True,20,17
129,0.08189951512840869,False,20,17
138,0.3517906990821087,True,20,17
139,0.1945040313193377,True,20,17
144,0.1077954465445859,True,20,17
145,0.15440745363887723,True,20,17
146,0.26800344584187136,True,20,17
150,0.15363346990372506,True,20,17
164,0.12937084974725507,True,20,17
166,0.1266486754234604,False,20,17
170,0.08000894659706816,False,20,17
172,0.03194559291463482,False,20,17
176,0.07979057103235067,False,20,17
186,0.13689157092270562,True,20,17
191,0.14098421326643268,True,20,17
192,0.16971496261611685,True,20,17
193,0.35331581371978515,True,20,17
195,0.12024791626376703,True,20,17
196,0.03873824160364089,False,20,17
197,0.18600937897149786,True,20,17
199,0.1757097703376286,True,20,17
201,0.2108108304474804,True,20,17
204,0.18627978602925888,True,20,17
205,0.2258411477598347,True,20,17
208,0.3001328012429374,True,20,17
210,0.06671689505962032,False,20,17
211,0.12441053712156867,False,20,17
215,0.08386128496360362,False,20,17
216,0.0009894120546879229,False,20,17
218,-0.03913064724461282,False,20,17
219,0.28437346792985047,True,20,17
225,0.17858186749472238,True,20,17
227,-0.007993271728909401,False,20,17
229,0.1426636765951527,True,20,17
232,0.06003756469793998,False,20,17
237,0.025209778611468375,False,20,17
239,0.002530296176923675,False,20,17
240,0.12244332973723766,True,20,17
246,0.04840263159799054,False,20,17
247,0.029656369517271224,False,20,17
250,0.018697127336096655,False,20,17
253,0.0526852460174115,False,20,17
255,0.07288137137750188,False,20,17
258,0.06596948774359228,False,20,17
259,0.005835931005145842,False,20,17
262,0.04909161687615588,False,20,17
263,0.045606480520560246,False,20,17
264,0.06828810550978597,False,20,17
265,0.025580686210294763,False,20,17
266,0.03201268587593484,False,20,17
267,0.045650770363386155,False,20,17
270,0.03462622047944595,False,20,17
273,0.06871316033074952,False,20,17
275,0.13454669511581588,True,20,17
276,0.0057426228805946425,False,20,17
277,0.21694632189244242,True,20,17
280,0.32344837670659105,True,20,17
281,0.08465293537125805,False,20,17
283,0.048471449080407174,False,20,17
286,0.017152399012353246,False,20,17
287,0.020512962802315893,False,20,17
288,0.11644343296965483,True,20,17
289,0.21224339740106615,True,20,17
291,0.263795095311797,True,20,17
292,0.11492713347645543,True,20,17
293,0.172791506776551,True,20,17
296,-0.02217975602098668,False,20,17
297,0.0804581579245767,False,20,17
301,0.2249490938974653,True,20,17
302,0.039289495842243206,False,20,17
304,0.0027075941435462797,False,20,17
307,0.02062397944494863,False,20,17
308,0.24410110981506714,True,20,17
313,0.020491671250298892,False,20,17
315,0.04065902674959609,False,20,17
320,0.14160871452441146,True,20,17
321,-0.026915246426964978,False,20,17
322,0.180001199001804,True,20,17
323,-0.019721335395408168,False,20,17
324,-0.036747228701618916,False,20,17
327,0.051067552354272246,False,20,17
330,0.05130864181552294,False,20,17
331,-0.051477688973174396,False,20,17
338,0.043151384643200896,False,20,17
342,-0.008337099124573,False,20,17
345,0.13110539309968686,True,20,17
348,0.12616115144832526,True,20,17
352,0.14306821684165094,True,20,17
353,0.167742289437065,True,20,17
358,0.1575566446004941,True,20,17
359,-0.014388432573819379,False,20,17
361,-0.04456787436113688,False,20,17
364,0.04702754566257592,False,20,17
366,0.1764689532462754,True,20,17
368,0.0796346927985315,False,20,17
369,0.23605449662772093,True,20,17
372,0.2573585773721298,True,20,17
374,-0.002712456311303293,False,20,17
375,-0.005453343450359724,False,20,17
376,0.3836852306623411,True,20,17
377,0.031621510823550435,False,20,17
379,0.14735239209419557,True,20,17
388,0.19087977263018188,True,20,17
391,0.21300072852279497,True,20,17
395,0.28571036159921176,True,20,17
398,0.18086146529562916,True,20,17
403,0.15057921218608492,True,20,17
413,0.021451565512698695,False,20,17
415,0.05079708017011869,False,20,17
421,0.03255402468808812,False,20,17
423,0.14650501768196422,True,20,17
428,0.04881622585623526,False,20,17
432,0.12289893946599628,True,20,17
433,0.4600721363111236,True,20,17
435,0.12385869218787098,False,20,17
436,0.24898965977825718,True,20,17
439,0.2082316800033296,True,20,17
59,0.2448798976981228,True,20,18
89,0.3166744288375494,True,20,18
114,0.1624582268832844,True,20,18
116,0.020650451229472552,False,20,18
117,0.14659140942010088,True,20,18
119,0.4081606780625368,True,20,18
120,0.11143545448976637,True,20,18
126,0.06779450939769634,False,20,18
129,0.27590880687358776,True,20,18
134,0.13779453117612875,True,20,18
137,0.1547130714553208,True,20,18
143,0.022612566385177602,False,20,18
146,0.17190846847237876,True,20,18
148,0.2948014438692194,True,20,18
149,0.00853522526082486,False,20,18
150,0.07364485081361302,False,20,18
157,0.16580296913798728,True,20,18
159,0.16688617833931438,True,20,18
165,0.1758743990267392,True,20,18
168,0.26947840296252784,True,20,18
169,0.19772583813266031,True,20,18
175,0.2779263453068705,True,20,18
180,0.1078719919259129,True,20,18
181,0.091101831902675,False,20,18
182,0.07955873639888073,False,20,18
184,0.024183164898993876,False,20,18
185,-0.010756405162162147,False,20,18
195,-0.014260419982343389,False,20,18
205,-0.025206266803346245,False,20,18
212,-0.05751685686900865,False,20,18
214,0.07132759730202466,False,20,18
223,0.011470141647934336,False,20,18
226,0.22734796431669435,True,20,18
229,0.09198887367575052,False,20,18
232,0.04386814289322508,False,20,18
233,0.06843461841850956,False,20,18
234,-0.032550453247724764,False,20,18
235,0.22488530642603663,True,20,18
237,0.3560312342459484,True,20,18
238,0.06780935303860922,False,20,18
239,0.06216593809213164,False,20,18
240,0.04487433836476402,False,20,18
244,0.3949671911204658,True,20,18
245,0.309850830148318,True,20,18
247,0.037431772315936356,False,20,18
249,0.01718751058242774,False,20,18
250,0.20090493446037616,True,20,18
253,0.08047520815269389,False,20,18
257,0.14968145088636545,True,20,18
261,0.13841281222995896,True,20,18
265,0.18386632917376344,True,20,18
266,0.021138579953594267,False,20,18
268,0.04494746011307323,False,20,18
269,0.13907009499396858,True,20,18
271,0.0740916939426836,False,20,18
286,0.19753371042254134,True,20,18
287,0.06249516386919073,False,20,18
288,0.07101516957781269,False,20,18
290,0.09556696476943687,False,20,18
291,0.1879574632017447,True,20,18
292,0.055003781285203224,False,20,18
293,0.17625504870233052,True,20,18
296,0.3189875148816011,True,20,18
298,0.21358173198799213,True,20,18
302,-0.06934879485195956,False,20,18
303,0.10383680691341135,False,20,18
308,0.04792405092322569,False,20,18
309,0.12678292901859364,False,20,18
318,0.21567868938674142,True,20,18
321,0.11800731843901964,True,20,18
331,0.20453865971207172,True,20,18
333,-0.04804854407250748,False,20,18
334,0.08027288086534362,False,20,18
336,0.13888978687140097,True,20,18
337,0.09759133259524123,False,20,18
338,0.09610192706122538,False,20,18
341,0.2137039285071571,True,20,18
342,0.04034587765151767,False,20,18
343,0.13725661787373875,True,20,18
345,0.030913988275249642,False,20,18
346,0.021900939718594414,False,20,18
347,0.040495176295472946,False,20,18
348,-0.03256945657046522,False,20,18
349,-0.013186644905383982,False,20,18
351,0.31141009351299004,True,20,18
356,0.3731788241919482,True,20,18
357,-0.03375235242994555,False,20,18
360,-0.06285067913795712,False,20,18
363,-0.05223859161016329,False,20,18
364,0.16229521827076696,True,20,18
366,0.03384353608410521,False,20,18
369,-0.004439595467091459,False,20,18
371,0.07639677341640166,False,20,18
372,0.01753283476545149,False,20,18
374,0.3287333530120039,True,20,18
375,0.2666478334801302,True,20,18
376,0.03050542899689626,False,20,18
377,0.2331064114474939,True,20,18
378,0.20206839804169205,True,20,18
380,0.09673257877294585,False,20,18
382,-0.016087575669789012,False,20,18
383,0.16204373011441875,True,20,18
387,0.09974068721759473,False,20,18
388,0.11244831387096982,False,20,18
389,0.013077750806415725,False,20,18
391,0.15788189755141713,True,20,18
393,0.15779503353567476,True,20,18
395,-0.05785111708718443,False,20,18
396,0.15529361535436442,False,20,18
397,0.21710458933698285,True,20,18
399,-0.013207094750283864,False,20,18
400,0.07697414966561354,False,20,18
402,0.23373800304894835,True,20,18
405,-0.008988480331646717,False,20,18
406,0.20806339664951812,True,20,18
407,0.10747118184120048,False,20,18
414,-0.025571664419152606,False,20,18
417,0.019106434459292637,False,20,18
418,0.0198630088130659,False,20,18
425,0.0024739774941578666,False,20,18
428,0.012573961625002584,False,20,18
432,-0.02355279534741914,False,20,18
433,0.07277985462928722,False,20,18
435,0.07216171151703255,False,20,18
437,0.1655015373651664,True,20,18
439,0.12855129294324452,True,20,18
440,0.10115233906486637,False,20,18
445,0.07725227564893979,False,20,18
447,0.2860887391176162,True,20,18
449,0.1098474801712539,True,20,18
452,0.06742017101969623,False,20,18
457,-0.03970656211311,False,20,18
459,0.07968955512800367,False,20,18
463,0.17345448231084326,True,20,18
466,-0.015475120733913635,False,20,18
467,-0.055264154375539415,False,20,18
474,0.18361886883965506,True,20,18
475,0.46124883712832704,True,20,18
482,0.3027270012411175,True,20,18
484,-0.05984446174980315,False,20,18
485,0.3005298303654101,True,20,18
489,0.13736065225806807,True,20,18
494,-0.02759975169742449,False,20,18
497,0.3027874230244718,True,20,18
498,-0.025107382558135393,False,20,18
512,0.13008459967144836,False,20,18
513,0.17564091305027973,True,20,18
516,0.07112650696510663,False,20,18
517,0.11528358224392476,False,20,18
518,0.1472431188803451,True,20,18
521,0.21421316458280212,True,20,18
66,0.2913189934466733,True,20,19
70,0.12449243985709225,True,20,19
77,0.11447448510443005,True,20,19
101,0.3141593177398338,True,20,19
116,0.20480040343721764,True,20,19
127,0.07672258614839837,False,20,19
132,0.3066919497549708,True,20,19
136,0.15049599126171803,True,20,19
137,0.24409961544604583,True,20,19
141,0.14323811980273585,True,20,19
145,0.0677662808644436,False,20,19
148,0.32551251423701005,True,20,19
160,0.10637652511712668,False,20,19
161,0.09465756421705018,False,20,19
163,0.25827324642398025,True,20,19
164,0.3312736385144656,True,20,19
169,0.16974669033914044,True,20,19
171,0.14316291146616486,True,20,19
173,0.2609634893215838,True,20,19
174,0.25011129250534586,True,20,19
176,0.23731776181214828,True,20,19
177,0.3731055462146961,True,20,19
180,0.0655390647421002,False,20,19
181,0.17926581659441432,True,20,19
183,0.23718982124769375,True,20,19
186,0.2821025458605265,True,20,19
188,0.1592176729473372,True,20,19
189,0.35882410178707863,True,20,19
191,0.05876415928829235,False,20,19
194,0.33398530432965506,True,20,19
198,0.09105153026898914,False,20,19
201,0.27290964301457915,True,20,19
204,0.012751833964465407,False,20,19
207,0.012702141463397485,False,20,19
229,0.10485250235286941,False,20,19
230,0.05488601225216453,False,20,19
231,0.23493415115361435,True,20,19
232,0.06563114051641002,False,20,19
233,0.13995312686382488,False,20,19
234,0.09168334917234648,False,20,19
235,0.08838691540499251,False,20,19
238,0.3359194423068332,True,20,19
239,0.12343477296707767,True,20,19
242,0.07496443827773179,False,20,19
249,0.1568096563977922,True,20,19
250,0.08179078016241327,False,20,19
251,0.1715654388294696,True,20,19
253,0.14442171536550594,True,20,19
254,0.12402162782259583,False,20,19
255,0.12545656101480626,True,20,19
256,0.15332239436253484,True,20,19
257,-0.058826826537815284,False,20,19
261,0.2747583350238086,True,20,19
264,0.14402487902427516,True,20,19
265,0.10452872533900476,False,20,19
266,-0.02606752542354838,False,20,19
267,0.1814649028450046,True,20,19
268,0.2088565996023478,True,20,19
271,0.061092355095635764,False,20,19
272,0.042314303309529566,False,20,19
274,0.08327383648849329,False,20,19
277,0.06610028980468279,False,20,19
278,0.03267878744024872,False,20,19
281,0.07970911419739386,False,20,19
282,-0.06425094036987065,False,20,19
284,0.0007773944344857444,False,20,19
286,-0.0057403769596087615,False,20,19
287,0.04265267079952279,False,20,19
288,0.040597251125824206,False,20,19
289,0.08246219539808959,False,20,19
293,0.06419358877331897,False,20,19
295,0.07097024845928392,False,20,19
296,0.36662384085577293,True,20,19
297,0.05495750169918525,False,20,19
302,0.14046639772177152,True,20,19
307,0.188944523320523,True,20,19
308,0.010563854679529845,False,20,19
310,0.04240554382193123,False,20,19
314,0.38316855337519873,True,20,19
315,0.33194266311059073,True,20,19
318,0.09930967405941753,False,20,19
320,0.22645864063596646,True,20,19
321,0.1423021690762211,True,20,19
323,0.10948162295388873,False,20,19
324,0.2420721420154376,True,20,19
326,0.09258246373694594,False,20,19
335,0.026492860784661454,False,20,19
342,0.09330334133941731,False,20,19
343,0.17703717544713182,True,20,19
344,0.11952275017771614,True,20,19
345,0.12295327197552774,True,20,19
348,0.0031177371301918354,False,20,19
357,-0.02391488039792455,False,20,19
358,0.18698908557650765,True,20,19
360,0.06711588309467656,False,20,19
365,0.24153798801390988,True,20,19
366,0.15618262212532877,True,20,19
367,0.179311724221444,True,20,19
369,0.06367787561488515,False,20,19
370,0.13727518012016082,True,20,19
372,0.1281128668027448,True,20,19
376,0.20154372631870188,True,20,19
379,0.050438335537827284,False,20,19
380,0.180168085476908,True,20,19
382,0.1591712076088924,True,20,19
384,0.05512155480517155,False,20,19
390,0.10193793795868827,False,20,19
391,-0.02653978539326742,False,20,19
393,0.16970372668728484,True,20,19
394,0.11049279735599049,False,20,19
398,0.017155984014522663,False,20,19
400,0.2076733658705846,True,20,19
401,0.17428270924324615,True,20,19
403,0.14709932876768161,True,20,19
404,0.3584892893588762,True,20,19
407,0.302912724410813,True,20,19
409,0.12778147343509547,True,20,19
415,0.42085936227104415,True,20,19
39,0.0909505782504599,False,20,20
44,0.048694685594525555,False,20,20
48,0.15123759834803188,True,20,20
49,0.24300811214086027,True,20,20
64,-0.03585421991584637,False,20,20
74,0.07791447888882339,False,20,20
75,0.030896073689964786,False,20,20
76,0.19942422964027115,True,20,20
78,0.6873272981466517,True,20,20
79,0.2263847092584482,True,20,20
90,0.23118101028701585,True,20,20
92,0.007870771649755193,False,20,20
96,0.03363330226758774,False,20,20
97,0.20623225233044776,True,20,20
100,0.23051352856571536,True,20,20
108,0.20006786381804695,True,20,20
110,0.009046153595489693,False,20,20
113,0.03010089948355703,False,20,20
116,0.42611029741696527,True,20,20
117,0.2517720328684851,True,20,20
118,0.13285561146291994,True,20,20
127,0.3619215867667233,True,20,20
128,-0.05500724776443575,False,20,20
129,0.05198761286385586,False,20,20
135,0.23154013601319087,True,20,20
136,0.08809703563719207,False,20,20
137,0.41976942297978376,True,20,20
140,0.17542043987303893,True,20,20
141,0.08230542398642919,False,20,20
153,-0.06367081767893239,False,20,20
155,0.35983627300120463,True,20,20
156,0.07008689381797391,False,20,20
157,0.11618466304545276,True,20,20
158,-0.037437711929680546,False,20,20
163,0.1942699293538334,True,20,20
164,-0.019138996228032047,False,20,20
165,0.09606840056337473,False,20,20
167,0.15312821206209673,True,20,20
168,0.019921280419462197,False,20,20
170,0.08015342633054802,False,20,20
171,0.0775497384221216,False,20,20
172,0.06860176816572035,False,20,20
174,0.12273366727403283,True,20,20
175,0.1528716386811494,True,20,20
176,0.07471827348781979,False,20,20
177,0.1307400155027588,True,20,20
178,0.07595303923045855,False,20,20
179,0.13815610870914385,True,20,20
180,0.22555216666884714,True,20,20
182,0.4954738135230132,True,20,20
183,-0.010120948526124598,False,20,20
185,0.22801911667925442,True,20,20
186,0.47808974164435963,True,20,20
188,0.17233413031453648,True,20,20
192,0.13065604691388158,True,20,20
193,0.30242348424761384,True,20,20
195,0.18730606245607587,True,20,20
196,0.007873312877621835,False,20,20
197,0.2358199590026093,True,20,20
199,0.046997598969599576,False,20,20
200,-0.005919655375920856,False,20,20
201,0.32285861550972533,True,20,20
202,0.16974531272369117,True,20,20
205,0.3111310717809434,True,20,20
206,0.3327912414203759,True,20,20
207,0.21120426800958128,True,20,20
209,-0.038812125166664456,False,20,20
211,0.2529702726831657,True,20,20
217,-0.004182394025079086,False,20,20
219,0.3431315489561008,True,20,20
220,0.16732121098924754,True,20,20
222,0.22821968002154894,True,20,20
223,0.2510560911586086,True,20,20
224,0.18905448416220158,True,20,20
226,0.05170628178672159,False,20,20
228,0.15653427269797057,True,20,20
229,-0.019811365918592182,False,20,20
233,0.28213345810150875,True,20,20
234,0.15059799213909067,True,20,20
235,0.12621293235972567,True,20,20
237,0.45102436862188683,True,20,20
239,0.148564988002568,True,20,20
240,0.2985779382965348,True,20,20
241,0.12205619119445406,True,20,20
244,0.25225939115126694,True,20,20
245,0.07939553330655806,False,20,20
246,0.07504062812924193,False,20,20
247,0.22110074078072994,True,20,20
248,0.1184039802913544,True,20,20
250,0.33138709067386823,True,20,20
251,0.23608732696367585,True,20,20
254,0.12053256601600933,True,20,20
255,0.07339358509176495,False,20,20
258,0.19362942109149303,True,20,20
262,0.08388882827811621,False,20,20
264,0.11759037283355829,True,20,20
265,0.042188166799135875,False,20,20
270,0.02511210619039939,False,20,20
272,0.008871275769742174,False,20,20
274,0.07808501883698953,False,20,20
277,0.053808333715980906,False,20,20
282,0.21675120240132073,True,20,20
380,0.20764800071119152,True,20,20
0,0.07535158602041055,False,20,21
5,0.051159658410566154,False,20,21
6,-0.004811489532279947,False,20,21
7,0.11441503283296849,True,20,21
9,-0.03052830818364415,False,20,21
10,0.15350271333201249,True,20,21
19,0.0863719091088596,False,20,21
23,-0.04273273836164212,False,20,21
28,0.15062571302217978,True,20,21
29,0.05694678865810665,False,20,21
31,0.024663078267451927,False,20,21
32,0.08103339027483801,False,20,21
36,0.10418381656241783,True,20,21
37,0.11314044158794863,True,20,21
42,0.19727886383581764,True,20,21
44,0.10714378548728108,False,20,21
46,0.06960395678646841,False,20,21
48,0.16392944739915924,True,20,21
51,0.16342783658786977,True,20,21
52,-0.029295439013225042,False,20,21
53,0.014596944765427791,False,20,21
54,-0.026283834365190054,False,20,21
56,0.042748653965084184,False,20,21
57,0.14382966267428485,True,20,21
58,0.03809107440776926,False,20,21
60,0.0028976155659235915,False,20,21
61,0.15117246056297226,True,20,21
62,0.1831102581505908,True,20,21
63,-0.03323086084927165,False,20,21
64,0.06562327588143886,False,20,21
65,-0.030135658073511342,False,20,21
66,-0.062175983967504234,False,20,21
67,0.12399198082358058,True,20,21
69,0.2543055526303068,True,20,21
72,-0.06459915948971838,False,20,21
76,-0.017324062829739462,False,20,21
79,0.03958352069607234,False,20,21
80,-0.042810689745451234,False,20,21
84,0.12272069998901088,True,20,21
87,0.27251389475176635,True,20,21
90,0.003425553161049005,False,20,21
93,0.09521254688186125,False,20,21
95,0.16436960314975657,True,20,21
96,-0.0922117967848279,False,20,21
97,0.1713362975692639,True,20,21
100,0.027496127834411088,False,20,21
101,0.0407513271025536,False,20,21
102,0.18505972926395797,True,20,21
103,0.2745458390484719,True,20,21
104,0.05158743585097885,False,20,21
105,0.2141751306505879,True,20,21
106,0.12626724813556603,True,20,21
107,0.03774249263957426,False,20,21
109,0.0700265263559433,False,20,21
110,0.05244140688008745,False,20,21
112,-0.031949857996898055,False,20,21
113,-0.04453443799590149,False,20,21
114,-0.0570511413056199,False,20,21
115,0.17256960332537977,True,20,21
117,0.03244091104207199,False,20,21
118,0.06176263699052568,False,20,21
119,0.04666391843706518,False,20,21
120,0.053493409150400434,False,20,21
121,-0.0554240850244855,False,20,21
122,-0.09171028732571428,False,20,21
123,0.007723840991831852,False,20,21
124,0.3664722538467988,True,20,21
126,0.08635236796133354,False,20,21
127,0.07551611387897415,False,20,21
128,0.0208350392821247,False,20,21
129,0.03999196928717919,False,20,21
130,-0.025709815794163326,False,20,21
133,-0.05293343073120808,False,20,21
134,-0.021129835721845545,False,20,21
135,0.09767135543943532,False,20,21
138,0.016298816135939902,False,20,21
139,-0.04948104284530322,False,20,21
142,0.06669267529153768,False,20,21
143,-0.03313587382660304,False,20,21
145,0.18502118383775712,True,20,21
148,-0.02391483453195679,False,20,21
149,0.08413426722880717,False,20,21
150,-0.00881795099848928,False,20,21
152,0.20344577995969562,True,20,21
154,-0.0284399675494815,False,20,21
156,0.047635047678864284,False,20,21
158,0.06871337952654137,False,20,21
159,0.03870266254762423,False,20,21
162,0.19313610165485495,True,20,21
167,0.04736082005236852,False,20,21
170,0.45203336931710214,True,20,21
173,0.21332631992159135,True,20,21
174,0.08608271086458845,False,20,21
175,0.05568060484134776,False,20,21
179,0.02264198518654767,False,20,21
181,0.08764524497559943,False,20,21
182,0.033601663449092434,False,20,21
185,-0.09950604766035458,False,20,21
187,0.19363697331547827,True,20,21
190,-0.040107394902381396,False,20,21
191,0.2461543143259236,True,20,21
193,0.1403560603702411,True,20,21
195,-0.027632193749375613,False,20,21
197,-0.04463663128215589,False,20,21
199,0.061206013690169814,False,20,21
200,0.0700515810704695,False,20,21
201,-0.06640059953861993,False,20,21
205,-0.028974616424448537,False,20,21
207,0.0028216460747393624,False,20,21
210,-0.009976836549753884,False,20,21
211,-0.06175261534559815,False,20,21
213,-0.020696923667234933,False,20,21
217,-0.0828161172542368,False,20,21
219,0.00481470326548375,False,20,21
221,0.15335791633560808,True,20,21
225,0.12648370387534927,True,20,21
227,-0.08906175059047317,False,20,21
9,0.13545352865833254,True,20,22
13,0.007790245628690116,False,20,22
18,-0.03505153755772949,False,20,22
21,0.09387359336487178,False,20,22
25,0.008204011119272445,False,20,22
33,0.08230577728638343,False,20,22
37,0.022257724421117477,False,20,22
41,0.2274334108452228,True,20,22
42,0.21542315456126507,True,20,22
44,0.21351854440016194,True,20,22
45,0.4403212237368661,True,20,22
48,0.14447402871775103,True,20,22
51,0.10801563829406895,False,20,22
54,0.13318677341789262,True,20,22
55,0.12713282293082034,True,20,22
57,0.3125580937152284,True,20,22
61,0.09876759135255599,False,20,22
68,0.3307751866216086,True,20,22
71,0.36589154937109064,True,20,22
78,-0.027416328150376743,False,20,22
80,0.49372166228159453,True,20,22
81,0.37736138307493744,True,20,22
82,0.10015018516679296,False,20,22
83,0.37586197483413303,True,20,22
88,0.4882010034873072,True,20,22
89,0.2328023657024423,True,20,22
96,0.1772886730151759,True,20,22
100,0.06659569069259196,False,20,22
101,0.00662587581733642,False,20,22
104,0.08695232370207907,False,20,22
105,0.034672264064009965,False,20,22
106,0.24847386181861,True,20,22
107,0.13294894796597842,True,20,22
108,0.3355980439672328,True,20,22
109,0.19616573073486968,True,20,22
111,0.3663396827584921,True,20,22
112,0.3059285681845323,True,20,22
113,0.06780941854834273,False,20,22
114,0.11710090572726846,True,20,22
116,0.1241181680648416,False,20,22
117,0.10073094431298957,False,20,22
119,0.14944538567063106,True,20,22
121,0.09291197975710923,False,20,22
123,0.18729430739857703,True,20,22
125,0.1749864861502863,True,20,22
126,0.3553285286619999,True,20,22
129,0.03003130201712666,False,20,22
131,0.21428727159593688,True,20,22
132,0.22504079471176366,True,20,22
133,-0.01516818854342838,False,20,22
138,0.267726183798115,True,20,22
139,0.45846925182103276,True,20,22
146,0.019925475814988724,False,20,22
147,0.17543838555202032,True,20,22
148,0.17834635548970013,True,20,22
151,0.32329903189821013,True,20,22
154,0.09208696413356576,False,20,22
156,0.18546504451270462,True,20,22
157,0.08088013296805405,False,20,22
159,0.314255499638005,True,20,22
165,0.08325991092608015,False,20,22
167,0.23860132835804249,True,20,22
168,0.0857593308116683,False,20,22
169,0.2676434334218391,True,20,22
170,0.21955327872834696,True,20,22
172,0.04494230754116647,False,20,22
173,0.07617584620234309,False,20,22
175,0.36724080020958244,True,20,22
177,0.1316134458825126,True,20,22
179,0.26291360488390964,True,20,22
180,0.36847640345863947,True,20,22
181,0.0699951539438182,False,20,22
182,0.23972626609400868,True,20,22
183,0.2924453928454172,True,20,22
188,0.035534621603206945,False,20,22
191,0.3748307363047793,True,20,22
198,0.054771232591469286,False,20,22
200,0.09753200434216212,False,20,22
205,0.18024783774983386,True,20,22
208,0.11961783256263521,True,20,22
214,0.11916577375543141,True,20,22
23,0.19570757883399872,True,20,23
27,0.1006594928796752,False,20,23
28,0.08891316777418683,False,20,23
30,-0.010808667996957157,False,20,23
31,0.09144127145406013,False,20,23
34,-0.038239757545052204,False,20,23
39,0.008552359619835527,False,20,23
41,0.014466315810593813,False,20,23
42,0.022938167147671006,False,20,23
47,-0.003673087552433247,False,20,23
53,-0.0371516350161031,False,20,23
56,0.435495240285605,True,20,23
59,0.23360937106938542,True,20,23
62,0.21799400740861494,True,20,23
64,0.06849963588783574,False,20,23
66,-0.027036494167744465,False,20,23
67,0.31645997707577905,True,20,23
68,0.012186773984352273,False,20,23
71,0.209568317460985,True,20,23
74,0.1425567417640892,True,20,23
78,0.20560901747409566,True,20,23
85,0.015261468891059927,False,20,23
89,-0.010642929547055091,False,20,23
90,0.18805496838967975,True,20,23
92,0.32174318851450096,True,20,23
94,0.007289143659243265,False,20,23
96,0.2512020877960545,True,20,23
98,0.05130559032373794,False,20,23
106,0.30887363932261463,True,20,23
107,0.277186275941739,True,20,23
109,0.06879342650928334,False,20,23
115,0.09606262142046779,False,20,23
117,0.14280262632512278,True,20,23
118,0.12624958322201088,True,20,23
119,0.03962987430335202,False,20,23
122,0.3160954573925603,True,20,23
123,0.029468072301225695,False,20,23
124,0.11738568346183094,False,20,23
126,0.009479670263508886,False,20,23
127,0.2819667274512177,True,20,23
130,0.2763652849547611,True,20,23
132,0.09153040152871628,False,20,23
133,0.1993733836522591,True,20,23
135,0.05456536419682476,False,20,23
136,0.4206451330462014,True,20,23
138,0.049205702412466766,False,20,23
139,0.20750437877198,True,20,23
140,0.16678322082886696,True,20,23
141,0.07819447203321292,False,20,23
142,0.15030936841977785,True,20,23
143,0.12046918961517179,True,20,23
146,-0.022457118984000712,False,20,23
147,0.3763256859040982,True,20,23
148,0.10189859676135675,True,20,23
149,0.17725003611101467,True,20,23
150,0.381757047352858,True,20,23
151,0.31366731418188604,True,20,23
154,0.24156137407895226,True,20,23
155,0.183110491041832,True,20,23
156,0.14648793379914965,True,20,23
160,0.0855191144379101,False,20,23
161,0.10238656526949534,False,20,23
163,0.10386370076428704,False,20,23
165,0.29929646705780294,True,20,23
166,0.15329678139903635,True,20,23
168,0.21968199074901637,True,20,23
171,0.411280749574809,True,20,23
172,0.09973703793275486,False,20,23
174,0.4053035881742107,True,20,23
175,0.07316581961794683,False,20,23
180,0.137228994668438,True,20,23
183,0.07177628542973079,False,20,23
185,0.08268211780359451,False,20,23
187,0.025079235040573494,False,20,23
189,0.0022473351518035195,False,20,23
190,0.02370488818209512,False,20,23
191,0.054927671527342466,False,20,23
195,0.07191627954822505,False,20,23
197,0.2827555947367274,True,20,23
201,0.256233809081316,True,20,23
203,0.2909451331937753,True,20,23
205,0.07525272891988975,False,20,23
208,-0.00985879706123353,False,20,23
210,0.11520715017943833,True,20,23
245,0.0303234892961522,False,20,23
0,0.1047939711386922,True,20,24
1,-0.009617677898337604,False,20,24
6,0.08145673389460556,False,20,24
8,0.11288253520774676,True,20,24
11,0.08833232524780911,True,20,24
12,0.04950327126132172,False,20,24
15,0.18247836464491096,True,20,24
18,0.004784047275207158,False,20,24
21,0.07512001189988511,False,20,24
23,0.15364668229768128,True,20,24
24,0.0673987591933161,False,20,24
27,0.14188181735338107,True,20,24
28,0.10371152861233475,True,20,24
30,0.1290600807333533,True,20,24
36,0.059698896946346364,False,20,24
38,0.22362652151744455,True,20,24
40,0.08582750809116572,False,20,24
41,0.16427471816513148,True,20,24
42,0.008938174258506891,False,20,24
43,0.05044702536412624,False,20,24
44,0.20261158764291046,True,20,24
45,0.02029332507840003,False,20,24
46,0.1633086420258359,True,20,24
47,0.1735776886734437,True,20,24
49,0.2001275155549828,True,20,24
50,0.03803651037396084,False,20,24
52,0.11001357110824977,True,20,24
53,0.3515042346653566,True,20,24
55,0.18632283335504526,True,20,24
56,0.08514127318446274,False,20,24
59,-0.01870473480542921,False,20,24
60,-0.008164806480154996,False,20,24
61,0.15245834501218083,True,20,24
62,0.12573570341399273,True,20,24
64,0.5187138723440174,True,20,24
65,0.1231633403902029,True,20,24
66,0.18960142351740072,True,20,24
67,0.14883682080196128,True,20,24
68,0.10828086641720071,True,20,24
71,-0.017486551331535077,False,20,24
73,0.17298358147490853,True,20,24
74,0.13858428712441806,True,20,24
76,0.2127943339691812,True,20,24
77,0.319132678223287,True,20,24
78,0.23224963199367635,True,20,24
81,0.22817643812217422,True,20,24
82,0.2647660019572341,True,20,24
84,0.1212123267755908,True,20,24
86,0.009125925783187678,False,20,24
87,0.05056390186607112,False,20,24
89,0.2078440254993571,True,20,24
90,6.049342668317202e-06,False,20,24
91,0.17333652148795162,True,20,24
92,0.21787210133909782,True,20,24
95,0.24987073054033723,True,20,24
96,0.4066266151621399,True,20,24
97,0.07973198594334875,False,20,24
98,0.2372344090063315,True,20,24
100,0.20982983836765104,True,20,24
104,0.24372023468773205,True,20,24
106,0.2829725199079473,True,20,24
107,0.17533403493730668,True,20,24
110,0.16603311602530632,True,20,24
112,0.14110564336689396,True,20,24
117,0.13259711451174278,True,20,24
120,0.15911622297377784,True,20,24
121,0.5233440692622403,True,20,24
122,-0.025602929976564482,False,20,24
130,0.09430723611469427,False,20,24
135,0.20631629993266473,True,20,24
136,0.2223413341739214,True,20,24
138,0.7157698962021576,True,20,24
139,0.19302577085913883,True,20,24
142,0.5894073369416148,True,20,24
144,0.2230769380855164,True,20,24
145,0.5671219862429067,True,20,24
147,0.1250429350420866,True,20,24
201,0.19778088941499627,True,20,24
251,0.31645311647882507,True,20,24
255,0.10161868317598072,True,20,24
259,0.10926400864217466,True,20,24
16,-0.024002637577029546,False,20,25
17,0.04127866440900944,False,20,25
26,0.012486462606847881,False,20,25
29,-0.01322460063209793,False,20,25
32,0.04478564897731177,False,20,25
34,0.020661099205186977,False,20,25
35,-9.962805268314463e-05,False,20,25
83,0.46367836989778316,True,20,25
93,0.5070615026685831,True,20,25
96,0.24983792432850616,True,20,25
98,0.5210476382524533,True,20,25
100,0.2545332778104849,True,20,25
102,0.4073881560737193,True,20,25
103,0.45961909513866833,True,20,25
106,0.32948743025446287,True,20,25
107,0.594678242486851,True,20,25
111,0.30920490270978784,True,20,25
113,0.3979587258199088,True,20,25
115,0.21793293353126453,True,20,25
119,0.22329245197603942,True,20,25
121,0.4013133195218959,True,20,25
126,0.31388187533456174,True,20,25
127,0.13453363420720513,True,20,25
129,0.11702892124075,True,20,25
134,0.11207487271293544,True,20,25
154,0.14011271801460454,True,20,25
155,0.25591771194737384,True,20,25
157,0.4302766396083679,True,20,25
159,0.09067673444326657,False,20,25
160,0.37305801157857715,True,20,25
163,0.25250571760024804,True,20,25
164,0.23909189629171382,True,20,25
166,0.21186055748517876,True,20,25
168,0.1945948467916975,True,20,25
170,0.24311869939998346,True,20,25
178,0.2235662723833299,True,20,25
230,0.10483474739007541,True,20,25
1,0.06845826998914366,False,20,26
3,0.07481953506681935,False,20,26
4,0.08546804184475267,False,20,26
6,0.1262177747890931,True,20,26
7,0.16949107259441776,True,20,26
8,0.1287196736689595,True,20,26
9,0.22870482409164028,True,20,26
19,0.057513308809483,False,20,26
20,0.04787877015233379,False,20,26
22,0.013052197828975149,False,20,26
23,0.1451772742048644,True,20,26
24,0.08947733661253975,False,20,26
25,0.05665109006765643,False,20,26
26,0.030496123082892165,False,20,26
27,0.035738122746579594,False,20,26
29,0.0026576782754839275,False,20,26
30,-0.019161889238279505,False,20,26
35,-0.02704485160830192,False,20,26
37,0.0787188492558604,False,20,26
38,0.09523528597840587,False,20,26
41,0.03593393435444287,False,20,26
42,0.11397023095458421,True,20,26
43,0.02474783931986504,False,20,26
47,0.1767070156527392,True,20,26
48,-0.02100057390921385,False,20,26
50,0.006947460622435071,False,20,26
51,0.0688700172183792,False,20,26
52,0.02573033005537,False,20,26
53,0.05454140011729331,False,20,26
59,0.14184566703348475,True,20,26
61,0.08883485433281325,True,20,26
63,0.04402791961294489,False,20,26
64,0.1271222217594029,True,20,26
65,0.05925978598512712,False,20,26
66,0.16355032101714917,True,20,26
68,0.050744850694428134,False,20,26
76,0.0589288553391196,False,20,26
80,0.019172408566814004,False,20,26
82,0.05149635870013896,False,20,26
85,0.06185005574470245,False,20,26
88,0.08992018196665108,False,20,26
91,0.03340131141868002,False,20,26
93,0.1300712931602811,True,20,26
98,0.03808121940119496,False,20,26
99,0.07443461719882893,False,20,26
100,-0.016527752621254953,False,20,26
101,0.07965330894056664,False,20,26
102,0.02053038191370059,False,20,26
103,0.02342842511057704,False,20,26
105,0.024931771268411274,False,20,26
106,0.06036030251604185,False,20,26
107,0.04861075208008057,False,20,26
111,0.06991748401591344,False,20,26
113,0.02794312115868759,False,20,26
114,0.018783254131955626,False,20,26
117,0.12055042088144674,True,20,26
120,0.43017513308417227,True,20,26
121,0.010232382299275658,False,20,26
123,0.26005911964245176,True,20,26
124,0.06966237108448475,False,20,26
125,0.11489519863471202,True,20,26
126,0.09156011373361968,False,20,26
127,0.026428302048960187,False,20,26
128,0.14628750084751738,True,20,26
130,0.4945620994885031,True,20,26
131,0.025221675594585505,False,20,26
132,0.26465949579717174,True,20,26
133,0.34566611997136504,True,20,26
134,0.11433170442507251,True,20,26
135,0.006181148929198272,False,20,26
136,0.05290380901524911,False,20,26
137,0.08617050710551333,True,20,26
142,0.27628755530425914,True,20,26
144,0.3941033356056649,True,20,26
145,0.037523981945601685,False,20,26
146,0.05325213306763232,False,20,26
149,0.07160855015277882,False,20,26
151,-0.018569478319266735,False,20,26
152,0.2081126513424153,True,20,26
154,0.0009030960585489715,False,20,26
156,-0.015684830810669168,False,20,26
157,0.008671959768251289,False,20,26
158,0.06498325473425208,False,20,26
161,0.08966645192644569,False,20,26
162,-0.02177773617309242,False,20,26
164,0.3530600218673418,True,20,26
165,0.08515344655800001,False,20,26
166,0.05886825803560943,False,20,26
167,0.020032529090775787,False,20,26
168,0.6216789400871748,True,20,26
169,0.08714203860977897,False,20,26
170,0.42995999720423655,True,20,26
172,0.29656825604073866,True,20,26
174,0.40559426653756053,True,20,26
176,0.11204629790851749,True,20,26
178,0.09530703322267585,True,20,26
179,-0.011744292548860981,False,20,26
182,0.04502848145771555,False,20,26
184,-0.006801753643503316,False,20,26
185,0.07007341691342389,False,20,26
186,0.11618774901868835,True,20,26
187,0.37504183130485025,True,20,26
189,0.11771347172154656,True,20,26
190,0.2234484316734575,True,20,26
193,0.29834673620147617,True,20,26
194,0.07106453349718504,False,20,26
196,0.36247998805568077,True,20,26
198,-0.022897913201756565,False,20,26
199,-0.007346043376997166,False,20,26
201,0.22171062467419747,True,20,26
204,0.042232600167316475,False,20,26
205,0.41777065304031186,True,20,26
206,0.26603674701491054,True,20,26
208,0.39944245300002423,True,20,26
213,0.0248508655035893,False,20,26
214,-0.004754533404626962,False,20,26
218,0.00794536270424071,False,20,26
220,0.03972015408691492,False,20,26
221,-0.012732417830454888,False,20,26
223,0.058479279746694444,False,20,26
226,0.05895250845612676,False,20,26
227,0.03817105466238281,False,20,26
228,0.09314349742706225,False,20,26
229,0.12883848640149478,True,20,26
230,0.005932813784002742,False,20,26
232,0.18889969809109033,True,20,26
235,0.005456974340957162,False,20,26
237,0.011430110593415197,False,20,26
238,0.0026405757678047543,False,20,26
240,0.10468304567139934,True,20,26
242,-0.046092068457393325,False,20,26
243,0.04246409970707868,False,20,26
244,0.14404940435361446,True,20,26
246,0.02396702058445054,False,20,26
248,-0.005502029983077858,False,20,26
258,0.04338927284358756,False,20,26
265,0.05598901482657709,False,20,26
318,0.03519431123105158,False,20,26
348,0.008600297063975465,False,20,26
386,0.41446659065746755,True,20,26
387,0.166080966712878,True,20,26
394,0.27376177347296005,True,20,26
406,0.126742775243697,True,20,26
407,0.20529049416034625,True,20,26
412,0.32579902545983497,True,20,26
416,0.29011103209771444,True,20,26
434,0.27788459692534523,True,20,26
439,0.32426979745510537,True,20,26
441,0.17796780017929745,True,20,26
451,0.2820733888688835,True,20,26
453,0.038256202713545906,False,20,26
460,0.13997085074518492,True,20,26
475,0.2713694009349535,True,20,26
478,0.31122075068623967,True,20,26
1,0.055437307717405626,False,21,15
2,0.020385579161250153,False,21,15
3,0.07432042223623869,False,21,15
4,0.22118969185184167,True,21,15
5,0.05095305027238686,False,21,15
9,0.501157320098917,True,21,15
16,-0.0036159528690607734,False,21,15
17,0.06140076957155669,False,21,15
18,0.2686961047273722,True,21,15
24,0.23173065884691305,True,21,15
25,0.13690904248467722,True,21,15
26,0.11894270938626954,True,21,15
27,-0.060770377706964585,False,21,15
30,0.33090651776004604,True,21,15
31,0.03671667568035194,False,21,15
32,0.16250981541254478,True,21,15
33,0.3341347326958754,True,21,15
34,0.1098474579987997,False,21,15
36,0.26320993297877676,True,21,15
37,0.5840337294277429,True,21,15
38,0.12584677111310225,True,21,15
42,0.008062481047373346,False,21,15
43,0.12227226456516334,True,21,15
44,0.23455266592330373,True,21,15
45,0.026051628552098666,False,21,15
46,0.1207380621741353,False,21,15
47,0.09773279802643108,False,21,15
48,0.04058457006801216,False,21,15
49,0.04462436522041146,False,21,15
50,0.1989714852340397,True,21,15
51,0.041380749948079394,False,21,15
52,0.10087620254597814,False,21,15
53,0.03213026123482594,False,21,15
54,0.17107135307393828,True,21,15
55,0.1783579150780327,True,21,15
56,0.30416994920322843,True,21,15
58,0.2737986578777101,True,21,15
59,0.10164404935441158,False,21,15
60,0.04758491560423514,False,21,15
62,0.1543228430685427,True,21,15
63,0.22604355254252914,True,21,15
64,0.07567831707002995,False,21,15
65,0.18532972622466037,True,21,15
67,0.18058863408455336,True,21,15
68,0.02739493468304036,False,21,15
70,0.08186139105043609,False,21,15
71,0.24477362704923555,True,21,15
72,0.033642346913289246,False,21,15
74,-0.05909112437310365,False,21,15
75,0.1912181923296041,True,21,15
76,0.12739904197345114,True,21,15
77,0.019118248431815726,False,21,15
79,0.19033823409750109,True,21,15
81,0.07740909936078925,False,21,15
82,0.22480251992502318,True,21,15
86,0.41651718457615755,True,21,15
87,-0.032016841218756135,False,21,15
88,0.15108204577336343,True,21,15
89,0.264692691243388,True,21,15
90,0.1703253359859329,True,21,15
91,0.03933659091554916,False,21,15
92,0.12125894710727576,True,21,15
93,0.0912044299818706,False,21,15
94,0.1427812426401672,True,21,15
95,0.18944973654319944,True,21,15
96,0.04114102617866329,False,21,15
97,0.026497170610981637,False,21,15
98,-0.011086070783176463,False,21,15
99,0.2302936441697652,True,21,15
100,-0.03375061025353735,False,21,15
101,0.33844759702145666,True,21,15
106,0.19438610812629312,True,21,15
107,0.1657695848372673,True,21,15
108,0.2333422316707335,True,21,15
113,-0.016755342572536778,False,21,15
114,0.16055393342509014,True,21,15
115,-0.04237214677735771,False,21,15
117,0.1951835270238377,True,21,15
118,0.13644346834173593,False,21,15
119,0.20494739793283048,True,21,15
120,0.04856564354985568,False,21,15
121,-0.03530880301471966,False,21,15
122,-0.0016266568509658152,False,21,15
124,0.19576686167540389,True,21,15
125,0.04131648696777113,False,21,15
126,0.10110142936196835,False,21,15
127,-0.03672920281509806,False,21,15
128,0.10640808729162066,False,21,15
129,0.06199238411511534,False,21,15
130,0.07727808003156968,False,21,15
132,0.17165632457088284,True,21,15
133,0.003859859631646619,False,21,15
134,0.17133284060469237,True,21,15
135,0.14984582993447979,True,21,15
138,0.11159912179327276,False,21,15
139,0.34231789085792075,True,21,15
140,0.14734684763146857,True,21,15
141,0.2544492061442076,True,21,15
145,-0.09215415331538433,False,21,15
147,0.025243141773885255,False,21,15
148,0.24643533937326811,True,21,15
150,0.03317317297812621,False,21,15
151,0.03266404526981557,False,21,15
152,0.15243661425136157,True,21,15
156,-0.0057473546419327,False,21,15
164,0.20584084522134907,True,21,15
168,0.014551797096893136,False,21,15
170,0.27671261702779454,True,21,15
172,0.040608126562244294,False,21,15
174,0.35458382459686505,True,21,15
175,0.33117185819829714,True,21,15
176,0.20923556942175278,True,21,15
177,0.4367816517040744,True,21,15
178,0.04281709754364194,False,21,15
181,0.3032796984065518,True,21,15
182,0.19688878822406064,True,21,15
183,0.30446275087890373,True,21,15
184,0.03039696981973521,False,21,15
185,0.10977733970015173,False,21,15
186,0.16622392534374233,True,21,15
187,0.005203380244303395,False,21,15
189,0.25042591679064763,True,21,15
192,0.20457607491275331,True,21,15
193,0.44867666705492576,True,21,15
194,0.044716163758297935,False,21,15
195,0.06737239091424142,False,21,15
196,0.07602278637784288,False,21,15
198,0.09746270159121677,False,21,15
199,0.13851761694119277,True,21,15
200,0.09143994798355691,False,21,15
202,0.20800201596973641,True,21,15
203,0.20093916550750543,True,21,15
205,0.006591037148618061,False,21,15
206,0.12029513162389067,True,21,15
207,0.08766745854823199,False,21,15
209,0.27678080728850923,True,21,15
210,0.044070603390002766,False,21,15
211,0.26463864541829185,True,21,15
212,0.27158793930915,True,21,15
213,0.05966508601844182,False,21,15
215,0.4024387479209037,True,21,15
216,0.09567814801992314,False,21,15
217,0.21198640153662007,True,21,15
218,0.2554350997159502,True,21,15
220,0.0669049046495447,False,21,15
221,0.3389779169325566,True,21,15
222,0.07481587730636945,False,21,15
223,0.1576501456812296,True,21,15
225,0.3420077899848521,True,21,15
226,0.2082666674198391,True,21,15
227,0.13770787526028946,True,21,15
229,0.007995114501485023,False,21,15
230,0.20132025413666396,True,21,15
231,0.1573587532687883,True,21,15
234,0.043338369079235974,False,21,15
235,0.19283885462289588,True,21,15
236,0.019368390153704375,False,21,15
237,0.03348414665472774,False,21,15
239,0.40006246455124006,True,21,15
240,0.29483096702558115,True,21,15
241,0.04525397927010369,False,21,15
242,0.0726673236073265,False,21,15
243,0.06287467256340053,False,21,15
244,0.120503962753319,True,21,15
245,0.08344459958748811,False,21,15
246,0.03197152336722792,False,21,15
247,0.37649151807560594,True,21,15
248,0.06212379447954425,False,21,15
249,0.11379654752265424,True,21,15
251,0.2667139383644115,True,21,15
252,0.21063270966960027,True,21,15
253,0.11315346614679933,True,21,15
254,0.12709441586266543,True,21,15
255,0.03681334476171702,False,21,15
256,0.030353819742101815,False,21,15
257,0.038710104702295044,False,21,15
258,0.268082204269797,True,21,15
259,0.04153687951054601,False,21,15
260,0.28379416234530613,True,21,15
261,0.16776731225489339,True,21,15
262,0.0983977399360248,False,21,15
263,0.4239942069919557,True,21,15
264,0.03788351297118028,False,21,15
265,0.019729663781356623,False,21,15
275,0.44915365658589224,True,21,15
282,0.1042131495705532,False,21,15
286,0.07821905837158548,False,21,15
290,0.028047562664372635,False,21,15
297,0.28828786817059593,True,21,15
299,0.14721692988927274,True,21,15
301,0.13052843346151102,True,21,15
302,0.16334658783702097,True,21,15
310,0.44434014909462255,True,21,15
312,0.027302554435190318,False,21,15
314,0.031551541918659824,False,21,15
315,0.19350722738859452,True,21,15
316,0.12240350962618322,True,21,15
317,0.35163232341709055,True,21,15
318,0.10989679800372866,False,21,15
321,0.22801426054614096,True,21,15
322,0.0710885303292317,False,21,15
323,0.06777205089305803,False,21,15
327,0.12968008416442442,True,21,15
328,0.10251548352080049,False,21,15
329,0.3326467145462743,True,21,15
330,0.40250764830568003,True,21,15
331,0.09208081140276152,False,21,15
332,0.01274642034350426,False,21,15
334,0.1363206276456478,True,21,15
335,0.07676758644572464,False,21,15
337,0.11466892433867672,True,21,15
338,0.1579708557501307,True,21,15
339,0.16503070106056,True,21,15
340,0.30372256018486526,True,21,15
342,0.08044052562943697,False,21,15
343,0.121190567200061,True,21,15
344,0.17992462197310236,True,21,15
346,0.12826803706779807,True,21,15
347,0.053781884211009934,False,21,15
348,0.17640872132275057,True,21,15
349,0.022514226895452988,False,21,15
350,0.0025110453160259497,False,21,15
351,0.2408112705282429,True,21,15
352,0.20035840069768654,True,21,15
353,0.17473272917164273,True,21,15
355,0.08251574822939663,False,21,15
356,0.07574542690695653,False,21,15
357,0.43331138410713854,True,21,15
358,0.1119273263520631,False,21,15
360,0.17448421321447868,True,21,15
361,0.22480807462781016,True,21,15
362,0.05660939160824458,False,21,15
363,0.20445527204055777,True,21,15
365,0.32497032356867894,True,21,15
366,0.06812286883889405,False,21,15
367,0.08434424297233069,False,21,15
368,0.05330682976447335,False,21,15
369,0.13441086131151778,True,21,15
370,0.063335924836364,False,21,15
371,0.3749025995939023,True,21,15
372,0.1679227133112934,True,21,15
373,0.16178831387392972,True,21,15
375,0.12523692925946242,True,21,15
376,0.10777396822580931,False,21,15
377,0.04706244720250866,False,21,15
379,0.10074231471010549,False,21,15
380,0.11654724321780092,True,21,15
381,0.09468271754197786,False,21,15
382,0.045774492011214474,False,21,15
383,0.06783897092174147,False,21,15
384,0.05946456745258515,False,21,15
385,0.16824966090673754,True,21,15
387,0.2315970565839928,True,21,15
389,0.2044598598874983,True,21,15
390,-0.00908045168260794,False,21,15
391,0.06093651456375892,False,21,15
392,0.09635527574583241,False,21,15
394,-0.048733704031125015,False,21,15
395,-0.013916387600067559,False,21,15
396,0.0448160055411255,False,21,15
397,-0.011432262323425682,False,21,15
398,0.11367908571774811,True,21,15
399,0.06034351007851433,False,21,15
400,0.16146201608817776,True,21,15
420,-0.025946181670969345,False,21,15
421,-0.010280463075815207,False,21,15
423,-0.06784229615445579,False,21,15
428,0.04876520395921832,False,21,15
0,0.05291917046486829,False,21,16
1,0.3109636139632734,True,21,16
6,0.052806360789939305,False,21,16
8,0.10380495805883243,False,21,16
9,-0.0632426330751432,False,21,16
10,0.20497596034541796,True,21,16
11,0.028914310143057023,False,21,16
12,0.025521965192157103,False,21,16
13,0.07124285865587368,False,21,16
14,0.22696367071056764,True,21,16
15,0.054118665087188135,False,21,16
16,-0.02444106305943088,False,21,16
18,0.31796458565271957,True,21,16
20,0.09178744565659454,False,21,16
22,0.06316548448639085,False,21,16
24,0.12214495146218067,False,21,16
25,0.2908212831228692,True,21,16
26,0.25270327452015223,True,21,16
28,0.018382767136565902,False,21,16
30,0.11658707510992927,True,21,16
32,0.04512579887823368,False,21,16
33,0.04526233598734614,False,21,16
37,0.04697576013139185,False,21,16
40,0.0062906594075558585,False,21,16
41,0.03541450836592913,False,21,16
44,-0.04887416374896361,False,21,16
45,0.2003007224735719,True,21,16
46,0.10667504920423178,False,21,16
47,0.22341239121731268,True,21,16
49,0.02760228257201845,False,21,16
51,0.45635954207165597,True,21,16
54,0.07619696297530237,False,21,16
57,0.15131243301119418,True,21,16
58,0.08188243536749969,False,21,16
60,0.6089624254293748,True,21,16
62,0.0998101140637318,False,21,16
63,0.17147049739407474,True,21,16
64,0.13877191954098092,True,21,16
68,0.24671872147491933,True,21,16
72,0.1851333731629979,True,21,16
78,0.2608085272125974,True,21,16
80,0.0207370779288446,False,21,16
84,-0.030664740993758616,False,21,16
86,0.11510892838865565,False,21,16
89,0.4234695591746563,True,21,16
90,0.5306899209353504,True,21,16
91,0.28733726377764446,True,21,16
94,0.5043662614090484,True,21,16
98,0.2577010283406255,True,21,16
102,0.3846322502567008,True,21,16
103,0.048759507238717435,False,21,16
105,0.15380907024667065,True,21,16
108,0.17807819374943687,True,21,16
110,0.10597461775391671,False,21,16
114,-0.03937775544985416,False,21,16
116,0.12180469177124242,False,21,16
119,0.5509196642097549,True,21,16
125,-0.032335193183745954,False,21,16
127,0.02355914885678098,False,21,16
129,0.10574929454868487,True,21,16
131,0.29238043641704575,True,21,16
133,0.08870783227699347,False,21,16
135,0.014646709085581217,False,21,16
137,0.09149696000986822,False,21,16
138,0.31532206314386874,True,21,16
141,0.1234014938423636,True,21,16
143,0.10408196697342136,False,21,16
149,0.1677996873889361,True,21,16
151,0.12323735489908229,True,21,16
164,0.1993421034321817,True,21,16
167,0.16847819111972384,True,21,16
168,0.23681738652173812,True,21,16
169,0.050269551881246544,False,21,16
170,0.12442112862688981,True,21,16
172,-0.04148623695358622,False,21,16
174,0.3858017011331866,True,21,16
176,-0.005196722007338429,False,21,16
177,0.4129855994548157,True,21,16
178,0.16610972739831073,True,21,16
179,0.22174827440700962,True,21,16
180,0.15913383872382197,True,21,16
184,0.1935322775292941,True,21,16
185,0.13250680055202432,True,21,16
186,0.1506219515144682,True,21,16
188,0.08171003612636386,False,21,16
189,-0.020562479541056874,False,21,16
193,0.09627297352481196,False,21,16
194,0.08994176884265898,False,21,16
196,0.2913561989200494,True,21,16
197,0.36217012829823614,True,21,16
199,0.5408408000780295,True,21,16
200,0.10369708418107877,False,21,16
201,0.02147883243579266,False,21,16
202,0.120549149337336,True,21,16
204,0.2628712968737648,True,21,16
205,0.24332636104187325,True,21,16
206,0.3322582204851207,True,21,16
209,0.20530476896008973,True,21,16
210,0.1680335368115896,True,21,16
214,0.4241311548009224,True,21,16
223,0.30143090744163004,True,21,16
227,0.15619079540646527,True,21,16
235,0.07119741499439125,False,21,16
239,0.06478259540618124,False,21,16
242,0.19453997837098724,True,21,16
247,0.04855112947619811,False,21,16
249,0.013839912044255125,False,21,16
261,0.20282864623317554,True,21,16
262,0.12215163711447802,False,21,16
272,0.2549080644895365,True,21,16
275,0.27884417300536696,True,21,16
277,0.218019440582129,True,21,16
278,0.022609715036801686,False,21,16
279,0.17071784883266383,True,21,16
284,0.5111132168535367,True,21,16
287,0.07997942974289891,False,21,16
288,0.2699230783408808,True,21,16
290,0.06380158433642592,False,21,16
294,0.13256544772068518,False,21,16
295,0.11965104767476058,True,21,16
304,0.1219119453931365,False,21,16
309,0.00161187064027993,False,21,16
310,0.34205425775842063,True,21,16
313,0.4451897971935011,True,21,16
314,0.06434804843329671,False,21,16
315,0.14766228125533612,True,21,16
317,-0.0014722406584602593,False,21,16
319,0.048549137329319564,False,21,16
320,0.04438433441802828,False,21,16
321,0.056615676861415554,False,21,16
322,-0.0013120563796927044,False,21,16
323,0.17333058125731568,True,21,16
324,0.317221208007284,True,21,16
325,0.012897252105061869,False,21,16
326,0.17338148432377787,True,21,16
327,0.12145779367248617,True,21,16
328,0.037105454629621996,False,21,16
329,0.11458680327369486,True,21,16
333,0.016195831571720633,False,21,16
334,0.14163033165741842,True,21,16
335,0.05186769739194368,False,21,16
337,0.2698665178834703,True,21,16
339,0.16082399398723604,True,21,16
340,0.02879987412146699,False,21,16
342,-0.017520583121806568,False,21,16
347,0.13780547734162424,True,21,16
348,0.15203829562701057,True,21,16
350,0.03791246572096154,False,21,16
352,0.16115395811457425,True,21,16
357,0.19679575550653425,True,21,16
364,0.4084851224659714,True,21,16
366,0.20938451221048973,True,21,16
372,0.18581780838889286,True,21,16
383,0.3176360283904718,True,21,16
386,0.10542439588317971,False,21,16
388,0.10544490494431318,False,21,16
390,0.26600150322564703,True,21,16
391,0.039802994312549266,False,21,16
396,0.15182113747143688,False,21,16
398,0.17611024465076133,True,21,16
399,0.3517917139725481,True,21,16
405,-0.023769994534684813,False,21,16
407,0.3885076786386658,True,21,16
409,0.2520809445011691,True,21,16
410,0.2585036649076325,True,21,16
411,0.08090362561244573,False,21,16
419,0.378248921298876,True,21,16
422,0.30479206642024675,True,21,16
425,0.3512129998493059,True,21,16
427,0.29513660745336223,True,21,16
428,0.42556048609955166,True,21,16
429,0.1564606341110588,True,21,16
430,0.03731456788161206,False,21,16
431,0.18897556537789542,True,21,16
432,0.553724812293256,True,21,16
433,0.16453283889072803,True,21,16
434,0.46678810073759736,True,21,16
441,0.6667161759123954,True,21,16
444,0.3241259530301159,True,21,16
445,0.5198935000918513,True,21,16
448,0.29286771035747716,True,21,16
451,0.0702004378133214,False,21,16
456,0.36905859497006205,True,21,16
460,0.13863404716234698,True,21,16
462,0.4296184655146394,True,21,16
464,0.3763418883452705,True,21,16
465,0.08111158068892743,False,21,16
466,0.4176305591582927,True,21,16
468,0.07855493173083887,False,21,16
469,-0.010650229152673421,False,21,16
471,0.3438142547924505,True,21,16
472,0.07288189360771138,False,21,16
474,0.18370588891196094,True,21,16
475,0.1265090862510899,True,21,16
476,0.3193629576473855,True,21,16
477,0.2181244677221359,True,21,16
480,0.1766091366567537,True,21,16
482,0.38820746707457215,True,21,16
483,0.0052496055397762515,False,21,16
484,0.24852420821012736,True,21,16
485,0.22445837259015564,True,21,16
486,0.2600125782967883,True,21,16
488,0.04521785739883205,False,21,16
490,0.24874353119449047,True,21,16
491,0.3103977581384551,True,21,16
492,0.16753022966352135,True,21,16
494,0.12852869976105477,True,21,16
495,0.3772929810511272,True,21,16
497,0.232265171069345,True,21,16
498,0.3978341915367056,True,21,16
499,0.17486539848409874,True,21,16
500,0.02005202802666506,False,21,16
501,0.06649949602746942,False,21,16
502,0.3549212849342656,True,21,16
505,0.08560805542874421,False,21,16
506,0.23096473611126825,True,21,16
507,0.1539922534423188,True,21,16
509,0.21227327536107232,True,21,16
510,0.4128030587845326,True,21,16
511,0.16659355186202493,True,21,16
512,0.291199544200681,True,21,16
513,0.18032593503196956,True,21,16
515,0.2415332030622164,True,21,16
516,0.18546773847199036,True,21,16
517,0.3943847006869388,True,21,16
519,0.015394547400112335,False,21,16
521,0.2591451884718703,True,21,16
522,0.23391425694152265,True,21,16
523,0.16973740884990307,True,21,16
524,0.28688263526530133,True,21,16
525,0.22052636995828356,True,21,16
526,0.2143129280858763,True,21,16
529,0.3300780159695092,True,21,16
530,0.27017126569254923,True,21,16
531,0.10321252689309147,False,21,16
532,0.004162267791095663,False,21,16
533,0.07810289833175445,False,21,16
534,0.00909892422792523,False,21,16
535,0.23906160323202338,True,21,16
537,0.29688225217571446,True,21,16
539,0.2597099252206679,True,21,16
540,0.05892153208454812,False,21,16
0,0.17053056270991615,True,21,17
6,0.13587065757998565,True,21,17
13,0.49586974232289677,True,21,17
16,0.07834372183264737,False,21,17
19,0.07495830860690134,False,21,17
21,0.038264327316935326,False,21,17
23,0.04155481012756109,False,21,17
25,0.22973253837235216,True,21,17
26,0.11430931415953277,False,21,17
29,0.24768315431263377,True,21,17
30,0.21572125435593292,True,21,17
31,0.09151446831898162,False,21,17
33,0.19964575984881364,True,21,17
35,0.01130729983913041,False,21,17
36,0.1960983153775302,True,21,17
37,0.2623972010794281,True,21,17
38,0.10536636510965132,True,21,17
40,0.20989276150699532,True,21,17
42,0.2635930719085905,True,21,17
44,0.24774705974227249,True,21,17
45,0.1272785333029796,True,21,17
46,0.026047938089866954,False,21,17
47,0.21457267611266037,True,21,17
48,0.12248095686442632,True,21,17
49,0.16184702238577822,True,21,17
53,0.06835624942851291,False,21,17
54,0.03038079703298235,False,21,17
55,0.318467893909627,True,21,17
56,-0.01710578092501026,False,21,17
59,0.2853169981137968,True,21,17
60,0.325738886918185,True,21,17
61,0.10408621777400935,True,21,17
62,0.036657601040522896,False,21,17
63,0.10811125958126054,False,21,17
64,0.16280404849931615,True,21,17
66,0.1060457026661299,False,21,17
67,0.1639631696347976,True,21,17
69,0.24328320240611126,True,21,17
70,0.011381258421702067,False,21,17
71,0.07631732282175614,False,21,17
72,0.01865122557176533,False,21,17
73,0.2487524360384135,True,21,17
74,0.46301373121650063,True,21,17
75,0.10653033110605847,False,21,17
76,0.2648919687409504,True,21,17
78,0.1193115118648045,True,21,17
79,0.04899993906621303,False,21,17
80,0.04030269231259725,False,21,17
81,0.08805699829155282,False,21,17
82,0.07866394468496836,False,21,17
83,0.0861917211391462,False,21,17
84,0.2939928020900984,True,21,17
85,0.32857749842652534,True,21,17
87,0.20256752591644858,True,21,17
88,0.06046748628324337,False,21,17
91,0.2292629911391073,True,21,17
92,-0.046567963648695976,False,21,17
93,0.2547121575145211,True,21,17
97,0.28343085967730636,True,21,17
98,-0.019987573698321676,False,21,17
99,0.11158411655913898,True,21,17
102,-0.001808317950726793,False,21,17
103,0.003971932627809596,False,21,17
105,0.05396329755408714,False,21,17
106,0.11507426568907103,True,21,17
107,0.02614868363256012,False,21,17
112,0.024264836550299387,False,21,17
113,0.03449610743750599,False,21,17
114,0.2227198031237783,True,21,17
115,-0.01587571917849548,False,21,17
116,0.2303101414991914,True,21,17
117,0.11138311290445256,True,21,17
118,0.07460154039785268,False,21,17
119,-0.006418512963977834,False,21,17
120,0.07023242513023197,False,21,17
121,0.20028337387865983,True,21,17
122,0.06939059835757848,False,21,17
123,0.07284333262774971,False,21,17
124,0.06484228446448376,False,21,17
129,0.21860534037030122,True,21,17
131,0.20183793151669163,True,21,17
132,0.16791286891674703,True,21,17
135,-0.005551262900420042,False,21,17
136,0.3119508863265589,True,21,17
137,-0.0027191131987641323,False,21,17
139,0.23354702804828412,True,21,17
144,-0.03174077113299326,False,21,17
145,0.03558851942441396,False,21,17
146,0.07011435878714366,False,21,17
148,0.14804193109550426,True,21,17
150,0.22359522849913907,True,21,17
152,0.02213008180291838,False,21,17
153,0.19648273170369582,True,21,17
154,0.12719481956553322,False,21,17
155,-0.009226717501753827,False,21,17
156,0.24015781728835797,True,21,17
157,0.11006579364372977,False,21,17
158,0.18183815828185632,True,21,17
159,-0.006323895549778652,False,21,17
160,0.11179570528590681,False,21,17
161,0.17544816714510755,True,21,17
162,0.1612936834056091,True,21,17
163,0.0888125649423271,False,21,17
164,0.22037450710400155,True,21,17
165,0.033519184161449236,False,21,17
168,0.10667937342539023,False,21,17
169,0.08996057486656928,False,21,17
173,-0.021243532797199486,False,21,17
178,0.06953100117385752,False,21,17
186,0.09176560629369838,False,21,17
190,0.0903032932307886,False,21,17
192,0.07829232806657745,False,21,17
193,0.22218662822021584,True,21,17
194,0.05505012614602164,False,21,17
195,0.010140593200083065,False,21,17
197,-0.0069917401887045275,False,21,17
198,0.11370608985810139,False,21,17
199,0.19816492225923296,True,21,17
200,0.1365927859074796,True,21,17
201,0.10657334082250013,False,21,17
202,0.2554951140018371,True,21,17
203,0.24364661427806925,True,21,17
204,0.14250525453066273,True,21,17
206,0.11267026897452688,False,21,17
207,0.4551838897045692,True,21,17
208,0.3546319547399132,True,21,17
209,0.08695516667758152,False,21,17
213,0.4898022099906891,True,21,17
214,0.33065059365907057,True,21,17
216,0.2773603304283458,True,21,17
217,0.08903414012757678,False,21,17
218,0.3151629473293574,True,21,17
220,0.09256375871159316,False,21,17
221,0.13279155219095898,True,21,17
222,0.14618534725876955,True,21,17
223,0.03597307698839562,False,21,17
224,-0.01305985114263436,False,21,17
226,0.14916296999574977,True,21,17
227,0.3518445652760751,True,21,17
228,0.030328226983826912,False,21,17
229,0.25706053325419204,True,21,17
230,0.325558529362348,True,21,17
231,0.1470185351256645,True,21,17
233,0.04646415791948438,False,21,17
234,0.06706950133181529,False,21,17
235,0.07039407086093026,False,21,17
236,0.14998520164121174,True,21,17
237,0.004884364959026319,False,21,17
238,0.43282338787162283,True,21,17
239,0.059844664557192444,False,21,17
240,0.22428377717883421,True,21,17
241,0.006977327453058295,False,21,17
242,-0.03110802489542197,False,21,17
243,0.2830055152417114,True,21,17
244,0.08810032188501327,False,21,17
245,0.2638320747489116,True,21,17
246,0.10890679392883666,True,21,17
247,0.18809597443406986,True,21,17
248,0.04567181991444826,False,21,17
249,0.06337173590045493,False,21,17
250,-0.038651582433005684,False,21,17
252,0.0939139214920293,False,21,17
253,0.14009385818685244,True,21,17
255,0.015099364443679297,False,21,17
257,0.09344062116058643,True,21,17
258,0.09687055145617762,False,21,17
259,0.15253514595252135,True,21,17
260,0.0975015049049126,False,21,17
262,0.01455850377403059,False,21,17
263,0.11733518250348984,True,21,17
264,0.07977264661960959,False,21,17
265,0.38491595973694764,True,21,17
266,0.06865990595043876,False,21,17
267,0.17946045154363277,True,21,17
268,0.09339872464179622,False,21,17
269,0.12550334073434677,True,21,17
270,-0.004368675445734129,False,21,17
271,-0.029706185179687414,False,21,17
272,0.11317195858597255,True,21,17
274,0.12734584599459306,False,21,17
275,-0.0054413012013526255,False,21,17
276,0.013565912238104891,False,21,17
277,0.20703946334709836,True,21,17
278,0.15131318775974947,True,21,17
279,0.015420133226914415,False,21,17
280,0.361997521393588,True,21,17
281,0.2971593675161945,True,21,17
282,-0.03680478505437228,False,21,17
284,0.027483158864647538,False,21,17
285,0.02202850713650088,False,21,17
287,-0.0020032108420415967,False,21,17
288,0.18958636957496375,True,21,17
289,0.16577406873333822,True,21,17
290,0.08532145576500048,False,21,17
291,0.1570095919116644,True,21,17
293,0.06010360893257761,False,21,17
294,0.043778663928591845,False,21,17
297,0.12880710627182942,True,21,17
301,0.0826099846839556,False,21,17
302,0.1198875986858103,False,21,17
304,0.4941830935030081,True,21,17
305,0.09213390226672384,False,21,17
306,0.11219502300423319,True,21,17
308,0.09981869191498015,False,21,17
310,0.04836720251043659,False,21,17
313,0.08435015379802117,False,21,17
314,0.16950956139501658,True,21,17
315,0.017237588957837512,False,21,17
317,0.1381288792577418,True,21,17
323,0.11438702421055623,False,21,17
324,0.05653885171527357,False,21,17
326,0.02331492306066557,False,21,17
328,0.007587571036663555,False,21,17
329,0.052334636636915205,False,21,17
333,0.14006969921009532,True,21,17
334,0.34771279687886797,True,21,17
335,0.010770324521976822,False,21,17
345,0.20149667954566633,True,21,17
351,0.23797768267653,True,21,17
354,0.1845603842376531,True,21,17
378,0.2706771968033114,True,21,17
382,0.375768308028229,True,21,17
386,0.3488017316006911,True,21,17
387,0.4017253448261367,True,21,17
390,-0.008389569031064416,False,21,17
391,0.518480619018069,True,21,17
398,-0.08038413075721018,False,21,17
399,0.04504459196532573,False,21,17
403,-0.021957075775023455,False,21,17
411,0.12898409073554362,True,21,17
415,0.22736499563911602,True,21,17
416,0.24630257997687918,True,21,17
417,0.13689121373666674,True,21,17
418,0.08909659185851744,False,21,17
419,0.057902413391136776,False,21,17
420,0.08128113629160312,False,21,17
422,0.03649051089920443,False,21,17
431,0.10776324106937542,False,21,17
432,0.011790976836184549,False,21,17
434,0.14459191651326186,True,21,17
436,0.08346484964488073,False,21,17
437,0.10724060138979534,False,21,17
438,0.13836851505091843,True,21,17
439,0.06601725679717105,False,21,17
441,0.19964490585010042,True,21,17
442,0.13245736936261077,True,21,17
444,0.1345176698229128,True,21,17
445,0.06929569775139127,False,21,17
446,-0.003440376480017267,False,21,17
447,0.32095239249017055,True,21,17
448,0.1620359836954195,True,21,17
449,0.31014616680859824,True,21,17
450,0.039042042496700215,False,21,17
451,0.07700671447570201,False,21,17
452,0.07075258002114312,False,21,17
453,0.233412503588213,True,21,17
454,0.07142094814370577,False,21,17
455,-0.053109403296644236,False,21,17
456,0.13602408400814917,True,21,17
457,0.18771978558016067,True,21,17
458,0.2763746124121554,True,21,17
459,-0.02304521467633892,False,21,17
460,0.01621861334006286,False,21,17
462,0.19336120880926747,True,21,17
463,0.04881290207543378,False,21,17
464,0.09458730979152885,False,21,17
465,0.08084369110129576,False,21,17
468,0.07464920052577345,False,21,17
470,0.047097779884470725,False,21,17
472,0.02801364101668563,False,21,17
473,0.04784193042515043,False,21,17
474,0.11440263354929124,True,21,17
475,-0.016045869424331335,False,21,17
476,0.05429004845820601,False,21,17
478,0.07186748838313999,False,21,17
479,0.07014030845748108,False,21,17
480,0.057396974996605614,False,21,17
481,0.21007016424922295,True,21,17
482,-0.020486851445641503,False,21,17
484,0.014580110879385301,False,21,17
487,0.04354794617156199,False,21,17
488,0.0746626555730469,False,21,17
490,0.027952208641208495,False,21,17
491,0.022349883925010045,False,21,17
492,0.02216551882108773,False,21,17
493,0.0880996721511849,False,21,17
495,0.04122852440088562,False,21,17
496,0.018531387780772516,False,21,17
497,0.07499576234261657,False,21,17
498,0.05483656728284151,False,21,17
499,-0.008103735757836898,False,21,17
500,-0.05786870679898095,False,21,17
501,0.127175115912283,True,21,17
502,0.045831387235919334,False,21,17
503,0.0864860265397376,False,21,17
504,0.04802703114858562,False,21,17
506,0.09373018185729516,False,21,17
507,0.013997217836632101,False,21,17
508,0.020777986861510934,False,21,17
509,0.11989363946887029,True,21,17
510,0.08024211371522107,False,21,17
511,0.0614363810093313,False,21,17
512,-0.025403933442408145,False,21,17
513,0.09016933956431582,False,21,17
515,0.05811073007413386,False,21,17
516,0.06435079053076644,False,21,17
517,0.03272565875918203,False,21,17
521,0.16173060790885696,True,21,17
525,0.019024470114422487,False,21,17
526,0.05931229370819008,False,21,17
529,0.02554068766551093,False,21,17
542,-0.007685364808888632,False,21,17
2,0.05217717375276528,False,21,18
3,0.07731776361620823,False,21,18
10,0.0294427892270266,False,21,18
15,0.08251827191889892,False,21,18
16,0.06219869723421537,False,21,18
17,-0.028760357722807595,False,21,18
18,0.001668288959234724,False,21,18
19,0.23426811843736203,True,21,18
21,0.07514136459242489,False,21,18
24,0.12424421791074262,True,21,18
25,0.10783089906381678,True,21,18
27,0.1087088920646183,True,21,18
28,0.18237398758893827,True,21,18
29,0.5797363173062551,True,21,18
37,0.024208457323880692,False,21,18
39,0.19798830200870568,True,21,18
43,0.14592365494358914,True,21,18
44,0.020190202644843187,False,21,18
48,0.036143373377316025,False,21,18
50,0.04210458325412895,False,21,18
51,0.0822319683526083,False,21,18
54,0.1431929978139892,True,21,18
55,0.6543905158627058,True,21,18
56,0.016093372424183152,False,21,18
57,0.283928261508047,True,21,18
58,0.1231329836338913,True,21,18
59,0.09464044173098766,True,21,18
60,-0.02495595781504059,False,21,18
62,0.27591815654244944,True,21,18
63,0.21021803092612604,True,21,18
64,0.25806952427357993,True,21,18
65,0.08669615915403556,False,21,18
67,0.016504020290684738,False,21,18
69,0.06677299075197739,False,21,18
70,0.27435304537013927,True,21,18
71,0.48119825934313304,True,21,18
72,0.09443674047815348,True,21,18
73,0.12638121120996135,True,21,18
74,0.1479281627060504,True,21,18
75,0.25488799560538505,True,21,18
83,-0.059412894536326456,False,21,18
88,0.0465282831900951,False,21,18
93,0.09267938712809254,False,21,18
94,0.12750592448242912,True,21,18
96,-0.05406166674563658,False,21,18
102,-0.02853840783044409,False,21,18
121,0.03571705942738812,False,21,18
125,0.00030230514306501394,False,21,18
135,-0.024146325604689167,False,21,18
141,0.030200466966150325,False,21,18
142,0.11268448718823738,True,21,18
143,0.09229618561388164,False,21,18
145,0.09172065587179097,False,21,18
146,0.052469836888367205,False,21,18
159,0.032103236795080876,False,21,18
163,0.28653684263256335,True,21,18
164,0.14734512411316644,True,21,18
166,0.10849822957597284,False,21,18
168,0.10941803115752351,True,21,18
172,0.46029603258972385,True,21,18
175,0.14139236854458934,True,21,18
178,0.14300460155874165,True,21,18
179,0.283585849160963,True,21,18
186,0.19958262588317333,True,21,18
187,0.3762891902033367,True,21,18
188,0.33951021128063963,True,21,18
196,0.01617357688815956,False,21,18
197,0.09973532282293662,True,21,18
204,0.2708837863475964,True,21,18
205,0.007267228177298181,False,21,18
208,0.023140825289269775,False,21,18
210,0.06690728444963803,False,21,18
211,0.3037453862836571,True,21,18
212,0.21759422107074858,True,21,18
216,0.0977445678832179,True,21,18
217,0.23360871061211877,True,21,18
218,0.09731166956653471,False,21,18
221,-0.012753901817455752,False,21,18
222,0.11412130588015217,True,21,18
223,0.14022219222780688,True,21,18
224,0.1404951394465487,True,21,18
226,0.1813482853852824,True,21,18
227,0.14228414335144243,True,21,18
228,0.13714658029171103,True,21,18
229,0.18937627053187803,True,21,18
230,0.37597007344518857,True,21,18
231,0.33579099445109867,True,21,18
232,0.12293754327202781,True,21,18
233,-0.0309477814065126,False,21,18
234,0.21537128701997332,True,21,18
235,0.10596580323780976,True,21,18
236,0.009502371592117882,False,21,18
238,0.08895836928917362,False,21,18
239,0.17589457756977456,True,21,18
240,0.3272060358833418,True,21,18
242,0.03309740378313888,False,21,18
243,0.3511885258174187,True,21,18
244,0.07214716454057112,False,21,18
245,0.19972414504217958,True,21,18
246,0.018190360047384318,False,21,18
247,0.09501487598216214,True,21,18
248,0.06225794263589788,False,21,18
249,0.12123470221598683,True,21,18
250,0.057705597457599594,False,21,18
251,0.08722250224783183,False,21,18
252,0.11195958096019744,True,21,18
253,0.3051828313751211,True,21,18
254,0.2266842136184963,True,21,18
255,0.23635060456609935,True,21,18
256,0.08682702256896625,False,21,18
257,0.2433051469624481,True,21,18
258,0.046009175769422185,False,21,18
259,0.21822172117168723,True,21,18
260,0.0011480318555460122,False,21,18
261,0.12460666941602339,True,21,18
262,0.1371983343064478,True,21,18
263,0.151237684328663,True,21,18
264,0.02537884411912872,False,21,18
265,0.07476097308719964,False,21,18
266,0.02905129871484152,False,21,18
267,0.28000259656561494,True,21,18
270,0.07782729166301909,False,21,18
271,0.27164712614574593,True,21,18
272,0.08956275218175593,False,21,18
273,0.24659407278292964,True,21,18
274,0.11584715707922372,True,21,18
275,0.13823263668504435,True,21,18
277,0.044885993412820985,False,21,18
279,0.25161523592944673,True,21,18
282,0.0691832086911891,False,21,18
284,0.07369189323216868,False,21,18
285,0.22885257277748164,True,21,18
304,0.43256737539271534,True,21,18
314,0.1696418284044651,True,21,18
316,0.014581488013266905,False,21,18
323,0.38863161778613065,True,21,18
326,0.19357871509484179,True,21,18
330,0.2704793760702188,True,21,18
331,0.4826638036220337,True,21,18
332,0.30666454113756436,True,21,18
337,0.41599307342177966,True,21,18
341,0.6014508366735888,True,21,18
342,0.09799676822195973,True,21,18
345,0.21841085386137002,True,21,18
346,0.1760483123556628,True,21,18
347,0.24853690873506165,True,21,18
348,0.026585215384753374,False,21,18
350,0.31662609455850255,True,21,18
351,0.013975199797223295,False,21,18
352,0.039904173134994746,False,21,18
353,0.13311272703739838,True,21,18
354,-0.010470399941707806,False,21,18
355,0.3329473607415134,True,21,18
356,0.31144554963467613,True,21,18
357,0.02339649097707688,False,21,18
361,0.2317206540906678,True,21,18
362,0.0788715537820212,False,21,18
365,0.12148319969176928,True,21,18
366,0.08226170339319279,False,21,18
367,0.1107579094475809,True,21,18
370,0.13695792632506132,True,21,18
374,0.23747819903106823,True,21,18
376,0.013691616971885296,False,21,18
378,-0.00034867313345450225,False,21,18
381,0.480656562566971,True,21,18
382,0.13840972561540277,True,21,18
383,0.1407268623343966,True,21,18
384,0.16773186244122443,True,21,18
386,0.29323536683144935,True,21,18
387,0.09244242093984752,False,21,18
388,0.015865035115012187,False,21,18
389,0.10282060680157203,True,21,18
390,0.18692777061374208,True,21,18
391,0.21182883140802955,True,21,18
392,0.08786576111779337,False,21,18
393,0.05287419368699192,False,21,18
394,0.0946053563609399,False,21,18
396,0.18380143660980228,True,21,18
398,0.09308305162320141,False,21,18
399,0.2346748636393116,True,21,18
400,0.14138584241480107,True,21,18
401,0.09443254845415422,False,21,18
402,0.12893400668730876,True,21,18
403,0.037697112081472424,False,21,18
404,0.12554607906114332,True,21,18
409,0.06560161978485023,False,21,18
419,0.04593693216721051,False,21,18
431,0.015000364690912713,False,21,18
434,0.09108169714810495,False,21,18
436,0.07320134914349345,False,21,18
439,0.026287906959817132,False,21,18
441,0.04293194280538288,False,21,18
442,0.056475872741294904,False,21,18
443,0.042532389121003406,False,21,18
444,-0.004464104616760406,False,21,18
446,0.09370047200059158,False,21,18
447,0.03719479749278639,False,21,18
450,0.05561039107475783,False,21,18
451,0.11415111800652354,True,21,18
452,0.09307172532214913,False,21,18
453,0.3436136246363078,True,21,18
454,0.049726545403772804,False,21,18
455,-0.018964454435624563,False,21,18
459,0.02570278509685389,False,21,18
460,-0.014867151227832104,False,21,18
461,0.04421417569080058,False,21,18
462,0.1599093269526739,True,21,18
463,0.10032905464079013,True,21,18
465,0.03715538036593307,False,21,18
467,-0.03284724868986067,False,21,18
469,0.004592685897100875,False,21,18
470,0.058018007088726654,False,21,18
471,-0.00845936662465486,False,21,18
474,0.10103843479962477,False,21,18
496,0.009002665400919258,False,21,18
499,0.08909681283760866,False,21,18
501,0.03937606121685066,False,21,18
503,0.023857273843748982,False,21,18
509,0.03825602448928262,False,21,18
14,0.0030475864848728313,False,21,20
22,0.04214504477719442,False,21,20
36,0.013484170802927796,False,21,20
39,0.018124991328253015,False,21,20
40,0.050492554052608725,False,21,20
43,0.4187025161132931,True,21,20
46,0.3087529309848241,True,21,20
48,0.057815035678227183,False,21,20
49,0.07730837313248855,False,21,20
50,0.3853360153676413,True,21,20
51,0.10669300881720944,True,21,20
53,0.41592568837412425,True,21,20
54,0.15276596470195894,True,21,20
55,0.2801501470217163,True,21,20
58,0.1887425382273564,True,21,20
59,0.3524434753228733,True,21,20
60,0.49525080624473444,True,21,20
62,0.17875917296364227,True,21,20
63,-0.005304721057651646,False,21,20
67,0.11515924768121932,True,21,20
68,0.05471864177469512,False,21,20
69,0.13807054358969442,True,21,20
71,0.055065982596265974,False,21,20
73,0.6044956768771422,True,21,20
74,-0.006937191412656546,False,21,20
76,0.09067062663587705,False,21,20
77,0.11938653486019866,True,21,20
78,0.17800222729587148,True,21,20
80,0.2534921585983612,True,21,20
81,0.1638816528100992,True,21,20
83,0.14927958382423945,True,21,20
84,0.11967721868795174,True,21,20
85,0.03158134823240962,False,21,20
89,-0.043178915647616334,False,21,20
90,-0.002938856869485723,False,21,20
92,-0.005786753012286209,False,21,20
93,0.01306051087133154,False,21,20
94,0.09982127902229804,False,21,20
95,0.06678347991268385,False,21,20
96,0.215372319437676,True,21,20
97,0.03240655249583124,False,21,20
98,0.23289684674215735,True,21,20
99,0.06345688405954014,False,21,20
100,0.11319281039358159,True,21,20
103,0.12924371821282957,True,21,20
105,0.3088246321336605,True,21,20
106,-0.02085888994191092,False,21,20
108,0.150638487286333,True,21,20
109,0.023168131194996056,False,21,20
110,0.09239331524768318,False,21,20
111,-0.011864944953714035,False,21,20
112,0.3519454606652772,True,21,20
113,0.10258596351342592,True,21,20
114,0.01923449493826575,False,21,20
115,0.09525530015537031,True,21,20
116,0.11460360007162858,False,21,20
117,0.043349807904315134,False,21,20
118,0.012735622015816997,False,21,20
119,0.05499047080442532,False,21,20
122,0.13303172892744078,True,21,20
123,0.016100369150701482,False,21,20
124,0.27804109627272844,True,21,20
125,0.045446297411118254,False,21,20
126,0.13006360231602196,True,21,20
127,0.3178038049321177,True,21,20
128,0.04601934856262007,False,21,20
129,0.08998020477093087,False,21,20
131,0.03530413929812176,False,21,20
132,0.10390703002460751,False,21,20
136,0.13707367890562483,True,21,20
137,0.14003628256095202,True,21,20
140,0.3407679770913299,True,21,20
142,0.25800197336076724,True,21,20
143,-0.019914156876114315,False,21,20
144,0.0805152111311467,False,21,20
145,0.02603090373444712,False,21,20
146,0.015572174017940555,False,21,20
147,0.24921705267707375,True,21,20
148,-0.00714906556470899,False,21,20
149,0.06407697899413145,False,21,20
150,0.2174900712942701,True,21,20
151,0.22135978068064166,True,21,20
152,-0.011878037301274283,False,21,20
153,0.02391452476665475,False,21,20
154,0.1781890154845606,True,21,20
158,0.18252687038319473,True,21,20
159,0.20561088114513434,True,21,20
160,0.12567154893986657,True,21,20
161,0.11192504603713306,True,21,20
162,-0.01929296153572189,False,21,20
164,-0.06793470887533191,False,21,20
169,0.14655882694673256,True,21,20
170,0.14254628095721658,True,21,20
171,0.279539120094294,True,21,20
172,0.06310357509316092,False,21,20
173,0.19443869687933965,True,21,20
174,0.2453885606955495,True,21,20
175,0.061496525563209524,False,21,20
179,0.1547367688003,True,21,20
180,0.03697337228417652,False,21,20
181,0.22775606484015376,True,21,20
182,0.07751250843952674,False,21,20
183,0.37266689702153394,True,21,20
187,-0.03258643958121088,False,21,20
189,-0.0012748208382039373,False,21,20
190,0.35489348145647304,True,21,20
191,0.18379105508579618,True,21,20
192,0.24067430774848145,True,21,20
194,0.18607232562922268,True,21,20
195,0.2030102996213874,True,21,20
196,0.2659607336231394,True,21,20
197,0.059207768662718714,False,21,20
198,0.06929574313696613,False,21,20
199,0.08125915292117325,False,21,20
201,0.16559984971548297,True,21,20
203,0.35331813677583673,True,21,20
204,-0.03954591740069,False,21,20
205,-0.02392924316013344,False,21,20
210,0.27301012278693615,True,21,20
211,0.08091607513300998,False,21,20
215,0.5267907798687489,True,21,20
216,0.43879105305909577,True,21,20
217,0.3999423411310576,True,21,20
218,0.2776834181234533,True,21,20
220,0.041709793365888766,False,21,20
221,0.43889049726514173,True,21,20
225,0.21988802685035172,True,21,20
226,0.2064772215925084,True,21,20
227,0.16296530113693178,True,21,20
232,0.16001844847545346,True,21,20
233,0.09664452015075957,False,21,20
235,0.07387647892890646,False,21,20
236,0.4966522842814431,True,21,20
237,0.23468564393130675,True,21,20
239,0.11425822693004804,True,21,20
240,0.11646319732958288,True,21,20
243,0.1736586902448928,True,21,20
244,0.05015494008312565,False,21,20
245,0.2700090868435068,True,21,20
246,0.18869635629337486,True,21,20
247,0.1580408585031223,True,21,20
248,0.13357277060515887,True,21,20
249,0.18103809552228853,True,21,20
250,0.2792686422758151,True,21,20
252,0.20376759408826572,True,21,20
253,0.3300751068057497,True,21,20
254,0.20470320174045642,True,21,20
256,0.30001655633301394,True,21,20
257,0.1544091299029089,True,21,20
259,0.24890177024894108,True,21,20
260,0.33878612247034595,True,21,20
267,0.04122544160566644,False,21,20
268,0.4439623547287151,True,21,20
271,0.10786946356300942,False,21,20
272,0.43638683701198144,True,21,20
273,0.10213456580397258,True,21,20
274,0.07051453794906752,False,21,20
276,0.013454848410031665,False,21,20
278,0.5458791641713285,True,21,20
279,0.33392857455904407,True,21,20
280,0.17666330312205777,True,21,20
281,0.08969637765847573,False,21,20
282,0.48051103811720974,True,21,20
284,0.5815695079626684,True,21,20
286,0.7216264174901782,True,21,20
287,0.5264281237484466,True,21,20
288,0.15003329287093892,True,21,20
290,0.1877064365862315,True,21,20
291,0.2651149842049415,True,21,20
293,0.23692567962120203,True,21,20
295,0.2274512340222936,True,21,20
298,0.6957116335223108,True,21,20
300,0.28739891263617195,True,21,20
301,0.2507281969523713,True,21,20
303,0.48491925625710114,True,21,20
304,0.15223618204117662,True,21,20
305,0.36289191600573695,True,21,20
306,0.1842413055296173,True,21,20
308,0.29357649027717575,True,21,20
309,0.1641382764010846,True,21,20
312,0.382863347446635,True,21,20
313,0.39219656799718283,True,21,20
314,0.5660566217063083,True,21,20
317,0.30560512984830773,True,21,20
318,-0.010819206589466257,False,21,20
319,0.16547402656953877,True,21,20
321,0.1132448196132053,True,21,20
327,0.21524011334417237,True,21,20
328,0.5880859074636627,True,21,20
329,0.026632833029005445,False,21,20
330,0.14828044129479875,True,21,20
331,0.053013754229758826,False,21,20
332,0.3428304024103668,True,21,20
337,0.1135552469781017,True,21,20
338,0.015179642255185047,False,21,20
341,0.023420292136626,False,21,20
342,-0.040086976413446496,False,21,20
343,0.055507111090524426,False,21,20
348,0.16199288375789297,True,21,20
349,0.3061466747454225,True,21,20
350,-0.06631451216496577,False,21,20
351,0.15394596270526575,True,21,20
353,0.19182353272301525,True,21,20
358,0.05568652450893533,False,21,20
359,0.1405519737384711,False,21,20
364,0.09660983261369717,False,21,20
365,-0.036991502706250935,False,21,20
366,0.3573289865472347,True,21,20
368,0.2386265243981961,True,21,20
371,0.5007574834886734,True,21,20
372,0.26073438876552596,True,21,20
373,0.20457121366854983,True,21,20
374,0.4656606747584801,True,21,20
375,0.3917172774258873,True,21,20
377,0.5636204790131518,True,21,20
378,0.09516540415684988,False,21,20
379,0.6890696790132443,True,21,20
380,0.03159603349955509,False,21,20
382,0.1197799712816242,False,21,20
383,0.5168025202225475,True,21,20
385,0.08962236976408981,False,21,20
386,0.7173613322770045,True,21,20
387,0.1762955854378091,True,21,20
388,0.07107529613596329,False,21,20
389,0.2980596755905391,True,21,20
392,0.3321544677142101,True,21,20
394,0.47351777726506045,True,21,20
397,0.23718323675318975,True,21,20
400,0.08407178123697819,False,21,20
401,0.22702237642626957,True,21,20
403,-0.005416216886449538,False,21,20
407,0.19498291913177793,True,21,20
410,0.35670598645814006,True,21,20
412,0.26316397610114345,True,21,20
420,-0.008353241128956171,False,21,20
426,0.37950376595959906,True,21,20
429,0.18080614869341524,True,21,20
432,0.05111708878389074,False,21,20
433,0.1807747647157634,True,21,20
434,0.1600382005114108,True,21,20
438,-0.026617154990395037,False,21,20
439,0.07986704635741936,False,21,20
443,0.11535939736519484,True,21,20
445,0.17337376605929863,True,21,20
450,0.049156710376306055,False,21,20
452,0.36779877651287857,True,21,20
459,0.02920692674447109,False,21,20
460,0.027402400302619936,False,21,20
462,0.16957084896015354,True,21,20
464,0.14322329071984943,True,21,20
470,0.42856368863650857,True,21,20
473,0.058397648758700536,False,21,20
475,0.24006356846956958,True,21,20
476,0.1694832938262901,True,21,20
477,0.46923678119452156,True,21,20
478,0.24912007382619417,True,21,20
480,0.2503967832137662,True,21,20
481,0.01029800395780017,False,21,20
482,0.09388079885959011,False,21,20
483,0.2864140235500184,True,21,20
484,0.4155516898811225,True,21,20
486,0.5680154789142758,True,21,20
487,-0.059000557292164364,False,21,20
490,0.5667626014580874,True,21,20
494,0.2107263355125244,True,21,20
495,0.009900793510092858,False,21,20
496,-0.038122520684097695,False,21,20
498,0.1090008876387667,False,21,20
501,0.36636776043734276,True,21,20
504,0.09402061705836696,False,21,20
505,0.09487661390154406,False,21,20
506,0.03515055728543161,False,21,20
507,0.38061770198356676,True,21,20
509,-0.014936621154142534,False,21,20
510,0.3502613928835296,True,21,20
512,0.1366551387338439,True,21,20
515,0.22314194956054167,True,21,20
517,0.15454300458352074,True,21,20
518,0.08002673085228386,False,21,20
519,0.49786091426113926,True,21,20
522,0.09780828646296967,False,21,20
523,0.015166819666285455,False,21,20
524,0.12159498841794691,False,21,20
525,0.1721719953142453,True,21,20
526,0.03780960862062959,False,21,20
528,0.04444547334577555,False,21,20
529,0.0792628299163984,False,21,20
530,-0.04565431159731579,False,21,20
531,0.09296018170242788,False,21,20
532,0.1362991046266828,True,21,20
533,0.38751086874542806,True,21,20
535,0.25579185936358056,True,21,20
536,0.33170196933548257,True,21,20
540,0.06061131284992352,False,21,20
542,0.0742140759401461,False,21,20
543,0.114172002307789,True,21,20
550,0.2004951626292415,True,21,20
556,0.22212950055016525,True,21,20
558,0.0996219397908259,False,21,20
563,0.11917476360060343,True,21,20
565,0.03404722920758004,False,21,20
566,0.019849189983679617,False,21,20
570,0.023034090960910112,False,21,20
573,0.17363876636579909,True,21,20
576,0.01960164312587666,False,21,20
577,0.07180803313205326,False,21,20
580,0.10396051898865084,False,21,20
581,0.16667906121796028,True,21,20
582,0.10894245477199704,True,21,20
583,-0.05614388603369056,False,21,20
586,0.0958887526222378,False,21,20
587,0.13164754245831833,True,21,20
589,-0.03546586740757215,False,21,20
590,0.013437623587148754,False,21,20
591,0.02315355086173687,False,21,20
594,0.11184953281130727,True,21,20
595,0.23051561688747393,True,21,20
598,0.025640314664030394,False,21,20
601,0.17446295592687058,True,21,20
604,0.044510129716686476,False,21,20
605,0.45452822054146913,True,21,20
606,0.0184074799921881,False,21,20
607,0.41525484304196936,True,21,20
609,0.45221517695532604,True,21,20
611,0.10542904181071344,True,21,20
616,0.12074676805890512,True,21,20
620,0.03291491403825708,False,21,20
622,0.10279471534121798,False,21,20
623,0.03230567558588227,False,21,20
624,0.26522910607257605,True,21,20
626,0.03174095378702396,False,21,20
0,0.06718955198248237,False,21,21
15,0.031144845858071507,False,21,21
16,-0.06794046710588016,False,21,21
17,0.08481085839111097,False,21,21
18,0.0467168977922831,False,21,21
21,-0.03820058394612746,False,21,21
22,0.09026108747179407,False,21,21
23,-0.004887541199545427,False,21,21
24,-0.04667982525413974,False,21,21
27,-0.07302041829153572,False,21,21
29,0.05455116770576968,False,21,21
30,0.011475503439090826,False,21,21
31,0.1418648719299649,False,21,21
34,0.013638323798776044,False,21,21
75,0.03424081844582728,False,21,21
77,0.046676093718008044,False,21,21
86,0.10198526383691549,False,21,21
96,0.19907112322065335,True,21,21
97,0.25065798064658096,True,21,21
100,-0.05206886187467141,False,21,21
105,0.15488512107145352,True,21,21
108,0.06685543984005878,False,21,21
109,0.08356190302541987,False,21,21
113,-0.011730511754207114,False,21,21
114,0.3517908092536026,True,21,21
116,0.023802159432429,False,21,21
120,0.4223558953737716,True,21,21
122,0.5479930349993828,True,21,21
123,0.055099571123401435,False,21,21
126,-0.010567285892891605,False,21,21
128,0.1929003073878074,True,21,21
129,0.18682572153265106,True,21,21
130,0.7038466211509244,True,21,21
131,0.08693649267927224,False,21,21
134,0.11742697835911615,False,21,21
135,0.16753114802129865,True,21,21
138,0.22815180292208528,True,21,21
139,0.126434483579459,False,21,21
140,0.1262524470200644,False,21,21
144,0.6131818483865499,True,21,21
145,0.5825309802031624,True,21,21
146,0.22487082323416693,True,21,21
149,0.19047726542167484,True,21,21
150,0.2810058093214303,True,21,21
151,-0.08404376087159966,False,21,21
152,0.07821304392592929,False,21,21
155,0.30996896507866273,True,21,21
157,0.12143622249942472,False,21,21
158,0.09404313013542893,False,21,21
160,-0.027725023842749344,False,21,21
163,0.0961079929773232,False,21,21
164,0.5153498978088061,True,21,21
169,-0.11707373918798793,False,21,21
170,0.044662371926938386,False,21,21
172,0.21233281165238574,True,21,21
175,0.12948075511568075,False,21,21
177,0.08059612284000224,False,21,21
178,0.06355611923240831,False,21,21
183,0.41750977467186895,True,21,21
185,0.24487952350902145,True,21,21
188,0.28426510833279145,True,21,21
189,0.08395585600520428,False,21,21
190,0.034507921736009625,False,21,21
193,0.007515206740344108,False,21,21
195,0.222080072845672,True,21,21
196,0.4305584780365204,True,21,21
197,0.18393041063055873,True,21,21
199,0.029093413126887235,False,21,21
200,0.18606758365726342,True,21,21
201,0.5640002839052148,True,21,21
202,0.11530211087199958,False,21,21
203,0.5723823975624521,True,21,21
205,0.335051063942631,True,21,21
206,0.2406404502811518,True,21,21
207,0.6845317898872189,True,21,21
208,0.4735073077934812,True,21,21
209,0.5460401288673253,True,21,21
210,0.2116026765997965,True,21,21
211,0.3105352183359646,True,21,21
212,0.033171543275777836,False,21,21
213,0.6085910133890643,True,21,21
214,0.29835504131806934,True,21,21
215,0.45779566004248995,True,21,21
218,0.5626740806892158,True,21,21
219,0.6645928168898044,True,21,21
220,0.2759857662607445,True,21,21
221,0.5041290589626158,True,21,21
222,0.5069776851129747,True,21,21
223,0.39133640362485766,True,21,21
224,0.13852531105033794,False,21,21
227,0.09138234313616017,False,21,21
234,0.3898900852881084,True,21,21
236,0.1802293892855206,True,21,21
237,0.07695288269156837,False,21,21
241,0.5442557255083292,True,21,21
245,0.5856788031077015,True,21,21
246,0.13471100405671266,False,21,21
247,0.5423750951556087,True,21,21
248,0.31376223591694763,True,21,21
251,0.1396066536244299,False,21,21
252,0.13872019762612922,True,21,21
253,0.7505722510598266,True,21,21
254,0.4213315771040482,True,21,21
255,0.1509923325182382,False,21,21
258,0.0057306300022235595,False,21,21
259,0.3362170116955341,True,21,21
262,0.2179916522270362,True,21,21
263,0.10464553889428975,False,21,21
264,0.4680506364236671,True,21,21
265,0.4638855400124871,True,21,21
266,0.4883011093313723,True,21,21
268,-0.016863526015672318,False,21,21
272,0.4271597975834626,True,21,21
274,0.4553900045434323,True,21,21
275,0.15767287919528794,True,21,21
276,0.3928903766384583,True,21,21
278,0.24443349940860518,True,21,21
280,0.3822345542433036,True,21,21
281,0.5043970421423066,True,21,21
282,0.38048399063802235,True,21,21
283,0.6041523451046383,True,21,21
284,0.4968954318107071,True,21,21
286,0.3414591727818202,True,21,21
287,0.33054194634817186,True,21,21
288,0.6347238116782496,True,21,21
289,0.4102038861338618,True,21,21
291,0.23384511491460666,True,21,21
292,0.609024444500576,True,21,21
293,0.23421323687651774,True,21,21
294,0.1702389190082033,True,21,21
295,0.42278026124222756,True,21,21
296,0.29444533768837394,True,21,21
302,0.29215850635487683,True,21,21
306,0.4897854373723383,True,21,21
307,0.513833801398568,True,21,21
308,0.4981145447620034,True,21,21
309,0.2902360954190451,True,21,21
311,0.061305483429294205,False,21,21
313,0.16538429449574435,True,21,21
316,0.2667216707823306,True,21,21
318,0.17319534968591457,True,21,21
319,0.3239286712662371,True,21,21
320,0.2554620805009961,True,21,21
321,0.142957020315861,False,21,21
322,0.162992199407352,True,21,21
325,0.24591885205125197,True,21,21
326,0.4257922631025444,True,21,21
329,-0.02642880571298156,False,21,21
330,0.09899526975884114,False,21,21
333,0.2375368047789251,True,21,21
334,0.2473200836004008,True,21,21
337,0.22734110379180159,True,21,21
339,0.07703778532599455,False,21,21
341,0.05992040112376023,False,21,21
342,0.06788593096501107,False,21,21
345,0.010006324662955654,False,21,21
346,0.12909104481935343,False,21,21
347,0.4937700572132638,True,21,21
348,0.06702658121772644,False,21,21
349,0.05052699724562478,False,21,21
350,0.5100226579211569,True,21,21
351,0.21024869212207276,True,21,21
353,-0.0015206344811091593,False,21,21
355,0.27292161276349775,True,21,21
356,0.26072233521833676,True,21,21
357,-0.03902308616648515,False,21,21
358,0.07864768579097749,False,21,21
359,0.15669073898916797,False,21,21
360,-0.052617223235409814,False,21,21
361,0.26216336058337947,True,21,21
362,0.32818247406684203,True,21,21
363,0.5825130436212983,True,21,21
368,0.5526418882731313,True,21,21
369,0.03718497419127913,False,21,21
370,0.14459214101933962,True,21,21
373,0.09189437096387186,False,21,21
379,0.39350377508489415,True,21,21
381,0.21897014921667513,True,21,21
382,0.3237835836781912,True,21,21
384,0.04936038269959835,False,21,21
388,0.5528445782601716,True,21,21
389,0.47990873152472907,True,21,21
390,0.06254091093698379,False,21,21
394,0.20973115601814699,True,21,21
396,0.034640335110025906,False,21,21
397,0.33229214931780565,True,21,21
405,0.3548623814229077,True,21,21
410,0.05080516827829018,False,21,21
414,-0.07334618170693014,False,21,21
415,0.47998309990163673,True,21,21
416,0.21473914327138297,True,21,21
417,0.09937028276595894,False,21,21
418,0.4089881036276988,True,21,21
423,-0.027876715204819505,False,21,21
428,-0.08898147656126382,False,21,21
430,-0.12279061624783583,False,21,21
432,0.2169021189576972,True,21,21
433,0.1368886953232456,False,21,21
435,0.03855323430683521,False,21,21
436,0.2636591564746719,True,21,21
437,0.022027222902306118,False,21,21
438,0.22949519182004993,True,21,21
439,0.17246925661778234,True,21,21
443,0.0015376793291130564,False,21,21
444,0.2784978447990677,True,21,21
447,0.523052747310364,True,21,21
448,0.33419093626182045,True,21,21
449,0.4327674990990958,True,21,21
450,0.5262459208369578,True,21,21
451,0.518211203381775,True,21,21
453,0.1301293509640953,False,21,21
454,0.07452976787004185,False,21,21
455,0.012465331042754843,False,21,21
457,0.010582619340935148,False,21,21
460,0.3544717479864628,True,21,21
461,0.18479919649899582,False,21,21
462,0.5797777358250484,True,21,21
464,0.40280284925161486,True,21,21
466,0.40898331621573103,True,21,21
467,0.40142459470769554,True,21,21
468,0.03845886831224215,False,21,21
469,0.6648903513960743,True,21,21
470,0.01220863780477568,False,21,21
471,-0.061809485264415175,False,21,21
475,0.3718139106610485,True,21,21
478,-0.07565916852753957,False,21,21
479,0.04592204092071489,False,21,21
481,0.07475582528043685,False,21,21
483,-0.02831145201198317,False,21,21
486,0.3392327299097031,True,21,21
487,0.329524819177182,True,21,21
488,0.4014066770142945,True,21,21
489,0.18603101784083176,True,21,21
490,-0.026836160321019927,False,21,21
491,0.45080130355355474,True,21,21
493,0.09994215732003688,False,21,21
496,0.09531804785615268,False,21,21
498,0.04603187155759231,False,21,21
502,0.13343535619722155,False,21,21
503,0.18219354878846403,True,21,21
504,0.11533646068778225,False,21,21
505,-0.10147994448218643,False,21,21
506,-0.018002362484993966,False,21,21
507,0.30605497332549864,True,21,21
510,0.3010687237693553,True,21,21
511,0.011844577944671952,False,21,21
512,0.06859819180543587,False,21,21
514,0.1738622699530956,False,21,21
515,0.03214205411188833,False,21,21
518,0.26644431945914165,True,21,21
519,0.15079942615895536,False,21,21
520,0.30042690701118385,True,21,21
521,0.2207378762801849,True,21,21
522,0.32777118843279957,True,21,21
525,-0.04503226867664648,False,21,21
527,0.32777554401524306,True,21,21
529,0.1047093804345494,False,21,21
531,0.05219613465525907,False,21,21
534,0.1454483625220467,True,21,21
536,0.0943838847632924,False,21,21
538,0.11750592817554557,False,21,21
539,-0.02474138047540027,False,21,21
544,0.20274003809846577,True,21,21
545,0.14951060955652137,False,21,21
546,-0.07943475815297968,False,21,21
547,0.1351277772833811,False,21,21
548,0.018055061798552274,False,21,21
549,-0.013221941423559695,False,21,21
555,-0.027572369374492627,False,21,21
556,0.04294373512034344,False,21,21
557,0.16003333780646053,False,21,21
558,0.31806712249934127,True,21,21
559,0.05457105820351055,False,21,21
560,0.04664767106928022,False,21,21
562,0.19751537083286666,True,21,21
564,0.07614519678332228,False,21,21
565,0.1980860500941359,True,21,21
566,0.16072990312090196,True,21,21
567,0.11706734655652652,False,21,21
568,0.08047998577579127,False,21,21
569,-0.09069615129846882,False,21,21
571,0.1553538786982364,True,21,21
574,0.16425050777434086,True,21,21
575,0.0629598515580682,False,21,21
576,0.2717581117723101,True,21,21
577,-0.060195019707184494,False,21,21
579,0.271885931559081,True,21,21
581,0.03865602611354446,False,21,21
583,0.15502479903355185,False,21,21
584,0.010483582030823451,False,21,21
586,0.09890720946104492,False,21,21
587,-0.025036730840760437,False,21,21
588,0.44804258125142754,True,21,21
590,-0.004207479951788538,False,21,21
591,0.19527721523378158,True,21,21
592,0.08614549821039859,False,21,21
594,0.3596994610566595,True,21,21
595,-0.09093051529833336,False,21,21
598,0.027104635492019122,False,21,21
599,-0.03422058649724268,False,21,21
602,0.2546785573948476,True,21,21
603,0.23756617059151228,True,21,21
606,0.024435054676445956,False,21,21
607,0.11576358957599803,False,21,21
608,0.0760901643368476,False,21,21
609,0.02412396863977054,False,21,21
611,-0.005043478138724573,False,21,21
612,0.08215208944172527,False,21,21
614,0.04110790396918484,False,21,21
615,0.32870640120286,True,21,21
616,0.012229733348121581,False,21,21
617,0.07743862624163457,False,21,21
621,0.14586929788769462,False,21,21
622,0.07350269047166896,False,21,21
623,0.11830088603976811,False,21,21
624,0.017628118315053853,False,21,21
625,0.22671023107822377,True,21,21
628,0.1570179939395302,False,21,21
629,0.0927306840850808,False,21,21
630,-0.041012216828586245,False,21,21
631,0.27823714268851835,True,21,21
632,0.24250880519772536,True,21,21
633,0.28566474977138095,True,21,21
636,0.15652094148155174,False,21,21
639,0.04534165394390873,False,21,21
640,-0.10916987676882751,False,21,21
644,-0.08850256785436554,False,21,21
646,-0.07030257259526003,False,21,21
647,0.1253088370724523,False,21,21
653,0.0974690709050741,False,21,21
654,-0.017371883006192343,False,21,21
655,0.15752306898613733,True,21,21
656,0.13958579219044945,False,21,21
658,0.0968866008776873,False,21,21
659,0.1788434363061113,True,21,21
661,-0.005838317255555618,False,21,21
662,0.115279149459395,False,21,21
663,0.07152678794932871,False,21,21
664,-0.05234144207034184,False,21,21
665,0.22098999447065007,True,21,21
5,-0.03574690428793595,False,21,22
6,0.044699865305586305,False,21,22
12,0.12072508129915153,True,21,22
13,-0.05292654407803323,False,21,22
15,0.061243530163319154,False,21,22
16,-0.029524444493625412,False,21,22
17,0.0033364441307235948,False,21,22
18,0.05456058188899504,False,21,22
26,0.09242882110060165,False,21,22
27,0.07460721638655808,False,21,22
30,0.06439616201442457,False,21,22
33,0.10817652021017633,True,21,22
34,-0.06580842076595346,False,21,22
40,0.06523312332111553,False,21,22
43,0.011738597291986999,False,21,22
44,0.069690146194564,False,21,22
48,0.04404601095468678,False,21,22
49,-0.0799782367959162,False,21,22
51,-0.05289365457323449,False,21,22
52,0.008729238584333538,False,21,22
53,0.10143007616920603,True,21,22
55,0.01750761638548815,False,21,22
56,-0.012552578640605957,False,21,22
57,-0.02477675941725856,False,21,22
59,0.06724936491982707,False,21,22
61,0.16665302399256307,True,21,22
62,-0.01677703963437079,False,21,22
63,-0.01576664744228472,False,21,22
64,0.09765159359418897,True,21,22
66,0.05840213063825165,False,21,22
70,0.12849508095400153,True,21,22
71,-0.02046214424063853,False,21,22
74,-0.03893874176963867,False,21,22
75,-0.013346037414824569,False,21,22
77,0.019811181553721954,False,21,22
81,0.03274892907230998,False,21,22
83,0.005849397032700089,False,21,22
84,-0.037618809544606564,False,21,22
93,0.08416233840569128,False,21,22
103,-0.0020567363842384917,False,21,22
104,0.008845092726637518,False,21,22
107,-0.001626294346567037,False,21,22
108,0.0787891122319271,False,21,22
109,0.41237328040298715,True,21,22
110,-0.011753440885865565,False,21,22
112,0.08424723828127186,False,21,22
115,0.022553338355576696,False,21,22
116,0.037231861788447285,False,21,22
118,-0.04039945248994846,False,21,22
120,0.0419273943509633,False,21,22
124,0.03165816229303193,False,21,22
131,0.07503625670028126,False,21,22
132,-0.010677601529846622,False,21,22
135,-0.020947054260664132,False,21,22
141,0.03721019360593303,False,21,22
151,0.006312096178715687,False,21,22
153,0.014943219002677402,False,21,22
154,-0.046525313616470464,False,21,22
155,0.07521801725692306,False,21,22
156,-0.00020080917610623694,False,21,22
157,0.05326871074816817,False,21,22
159,0.04239156100535472,False,21,22
162,0.0309477645090412,False,21,22
165,0.05710879410859899,False,21,22
166,0.03177899999000919,False,21,22
167,-0.014567635407293007,False,21,22
168,0.06610412130080172,False,21,22
169,-0.049028612203274126,False,21,22
171,0.07877860284307592,False,21,22
172,0.07038834167388099,False,21,22
173,0.040901659609832774,False,21,22
175,0.0008033947643027282,False,21,22
176,0.04629452160137568,False,21,22
177,-0.028376849820124048,False,21,22
178,0.02680220940242686,False,21,22
179,0.02048743318880367,False,21,22
180,0.05797178373194836,False,21,22
181,-0.006307096037639512,False,21,22
182,0.05017015897918794,False,21,22
183,0.050369645696256134,False,21,22
186,0.04690484641176134,False,21,22
187,0.009120500398886365,False,21,22
188,0.055544926164089986,False,21,22
189,0.044186285420144,False,21,22
190,0.0020463721117133494,False,21,22
191,0.035472128951416104,False,21,22
192,0.08718102671812426,False,21,22
193,0.03934853031556099,False,21,22
195,0.05897220395357213,False,21,22
196,0.01888389952191274,False,21,22
197,0.057451956018753116,False,21,22
198,-0.01661002746540297,False,21,22
199,0.061830567595467394,False,21,22
200,0.049492682984023435,False,21,22
201,0.0773130101526398,False,21,22
228,0.06469703127388483,False,21,22
229,0.21954497168849876,True,21,22
235,0.1951385877772894,True,21,22
242,0.2036363448019566,True,21,22
249,0.053725044234385816,False,21,22
250,0.3665045451621609,True,21,22
251,-0.05800295860120327,False,21,22
252,0.03705996612738836,False,21,22
255,0.06092191847337459,False,21,22
257,0.10418955162614511,False,21,22
258,0.010440372616128022,False,21,22
260,0.013806033852564265,False,21,22
261,0.07330998096245539,False,21,22
265,0.0018273845512563104,False,21,22
269,0.017822082386418553,False,21,22
270,-0.032846088917930887,False,21,22
272,0.011591272632311312,False,21,22
275,0.005770029705352985,False,21,22
276,0.04687525664437564,False,21,22
277,-0.02364899885882965,False,21,22
278,0.05003679830479089,False,21,22
279,0.06194723140827959,False,21,22
280,0.001814392783074927,False,21,22
281,0.023760847020105797,False,21,22
282,0.03636066017909682,False,21,22
284,-0.04155621399133503,False,21,22
285,-0.06482702966420183,False,21,22
286,-0.02421885201628422,False,21,22
288,0.139844097875918,True,21,22
290,0.06423227903212814,False,21,22
294,0.08474049436167365,False,21,22
295,-0.006846752499507572,False,21,22
296,-0.0010599922624932312,False,21,22
297,0.043229698989609856,False,21,22
299,0.04083797863312404,False,21,22
300,-0.0207519239332952,False,21,22
301,0.018106685911477998,False,21,22
304,0.004068798236253224,False,21,22
305,0.03708619536996944,False,21,22
306,0.10483845347130966,False,21,22
309,0.0424725109654245,False,21,22
310,0.07290718054396253,False,21,22
311,0.04637485822201465,False,21,22
313,-0.035379809384018746,False,21,22
314,0.05558182901885456,False,21,22
318,0.1634431820369968,True,21,22
319,0.11914806745228028,True,21,22
327,0.08396822748893733,False,21,22
332,0.06325870470305109,False,21,22
334,0.10318858551121556,True,21,22
335,-0.020547977589126323,False,21,22
337,0.021832954720727642,False,21,22
338,0.03964072160866976,False,21,22
339,0.05861140277124022,False,21,22
341,0.08742892481251123,False,21,22
342,0.047885756037114334,False,21,22
344,0.04061142325165919,False,21,22
347,-0.0814619293623479,False,21,22
349,-0.028360831809240594,False,21,22
351,0.0742863855549263,False,21,22
353,0.041921910490980964,False,21,22
355,-0.05003969520122509,False,21,22
357,0.15903532342648022,True,21,22
366,0.05922437736797723,False,21,22
368,0.020946486450267744,False,21,22
371,0.007376279877902267,False,21,22
372,0.08103586353528894,False,21,22
378,0.07411612721524316,False,21,22
386,0.08848405644757394,False,21,22
8,-0.013034073908258482,False,21,23
14,0.2962944379202403,True,21,23
15,0.2746636320586679,True,21,23
17,-0.04403216570068591,False,21,23
20,0.11726021335149832,True,21,23
34,0.40383038179607667,True,21,23
36,0.09297259998565473,False,21,23
37,0.07567586117404068,False,21,23
39,0.14512218219466086,True,21,23
40,0.0925402122571316,False,21,23
41,-0.040415053556163226,False,21,23
42,0.06395948764321628,False,21,23
44,0.21325485273088107,True,21,23
46,0.2315630735499313,True,21,23
48,0.10071799543828269,True,21,23
53,0.06988719760291937,False,21,23
54,0.29496618380754575,True,21,23
56,0.19174361779424542,True,21,23
65,0.01281110720356559,False,21,23
66,0.10316658395535384,True,21,23
67,0.16725395160824288,True,21,23
68,0.0938434408713391,False,21,23
69,0.07535386408946464,False,21,23
70,0.2502185401749168,True,21,23
71,0.23435285452611251,True,21,23
72,0.03342547312001618,False,21,23
73,0.0453214100809701,False,21,23
74,0.11342486314816676,True,21,23
75,0.20811826149413068,True,21,23
76,0.09387642266002638,False,21,23
78,0.09553027119274998,False,21,23
79,0.10426708515559195,False,21,23
80,0.07838621199287321,False,21,23
83,-0.004277716070624239,False,21,23
84,0.20079010543242012,True,21,23
85,0.021807377206527118,False,21,23
86,0.2335800073964643,True,21,23
88,0.045669415429248655,False,21,23
91,0.12141784821262662,True,21,23
92,0.09117258359611431,False,21,23
93,0.2151419550447252,True,21,23
94,0.04150744770202699,False,21,23
96,0.2198808304364965,True,21,23
97,0.15861129967688464,True,21,23
99,0.07610082160771096,False,21,23
100,0.05421631755643569,False,21,23
101,-0.02234606777534333,False,21,23
102,0.00996995695595009,False,21,23
103,0.05956274728857789,False,21,23
104,0.23125075752622284,True,21,23
105,0.05610495745971683,False,21,23
106,0.2590593206586897,True,21,23
107,0.15754852966152347,True,21,23
108,0.00856604977503525,False,21,23
110,-0.00593962717910274,False,21,23
112,0.18869066520002756,True,21,23
113,0.08693649414103255,False,21,23
114,0.22900706325023334,True,21,23
115,0.13269528736003888,True,21,23
116,0.07256516562895167,False,21,23
117,0.16940241130373468,True,21,23
118,0.19514453801517562,True,21,23
119,0.019466296489003537,False,21,23
120,0.1846449911795446,True,21,23
121,0.0621065684604426,False,21,23
122,0.17562696438896563,True,21,23
124,-0.006205832130362798,False,21,23
125,-0.01349981387085481,False,21,23
126,0.24718409605728567,True,21,23
127,0.07844092509798602,False,21,23
129,0.14961031534369756,True,21,23
130,0.019460727360090344,False,21,23
138,0.23573938620682888,True,21,23
140,0.22199877232122603,True,21,23
142,0.11986860502167918,False,21,23
143,0.09753330440720775,False,21,23
144,0.5001013229213177,True,21,23
146,0.15753421641835516,True,21,23
147,0.08442894766761516,False,21,23
148,0.1993377393094322,True,21,23
149,0.4031251345516054,True,21,23
151,0.32974027856400645,True,21,23
152,0.08242954967764103,False,21,23
153,0.24633661493476108,True,21,23
155,0.06272527032261054,False,21,23
156,0.15995633754603922,True,21,23
157,0.4037793021228655,True,21,23
158,0.05751482791340604,False,21,23
159,0.1654805854769399,True,21,23
161,0.3430642891188241,True,21,23
162,0.8136340685933982,True,21,23
164,0.2308957658326367,True,21,23
167,0.3590876295496889,True,21,23
168,0.30168535425014675,True,21,23
170,0.07558574435590665,False,21,23
171,0.0744718087131543,False,21,23
172,0.7207265073098839,True,21,23
173,0.6344613591301593,True,21,23
174,0.32939243355305076,True,21,23
175,0.18254907090230676,True,21,23
176,0.3994590574539599,True,21,23
177,0.3889472906568414,True,21,23
179,0.2985133208222189,True,21,23
184,0.5563068524540147,True,21,23
186,0.6980130321657123,True,21,23
187,0.1914278660716399,True,21,23
188,0.6822293173964412,True,21,23
193,0.31397958245325525,True,21,23
195,0.29658117898326236,True,21,23
196,0.6533537399887841,True,21,23
197,0.14580144124220523,True,21,23
198,0.1001798568190923,False,21,23
199,0.5406243108507663,True,21,23
200,0.5859036325692746,True,21,23
202,0.7377482205834606,True,21,23
204,0.5890103431469241,True,21,23
206,0.22528393286232173,True,21,23
207,0.08758385414549025,False,21,23
208,0.24688529544150914,True,21,23
209,0.190542390155698,True,21,23
210,0.6741826090729388,True,21,23
212,0.4675055927551767,True,21,23
213,0.6111364187915781,True,21,23
214,0.17183418517131277,True,21,23
215,0.4356538214669048,True,21,23
216,0.5854928342003348,True,21,23
217,0.0271644468530256,False,21,23
218,0.13930880462675158,True,21,23
219,0.2748583922439802,True,21,23
223,0.6688173846347257,True,21,23
224,0.47612592094070044,True,21,23
225,0.4382895189751574,True,21,23
226,0.16462539070730062,True,21,23
227,0.185382488756465,True,21,23
228,0.21660342916181582,True,21,23
229,0.3736141018397882,True,21,23
230,0.04941879612716719,False,21,23
231,0.6221913424752439,True,21,23
232,0.45921883574680944,True,21,23
233,0.22381519672801872,True,21,23
235,0.03698340536648938,False,21,23
236,0.2388875655938559,True,21,23
237,0.18659234633633262,True,21,23
238,0.1985880168366707,True,21,23
239,0.5056920468150107,True,21,23
240,0.04579575741427847,False,21,23
242,0.1616183997411794,True,21,23
243,0.34950077235922167,True,21,23
244,0.06148270309682625,False,21,23
245,0.06838844300621087,False,21,23
246,0.3531856982448078,True,21,23
248,-0.0016119864293957648,False,21,23
249,0.09482357993804065,False,21,23
250,0.6160257627382427,True,21,23
252,0.28520887762619673,True,21,23
253,0.06841612588291648,False,21,23
254,0.02368100317299489,False,21,23
255,0.39613111884332786,True,21,23
256,0.1556100231304561,True,21,23
257,0.06746623897489917,False,21,23
259,0.10816657528744546,True,21,23
260,0.09933389965798023,True,21,23
261,0.22382592007153282,True,21,23
262,-0.0062252159049415515,False,21,23
263,-0.02859228383404765,False,21,23
264,0.6672908410195318,True,21,23
265,0.10375863154977255,False,21,23
266,0.5056066074895808,True,21,23
267,0.044116142182194895,False,21,23
269,0.04922840196830772,False,21,23
270,0.06179048966183429,False,21,23
272,0.2552550259566106,True,21,23
273,0.3609703330301988,True,21,23
274,0.0618216705152748,False,21,23
275,0.16520900399225905,True,21,23
276,0.15352751986168284,True,21,23
277,0.3553988879013758,True,21,23
278,0.5147865144177503,True,21,23
279,0.7298126115031226,True,21,23
281,0.044392291147156225,False,21,23
282,0.11026853353726905,True,21,23
283,0.24219960347571354,True,21,23
284,0.043241886364879516,False,21,23
285,-0.012758359799352604,False,21,23
286,0.024995464057756194,False,21,23
287,0.06098568531559234,False,21,23
288,0.2864090191562901,True,21,23
293,0.6181026543199772,True,21,23
295,0.077914354490993,False,21,23
296,0.2745920608459406,True,21,23
297,0.4000240014241108,True,21,23
298,0.7352639142247023,True,21,23
301,0.37202196059378406,True,21,23
302,0.05825428122609908,False,21,23
303,0.59017954870016,True,21,23
304,0.22704358110655595,True,21,23
305,0.6504306753653587,True,21,23
306,0.30517335733789425,True,21,23
307,0.3851424052556152,True,21,23
308,0.5446874264029417,True,21,23
309,0.5327754443383229,True,21,23
310,0.32032365847459243,True,21,23
311,0.4059425396400358,True,21,23
312,0.18544002472703588,True,21,23
313,0.12208088670614597,True,21,23
314,0.5347845263930643,True,21,23
317,0.17001222288800302,True,21,23
320,0.13722878952662151,True,21,23
321,0.2113769617630689,True,21,23
322,0.19737970658321127,True,21,23
323,0.5415840839535596,True,21,23
324,0.4134279230744444,True,21,23
325,0.15492758472970003,True,21,23
327,0.13095037338046212,True,21,23
329,0.2222554436204945,True,21,23
330,0.16275400660316722,True,21,23
331,0.4963842840652215,True,21,23
332,0.07599807451544642,False,21,23
333,0.10442434179118759,False,21,23
334,0.23674596413285243,True,21,23
335,0.1542593638402499,True,21,23
336,0.3139594673009661,True,21,23
337,-0.020967731050775276,False,21,23
338,0.4831525523925968,True,21,23
339,0.45507803207647735,True,21,23
340,0.27494685898477367,True,21,23
342,-0.04061517923616712,False,21,23
344,0.17898746711505886,True,21,23
345,0.3153967103903461,True,21,23
346,0.7302644907573913,True,21,23
347,0.11843763448566634,True,21,23
348,0.03027166902009953,False,21,23
349,0.35144428154495216,True,21,23
350,0.28305080574372293,True,21,23
351,0.22212388669195823,True,21,23
352,0.045164676452308754,False,21,23
353,0.4827424080732626,True,21,23
355,0.3478758450059593,True,21,23
358,0.07144535599615036,False,21,23
359,0.12805448310797088,True,21,23
362,0.1238800136694358,True,21,23
364,0.14794977626593156,True,21,23
365,0.33556807197516,True,21,23
366,0.03847830659751293,False,21,23
368,0.10818533893176994,True,21,23
369,0.12283066598328536,True,21,23
370,0.19334296391042083,True,21,23
371,0.11170137519033874,True,21,23
374,0.09034161304625639,False,21,23
376,0.27378619258253084,True,21,23
377,0.33075980724711906,True,21,23
379,0.27110756165914823,True,21,23
380,0.07446116977354056,False,21,23
381,0.10984329850685347,False,21,23
382,0.000790226078056173,False,21,23
385,0.045963797131412465,False,21,23
388,0.04576583693856442,False,21,23
389,0.2441715128591049,True,21,23
391,0.027422889241438233,False,21,23
392,0.49334157346604474,True,21,23
393,0.4492015313566595,True,21,23
394,-0.018847731445226053,False,21,23
399,0.20704949460100538,True,21,23
401,0.14075928182447398,True,21,23
402,0.0067184708298642926,False,21,23
403,-0.06267226676400248,False,21,23
405,-0.030511609661947475,False,21,23
413,0.1883795539038848,True,21,23
414,0.43375444816019987,True,21,23
417,0.27321457393346865,True,21,23
421,0.047795268766329085,False,21,23
423,0.4147916236673667,True,21,23
424,0.040478236889319584,False,21,23
426,0.1457459733270373,True,21,23
428,-0.02392371855750933,False,21,23
429,0.03740133648456373,False,21,23
431,0.14924127241805926,True,21,23
432,0.022342293575587497,False,21,23
434,0.04046121641348494,False,21,23
435,0.2521370726549473,True,21,23
438,-0.028150900938896273,False,21,23
439,0.13463575703778813,True,21,23
440,0.3967493384834016,True,21,23
441,0.08756924162864133,True,21,23
446,0.40863002895896655,True,21,23
447,0.18456689043165878,True,21,23
448,0.031697724824987124,False,21,23
449,0.25552749763589916,True,21,23
450,0.17737615574470053,True,21,23
451,0.038299443903584585,False,21,23
452,0.22264975092401365,True,21,23
454,0.5512302606219033,True,21,23
455,0.13432218437507673,True,21,23
456,0.12598988123213084,True,21,23
457,-0.05170360433757387,False,21,23
458,-0.06923634014539275,False,21,23
463,0.23326005880303366,True,21,23
465,0.109734167212677,False,21,23
467,0.15206273604896478,True,21,23
468,0.08849742455678328,False,21,23
469,0.007106831460609947,False,21,23
471,0.18340766432832478,True,21,23
473,0.061488329643542,False,21,23
474,0.044815632621339085,False,21,23
475,0.029243118229695806,False,21,23
476,0.02978270479845461,False,21,23
478,0.23083413519949444,True,21,23
479,0.24698114927575712,True,21,23
480,0.16459366337483985,True,21,23
481,0.4872399687670564,True,21,23
482,0.21451548980199006,True,21,23
484,0.23114021835989496,True,21,23
486,0.012771632613219688,False,21,23
488,0.13676106125350965,True,21,23
489,0.10640795336146001,False,21,23
490,0.051942874974167295,False,21,23
492,0.37288144128451206,True,21,23
493,0.025668867084095076,False,21,23
494,-0.01568536138502608,False,21,23
495,-0.03542382253942522,False,21,23
496,0.008431029535772336,False,21,23
497,0.21867767742052124,True,21,23
498,0.24401376443408818,True,21,23
499,0.09126652047524035,False,21,23
503,0.10774366625206429,True,21,23
506,0.07322929297707538,False,21,23
507,0.3538217111579713,True,21,23
508,0.07596817475789112,False,21,23
510,0.4624186482249331,True,21,23
513,0.2233071957657161,True,21,23
515,0.01777871160594026,False,21,23
516,0.06234219846208617,False,21,23
518,0.11838454796254862,True,21,23
519,0.15970602655847474,True,21,23
521,-0.05255723018352032,False,21,23
522,0.1031827187259659,True,21,23
523,0.09237490278205424,True,21,23
524,0.16407684704616168,True,21,23
526,0.24342700886285837,True,21,23
529,0.1300955344234245,True,21,23
530,0.08911659763086245,False,21,23
532,0.2927107273228303,True,21,23
535,-0.020478535750407836,False,21,23
538,-0.01887183808774594,False,21,23
541,0.3607529860450072,True,21,23
542,0.18526667818713907,True,21,23
543,0.02490478013342881,False,21,23
544,0.021366143127797003,False,21,23
545,0.14311322823665548,True,21,23
546,0.0787641454715756,False,21,23
8,0.08475227266953396,False,21,24
18,0.138191718506914,True,21,24
20,0.3993013766116012,True,21,24
23,0.5305929163186812,True,21,24
24,0.11048644036370898,True,21,24
28,0.4889888902859722,True,21,24
30,0.3045129242972066,True,21,24
34,0.04039211022974078,False,21,24
36,0.28430666766241697,True,21,24
38,0.12021083704067197,True,21,24
39,0.3710279755364641,True,21,24
43,0.22470209342715555,True,21,24
49,0.438514937051847,True,21,24
51,0.17334146303371464,True,21,24
52,0.018204914609506424,False,21,24
53,0.507781593145558,True,21,24
54,0.07074931044819228,False,21,24
55,0.0942373024086195,True,21,24
57,0.01736040964908416,False,21,24
58,0.3376725796363426,True,21,24
59,0.024646177981411898,False,21,24
60,0.07665993572915643,False,21,24
61,0.1498905849951081,True,21,24
62,0.0848671753876125,False,21,24
63,0.26709495951457934,True,21,24
64,0.18560627724527282,True,21,24
65,0.15332694997365306,True,21,24
67,0.09920068144437111,False,21,24
68,0.06922246959841226,False,21,24
69,0.19688054052690773,True,21,24
70,0.06242696147658557,False,21,24
71,0.018510308896404835,False,21,24
72,0.1904108030665839,True,21,24
73,0.04322587080016176,False,21,24
74,0.11944877055553456,True,21,24
75,-0.019216899664014065,False,21,24
76,0.02705299562334142,False,21,24
77,0.11856109289485713,True,21,24
78,0.153988673306173,True,21,24
79,0.29561732378097416,True,21,24
80,0.2350624765802417,True,21,24
81,0.1804943125441014,True,21,24
82,0.08702039610137528,False,21,24
84,0.24071950407380438,True,21,24
86,0.25707433336268926,True,21,24
87,0.012139243360673223,False,21,24
88,0.08592973912022872,True,21,24
89,0.15312744869372222,True,21,24
92,-0.001892667929692434,False,21,24
95,0.04178592351436769,False,21,24
96,0.3269878243080116,True,21,24
97,0.0966014353804241,False,21,24
98,0.15541738545118886,True,21,24
99,0.4057432917246057,True,21,24
102,0.30631378710553253,True,21,24
104,0.04159709878586106,False,21,24
106,-0.0012542421064621612,False,21,24
107,0.09088638200726683,False,21,24
108,0.17549913286544658,True,21,24
110,0.19961744960730252,True,21,24
111,0.012086845062570845,False,21,24
112,0.17188454989945623,True,21,24
114,0.14390208181602074,True,21,24
116,-0.06118009497901671,False,21,24
118,0.17081700084904358,True,21,24
119,-0.05714031948905263,False,21,24
121,0.21263662141456688,True,21,24
122,0.1778734542601943,True,21,24
125,0.13724950608786077,False,21,24
126,0.2718763385893198,True,21,24
127,0.41954023229225174,True,21,24
128,0.30971650658630506,True,21,24
129,0.02992725033938422,False,21,24
132,0.07914888478423227,False,21,24
135,0.07241941487252167,False,21,24
138,0.12163176612832355,True,21,24
142,-0.015350765253260864,False,21,24
143,0.5198344536368856,True,21,24
144,0.1619361533435591,True,21,24
145,0.16925037285845645,True,21,24
148,0.2693861482176912,True,21,24
149,0.054428599150260826,False,21,24
151,-0.02071224996159595,False,21,24
152,0.10857599596955297,False,21,24
153,0.035289530607155395,False,21,24
154,0.23432042710687603,True,21,24
155,0.15012887106960945,True,21,24
156,0.0025997770862544872,False,21,24
158,-0.01581714942148151,False,21,24
163,0.1812287200205669,True,21,24
164,0.23579949604896097,True,21,24
168,0.1817340401688192,True,21,24
169,0.17223341084706456,True,21,24
171,0.057776031963766177,False,21,24
172,0.23923378718275415,True,21,24
175,0.0786305587194707,False,21,24
176,0.2384465980268682,True,21,24
180,0.2867282316293757,True,21,24
181,0.26051471501015033,True,21,24
183,0.03622513423709748,False,21,24
201,0.14328266301773843,True,21,24
202,0.43413021656557055,True,21,24
203,0.40149265180023924,True,21,24
206,0.0810424605841029,False,21,24
208,0.3020574333427078,True,21,24
210,0.2549075340791329,True,21,24
215,0.16385027840839037,True,21,24
218,0.44219772917755984,True,21,24
219,0.5883076526237577,True,21,24
223,0.3332630389424656,True,21,24
225,0.5640250111273993,True,21,24
230,0.6685325342091074,True,21,24
232,0.2490363033643006,True,21,24
238,0.024646534592525356,False,21,24
240,0.18777284497039873,True,21,24
242,0.6296853277577884,True,21,24
244,0.6116816414437994,True,21,24
245,0.4239778164931867,True,21,24
247,0.34790119829571226,True,21,24
249,0.40618606722268685,True,21,24
251,0.10006093986054153,True,21,24
252,0.3333676675905399,True,21,24
253,0.19322029477327693,True,21,24
260,0.5065383996623807,True,21,24
262,0.09056605146309271,False,21,24
263,0.03955978462669003,False,21,24
272,0.2793703179362936,True,21,24
273,0.303449920743555,True,21,24
274,0.00902055681570318,False,21,24
275,0.28040223790594343,True,21,24
276,0.18913092844443105,True,21,24
277,0.27629964079605496,True,21,24
279,0.262843931772395,True,21,24
280,0.41730914807003366,True,21,24
281,0.06405014789191328,False,21,24
282,0.14096614291637358,True,21,24
283,0.030565164295085545,False,21,24
287,-0.028569352949837323,False,21,24
289,0.0008386570375800197,False,21,24
290,0.11623906059477918,True,21,24
291,0.4851635776133287,True,21,24
292,0.627269495111339,True,21,24
293,0.40482891173786256,True,21,24
294,0.209967733584739,True,21,24
295,0.046511445389421514,False,21,24
296,0.04146513680552789,False,21,24
297,0.11509765147007095,True,21,24
298,0.34173102746092243,True,21,24
300,0.6260038452526332,True,21,24
301,0.3606922816665521,True,21,24
302,0.40082917543179364,True,21,24
303,0.02230508241651812,False,21,24
304,0.02218032707209966,False,21,24
305,0.05830338000367955,False,21,24
308,0.05909574113535084,False,21,24
311,0.6086612589802914,True,21,24
316,0.23126344762071716,True,21,24
321,0.09639381191805935,False,21,24
323,0.11301155174404864,True,21,24
325,0.056340613332319524,False,21,24
329,0.022657317353928508,False,21,24
334,0.01242666082599555,False,21,24
335,0.14395899691258215,True,21,24
346,0.33432652046262873,True,21,24
352,0.1092622552572099,True,21,24
355,0.04977727097925485,False,21,24
356,0.07386370704695643,False,21,24
357,0.12917788398282315,True,21,24
358,0.38573246190305194,True,21,24
360,0.07589378911682047,False,21,24
361,0.35288336670055065,True,21,24
364,0.5414372551934014,True,21,24
367,-0.009992310019910543,False,21,24
368,0.020509029769333234,False,21,24
369,0.14523795850925822,True,21,24
371,0.060961595506868214,False,21,24
372,-0.023847633157170988,False,21,24
374,-0.00470769578621241,False,21,24
375,0.04535331265193936,False,21,24
377,0.00312165384556942,False,21,24
378,0.2873949704205068,True,21,24
381,0.10744033838764623,True,21,24
382,0.08857029339581542,False,21,24
384,0.3065102438589677,True,21,24
387,0.22836322119269756,True,21,24
389,0.10177870880619778,True,21,24
394,-0.0032193362326534878,False,21,24
400,0.2270241338693911,True,21,24
401,0.22738024996230943,True,21,24
403,0.2885181340875846,True,21,24
408,0.3671893154901131,True,21,24
412,0.37205292076631996,True,21,24
413,0.028082464374570997,False,21,24
414,-0.02459077442966338,False,21,24
415,0.23496441041429503,True,21,24
417,0.1150568790396428,True,21,24
420,0.12456674182338943,False,21,24
424,0.0045121587054420586,False,21,24
429,0.09784507389460088,False,21,24
434,0.5451045989711396,True,21,24
436,0.19291936597074236,True,21,24
438,0.03950069066662051,False,21,24
439,0.38370357651857234,True,21,24
440,0.04152110477497611,False,21,24
442,0.009128090936736636,False,21,24
443,0.1311666353206345,True,21,24
445,0.4145292226241679,True,21,24
451,0.0616196980836706,False,21,24
452,0.10316892174930496,True,21,24
453,0.22751173530749721,True,21,24
454,0.1524426746306148,True,21,24
456,0.13417071121547872,True,21,24
459,0.1450296184028114,True,21,24
470,0.08393269806602144,False,21,24
471,0.24583608289471237,True,21,24
475,0.23494605593406978,True,21,24
478,0.38058326128789105,True,21,24
479,0.24725649996501933,True,21,24
481,0.03966252878316596,False,21,24
484,0.12496201018102787,True,21,24
487,0.23065532854324824,True,21,24
492,0.18302145749472118,True,21,24
493,0.12626001921372437,True,21,24
495,0.001090656066941604,False,21,24
498,0.2718263660353265,True,21,24
499,0.13999036481669816,True,21,24
503,0.23415221196473132,True,21,24
504,0.022186703361248058,False,21,24
506,0.029720796011832442,False,21,24
7,0.11339769058288685,True,21,25
8,-0.04183573980234068,False,21,25
11,0.12328292584118217,True,21,25
12,0.06362756889627234,False,21,25
13,0.35732668358952796,True,21,25
16,0.31826474628572504,True,21,25
17,0.1245387576936078,True,21,25
23,0.12125246337389557,True,21,25
24,0.13493540087328837,True,21,25
28,-0.00565630390300928,False,21,25
32,-0.013321158470676525,False,21,25
36,0.15576690000939966,True,21,25
38,0.10449512286107245,True,21,25
39,0.08361963068305218,False,21,25
40,0.09731708013541263,True,21,25
44,-0.016111879268422523,False,21,25
51,0.06478466852475914,False,21,25
52,0.02450348527488116,False,21,25
55,0.0020342630763239902,False,21,25
62,-0.013450340634284762,False,21,25
63,0.019845189591159672,False,21,25
64,-0.027688467570030646,False,21,25
68,-0.012224167739289485,False,21,25
73,0.085560648807466,False,21,25
78,0.10325930510717844,True,21,25
80,0.13385982348015105,True,21,25
83,0.032777332742434495,False,21,25
84,0.07294473739859682,False,21,25
87,0.010920333455050307,False,21,25
88,0.06548181844686378,False,21,25
89,0.15591465349551248,True,21,25
90,0.09960730961131681,True,21,25
93,0.12060777089156176,True,21,25
98,-0.04925990359593876,False,21,25
99,0.05990468773853885,False,21,25
100,0.04363728207481119,False,21,25
101,0.1345168602949289,True,21,25
103,-0.04636869322907938,False,21,25
104,0.04634000996733184,False,21,25
107,0.12024887773636313,True,21,25
110,0.1430578018289814,True,21,25
112,0.03472029534520384,False,21,25
116,0.04478242298787111,False,21,25
118,-0.0031953509219790725,False,21,25
119,0.37670815075183134,True,21,25
120,0.016588533453144243,False,21,25
121,0.25180743173186215,True,21,25
124,0.06854649806872938,False,21,25
125,0.5714113158479943,True,21,25
126,0.20702338667398446,True,21,25
127,0.009311721696518005,False,21,25
129,-0.02252278879849261,False,21,25
130,0.11400936274013439,True,21,25
131,0.09542779518030448,True,21,25
138,0.17499117745321932,True,21,25
139,0.30336554958743944,True,21,25
141,0.23268504690248082,True,21,25
142,0.4760254319717278,True,21,25
143,0.2583667896443956,True,21,25
145,0.2700598470880768,True,21,25
146,0.06190587971674355,False,21,25
149,0.5467336697535385,True,21,25
150,0.40754766573590856,True,21,25
151,0.007647891469392637,False,21,25
152,0.21967879319566533,True,21,25
153,0.12699548923410137,True,21,25
154,0.44217349026798414,True,21,25
155,0.042569553974347314,False,21,25
156,0.08607908396048615,False,21,25
157,-0.026607410580607758,False,21,25
158,-0.03768145983712661,False,21,25
159,0.23009323556641093,True,21,25
160,0.34833437779893983,True,21,25
161,-0.02008456899689536,False,21,25
162,0.09068786545652925,False,21,25
163,0.1947782150366426,True,21,25
164,0.12106440744456304,True,21,25
165,0.461267941483954,True,21,25
166,0.05380001229660938,False,21,25
167,0.21489927233801853,True,21,25
169,0.18719844377014094,True,21,25
170,0.379754903357938,True,21,25
171,-0.009882465156562782,False,21,25
172,0.2783609633452651,True,21,25
173,0.056096013525611575,False,21,25
174,0.11393143092061857,True,21,25
175,0.13815626000428724,True,21,25
176,0.06432250381833067,False,21,25
177,0.06037053961371223,False,21,25
178,0.06380339752007527,False,21,25
179,0.03025766616188993,False,21,25
180,0.10818523028982241,True,21,25
181,0.07142646463616824,False,21,25
182,0.2419962525798197,True,21,25
183,0.008542138742327456,False,21,25
184,0.021153142678178805,False,21,25
185,0.2803187052083436,True,21,25
188,0.06863120087600834,False,21,25
189,0.027275065696707207,False,21,25
190,0.5125905826324767,True,21,25
191,0.046286232708716006,False,21,25
192,0.25113513780278907,True,21,25
193,0.0664810128007954,False,21,25
194,0.002703133461710241,False,21,25
195,0.03546446881798226,False,21,25
196,0.21865299574692085,True,21,25
197,0.0010952871424159936,False,21,25
198,0.3260635619157994,True,21,25
199,0.19942328524470684,True,21,25
200,0.057946860085150265,False,21,25
203,0.004262128858598401,False,21,25
204,0.34903206520604285,True,21,25
205,0.11641221852448547,True,21,25
207,0.13237756201856374,True,21,25
209,0.26635504088938994,True,21,25
210,0.17506847552519345,True,21,25
212,0.15609974956393896,True,21,25
213,0.261893106530614,True,21,25
215,0.051725085853885334,False,21,25
217,0.09159654148644068,False,21,25
221,0.12133224751227173,True,21,25
222,0.10481264127785916,False,21,25
227,0.034931530320723915,False,21,25
228,0.11749774953971352,True,21,25
229,0.16990545392766374,True,21,25
231,0.2894288319070925,True,21,25
232,0.21777835158582706,True,21,25
233,0.28771542529493166,True,21,25
234,0.17220837605448278,True,21,25
235,0.22126506064727505,True,21,25
236,0.1655801246118576,True,21,25
237,0.020858116076679426,False,21,25
238,0.19540703936749548,True,21,25
239,0.3425770250898181,True,21,25
240,0.12390279963986502,True,21,25
241,-0.004183216823764491,False,21,25
242,0.13825148130612258,True,21,25
243,0.17968492395292848,True,21,25
244,0.1338438550225556,True,21,25
245,0.026247265101772162,False,21,25
246,0.11480973899364781,True,21,25
247,0.16230081746819477,True,21,25
249,-0.0005537794181019092,False,21,25
250,0.1213983497235371,True,21,25
251,-0.07276131577372742,False,21,25
253,0.20649249757241261,True,21,25
254,0.023003999383910508,False,21,25
256,0.10673103855192596,True,21,25
258,0.1078950900671345,False,21,25
259,0.08551000826208843,False,21,25
261,0.03370894617123044,False,21,25
262,0.21044538680146382,True,21,25
264,0.13431327579942381,True,21,25
266,0.16629731709845472,True,21,25
267,0.37208096713752936,True,21,25
268,0.08096267402162398,False,21,25
269,0.08937067462773073,False,21,25
270,0.09107174279511211,False,21,25
272,0.05960985201755655,False,21,25
274,0.15928878807927585,True,21,25
275,0.1057070828086647,False,21,25
278,0.13942710562848196,True,21,25
279,0.08130943614090295,False,21,25
281,0.18137476796720953,True,21,25
286,0.02184426930622392,False,21,25
288,0.2203225596819094,True,21,25
292,0.4028898248302983,True,21,25
293,0.09165976570284218,False,21,25
296,0.15288113501513792,True,21,25
304,0.1255228188432286,True,21,25
306,0.27431999179584937,True,21,25
308,0.2667443044342619,True,21,25
319,0.19109354184740243,True,21,25
320,0.1403743395173541,True,21,25
325,0.057007333258625136,False,21,25
329,0.07121307948648589,False,21,25
339,0.3955326450869996,True,21,25
340,0.2153420516628255,True,21,25
345,0.009312574881733043,False,21,25
346,0.0551591365776169,False,21,25
353,0.1196627780830571,True,21,25
356,0.0026094755845524702,False,21,25
359,0.18324798440390713,True,21,25
364,0.22845244672682294,True,21,25
47,-0.06498987993245475,False,21,26
51,0.03116056108746752,False,21,26
57,0.24780542774954953,True,21,26
59,0.27473382693842335,True,21,26
63,0.23268223874598995,True,21,26
69,0.4388384992493681,True,21,26
71,0.5456436017197906,True,21,26
73,0.4167112067864795,True,21,26
74,0.29258468632714135,True,21,26
77,0.6044968002300546,True,21,26
79,0.3013434133989667,True,21,26
80,0.3001928968689866,True,21,26
82,0.27104834434108444,True,21,26
83,0.5205325344584555,True,21,26
84,0.23794559388976075,True,21,26
92,0.17089754418637262,True,21,26
95,0.2736932210166369,True,21,26
98,0.14280969438620766,True,21,26
100,0.25855021237174497,True,21,26
101,0.45385248317831256,True,21,26
102,0.07185718956104434,False,21,26
103,0.4762688660130407,True,21,26
104,0.1995553867913045,True,21,26
110,0.08118981544227173,True,21,26
114,0.16660012479336242,True,21,26
118,0.20541936069026315,True,21,26
119,0.4524143791890262,True,21,26
121,0.5003469412277567,True,21,26
122,0.2784041235354217,True,21,26
125,0.23956463833372654,True,21,26
127,0.22198219364232596,True,21,26
129,0.6757543517579235,True,21,26
130,0.4659785624663407,True,21,26
131,0.4624859787557389,True,21,26
132,0.30743194639268817,True,21,26
133,0.3194752053340748,True,21,26
134,0.65726669438969,True,21,26
136,0.2112261864117839,True,21,26
138,0.40250082492992173,True,21,26
139,0.4522121863208639,True,21,26
140,0.5181077899012384,True,21,26
141,0.5472639373329976,True,21,26
142,0.7261594670146501,True,21,26
143,0.43162016884510956,True,21,26
145,0.41152299255067865,True,21,26
146,0.5905788567871103,True,21,26
147,0.6069876696737041,True,21,26
149,0.5139874710569564,True,21,26
151,0.4944470002326134,True,21,26
152,0.16161454919876062,True,21,26
153,0.305428552134219,True,21,26
154,0.32196241227628214,True,21,26
156,0.580005307882601,True,21,26
157,0.14305754916712266,True,21,26
158,0.6294737985756765,True,21,26
159,0.41891060948904885,True,21,26
160,0.6944962718165666,True,21,26
161,0.35608497576296627,True,21,26
162,0.706067596821513,True,21,26
163,0.12441999988499375,True,21,26
164,0.6237721612218643,True,21,26
165,0.6189883683908977,True,21,26
166,0.5516291722688249,True,21,26
167,0.4083500584101219,True,21,26
168,0.5476391682081677,True,21,26
169,0.43282758393072496,True,21,26
170,0.624538922437359,True,21,26
171,0.3496544693166634,True,21,26
172,0.6216262705156915,True,21,26
173,0.429706270285555,True,21,26
175,0.6957928722744264,True,21,26
176,0.6646166504822565,True,21,26
177,0.2303579339990468,True,21,26
178,0.5717287586867389,True,21,26
179,0.22518836176101406,True,21,26
180,0.1601316938700645,True,21,26
184,0.40101628103942866,True,21,26
186,0.7364091036916256,True,21,26
187,0.16526546461673708,True,21,26
189,0.3201870927658667,True,21,26
191,0.6070045393243048,True,21,26
192,0.5466742200904876,True,21,26
193,0.4484976779616264,True,21,26
194,0.48306625848326235,True,21,26
195,0.13057573897216554,True,21,26
196,0.3004638764100031,True,21,26
197,0.6303195623157395,True,21,26
201,0.17757616126327333,True,21,26
202,0.07629363997388523,False,21,26
205,0.39616252829153237,True,21,26
210,0.4039832352720231,True,21,26
213,0.17418800485861832,True,21,26
214,0.19346046951669793,True,21,26
216,0.37634938504856663,True,21,26
218,0.2632839182669721,True,21,26
219,0.18225566622385614,True,21,26
221,0.3465335067304423,True,21,26
222,0.3780600601082605,True,21,26
224,0.45916115642547545,True,21,26
225,0.45199314747039027,True,21,26
227,0.6953943988443294,True,21,26
228,0.5108305790412935,True,21,26
229,0.3595962547016356,True,21,26
230,0.29378013867032493,True,21,26
233,0.3513721868622912,True,21,26
234,0.051633295422245575,False,21,26
236,0.45369056662916424,True,21,26
237,0.28324289884841325,True,21,26
238,0.4291040173414828,True,21,26
241,0.4064026582545835,True,21,26
245,0.32795932052112775,True,21,26
249,0.23664093164314629,True,21,26
250,0.1351690665105403,True,21,26
251,0.4897259054890896,True,21,26
252,0.48919271455486263,True,21,26
254,0.17224166052692458,True,21,26
256,0.27745327363533717,True,21,26
257,0.4471771814912635,True,21,26
260,0.5708450687094274,True,21,26
263,0.5448463101642428,True,21,26
264,0.42314541589604326,True,21,26
265,0.13167262858211562,True,21,26
266,0.4830473667995184,True,21,26
267,-0.045048166195659295,False,21,26
271,0.41585916800622935,True,21,26
272,0.17841225115627904,True,21,26
274,0.28527933669443517,True,21,26
275,0.26149237037898365,True,21,26
278,0.4029492547786253,True,21,26
279,0.6939280626307186,True,21,26
282,0.023376760314355288,False,21,26
285,0.38150201926052324,True,21,26
286,0.15843854145912836,True,21,26
287,0.5988627141962131,True,21,26
288,0.13154578794541485,True,21,26
290,0.20557555518660767,True,21,26
292,0.3705649173503803,True,21,26
293,0.5689411421021985,True,21,26
296,0.33122522098051604,True,21,26
297,0.3568573706131131,True,21,26
299,0.08936889001834687,False,21,26
301,0.5839102405094502,True,21,26
302,0.40842896846471155,True,21,26
303,0.6508049766347476,True,21,26
306,0.2972838076054457,True,21,26
307,0.27115860027595834,True,21,26
308,0.49972197740370056,True,21,26
310,0.5744709311889714,True,21,26
313,0.4833851122220709,True,21,26
316,0.15111148172815947,True,21,26
317,0.08425497304733649,False,21,26
318,-0.04564602349656185,False,21,26
322,0.24875999903435067,True,21,26
323,0.07829258279740152,False,21,26
324,0.4094430532954678,True,21,26
325,0.29064667600379884,True,21,26
327,0.4974066096112941,True,21,26
330,-0.012494508919223747,False,21,26
332,0.3093494670186118,True,21,26
334,0.23841830208261214,True,21,26
336,0.03390363645847619,False,21,26
337,0.14387904010688204,True,21,26
338,0.6791785094898416,True,21,26
339,0.20342837174203507,True,21,26
341,0.5644099788324475,True,21,26
342,0.49943372389945834,True,21,26
343,0.13141407386561263,True,21,26
344,0.10030727055466804,True,21,26
345,0.12781688840303615,True,21,26
346,0.17133993957242133,True,21,26
348,0.14627906812441546,True,21,26
349,0.5668725359027073,True,21,26
350,0.1294770656654002,True,21,26
351,0.10227685705978345,False,21,26
353,0.27097350331906916,True,21,26
354,0.13137711331933374,True,21,26
355,0.31493938796734633,True,21,26
358,0.4922711193400006,True,21,26
360,0.22415054964305717,True,21,26
361,0.42238256083467185,True,21,26
362,0.5549668060634373,True,21,26
363,0.09569738024097892,False,21,26
365,0.20899499509553218,True,21,26
366,0.4820125619431433,True,21,26
367,0.07164021904103074,False,21,26
370,0.24283119825473698,True,21,26
373,0.14880511361591942,True,21,26
374,0.00804360423380273,False,21,26
376,0.5454133772560626,True,21,26
378,0.024897908223073417,False,21,26
379,0.23022235220946605,True,21,26
381,0.07238048352394437,False,21,26
382,0.10906762187909508,True,21,26
385,0.3260291813696881,True,21,26
386,0.17136131028557336,True,21,26
387,0.19093157254175974,True,21,26
388,0.23529560146777095,True,21,26
390,-0.025150330981547,False,21,26
392,0.11666018443851624,True,21,26
394,0.15911634055914756,True,21,26
396,0.19635240936739984,True,21,26
399,0.05778458958425305,False,21,26
401,0.18706495710391158,True,21,26
409,0.008380467337890603,False,21,26
413,0.1375692997672849,True,21,26
415,0.05858081509230029,False,21,26
416,0.069361563281946,False,21,26
417,0.5283455557052104,True,21,26
418,0.05919030879379047,False,21,26
0,0.23455805033624688,True,25,16
2,0.21691528123901851,True,25,16
8,0.15281892238868866,True,25,16
13,0.09234956970971597,False,25,16
18,0.0781978069206663,False,25,16
23,-0.046098713529656464,False,25,16
26,0.0675408747951108,False,25,16
31,0.11076384422340758,False,25,16
45,0.21868525797986602,True,25,16
46,0.11933198836610404,False,25,16
48,0.1240911490280846,True,25,16
50,0.01522426526356919,False,25,16
62,0.25315938008666977,True,25,16
63,0.17971022106084858,True,25,16
64,0.13026749590602635,True,25,16
65,0.17953940334656968,True,25,16
70,0.09012199252548057,False,25,16
73,0.1332932335849421,True,25,16
79,0.05466783111999781,False,25,16
93,0.029937687272965474,False,25,16
98,-0.003938912031972115,False,25,16
122,0.13737805416986745,False,25,16
123,0.04067437705161953,False,25,16
124,0.03851914039662733,False,25,16
125,0.19481538039979493,True,25,16
126,-0.01931353402019306,False,25,16
127,0.3556364227257028,True,25,16
128,-0.024230995446934436,False,25,16
129,0.26336632516951497,True,25,16
130,0.08415546970978215,False,25,16
138,0.10583064626579658,False,25,16
161,0.035163617378114666,False,25,16
163,-0.010114027872850914,False,25,16
173,0.007671812060430619,False,25,16
310,-0.025147994586397732,False,25,16
314,0.13983631532625437,True,25,16
321,0.031127156593375907,False,25,16
323,0.13779629034122187,True,25,16
331,0.10936738198427093,False,25,16
349,0.06795213166208171,False,25,16
352,0.3242761690625835,True,25,16
357,0.06997219404108176,False,25,16
358,0.18580606973473265,True,25,16
360,0.08017953548585192,False,25,16
362,0.2249167095203782,True,25,16
367,0.16549980299005593,True,25,16
368,0.4500455368176526,True,25,16
371,0.09820024690719947,False,25,16
375,0.27757033451762636,True,25,16
376,0.420476000271867,True,25,16
381,0.08843472764183265,False,25,16
382,0.4435278628422173,True,25,16
384,-0.005163273600517164,False,25,16
385,0.04302093917046925,False,25,16
386,0.1474678454196189,True,25,16
388,0.020614952344009053,False,25,16
399,0.10035445663336362,False,25,16
412,0.13786528594631345,True,25,16
415,0.04453592026043082,False,25,16
416,0.07534475005318385,False,25,16
420,0.14112345865786724,True,25,16
429,0.2576031763356998,True,25,16
432,0.17135227758622415,True,25,16
436,0.21235124102658764,True,25,16
439,0.054870614105466904,False,25,16
443,0.21298225322805342,True,25,16
446,0.19504790325989516,True,25,16
456,0.19767076686606078,True,25,16
458,-0.017770187459425543,False,25,16
459,0.11125690764350987,False,25,16
461,0.2146371031644622,True,25,16
463,0.04358831386006054,False,25,16
58,0.051774387070804305,False,25,17
65,0.05224893697216127,False,25,17
66,0.1769465796281323,True,25,17
73,0.2855469022113381,True,25,17
90,0.18592737067557008,True,25,17
95,0.15670570014751725,True,25,17
99,0.2607114564457214,True,25,17
108,0.582789109365198,True,25,17
110,0.06588173524531828,False,25,17
112,0.03365474410465639,False,25,17
120,0.015098140786219743,False,25,17
127,0.10958290416493688,True,25,17
130,0.18897159922739867,True,25,17
133,0.22767194563202242,True,25,17
136,-0.026923404219058398,False,25,17
139,0.17827630176384499,True,25,17
140,-0.05384695886067964,False,25,17
143,0.027752490531710403,False,25,17
144,0.024958573369429315,False,25,17
149,0.04689998264236894,False,25,17
153,0.13257655675041477,True,25,17
156,0.11589269234292103,True,25,17
163,0.1548561808620397,True,25,17
165,0.03472299297600021,False,25,17
166,0.1024817832302396,False,25,17
168,0.07860931036629727,False,25,17
169,0.04925194756855302,False,25,17
171,0.037229218763192004,False,25,17
174,0.11246580262258872,True,25,17
176,0.0158347935908997,False,25,17
178,0.03480161236328731,False,25,17
179,-0.029326036863920105,False,25,17
180,0.05235253441820622,False,25,17
182,0.17811731549836127,True,25,17
183,0.012056372436505293,False,25,17
185,0.06944300607831341,False,25,17
186,0.19045257627129786,True,25,17
188,0.06788646816387646,False,25,17
189,0.04762629376617278,False,25,17
190,0.07414357312755677,False,25,17
192,0.036357650699096446,False,25,17
193,0.07245863865817924,False,25,17
194,0.246847601024856,True,25,17
196,-0.02255916082877854,False,25,17
198,0.06446145538732984,False,25,17
199,-0.019938464299695213,False,25,17
201,-0.047208443507404295,False,25,17
206,0.04916192654912721,False,25,17
207,0.042239052880575396,False,25,17
209,0.08575966920653351,False,25,17
211,-0.03470899915318495,False,25,17
212,-0.006137548784034465,False,25,17
214,0.0031978782248645865,False,25,17
215,0.06114668210593118,False,25,17
217,0.03961514652851446,False,25,17
218,0.0281790405972669,False,25,17
220,0.06935086440573217,False,25,17
222,-0.004771385670422529,False,25,17
223,0.07437570618216975,False,25,17
226,0.07045821019008675,False,25,17
227,0.07097481382320688,False,25,17
229,0.013836450270422523,False,25,17
230,0.10059590194803818,True,25,17
231,-0.0008682622049864692,False,25,17
233,-0.015565516458645989,False,25,17
234,0.008330557173893619,False,25,17
235,-0.0007450622498806153,False,25,17
236,0.11688199777528908,True,25,17
2,0.04874205056436559,False,25,18
7,0.4712776017322749,True,25,18
8,0.02803886167458276,False,25,18
9,0.3488381918865286,True,25,18
12,0.5448046688035331,True,25,18
13,0.11240868006783677,True,25,18
17,0.4923708815721371,True,25,18
20,0.037212397890712255,False,25,18
25,0.20458125215520248,True,25,18
28,0.2514490849016454,True,25,18
29,0.05941546076764456,False,25,18
30,0.13845828383889888,True,25,18
31,0.1226062616617296,True,25,18
32,0.11615726993566622,True,25,18
33,0.27479526361744444,True,25,18
34,0.24141771837714984,True,25,18
35,0.18142330627559658,True,25,18
38,0.17343451281555722,True,25,18
42,0.29180955781183254,True,25,18
44,0.038515019955101926,False,25,18
54,0.17682592131269337,True,25,18
55,0.07486681931753215,False,25,18
58,0.13899451471632365,True,25,18
59,0.0025081818781865356,False,25,18
62,0.05308432549488779,False,25,18
65,0.0341984332977598,False,25,18
72,0.24060876128538308,True,25,18
74,0.013051215442848629,False,25,18
76,0.011530623514301772,False,25,18
83,0.14171694599364726,True,25,18
84,0.10819981442396244,True,25,18
85,0.031191275694834198,False,25,18
89,0.013022204912879967,False,25,18
90,-0.029269603671638306,False,25,18
95,0.4364247290249768,True,25,18
97,0.39251462704542434,True,25,18
99,0.4214590820922024,True,25,18
101,0.14976033302059674,True,25,18
102,0.490882162505004,True,25,18
104,0.3987567723854828,True,25,18
107,0.2781053546724746,True,25,18
108,0.14836042302142538,True,25,18
112,0.35363954980700524,True,25,18
113,0.11012937268906932,True,25,18
117,0.23347967995489002,True,25,18
119,0.33230787567691455,True,25,18
126,0.2577583038882885,True,25,18
129,0.34486550678011657,True,25,18
132,-0.006918314927862257,False,25,18
140,0.09231419538288195,False,25,18
141,0.07409939322339722,False,25,18
142,0.32286423158166255,True,25,18
153,0.27398026074039633,True,25,18
154,0.21201517804367967,True,25,18
158,0.2676787483403261,True,25,18
164,0.11724359889567404,False,25,18
167,0.19618927277928297,True,25,18
169,0.05743166141774244,False,25,18
171,0.1256685655904128,True,25,18
174,0.06008250720243139,False,25,18
176,0.32735343798054856,True,25,18
185,0.17258156489253496,True,25,18
186,0.2780550175895888,True,25,18
191,0.11419944766641404,True,25,18
193,0.14961481794565826,True,25,18
195,0.07910287566863745,False,25,18
197,-0.02855310901801159,False,25,18
198,-0.0012202883421567983,False,25,18
199,-0.0027795832321515445,False,25,18
201,-0.01582627789055347,False,25,18
202,0.10326985401201061,False,25,18
203,0.04887560702538426,False,25,18
204,0.15976084253902653,True,25,18
208,0.03756261627679788,False,25,18
210,0.037957371780431154,False,25,18
211,0.02555553347724759,False,25,18
213,0.10280701675984243,True,25,18
215,-0.007338435083721176,False,25,18
216,-0.00803611514984647,False,25,18
222,0.10573069862084572,True,25,18
223,0.02629740888289786,False,25,18
225,0.011783625346485837,False,25,18
228,0.10917255614099748,True,25,18
230,0.06074166220317532,False,25,18
232,0.09367478908626016,False,25,18
233,0.08602591331459665,False,25,18
236,0.0010358244032130208,False,25,18
238,0.08411558925341117,False,25,18
239,0.020288972563989066,False,25,18
240,0.11420473183229353,True,25,18
241,0.05810724793554983,False,25,18
244,0.04817677708066779,False,25,18
245,0.14228458172466588,True,25,18
247,0.09092754394398268,False,25,18
249,0.04284897672268911,False,25,18
250,0.017758306621984063,False,25,18
253,0.07077224463652088,False,25,18
258,0.08100486323271079,False,25,18
260,0.013806041648393252,False,25,18
261,-0.04187550880093394,False,25,18
268,0.06598056223639308,False,25,18
269,0.1630965138547048,True,25,18
270,-0.053042955357745177,False,25,18
273,0.03188214842156913,False,25,18
276,0.030408963858831118,False,25,18
285,0.08921535528528164,False,25,18
287,-0.012057972347917346,False,25,18
293,0.0033222376666198136,False,25,18
294,0.2859764889561213,True,25,18
296,0.018120839578156703,False,25,18
297,0.057741706874288874,False,25,18
301,0.022896027662474006,False,25,18
304,0.14711529098253198,True,25,18
307,-0.023053053903488996,False,25,18
310,0.07900268498048606,False,25,18
311,-0.007796530510782364,False,25,18
313,0.19858297487128662,True,25,18
314,0.04663966574663361,False,25,18
315,-0.0005345268274440951,False,25,18
316,0.06764462413598261,False,25,18
317,-0.020367314876052582,False,25,18
319,0.019444629653875282,False,25,18
321,-0.014608999987950455,False,25,18
322,0.25651859586544606,True,25,18
326,0.05161252312846004,False,25,18
327,0.058775035294802026,False,25,18
330,0.10219578386411952,False,25,18
332,0.0015271125364186566,False,25,18
333,0.06761263438036384,False,25,18
334,0.05949340363527528,False,25,18
336,-0.039362836014295334,False,25,18
337,-0.03963258609020906,False,25,18
338,0.13444307717331885,True,25,18
342,-0.0006781323599603558,False,25,18
344,0.022819487730262142,False,25,18
345,-0.0022177742671687165,False,25,18
346,-0.018455119590863066,False,25,18
355,0.2269141152993054,True,25,18
356,0.1039730868214599,False,25,18
360,0.1385563202700312,True,25,18
361,0.1526112818455134,True,25,18
365,0.010428730580721662,False,25,18
368,-0.04581998626335645,False,25,18
370,-0.005184572391256803,False,25,18
372,-0.04175790741020385,False,25,18
373,0.08503545463923273,False,25,18
1,0.2535593551692252,True,25,19
3,0.13282466176283075,True,25,19
71,0.10144947219835083,True,25,19
79,0.12886586219346166,True,25,19
90,0.04807950320130407,False,25,19
94,0.2468356696029782,True,25,19
96,0.04682588957183662,False,25,19
97,0.14858177469044134,True,25,19
102,-0.027621184274665003,False,25,19
106,0.5015098366363356,True,25,19
114,0.06264478323126711,False,25,19
115,0.38779459749448003,True,25,19
116,0.15368414368249597,True,25,19
118,0.06637173900267285,False,25,19
122,0.2814431924575227,True,25,19
125,0.5918827932461611,True,25,19
128,0.41492950814717217,True,25,19
131,0.3457612700747337,True,25,19
134,0.40250254399484303,True,25,19
135,0.7213095388604556,True,25,19
137,0.20477089408539026,True,25,19
142,0.3234766518434077,True,25,19
143,0.36011938047548986,True,25,19
145,0.12309931374276305,True,25,19
146,0.6372238900566826,True,25,19
148,0.6624483582172941,True,25,19
149,0.2985098603539644,True,25,19
151,0.21993492893504799,True,25,19
154,0.3804026734992747,True,25,19
162,0.2330888988075295,True,25,19
163,0.16111798024457338,True,25,19
164,0.2938538049882451,True,25,19
166,0.057004740162278605,False,25,19
167,0.22766641648003036,True,25,19
168,0.2694831766019221,True,25,19
170,0.42730336793262763,True,25,19
175,0.21427324812826512,True,25,19
176,0.31064624419929204,True,25,19
182,0.037059138861512554,False,25,19
190,0.03930205579114485,False,25,19
196,0.20797480603705168,True,25,19
204,0.10413157679983136,False,25,19
212,0.10526731171553964,False,25,19
218,0.3331774434036723,True,25,19
219,0.21084037595009178,True,25,19
236,0.17110591199935557,True,25,19
248,0.19674248752256795,True,25,19
253,0.08668062503971935,False,25,19
259,0.23078615815651382,True,25,19
268,0.03861703238563068,False,25,19
273,0.13326243704946142,True,25,19
283,0.0759902785006731,False,25,19
284,-0.020154762768017,False,25,19
285,-0.006820166038336105,False,25,19
286,0.11085830835762335,False,25,19
288,0.12331362792691013,True,25,19
290,0.018577006156384038,False,25,19
291,0.17182897301178382,True,25,19
294,0.0675711161940692,False,25,19
300,0.12420463673889755,True,25,19
305,0.06956287375742269,False,25,19
0,0.12342048257458861,True,25,20
98,-0.007806320445109744,False,25,20
111,0.5636331092125094,True,25,20
114,0.5991597691234871,True,25,20
120,0.10566525436625473,False,25,20
121,0.16353761827316743,True,25,20
122,0.29292759444691757,True,25,20
123,0.22070191273282683,True,25,20
126,0.5325170668825523,True,25,20
127,0.351295427302673,True,25,20
128,0.097244830731769,False,25,20
129,0.3883041974967387,True,25,20
132,0.32033509197950005,True,25,20
133,0.40141281108086496,True,25,20
134,0.6270818339455008,True,25,20
137,0.5532280688739357,True,25,20
140,0.4133559869182602,True,25,20
143,0.37665047161775816,True,25,20
145,0.08152712022562604,False,25,20
146,0.34549484576919937,True,25,20
147,-0.0008773182852111009,False,25,20
148,0.018937593227634646,False,25,20
149,0.23554374785852694,True,25,20
152,0.31515151526640606,True,25,20
153,0.2665465007151097,True,25,20
154,0.09737625938964674,False,25,20
156,0.29381640623203337,True,25,20
158,0.1907509090530637,True,25,20
159,0.2826039651612278,True,25,20
160,0.044883812649764265,False,25,20
161,0.2799977692145474,True,25,20
162,0.24694434189891556,True,25,20
164,0.14192634982103955,True,25,20
165,0.2625911681651097,True,25,20
169,0.2825352948193009,True,25,20
170,0.3562715205535638,True,25,20
174,0.27984845614615134,True,25,20
175,0.31642497752109994,True,25,20
176,0.41693351078838403,True,25,20
179,0.027906027868382605,False,25,20
182,0.09729517856179347,False,25,20
183,0.17315232709736736,True,25,20
189,0.32758808181297433,True,25,20
193,0.42659624356943504,True,25,20
195,0.107654828940368,True,25,20
196,0.04026314103574203,False,25,20
200,0.34118919812704607,True,25,20
203,0.4029202077940084,True,25,20
207,0.29959765968096935,True,25,20
213,0.0016139651610063792,False,25,20
217,0.2292828981776089,True,25,20
221,-0.04761369143103355,False,25,20
222,0.15410030865294938,True,25,20
223,0.30912460816589077,True,25,20
225,0.31136979468521203,True,25,20
227,0.2882980912163429,True,25,20
228,0.3711128738359129,True,25,20
229,0.1637866861741811,True,25,20
230,0.06816438552883147,False,25,20
234,0.22115795653394285,True,25,20
236,0.3829336641757551,True,25,20
248,0.06212910307183674,False,25,20
249,0.19753885893891812,True,25,20
251,0.08654929681881701,False,25,20
254,0.32757669765309133,True,25,20
266,0.04836581879300134,False,25,20
283,0.06381399105962941,False,25,20
285,0.12327466581641496,True,25,20
0,0.1252768473857914,True,25,21
102,0.16730638248511387,True,25,21
108,0.6614991110092642,True,25,21
112,0.16841571051731932,True,25,21
113,0.10444656172846056,False,25,21
115,0.23555356805757743,True,25,21
116,0.16110863703421882,True,25,21
118,0.5546313293119939,True,25,21
121,0.5025516181622437,True,25,21
123,0.576551242839701,True,25,21
124,0.5883612729872757,True,25,21
125,0.1477563922184386,True,25,21
126,0.04749249153842955,False,25,21
129,0.3550583792847553,True,25,21
130,0.4337119421474524,True,25,21
135,0.6223928277919732,True,25,21
137,0.21551320310773125,True,25,21
140,0.010197610906936662,False,25,21
142,0.0930011935102762,False,25,21
143,0.4359573177880132,True,25,21
144,0.39784906895967675,True,25,21
146,0.2117972830944527,True,25,21
150,0.15491792426682283,True,25,21
151,0.34839581613104237,True,25,21
152,0.2478967249938865,True,25,21
154,0.02154081484525078,False,25,21
155,0.42860307583162055,True,25,21
156,0.18269620026659947,True,25,21
158,0.18190293071469388,True,25,21
160,0.04948513261228571,False,25,21
163,0.5312569982705524,True,25,21
166,0.1703406730947733,True,25,21
168,0.408553707291517,True,25,21
169,0.24468291084204583,True,25,21
171,0.4056492205577113,True,25,21
172,-0.0189060887263755,False,25,21
174,0.31989670047572694,True,25,21
177,0.1215906310133295,True,25,21
178,0.028159092295800884,False,25,21
179,-0.03156436212286868,False,25,21
185,0.06072264761131726,False,25,21
188,0.3607026704776121,True,25,21
189,0.010453127133582846,False,25,21
196,0.18409297722672135,True,25,21
197,0.20868402521386709,True,25,21
203,0.3587755680586759,True,25,21
206,0.17388599191689313,True,25,21
207,0.31309046214808833,True,25,21
208,0.17372331967930785,True,25,21
214,0.11623754188575579,True,25,21
217,0.17731845221536638,True,25,21
218,0.09188747946866628,False,25,21
224,0.06263783517704152,False,25,21
225,0.1333029166524927,True,25,21
227,0.3758202966732757,True,25,21
228,0.2502586440629155,True,25,21
230,0.1521685805275249,True,25,21
234,0.3097792950894861,True,25,21
237,0.3402640624260551,True,25,21
247,0.06142769650712127,False,25,21
248,0.23716383415648076,True,25,21
251,0.1577176947355668,True,25,21
252,0.01626985150882306,False,25,21
263,0.026181420899420965,False,25,21
277,0.04699508669677561,False,25,21
20,0.02061812975450034,False,25,22
21,0.11955768818959078,True,25,22
45,-0.023395607369346618,False,25,22
63,-0.02079309863141723,False,25,22
72,0.00941264743248537,False,25,22
78,0.003741636048008709,False,25,22
93,-0.04725889707566708,False,25,22
97,0.042739119108922585,False,25,22
101,0.17293806630728478,True,25,22
102,0.19172555542146094,True,25,22
106,0.018149513759895392,False,25,22
110,0.012543663834720916,False,25,22
111,0.14299734970985878,True,25,22
114,0.10256746901676207,True,25,22
118,0.14515101249567205,True,25,22
121,0.022363954851950096,False,25,22
122,0.2450847866311476,True,25,22
123,0.08481006928276974,False,25,22
127,0.034534261001205505,False,25,22
129,-0.022641082239132557,False,25,22
130,0.06109537986657898,False,25,22
132,0.014203027765589411,False,25,22
133,0.01942648430123931,False,25,22
134,-0.01940700104239686,False,25,22
137,-0.007876297886361188,False,25,22
138,-0.020216224113024022,False,25,22
141,0.09258463421635212,False,25,22
143,0.29355141549799574,True,25,22
145,0.06639934297216976,False,25,22
146,0.24684439498839902,True,25,22
147,0.04119925781497092,False,25,22
148,0.015321002840150753,False,25,22
150,0.06555199254994683,False,25,22
152,0.025381919070210392,False,25,22
153,0.1906685432196327,True,25,22
155,0.10273552647312573,True,25,22
158,0.023579110293507524,False,25,22
159,0.2511857156134926,True,25,22
160,0.19890188056732802,True,25,22
161,0.15775284914809717,True,25,22
162,0.37113067922485926,True,25,22
163,0.036938393974313644,False,25,22
165,0.15419309248839705,True,25,22
166,0.10078664568587352,False,25,22
167,-0.015011891736352737,False,25,22
169,0.04819358478394666,False,25,22
170,-0.0438898399794402,False,25,22
172,0.05521046241295786,False,25,22
173,0.37529662822293086,True,25,22
174,0.13769351307834865,True,25,22
175,0.2379926228957067,True,25,22
176,0.20994540981896195,True,25,22
177,0.08393918848383754,False,25,22
178,-0.01999321436149456,False,25,22
180,0.03528615091015536,False,25,22
181,0.13463906368738368,True,25,22
182,0.03359660460351368,False,25,22
184,0.06380503321884834,False,25,22
185,-0.04368432259152275,False,25,22
186,0.24434752239710547,True,25,22
187,0.18642050329631296,True,25,22
189,0.15403556669791618,True,25,22
191,0.10845860833175276,True,25,22
192,0.07324539857989516,False,25,22
195,-0.049392133111952154,False,25,22
196,0.11657806723085573,True,25,22
197,0.040077708309866254,False,25,22
198,0.07968277869693922,False,25,22
199,0.016136616127202852,False,25,22
201,0.10776702535064202,False,25,22
202,0.1341902560893856,True,25,22
203,0.006298963740033967,False,25,22
204,0.02093525171694988,False,25,22
205,0.12504216409316904,True,25,22
206,0.09253112414359295,False,25,22
208,0.12214836940313568,True,25,22
209,0.1875530193308199,True,25,22
210,0.17505636904513053,True,25,22
211,0.21412824870424615,True,25,22
212,0.01591395591611863,False,25,22
214,0.2864465470527378,True,25,22
215,0.11291438203970855,False,25,22
217,0.22235411832448296,True,25,22
219,0.07505624095183494,False,25,22
220,-0.060224668835929966,False,25,22
221,0.06520885760231672,False,25,22
222,0.12075403163460634,True,25,22
224,0.05195594354938268,False,25,22
225,0.06823483638626315,False,25,22
226,0.13033151712672564,True,25,22
227,-0.02486687424152206,False,25,22
228,0.1853311616862459,True,25,22
232,0.06585783829554898,False,25,22
233,0.18345412022745336,True,25,22
234,-0.009096179765591997,False,25,22
235,0.11033036666908924,False,25,22
236,0.0774028696621097,False,25,22
238,0.10189656235119678,False,25,22
239,0.22611979196482557,True,25,22
240,0.03124646513450613,False,25,22
241,0.02860280090646691,False,25,22
242,0.1814199058037876,True,25,22
244,-0.00608739555003553,False,25,22
245,0.0709203088864923,False,25,22
247,0.1966905156727126,True,25,22
249,0.178434411908951,True,25,22
250,0.19056987848556836,True,25,22
251,0.04996565606202694,False,25,22
253,0.11342187692498673,True,25,22
254,0.07159725949325531,False,25,22
256,0.20285818054048343,True,25,22
258,0.0704982146698962,False,25,22
259,0.10357387970069265,True,25,22
261,0.11772371450371948,True,25,22
262,0.21880427041090364,True,25,22
264,0.13455298002214267,True,25,22
265,0.2927983932417763,True,25,22
266,0.29867328907567364,True,25,22
268,0.06361541315481072,False,25,22
269,0.04098673057116551,False,25,22
271,0.14038590581482416,True,25,22
273,0.2991595589030785,True,25,22
274,0.08941537152765226,False,25,22
275,0.20543285910658585,True,25,22
276,0.10494480514822872,False,25,22
277,0.128191174901187,True,25,22
280,0.14481996164954405,True,25,22
281,0.004722704670710221,False,25,22
282,0.11697594512634069,True,25,22
283,0.15472904515632144,True,25,22
284,0.14868089594542755,True,25,22
285,0.2425653751092568,True,25,22
287,0.04718614963003894,False,25,22
288,0.1726129785101739,True,25,22
290,0.2015139338041275,True,25,22
292,0.12858235307163338,True,25,22
293,0.48906249322836914,True,25,22
294,0.16751307749545163,True,25,22
295,0.03390306801098615,False,25,22
297,0.19477408800478116,True,25,22
298,-0.007652240313760532,False,25,22
299,0.015688599884988427,False,25,22
300,0.1421145626882726,True,25,22
302,0.10216478284594023,True,25,22
303,0.13537314980615184,True,25,22
304,0.1883520819757217,True,25,22
305,0.05154734807522909,False,25,22
308,0.2648740393621492,True,25,22
310,0.050222025313397894,False,25,22
311,0.12729955529277323,True,25,22
314,0.09082223409359728,False,25,22
315,0.12647464227481706,True,25,22
317,0.15527221186602996,True,25,22
318,0.20056070088814418,True,25,22
319,0.1274551379500358,True,25,22
321,0.21556900408674007,True,25,22
322,0.04868659038816255,False,25,22
323,0.12561465726955381,True,25,22
325,0.07401724625981305,False,25,22
327,0.049398739785322464,False,25,22
328,0.16340082796862124,True,25,22
329,0.10024988456476265,False,25,22
331,0.10949505793543927,False,25,22
332,0.03714695721550416,False,25,22
333,0.18357707910191334,True,25,22
334,-0.023935335802815556,False,25,22
336,0.08254887064854985,False,25,22
337,0.17311591443519514,True,25,22
339,0.09215785916413437,True,25,22
340,0.10140874550510076,False,25,22
342,0.16210284267130293,True,25,22
343,0.10536704543766096,False,25,22
346,0.18246930788205148,True,25,22
347,0.009657004239690646,False,25,22
348,-0.01342488106984594,False,25,22
349,0.0052892511918169694,False,25,22
352,0.140803447762962,True,25,22
353,0.08165512397666962,False,25,22
354,0.02544899293851487,False,25,22
355,0.23745142476923217,True,25,22
356,-0.028537395513679092,False,25,22
358,-0.017592773420969682,False,25,22
364,0.12014164631410813,True,25,22
366,0.25860201833775887,True,25,22
370,-0.009836914354300908,False,25,22
372,0.23993551393930046,True,25,22
373,-0.005031861554798852,False,25,22
380,0.12725812923661142,True,25,22
381,0.14220633498977112,True,25,22
0,0.013744229427763236,False,25,23
1,-0.025419430250370235,False,25,23
4,0.021639322299283587,False,25,23
5,-0.025363775740812482,False,25,23
8,-0.04252400304407755,False,25,23
9,0.18353967543793492,True,25,23
12,-0.029684148323597476,False,25,23
15,0.1549271067997364,True,25,23
20,0.2867001824088913,True,25,23
22,0.15552258932352483,True,25,23
25,0.059687387434500784,False,25,23
31,0.12599355212867477,True,25,23
33,0.14627748377943908,True,25,23
34,-0.026106358482696615,False,25,23
35,0.12261409296353372,True,25,23
36,0.021583939991765517,False,25,23
40,-0.0075217270474299104,False,25,23
41,0.11375717559388508,True,25,23
44,0.06069036168245682,False,25,23
46,0.073906666635932,False,25,23
47,0.13130957495321235,True,25,23
49,0.18310175905488965,True,25,23
50,0.3689244297651615,True,25,23
51,-0.002484880012956235,False,25,23
57,0.04992114540138263,False,25,23
60,-0.0002711780965983516,False,25,23
61,0.013264341191775884,False,25,23
62,0.03667142414586183,False,25,23
64,0.07924542792993612,False,25,23
65,0.0598079410710294,False,25,23
66,0.13469955731242914,True,25,23
68,0.04218798920612845,False,25,23
69,0.0743266311308201,False,25,23
72,0.034074426927409286,False,25,23
75,0.013304272031573505,False,25,23
77,0.15149814455246746,True,25,23
78,0.10787072376722828,True,25,23
79,0.053630023256967134,False,25,23
80,0.3189301693198307,True,25,23
81,0.02471046884913967,False,25,23
82,0.23394826111718584,True,25,23
85,0.020851190219663723,False,25,23
86,0.1529775537785236,True,25,23
87,0.012856375373623654,False,25,23
89,0.01894350319420272,False,25,23
90,0.11280397398009012,False,25,23
92,-0.06843260571635415,False,25,23
93,-0.029061721815431405,False,25,23
95,0.13409373511662293,True,25,23
97,-0.02039496199465767,False,25,23
103,0.07152175856714785,False,25,23
104,0.14757733365623954,True,25,23
105,0.16486321668812917,True,25,23
106,-0.03896760243015526,False,25,23
111,0.08083977269364077,False,25,23
112,0.06604093802830284,False,25,23
114,0.05073951101729945,False,25,23
117,0.05202053388845868,False,25,23
119,0.074544340087159,False,25,23
121,-0.022284239558112765,False,25,23
125,0.07215252732110554,False,25,23
126,0.11884271977035908,False,25,23
127,-0.015818172282858534,False,25,23
128,0.07378939797188871,False,25,23
129,0.17099324058280774,True,25,23
130,0.05644596826364168,False,25,23
131,0.23462301556604162,True,25,23
132,0.34533130111456356,True,25,23
133,-0.03915239681284638,False,25,23
134,0.09135777570256903,False,25,23
135,-0.018566350580439473,False,25,23
136,0.2162343022257541,True,25,23
137,0.05153663586675448,False,25,23
138,0.08332802853614132,False,25,23
139,0.024614620188035757,False,25,23
141,0.06816073089497016,False,25,23
142,0.038657241410318004,False,25,23
143,-0.04190278531804975,False,25,23
145,0.025196099334022098,False,25,23
146,0.014924360477424995,False,25,23
147,0.0707929659899004,False,25,23
148,0.13909471933912218,True,25,23
149,0.19317914631477964,True,25,23
151,0.06342452837408076,False,25,23
152,0.05908499012035787,False,25,23
153,0.13601951165434994,True,25,23
155,0.0469826728416757,False,25,23
157,-0.019886311702475953,False,25,23
158,0.04942533269123269,False,25,23
161,-0.005601814322974454,False,25,23
163,0.07918053574470403,False,25,23
164,0.17745128880324476,True,25,23
166,0.11937674340827915,True,25,23
167,0.09319345912893022,False,25,23
168,0.024014790149895677,False,25,23
169,0.059221042261921396,False,25,23
170,0.08370170336331055,False,25,23
171,0.10286817024426438,False,25,23
172,0.029381863918327922,False,25,23
173,0.06252620796612039,False,25,23
174,-0.051973502811124644,False,25,23
176,0.15338625392207253,True,25,23
177,0.008797040024242923,False,25,23
180,-0.07106112260379877,False,25,23
181,0.025986232258732218,False,25,23
182,0.14192538493508863,True,25,23
183,0.10650775756467386,False,25,23
184,0.0025685616649870602,False,25,23
185,0.12888786151527973,True,25,23
186,-0.012037961563253001,False,25,23
187,0.07934888735213776,False,25,23
189,0.024689219081523068,False,25,23
190,0.005972910966344235,False,25,23
192,0.027687713325431684,False,25,23
193,0.13958751998917007,True,25,23
194,0.09969204607457834,False,25,23
195,-0.009613884761839706,False,25,23
196,0.04568721130517068,False,25,23
197,-0.030714850439541485,False,25,23
199,0.07947959584854405,False,25,23
201,0.01983793536018247,False,25,23
202,-0.08133407057931925,False,25,23
203,0.023824047207587226,False,25,23
204,0.1326025519263034,True,25,23
207,0.11806824902057615,True,25,23
208,0.024269638258696494,False,25,23
209,0.01492973474576207,False,25,23
211,0.019806720805899368,False,25,23
213,-0.00303962075841586,False,25,23
214,0.008515901055980121,False,25,23
215,0.054950443692552,False,25,23
216,0.11687375655204346,True,25,23
218,0.20464397853859384,True,25,23
222,0.20073636448909918,True,25,23
223,0.013854601743705319,False,25,23
225,0.15708098035072307,True,25,23
226,0.011530554718914149,False,25,23
228,-0.028630580949473263,False,25,23
229,0.15750727600462616,True,25,23
230,-0.01966842641802445,False,25,23
231,0.025227169468436495,False,25,23
235,0.022235714284633917,False,25,23
236,0.11085653496699534,False,25,23
238,7.069584884482744e-05,False,25,23
240,0.08750181739640356,False,25,23
241,0.21837992989545943,True,25,23
242,0.049554546093658496,False,25,23
243,0.0494639017555657,False,25,23
245,0.04906739907427262,False,25,23
247,0.13725549732327616,False,25,23
248,0.07265085321704641,False,25,23
250,-0.01400768575959125,False,25,23
251,0.07985638638541687,False,25,23
252,0.035564957099729684,False,25,23
253,0.3689205076612334,True,25,23
255,0.09455543697758012,False,25,23
258,0.020408012471575594,False,25,23
262,0.049929296219592016,False,25,23
264,0.2648672819599773,True,25,23
265,0.020523758327315,False,25,23
267,0.19872052253448746,True,25,23
268,-0.023957825181223007,False,25,23
270,-0.02534267493059675,False,25,23
273,-0.04300176897685707,False,25,23
274,0.3467166886880792,True,25,23
275,-0.020767036295120445,False,25,23
276,0.0789652011492729,False,25,23
279,0.023383625497820568,False,25,23
281,0.18426915704256655,True,25,23
282,0.15874419039172674,True,25,23
284,0.10440154418997716,False,25,23
286,0.04414002937067651,False,25,23
288,-0.05221087877792351,False,25,23
290,0.18800020131228914,True,25,23
292,0.058007408033636555,False,25,23
293,0.016275620421618498,False,25,23
295,0.08261888293288008,False,25,23
296,0.19049084411862607,True,25,23
297,-0.014177133698627942,False,25,23
299,-0.024953992703399652,False,25,23
301,0.35127903647150255,True,25,23
302,0.04676809017076339,False,25,23
303,0.21788117741087765,True,25,23
304,0.07913094765133427,False,25,23
306,0.3542530979896103,True,25,23
307,0.044824124362593476,False,25,23
308,0.1237670159004997,False,25,23
309,0.30081359131539676,True,25,23
311,0.12087521832836319,True,25,23
313,0.20246406854735802,True,25,23
314,0.017140758949856384,False,25,23
316,0.10483462315270847,False,25,23
317,0.07419340702746403,False,25,23
320,0.038138689472275535,False,25,23
321,0.1080669431726143,False,25,23
322,0.06458742718496392,False,25,23
323,0.16965980152698654,True,25,23
326,0.03992591421520694,False,25,23
327,0.09357359011743516,False,25,23
329,0.3200903138211903,True,25,23
331,0.11648785205074559,True,25,23
332,0.06945697392582795,False,25,23
334,0.2315555468620336,True,25,23
336,0.18462970896397202,True,25,23
338,-0.010057875463434987,False,25,23
339,0.14983354736109306,True,25,23
340,0.24510852988225876,True,25,23
341,0.1206755029007139,True,25,23
343,0.15617890415301044,True,25,23
345,0.1574679767559199,True,25,23
347,0.04862958586288781,False,25,23
348,-0.024401518359397,False,25,23
349,0.043815569545463014,False,25,23
351,0.18597701706734057,True,25,23
352,0.15327772935311545,True,25,23
357,-0.013274852883951855,False,25,23
360,0.14946321985491717,True,25,23
362,0.18588369256592205,True,25,23
363,0.2250870217104095,True,25,23
371,0.0761355977342538,False,25,23
373,0.16066457963887595,True,25,23
376,0.130850304289444,True,25,23
377,0.09179514198386844,False,25,23
378,0.10192038726301585,True,25,23
384,0.06530756115682845,False,25,23
388,0.16310813312922592,True,25,23
391,0.041421860198942444,False,25,23
392,0.035720050045945535,False,25,23
396,0.2718387712396868,True,25,23
97,-0.0427250608164298,False,25,24
102,0.21909553540520924,True,25,24
112,0.6461711659053264,True,25,24
113,0.2809150232435504,True,25,24
115,0.27161787692978595,True,25,24
117,0.2229716948237788,True,25,24
119,0.2994060115894709,True,25,24
120,0.4711276811105905,True,25,24
122,0.18511540504417176,True,25,24
124,0.4227621941562137,True,25,24
125,0.4680414226838688,True,25,24
128,0.39888507475304347,True,25,24
130,0.49157913492754174,True,25,24
133,0.6437437274365571,True,25,24
135,0.3947316379258496,True,25,24
144,0.5811454604680143,True,25,24
146,0.43135168336281743,True,25,24
147,0.31648109248266326,True,25,24
148,0.1504706217987926,True,25,24
149,0.4806369133947926,True,25,24
151,0.08885020976428053,False,25,24
152,0.387102726509599,True,25,24
153,0.37732030509968006,True,25,24
155,0.2005694950426049,True,25,24
159,0.22374053285104376,True,25,24
160,0.22953386390485753,True,25,24
161,0.23026513289316167,True,25,24
162,0.4100840809649215,True,25,24
165,0.5318399945029936,True,25,24
167,0.3415450352470591,True,25,24
169,0.08174474106159495,False,25,24
170,0.19969047228665823,True,25,24
172,0.3583584686896604,True,25,24
174,0.29017275387789404,True,25,24
179,0.479242282142936,True,25,24
180,0.16490678885827909,True,25,24
181,0.47501447916862843,True,25,24
182,0.4075229614275355,True,25,24
187,0.23971558134652038,True,25,24
190,0.168091180468827,True,25,24
192,-0.03520906589065728,False,25,24
194,0.12045714768849325,True,25,24
196,0.17185205892465638,True,25,24
204,0.26337194923328994,True,25,24
206,0.040722350929217305,False,25,24
207,0.1739872836159244,True,25,24
210,0.3602682033347255,True,25,24
216,0.433076370164367,True,25,24
221,0.22596421719343965,True,25,24
224,0.21407479957241804,True,25,24
231,0.22768357365960334,True,25,24
236,0.135237537953371,True,25,24
237,0.24585014465168595,True,25,24
240,0.292175182504198,True,25,24
243,0.2569600254332174,True,25,24
244,0.2096811797341975,True,25,24
245,0.0752242977391044,False,25,24
246,0.225094265037582,True,25,24
247,0.17257794056724543,True,25,24
248,0.089239500781303,False,25,24
249,0.3929074460235921,True,25,24
253,0.1914695977387847,True,25,24
255,0.1413811385703119,True,25,24
257,0.3684805418036367,True,25,24
258,-0.013626248080909524,False,25,24
265,0.006775560575083235,False,25,24
267,0.19642572894130553,True,25,24
280,0.06636273979651879,False,25,24
293,0.10680568175115294,True,25,24
1,0.13895867747094595,True,25,25
2,0.22152971825055448,True,25,25
3,0.07122562615697274,False,25,25
7,0.3894061172330701,True,25,25
8,0.02636537524923239,False,25,25
9,0.12911058168770237,True,25,25
10,0.06703436678634202,False,25,25
11,0.1829743403053855,True,25,25
13,0.19175349824536467,True,25,25
14,0.2886908946481765,True,25,25
15,0.20053843675816385,True,25,25
16,0.38719946863197174,True,25,25
17,0.19529632270594066,True,25,25
26,0.2803621194288414,True,25,25
30,0.07540156080277387,False,25,25
31,0.05856121137959964,False,25,25
32,0.1879809948034212,True,25,25
46,0.06328986348656865,False,25,25
60,0.04887046965508285,False,25,25
69,0.04024016307931883,False,25,25
71,0.24611338515292028,True,25,25
72,0.2234275380942415,True,25,25
73,0.22333678876193575,True,25,25
76,0.15898703009539714,True,25,25
79,0.12605049226183326,True,25,25
80,0.11463322348598025,True,25,25
82,0.0838730575121039,False,25,25
83,0.1266506472999359,True,25,25
85,0.07115233264497012,False,25,25
87,0.17987889208639207,True,25,25
88,0.12700857121076084,True,25,25
89,0.20235538874382875,True,25,25
90,0.135735055466548,True,25,25
91,0.16664726707560687,True,25,25
92,0.021222438961851584,False,25,25
95,0.16351356052892416,True,25,25
96,0.41790019797551564,True,25,25
97,0.3859361048928549,True,25,25
100,-0.0018647935685631861,False,25,25
101,0.26321690284076976,True,25,25
102,0.2366372919963693,True,25,25
104,0.341525788631268,True,25,25
105,0.2799412296227929,True,25,25
106,0.14016192471440686,True,25,25
108,0.04464286085521093,False,25,25
109,0.24660866283701863,True,25,25
110,0.262802150335586,True,25,25
111,0.14382303705887675,True,25,25
112,0.14928511425663707,True,25,25
117,0.13382164521948592,True,25,25
120,0.24258446905032402,True,25,25
123,0.3594130684106334,True,25,25
127,0.2044760033090427,True,25,25
130,0.28890003603213404,True,25,25
133,0.07760758273219673,False,25,25
138,0.03846762473035872,False,25,25
141,0.07654162166639597,False,25,25
143,0.05424771558077782,False,25,25
148,0.16040086182407712,True,25,25
149,-0.01698643198047735,False,25,25
169,0.16755148451665355,True,25,25
170,0.33905315933366925,True,25,25
172,0.15027054969294648,True,25,25
173,0.26510214741106336,True,25,25
174,0.06099141160049718,False,25,25
175,0.3104561182740446,True,25,25
176,0.2532050763005616,True,25,25
177,0.08811041551247567,False,25,25
178,0.26791595134126367,True,25,25
179,0.23515192866286547,True,25,25
180,-0.019690950110230723,False,25,25
181,0.19717095016923455,True,25,25
183,-0.008578208523217728,False,25,25
185,0.2984801624394615,True,25,25
186,0.20725230011788012,True,25,25
188,0.14410380607984938,True,25,25
189,0.12808920393532408,True,25,25
191,0.3817038314760212,True,25,25
193,0.12265064493108295,True,25,25
196,0.21198102152609552,True,25,25
197,0.08244712268284764,False,25,25
198,0.24814198781776042,True,25,25
199,0.23055012636992886,True,25,25
201,0.02965994198846042,False,25,25
202,0.29775612644543387,True,25,25
203,0.1731278400792636,True,25,25
204,0.10553021680897771,True,25,25
205,0.2742609256560336,True,25,25
206,0.18296249427834618,True,25,25
207,0.15413706542952998,True,25,25
209,0.1534188717097469,True,25,25
210,0.3120139197626561,True,25,25
211,0.16764823759911596,True,25,25
214,0.1724931096987474,True,25,25
215,0.21343140413203834,True,25,25
217,0.19005553142607132,True,25,25
219,0.2491287559044977,True,25,25
220,0.17414742920600657,True,25,25
221,0.18747391091611085,True,25,25
222,0.3422762573747673,True,25,25
224,0.11562323833877346,False,25,25
225,0.17322598893005078,True,25,25
227,0.19969334839084366,True,25,25
228,0.12913927965274716,True,25,25
229,0.11801029313212937,True,25,25
230,0.1718225242413707,True,25,25
231,0.19328134411245113,True,25,25
232,0.054018720054186925,False,25,25
233,0.0962711322450584,False,25,25
234,0.19485319049280792,True,25,25
235,0.20589226310529296,True,25,25
238,0.09654843838277101,False,25,25
239,0.13827988508425887,True,25,25
240,0.06640089924892434,False,25,25
241,0.2995040627902839,True,25,25
242,0.15326156861293674,True,25,25
245,0.15772187262432294,True,25,25
246,0.2045924073750827,True,25,25
247,0.03739311958655853,False,25,25
248,0.1672278704219443,True,25,25
249,0.1873957809226662,True,25,25
250,0.16323832456004958,True,25,25
252,-0.030641300536539563,False,25,25
253,0.1565653919139331,True,25,25
254,0.05414648087805074,False,25,25
256,0.11603932115351567,True,25,25
257,-0.04298262488111935,False,25,25
262,0.12021311836038802,True,25,25
264,0.18761087664378231,True,25,25
265,0.12570916847931468,True,25,25
273,0.2521507923254415,True,25,25
280,0.11628661731492383,True,25,25
281,0.2129373254603905,True,25,25
283,0.03263869959832212,False,25,25
284,0.12370137577970107,True,25,25
285,0.19611773401750854,True,25,25
287,0.1066356000198484,False,25,25
288,0.021529860441117554,False,25,25
291,0.1263821581529689,True,25,25
293,0.11711714082083423,True,25,25
295,0.16718219024163858,True,25,25
297,0.20871349414581863,True,25,25
303,0.08144190664813056,False,25,25
306,0.07182090553172847,False,25,25
307,0.09309185281851252,False,25,25
309,0.14161773841058278,True,25,25
310,0.03953459080719957,False,25,25
311,0.09998654452989907,True,25,25
312,0.07459752536973419,False,25,25
315,0.025465371492045145,False,25,25
316,0.1968508372699247,True,25,25
322,0.047030573675479054,False,25,25
10,0.15528654134765543,False,26,11
12,0.04514733483906288,False,26,11
16,0.31619540673406504,True,26,11
17,0.11548130083147372,False,26,11
19,0.11498666513632921,False,26,11
20,0.29639243810063015,True,26,11
24,0.10568929813156269,False,26,11
29,0.27695489623354236,True,26,11
32,0.4160507424909534,True,26,11
34,0.29036404987227143,True,26,11
36,0.2330643323234711,True,26,11
37,0.33974111534997786,True,26,11
39,0.3965996520644152,True,26,11
40,0.22846457518946792,True,26,11
41,0.1152668780187452,False,26,11
45,0.35081548005461016,True,26,11
46,0.45469948979642144,True,26,11
53,-0.008649919819913749,False,26,11
54,0.5744584113276571,True,26,11
55,0.3194914194778801,True,26,11
56,0.38616526476383917,True,26,11
57,0.40052780522817316,True,26,11
58,0.226409426470186,True,26,11
59,0.4013191903383519,True,26,11
60,0.10784493013480308,False,26,11
61,0.36292527265021596,True,26,11
63,0.33073332740521105,True,26,11
65,0.4548745473416616,True,26,11
66,0.1724124102569212,True,26,11
69,0.1031844350622027,False,26,11
73,0.06394055708574531,False,26,11
74,0.3627378508459713,True,26,11
76,0.45466949344284674,True,26,11
77,0.21477995882301623,True,26,11
78,0.22382698810039395,True,26,11
79,0.45882735364192073,True,26,11
80,0.0923382831617529,False,26,11
82,0.3876833793198597,True,26,11
83,0.05358484108744745,False,26,11
84,0.5205748983462636,True,26,11
85,0.25038340583423485,True,26,11
86,0.6347962947737239,True,26,11
87,0.4076589402270397,True,26,11
89,0.2864467860039948,True,26,11
90,0.11325630713411916,False,26,11
91,0.12976094580025369,False,26,11
93,0.2317709888285676,True,26,11
94,0.20422801640121088,True,26,11
96,0.520098374770822,True,26,11
97,0.1843869893372659,True,26,11
98,0.3493491994835664,True,26,11
100,-0.00551809628382648,False,26,11
101,0.4973467544228621,True,26,11
102,0.31698795049166434,True,26,11
103,0.18426972461774563,True,26,11
106,0.14980015612680256,False,26,11
107,0.266347387530571,True,26,11
108,0.2283735151396764,True,26,11
109,0.2674031577729357,True,26,11
110,0.33812739175940787,True,26,11
111,0.41887943048519133,True,26,11
116,0.20598520161679693,True,26,11
117,0.28424512548536807,True,26,11
118,0.12244222384103622,False,26,11
122,0.15737280325654399,True,26,11
123,0.2949406316317988,True,26,11
125,0.5705751343967317,True,26,11
126,0.2845528591347546,True,26,11
127,0.4178009853289293,True,26,11
129,0.36905126581368924,True,26,11
130,0.20396848873453158,True,26,11
131,0.05051134494142314,False,26,11
132,0.3142218856790024,True,26,11
133,0.0709489150776388,False,26,11
134,0.0730592302200886,False,26,11
136,0.35973432326369975,True,26,11
138,0.4597490139900488,True,26,11
139,0.31010029836902103,True,26,11
140,0.14460789309131195,False,26,11
141,0.21364810315747165,True,26,11
143,0.4668835898029426,True,26,11
144,0.4516181913281419,True,26,11
145,0.23517572133593304,True,26,11
146,0.2822162569027133,True,26,11
148,0.44062605218918,True,26,11
150,0.23120676863110756,True,26,11
151,0.0662185153271758,False,26,11
153,0.09283052172008227,False,26,11
156,0.2472234122668838,True,26,11
159,0.34281897426258706,True,26,11
160,0.06873459968872288,False,26,11
162,0.15656349153238946,False,26,11
163,0.42628371298183737,True,26,11
164,0.20648134485155858,True,26,11
165,0.2877948334005847,True,26,11
166,0.0069979945354923636,False,26,11
167,0.2403023490524768,True,26,11
168,0.43104155748930867,True,26,11
169,0.5975433977255951,True,26,11
171,0.3270745601041749,True,26,11
174,0.4533369869782795,True,26,11
175,0.15704269140714847,False,26,11
176,0.18015041090942555,True,26,11
177,0.5110473874244665,True,26,11
178,0.07491582875946685,False,26,11
182,0.21005047629482235,True,26,11
183,0.12865308841439801,False,26,11
185,0.189539319411653,True,26,11
187,0.46568775691776004,True,26,11
188,0.6389375458039774,True,26,11
189,0.2151431565941511,True,26,11
195,0.22982807398489827,True,26,11
197,0.26540564188906496,True,26,11
198,0.2298102104772585,True,26,11
200,0.2548323139557571,True,26,11
201,0.2418351717531996,True,26,11
202,0.23474545755704054,True,26,11
204,-0.03430767657763947,False,26,11
206,0.29526320522006305,True,26,11
207,0.2985947432179675,True,26,11
209,0.1758695770114723,True,26,11
212,0.41870680931349574,True,26,11
213,0.1941098062737799,True,26,11
214,0.16028285435109435,False,26,11
216,0.08111488521433201,False,26,11
222,0.17610263349659894,True,26,11
224,0.2241558894817153,True,26,11
225,0.06705134062236308,False,26,11
226,0.27561504566367484,True,26,11
227,0.09284399849140068,False,26,11
229,0.1661054680622598,True,26,11
230,0.2404379182263996,True,26,11
232,0.01786560029787621,False,26,11
233,0.15885793155234654,True,26,11
235,0.3454473543502717,True,26,11
237,0.16936407452604016,True,26,11
240,0.18304258359753503,True,26,11
241,0.0743331851798017,False,26,11
242,0.1395943496286763,False,26,11
247,0.17553818015074038,False,26,11
251,-0.10369198735182412,False,26,11
252,0.24089366347611016,True,26,11
254,0.017330041674366883,False,26,11
256,0.011523759613168856,False,26,11
259,0.4998245507712295,True,26,11
261,-0.016083581379440316,False,26,11
266,0.06284455813435236,False,26,11
269,-0.009676778738267796,False,26,11
270,-0.01146762885870653,False,26,11
271,0.13003472001037364,False,26,11
272,0.034775120911751715,False,26,11
273,0.14095050183078692,False,26,11
274,0.1596152032596683,False,26,11
277,0.04653906187961038,False,26,11
279,0.060855535297559576,False,26,11
281,0.09615153155605934,False,26,11
284,0.17847263845302294,True,26,11
285,0.006171719888200765,False,26,11
287,0.07473152153326262,False,26,11
288,0.040458385285012374,False,26,11
289,0.02767764738927828,False,26,11
290,0.18039219581455682,True,26,11
292,0.031157661994767494,False,26,11
294,-0.0047507104168636,False,26,11
295,0.03917104906299691,False,26,11
0,0.1414343900322254,True,26,12
1,0.7622060297154621,True,26,12
2,0.18923892003002726,True,26,12
3,0.337799286889977,True,26,12
5,0.19421320133805617,True,26,12
6,0.3192207466322431,True,26,12
7,0.35186674883414243,True,26,12
9,0.08443386809865373,False,26,12
10,0.30443838600603346,True,26,12
11,0.27903918702694525,True,26,12
12,0.23159001633525145,True,26,12
14,0.4671151950536064,True,26,12
15,0.07783156246302207,False,26,12
16,-0.04255990099201656,False,26,12
17,0.45700707633834997,True,26,12
18,0.3136885042875118,True,26,12
19,0.09424056438311186,False,26,12
22,0.16940689608328663,True,26,12
23,0.001235319491346069,False,26,12
24,0.21966883607261414,True,26,12
27,0.05799492504685911,False,26,12
28,0.26396136087457833,True,26,12
29,0.3158936244500911,True,26,12
30,0.4085207680529535,True,26,12
32,0.09616176402152486,False,26,12
33,0.10270381661442644,True,26,12
34,0.3099076598678688,True,26,12
35,0.2732491227823737,True,26,12
36,0.06037432995383155,False,26,12
37,0.20992558435675213,True,26,12
38,0.2877515320145377,True,26,12
40,0.03796317493508696,False,26,12
41,0.3086187711882512,True,26,12
42,0.5035010852351772,True,26,12
43,0.2152853898411056,True,26,12
44,0.539021329787627,True,26,12
45,-0.04223886590846452,False,26,12
46,0.26741388508745084,True,26,12
48,0.4014312736836995,True,26,12
49,0.2670349924592966,True,26,12
52,0.29107953711306755,True,26,12
53,0.1346332388918716,True,26,12
54,0.0872036526712074,False,26,12
55,0.15481546180018302,True,26,12
56,0.18723806616738128,True,26,12
59,0.19978352003518884,True,26,12
60,0.37094934297486076,True,26,12
62,0.05062824723613621,False,26,12
63,0.1506029148124115,True,26,12
64,0.40844317685599657,True,26,12
65,0.3324575712716005,True,26,12
66,0.2371105369470001,True,26,12
67,0.05386473601705503,False,26,12
68,0.07791393158259312,False,26,12
69,0.2142007477375071,True,26,12
70,0.13315725754522595,True,26,12
71,0.23363770882463722,True,26,12
72,0.10731950131553906,False,26,12
73,0.4059795137116419,True,26,12
74,0.16305254504584984,True,26,12
78,0.05237410939496353,False,26,12
79,0.2934411733376557,True,26,12
80,0.3062351613069021,True,26,12
81,0.08712368590162793,False,26,12
82,0.10187463357966887,True,26,12
84,0.20190785974969694,True,26,12
86,0.2861255088252673,True,26,12
87,-0.05052869230878466,False,26,12
88,0.24809390505775145,True,26,12
89,0.2616939404312146,True,26,12
90,0.0899363954815303,False,26,12
91,0.14317612968315488,True,26,12
93,0.18589363180539445,True,26,12
94,0.16087393515760565,True,26,12
96,0.06354789213368817,False,26,12
97,0.10630170589446597,True,26,12
98,0.03412716599135666,False,26,12
99,0.09623742077230861,False,26,12
100,0.32983499445473424,True,26,12
101,0.30386182625327973,True,26,12
102,0.3013034493420024,True,26,12
103,0.049033328845108255,False,26,12
105,0.12916369123994473,True,26,12
106,0.30921212834897815,True,26,12
107,0.25658570448742185,True,26,12
108,0.30619558817472087,True,26,12
109,0.09203224340372412,False,26,12
110,0.20656509983045426,True,26,12
111,0.07976136391481065,False,26,12
112,0.13434738427458034,True,26,12
113,0.0434922725681525,False,26,12
114,0.12856254162884723,True,26,12
115,0.23887515095681297,True,26,12
116,0.2984350274501168,True,26,12
118,0.10357474585374708,False,26,12
120,0.23468044310773992,True,26,12
121,0.21990734060512243,True,26,12
122,-0.03523052814432793,False,26,12
124,0.11893074110721125,False,26,12
126,0.007874476024636824,False,26,12
129,-0.0006978730755697263,False,26,12
130,0.2604895362806462,True,26,12
132,0.20478127481324157,True,26,12
135,0.32494436299004387,True,26,12
136,0.16601648493785942,True,26,12
137,0.1818459015332552,True,26,12
138,0.09163800643327513,False,26,12
139,0.07348416280047318,False,26,12
141,-0.01996485597485151,False,26,12
142,0.16694459083593274,True,26,12
145,0.0028262736434625604,False,26,12
146,0.22822944997125053,True,26,12
152,0.12946434658931055,True,26,12
154,0.04347154252879291,False,26,12
155,0.20519434452339066,True,26,12
157,0.1417505631362545,True,26,12
158,0.07661799395844897,False,26,12
159,0.21302660235075652,True,26,12
161,0.16732860846218944,True,26,12
162,0.08709546403482764,False,26,12
163,0.157561454612953,True,26,12
166,0.05026637328299149,False,26,12
167,0.043028095903960034,False,26,12
168,0.11412641161854496,True,26,12
169,0.2711571067854729,True,26,12
170,0.14421823189579558,True,26,12
172,0.1369691881383827,True,26,12
173,0.07615043513862167,False,26,12
174,0.26617314416161997,True,26,12
177,0.07069792904519157,False,26,12
180,0.0774784537290181,False,26,12
181,-0.007305846212139983,False,26,12
182,0.22119750274004366,True,26,12
183,0.07001895924965486,False,26,12
184,0.15838079999007693,True,26,12
185,0.06551296846144052,False,26,12
187,0.1275510886534022,True,26,12
188,0.2083593309842211,True,26,12
189,0.19552030723041258,True,26,12
190,-0.003100025973791521,False,26,12
192,0.08493521940485123,True,26,12
193,0.2829777334911015,True,26,12
194,0.006213368307674986,False,26,12
195,0.17683004492492882,True,26,12
196,0.023117229791537488,False,26,12
197,-0.05258285735475726,False,26,12
199,0.08469640735458583,False,26,12
200,0.09363148364113018,False,26,12
201,0.030117274013211476,False,26,12
202,-0.007520698049970916,False,26,12
204,-0.007180931307065157,False,26,12
206,-0.008298897575496924,False,26,12
285,0.035291507537582374,False,26,12
286,-0.05318077202902912,False,26,12
287,-0.008096914168012812,False,26,12
289,0.08580883697819712,False,26,12
6,0.33956277306111365,True,26,13
8,0.3889759583167589,True,26,13
11,0.13892331921070314,True,26,13
15,0.19371640545931865,True,26,13
19,0.22222805972015372,True,26,13
20,0.15165548442452945,True,26,13
23,-0.03982985319301551,False,26,13
26,-0.027059697644625163,False,26,13
28,0.17350827356773302,True,26,13
31,0.35026103614863907,True,26,13
37,-0.0630577363085638,False,26,13
41,0.01973333936574243,False,26,13
42,0.1393379592230838,True,26,13
44,-0.05228879155023288,False,26,13
49,0.12621790943307518,True,26,13
52,-0.010992013284317101,False,26,13
54,-0.005628706470068279,False,26,13
85,0.1443453367318838,True,26,13
101,-0.025327239164001814,False,26,13
152,0.19429880052486995,True,26,13
156,0.1276780172503709,True,26,13
159,0.02536791544015063,False,26,13
167,0.2106758216477714,True,26,13
170,0.1464917813246773,True,26,13
178,0.30525979439731077,True,26,13
180,0.18564205291972155,True,26,13
181,0.17064006481418081,True,26,13
184,0.257060552865268,True,26,13
188,0.28781447012494416,True,26,13
191,0.01583274285992774,False,26,13
194,0.17254847161724904,True,26,13
197,0.18866113420812225,True,26,13
200,0.38455713919887285,True,26,13
201,0.12333673776632113,True,26,13
204,0.5582240463775968,True,26,13
210,0.23023207107845423,True,26,13
212,0.20955791342707264,True,26,13
215,0.1282155122534555,True,26,13
216,0.3391420827079801,True,26,13
219,0.10453771879381284,True,26,13
220,0.2513063298012685,True,26,13
224,0.17360224966689733,True,26,13
225,0.07680172027792018,False,26,13
229,0.11817991196672895,True,26,13
235,0.22498213351280497,True,26,13
237,0.09838501664151861,False,26,13
238,-0.003313750603831265,False,26,13
239,0.07961052448884408,False,26,13
240,0.14617318776428012,True,26,13
243,0.17279166431373935,True,26,13
244,0.24853975662454483,True,26,13
245,0.3874191528926983,True,26,13
246,0.4184888310011062,True,26,13
247,0.812184733998329,True,26,13
249,0.12728992975274095,True,26,13
250,0.39081837862563007,True,26,13
251,0.4401500460177627,True,26,13
252,0.4658811637562055,True,26,13
254,0.40891960158361934,True,26,13
255,0.14535561470535927,True,26,13
256,0.2194769781660005,True,26,13
257,0.1472132922374063,True,26,13
258,0.04187247665978797,False,26,13
260,0.249142830244082,True,26,13
261,0.25346086537808293,True,26,13
263,0.14752197577796877,True,26,13
265,0.5710045542137695,True,26,13
266,0.36884272342077074,True,26,13
268,0.20901710693100417,True,26,13
269,0.12474816515004301,True,26,13
270,0.27449077044599074,True,26,13
271,0.0843503449298262,False,26,13
272,0.023159114814947843,False,26,13
274,0.18155360732636505,True,26,13
275,0.2836625319276231,True,26,13
277,0.13874106178171833,True,26,13
278,0.4987862548810799,True,26,13
282,0.10638874267653524,True,26,13
283,0.07915578792965548,False,26,13
284,0.04375801637188936,False,26,13
285,0.33892975941821835,True,26,13
286,0.1839916180412833,True,26,13
287,0.07073897301730363,False,26,13
289,0.2315515226785562,True,26,13
290,0.31112353576947693,True,26,13
291,0.5026704510828502,True,26,13
293,0.2556402835167162,True,26,13
294,0.092880168426354,False,26,13
295,0.05278091252337419,False,26,13
296,0.3268809779666387,True,26,13
298,0.22840786747210037,True,26,13
299,0.2672284728099363,True,26,13
300,0.15285309442802553,True,26,13
301,0.17722162606644054,True,26,13
302,0.1748094853248492,True,26,13
305,0.21851401475646057,True,26,13
306,0.3650738284696052,True,26,13
307,0.09669150293652569,True,26,13
310,0.24833790101970168,True,26,13
314,0.12606377592816284,True,26,13
316,0.16373704680456588,True,26,13
317,0.16372198482763742,True,26,13
318,0.16755599192622236,True,26,13
320,0.004258323582021255,False,26,13
322,0.16494133195917485,True,26,13
323,0.12740611160953189,True,26,13
324,0.13729237026775665,True,26,13
325,0.15704519913291176,True,26,13
328,0.2920140308384609,True,26,13
330,0.2574451818484988,True,26,13
331,0.17750089763336444,True,26,13
333,0.3893914285985624,True,26,13
335,0.027704974315000085,False,26,13
336,0.05773027030846941,False,26,13
337,0.2019754830443374,True,26,13
339,0.11405729099260668,True,26,13
340,0.01067080965348536,False,26,13
342,0.39813030338272465,True,26,13
1,0.05537622378250179,False,26,15
3,0.09088288862216877,True,26,15
16,0.13233162648208838,True,26,15
24,0.12904189849562403,True,26,15
33,0.48017819431232595,True,26,15
40,0.39636561284659777,True,26,15
41,0.3880730530053877,True,26,15
58,0.058599053725536705,False,26,15
66,0.32337457348245296,True,26,15
69,0.20463782727908453,True,26,15
70,0.09477227890287353,False,26,15
75,0.2808865375341458,True,26,15
76,0.6105178753698128,True,26,15
78,0.23432738341229262,True,26,15
80,0.07961894806791187,False,26,15
83,0.22064488066927168,True,26,15
84,0.3218043269004279,True,26,15
85,0.576577325253038,True,26,15
92,0.122901580705159,True,26,15
104,0.30013107464605876,True,26,15
107,0.2832438549790613,True,26,15
111,0.05987423135667332,False,26,15
113,0.19611460250623358,True,26,15
115,0.08980402401214967,False,26,15
123,0.12285069575381073,True,26,15
127,0.07309333125477854,False,26,15
143,0.19238734307102276,True,26,15
144,0.32185098242423765,True,26,15
156,0.24579918495310982,True,26,15
161,0.08590396524696037,False,26,15
163,0.29052360499566066,True,26,15
164,0.2616800124003827,True,26,15
166,0.07138918844927104,False,26,15
167,0.07013523738736524,False,26,15
169,0.16263917895096458,True,26,15
172,0.2644637605807421,True,26,15
173,0.1841576127112724,True,26,15
174,0.16270467436836267,True,26,15
177,0.2288823729100562,True,26,15
178,0.10079505709131299,False,26,15
180,-0.017520369721724174,False,26,15
181,0.20475154897910372,True,26,15
182,0.19984181328872688,True,26,15
184,0.0639194281483594,False,26,15
185,0.17418231612432503,True,26,15
186,0.22988421607286844,True,26,15
187,0.09876329775000157,False,26,15
189,0.119148507874277,True,26,15
190,0.4208858995726925,True,26,15
193,0.2066560482599018,True,26,15
196,0.31757492568738666,True,26,15
199,0.2765382890387883,True,26,15
201,0.19496943206500808,True,26,15
202,0.05329175584231571,False,26,15
204,0.14607070739583686,True,26,15
205,0.23977808215397145,True,26,15
207,0.07359260170747585,False,26,15
208,0.2742727516234149,True,26,15
209,0.03155018721352833,False,26,15
210,0.12576538827255906,True,26,15
211,0.09574881692129694,False,26,15
212,0.19460968938711454,True,26,15
213,0.25185140728920485,True,26,15
215,0.01263234938758698,False,26,15
216,0.167212278070112,True,26,15
217,0.14827025417511744,True,26,15
220,0.036824323644310535,False,26,15
222,0.0600236245237143,False,26,15
224,0.23642722484723933,True,26,15
225,0.18976901744846553,True,26,15
226,0.37667560432770714,True,26,15
227,0.07906281650896903,False,26,15
228,0.06932133164718403,False,26,15
229,0.09919002374418051,True,26,15
233,0.04135020194244299,False,26,15
237,0.11353840518704288,False,26,15
238,0.025091461164298296,False,26,15
239,0.15623288602112675,True,26,15
241,0.03765591242874186,False,26,15
242,0.21864920683698588,True,26,15
246,0.13489004130504162,True,26,15
247,0.11971773930175211,True,26,15
249,0.09540634946877576,True,26,15
254,0.16233460071130423,True,26,15
255,0.055569841796973336,False,26,15
256,0.08847441796304782,False,26,15
259,0.08689738065414897,False,26,15
260,0.22189857506224078,True,26,15
261,0.06500171115125401,False,26,15
262,0.22182954627789112,True,26,15
263,0.13042790822656786,True,26,15
265,0.28101521755705244,True,26,15
267,0.09864571639885254,False,26,15
271,0.09725868799891997,False,26,15
272,0.250441928266302,True,26,15
273,0.10552878852565496,True,26,15
274,0.2786319092979027,True,26,15
276,0.2601074739350948,True,26,15
278,0.22293529715089522,True,26,15
279,0.33285702042671467,True,26,15
281,0.034637523712835,False,26,15
282,0.46465788342604725,True,26,15
284,0.2831940126009805,True,26,15
285,0.18514706005578851,True,26,15
286,0.22411021790618868,True,26,15
287,0.08135759310255912,False,26,15
289,0.240655567446065,True,26,15
292,0.1452008606515208,True,26,15
294,0.05562003161492677,False,26,15
297,0.1105699857340267,True,26,15
298,0.17226274376423986,True,26,15
301,0.16491321541630713,True,26,15
303,0.07917264980659137,False,26,15
304,0.24544746015145058,True,26,15
306,0.24415672936721203,True,26,15
307,0.46343966605355597,True,26,15
312,0.31281369987911956,True,26,15
315,0.34536464321570465,True,26,15
316,0.11223781433870193,True,26,15
318,0.14699060622165916,True,26,15
322,0.10264793684051159,False,26,15
323,0.17125446945301126,True,26,15
325,0.05199238001135469,False,26,15
327,0.11833526423338762,True,26,15
328,0.2730877864056244,True,26,15
331,0.037157657475871686,False,26,15
333,0.24317367972373063,True,26,15
334,0.33804336042280064,True,26,15
335,0.0487473904631544,False,26,15
337,0.1350620484848599,True,26,15
338,0.20385622539687473,True,26,15
339,0.03985856856178364,False,26,15
342,0.017768042724343142,False,26,15
344,0.2879645895101101,True,26,15
349,0.2375428676745365,True,26,15
350,0.17682472503966276,True,26,15
353,0.05265184311226589,False,26,15
359,0.02138340833102832,False,26,15
362,0.21879909191947666,True,26,15
363,0.21551035665989002,True,26,15
366,0.027699953967552912,False,26,15
2,0.2362801901075482,True,26,18
4,0.15677902298064636,True,26,18
14,0.05797832816721871,False,26,18
15,0.017218989073082162,False,26,18
16,0.10564742458140546,True,26,18
17,0.09913111533253192,False,26,18
31,0.17157805576878796,True,26,18
32,0.1068030158689478,True,26,18
33,0.01890060596899371,False,26,18
35,0.07484042509113548,False,26,18
47,0.628910865407128,True,26,18
52,0.12109121860489837,True,26,18
54,0.05501689656394961,False,26,18
56,0.17068664497698074,True,26,18
62,0.3652898077462625,True,26,18
65,0.2184973901808787,True,26,18
67,0.07993231539449074,False,26,18
71,0.6428627034662516,True,26,18
73,0.14921677809459344,True,26,18
75,0.3072919960289405,True,26,18
76,0.21173338035202435,True,26,18
80,-0.026588420060511615,False,26,18
84,0.07918769477599187,False,26,18
85,0.209889170643062,True,26,18
90,0.11004652988152347,True,26,18
92,0.435326641111613,True,26,18
94,0.1502444568629282,True,26,18
97,0.3388718801355772,True,26,18
102,0.056132184719124796,False,26,18
105,0.07232930529342316,False,26,18
106,-0.021953396754677126,False,26,18
108,0.2655380460159599,True,26,18
109,0.4125837824095342,True,26,18
113,0.016228356014300106,False,26,18
116,0.34684752895913973,True,26,18
121,0.21375819599534798,True,26,18
127,0.1831821728418307,True,26,18
128,0.36541294559058807,True,26,18
129,0.0644602808324001,False,26,18
130,0.27842358772897285,True,26,18
131,0.07557943316507257,False,26,18
132,0.07960020572654028,False,26,18
133,0.14533397229961145,False,26,18
134,0.15256529546117822,True,26,18
137,0.1610253888386706,True,26,18
139,0.3553349455055957,True,26,18
141,0.17045234220238992,True,26,18
142,0.04143513322197707,False,26,18
145,0.12794958787198635,True,26,18
146,0.3519077243152961,True,26,18
147,0.14390004635829856,True,26,18
148,0.10849041748261261,True,26,18
149,0.201497473969701,True,26,18
153,0.17264785202331034,True,26,18
156,0.28514915300519555,True,26,18
157,0.20595296838007815,True,26,18
158,0.04751560763440112,False,26,18
161,0.19483919829299837,True,26,18
163,0.2136091861169687,True,26,18
166,0.14633080371522822,True,26,18
167,0.3555882439710489,True,26,18
168,0.2428030898954181,True,26,18
169,0.0809382482796701,False,26,18
170,0.2607451206007883,True,26,18
171,0.10732968482933501,True,26,18
174,0.21390672900620947,True,26,18
175,0.1394676155055717,True,26,18
177,0.11475622460450685,True,26,18
178,0.050119456108249444,False,26,18
180,0.21144042940099184,True,26,18
181,0.3315669471043227,True,26,18
182,0.0916178579450463,False,26,18
183,-0.008103668813596806,False,26,18
187,0.029247451526774045,False,26,18
188,0.19887148266495305,True,26,18
189,0.32675339144171905,True,26,18
191,0.06877542365578487,False,26,18
192,0.12661581666873578,True,26,18
193,0.12414360265732821,True,26,18
194,0.07327331368978941,False,26,18
196,0.13712783034430134,True,26,18
202,0.1072901469443767,False,26,18
203,0.17935676541740378,True,26,18
204,0.05255650113008281,False,26,18
205,0.18320338969038283,True,26,18
206,0.10678209519320887,True,26,18
207,0.1172857345325099,True,26,18
209,0.006906189435545075,False,26,18
211,0.15061425182624968,True,26,18
214,0.013652683487421588,False,26,18
215,0.21436796701250035,True,26,18
216,0.1581613097097158,True,26,18
217,0.03107158875614911,False,26,18
221,0.0864745417149706,False,26,18
223,0.02149845481293386,False,26,18
224,0.07196085934525497,False,26,18
226,0.043788584349359616,False,26,18
229,0.09547500026968193,False,26,18
230,0.01836079815731077,False,26,18
234,0.1456500560277179,True,26,18
254,0.19594187322753434,True,26,18
262,-0.003593033774615378,False,26,18
264,0.05075915697594283,False,26,18
14,0.28959059536182613,True,26,19
18,0.11253796702754044,True,26,19
24,0.18281391063645694,True,26,19
25,0.23073076650846347,True,26,19
34,0.09946103556305343,True,26,19
36,0.17170243090627876,True,26,19
37,0.1651440228490054,True,26,19
38,0.1107338576477767,True,26,19
41,0.17873956663433022,True,26,19
42,0.32247371927889784,True,26,19
43,0.19368737560769156,True,26,19
48,0.4317937386794213,True,26,19
50,0.27790063756536204,True,26,19
53,0.03616549746739644,False,26,19
56,0.28057747590910415,True,26,19
58,0.2207197625531767,True,26,19
61,0.35149063794138263,True,26,19
65,0.2330253183361045,True,26,19
72,0.29601417977969496,True,26,19
75,0.10609270337279825,True,26,19
78,0.12294504059088489,True,26,19
81,0.2636765880578395,True,26,19
82,0.10980560437842862,True,26,19
83,0.23713617220502173,True,26,19
84,0.29737371881713137,True,26,19
85,0.25977967145837627,True,26,19
86,0.18347834913600292,True,26,19
87,0.21456938758892866,True,26,19
93,0.16941799771318292,True,26,19
95,0.2942713186013704,True,26,19
100,0.11522031255760272,True,26,19
102,0.25292978447254244,True,26,19
103,0.6449091300691372,True,26,19
104,0.4911480794240062,True,26,19
110,0.11139205377000416,True,26,19
112,0.3702119008268072,True,26,19
113,0.2773052521234062,True,26,19
114,0.3940751701573448,True,26,19
115,0.236113790214625,True,26,19
116,0.5641967126640827,True,26,19
120,0.09243047870027116,False,26,19
121,0.3260086138919762,True,26,19
122,0.47360052769410005,True,26,19
123,0.221757175779567,True,26,19
124,0.2847564918454321,True,26,19
125,0.25218454810232616,True,26,19
126,0.3338435791147824,True,26,19
128,0.36477482222401664,True,26,19
129,0.4130793799591081,True,26,19
130,0.382979076678847,True,26,19
132,0.2846390854699382,True,26,19
133,0.25835251276872306,True,26,19
134,0.1219495353494831,True,26,19
135,0.308813256582478,True,26,19
137,0.07741330251072488,False,26,19
138,0.45235283471508647,True,26,19
143,0.404690070243527,True,26,19
144,0.3688205624635956,True,26,19
145,0.23624221959890343,True,26,19
148,0.5399951362016325,True,26,19
149,0.20568308320518902,True,26,19
151,0.18485544195815448,True,26,19
155,0.3246435855272212,True,26,19
156,0.38744133654548857,True,26,19
157,0.48658578988918527,True,26,19
163,0.04890032883954772,False,26,19
166,0.28225937530353173,True,26,19
169,0.3262254034467549,True,26,19
171,0.3778343699152596,True,26,19
172,0.3029131492669283,True,26,19
173,0.02424006588233169,False,26,19
174,0.22306704349231365,True,26,19
176,0.1944440375244505,True,26,19
178,0.23758408724213811,True,26,19
179,0.34708113304879645,True,26,19
180,0.32484460981094526,True,26,19
181,0.1126435267116453,True,26,19
183,0.3905607154948069,True,26,19
185,0.31835188242927076,True,26,19
186,0.02241301776048026,False,26,19
188,0.2560143021054619,True,26,19
189,0.19253151695387918,True,26,19
190,0.2209424259239301,True,26,19
192,0.39881728947057554,True,26,19
194,0.2601946796509677,True,26,19
195,0.1137332303457446,True,26,19
196,0.33094626911860875,True,26,19
197,0.5041577952489749,True,26,19
198,0.3212355043806534,True,26,19
201,0.32068426109991127,True,26,19
202,0.27930495011746254,True,26,19
203,0.2337714251055102,True,26,19
205,0.20641351306305733,True,26,19
209,0.3832504827441139,True,26,19
210,0.22657325827509878,True,26,19
212,0.22178698019147605,True,26,19
213,0.1288276492272003,True,26,19
214,0.2816047924777938,True,26,19
215,0.15474427945785946,True,26,19
217,0.27315542729254044,True,26,19
218,0.12727159210201316,True,26,19
219,0.3029296515867282,True,26,19
220,0.1963397381103331,True,26,19
221,0.26635249507994324,True,26,19
223,0.24706881562381947,True,26,19
224,0.09026116933758005,False,26,19
226,0.2741055529825241,True,26,19
227,0.2504898731838811,True,26,19
230,0.28966791096654365,True,26,19
234,0.30983085687165285,True,26,19
237,0.12930272504384724,True,26,19
238,0.2337243459861477,True,26,19
239,0.2698597042655492,True,26,19
240,0.11646204744723754,True,26,19
241,0.41650049120720795,True,26,19
242,0.007368142412277228,False,26,19
243,0.3847641956957961,True,26,19
245,0.3484000167676457,True,26,19
246,0.07365709314996453,False,26,19
247,0.22125783198234728,True,26,19
248,0.17204692938410535,True,26,19
249,0.20100549493883277,True,26,19
250,0.2283531171820673,True,26,19
251,0.14973215222652167,True,26,19
252,0.18081405483460403,True,26,19
255,0.4887384870973728,True,26,19
256,0.07628344468418985,False,26,19
257,0.4886003591932613,True,26,19
258,0.5373281232393237,True,26,19
259,0.2957939501808169,True,26,19
263,-0.011062106155148002,False,26,19
265,0.3787193716622786,True,26,19
266,0.1190203630621099,True,26,19
267,0.14217221624998103,True,26,19
268,0.0005446765037973913,False,26,19
269,0.19651750355695688,True,26,19
270,0.26326012147301203,True,26,19
271,0.2285924154821504,True,26,19
272,0.19477426617775503,True,26,19
273,0.20629158719151894,True,26,19
274,0.04115617752539206,False,26,19
275,0.06224471327231106,False,26,19
278,0.2985626352926701,True,26,19
279,-0.011014171283356503,False,26,19
280,0.2859928697411552,True,26,19
281,0.2908124212862891,True,26,19
282,0.5064531826948812,True,26,19
283,0.2099397051401577,True,26,19
284,0.23968553713738672,True,26,19
285,0.05326000688708593,False,26,19
286,0.2820568873668113,True,26,19
287,0.2946546813636451,True,26,19
288,0.46542250687502196,True,26,19
289,0.0653805334354547,False,26,19
291,0.02608020004190767,False,26,19
293,0.427508730426536,True,26,19
294,0.32139272858694,True,26,19
296,0.3123152319928053,True,26,19
297,0.06872058001924307,False,26,19
298,0.3044243663636775,True,26,19
299,0.19460203879337268,True,26,19
300,0.5472511781873604,True,26,19
301,0.3437915318085661,True,26,19
302,0.18182906735025373,True,26,19
303,0.334556549314932,True,26,19
304,0.2606489493418597,True,26,19
306,0.07623116126980094,False,26,19
307,0.018066640578703736,False,26,19
309,0.12435533723002534,True,26,19
310,0.4173689525327268,True,26,19
311,0.18715442207924113,True,26,19
312,0.4027467889994623,True,26,19
313,0.16297095521279728,True,26,19
314,0.07670610886422187,False,26,19
315,0.1251396716990045,True,26,19
317,0.3840330517773467,True,26,19
318,0.3130809157031041,True,26,19
320,0.05393621142481777,False,26,19
321,0.25110609185090743,True,26,19
322,0.08622683310680791,False,26,19
323,0.28630591107339803,True,26,19
324,0.2610022348216609,True,26,19
325,0.214609466526176,True,26,19
326,0.24507476728933394,True,26,19
327,0.4169244338201991,True,26,19
328,0.13368261497392153,True,26,19
329,0.49778710074879684,True,26,19
330,0.03999895789991149,False,26,19
331,0.07537129971876015,False,26,19
332,0.028725588089417636,False,26,19
333,0.3406124257447065,True,26,19
334,0.1789398557152064,True,26,19
335,0.2078787509836443,True,26,19
336,0.5034357157800727,True,26,19
337,0.06479147453244807,False,26,19
338,0.04062074973036244,False,26,19
339,0.03855397062891017,False,26,19
340,0.07488719210275634,False,26,19
341,0.003651308754948561,False,26,19
342,0.2374883310411295,True,26,19
343,0.20135529091613627,True,26,19
344,0.15715230704845995,True,26,19
346,0.14672045142803894,True,26,19
347,0.1889573542017546,True,26,19
348,0.06282043989463422,False,26,19
349,0.3591239130999109,True,26,19
350,0.27038598667590286,True,26,19
351,0.42499804117211765,True,26,19
352,0.22751903140723162,True,26,19
354,0.017164803032737413,False,26,19
355,0.2206005535700759,True,26,19
356,0.2755694508212033,True,26,19
358,0.44806922801715365,True,26,19
359,0.11780933214935936,True,26,19
360,0.26338185219031945,True,26,19
361,0.08970882691958561,False,26,19
362,0.5207117357245561,True,26,19
363,0.11305305780337942,True,26,19
364,0.21662228908327566,True,26,19
365,0.28147073486040436,True,26,19
366,0.3704241186002985,True,26,19
368,0.19916804813031974,True,26,19
369,0.24473271513584807,True,26,19
370,0.14336799154112898,True,26,19
371,0.07005582344854312,False,26,19
372,0.14976093065072973,True,26,19
373,0.16758431628804293,True,26,19
374,0.4321861101178226,True,26,19
376,0.14754710461357887,True,26,19
377,0.35027454415598586,True,26,19
378,0.1635862119062884,True,26,19
379,-0.0036771519449630475,False,26,19
380,0.2559156244954032,True,26,19
381,0.31443797412781,True,26,19
382,0.24116528542089719,True,26,19
383,0.21277063585937847,True,26,19
384,0.17571472125047483,True,26,19
386,0.21475572968944845,True,26,19
387,0.2975203537403975,True,26,19
388,0.3301815369426952,True,26,19
389,0.1965869106223822,True,26,19
390,0.10962034090439253,True,26,19
391,-0.0008090634283558507,False,26,19
394,0.34963529374369234,True,26,19
395,0.48233043723768004,True,26,19
396,0.12776675547326058,True,26,19
397,0.20265961783967132,True,26,19
398,0.3402208697865306,True,26,19
399,0.003454614963064153,False,26,19
400,0.08410393937237344,False,26,19
401,0.022739546491578205,False,26,19
402,0.10937843266373948,True,26,19
403,0.28947293194617724,True,26,19
404,0.14381354521219594,True,26,19
405,0.17920685721105545,True,26,19
406,0.1997979465909543,True,26,19
407,0.17434955829535514,True,26,19
409,0.0961594572524805,True,26,19
410,0.1578972451816709,True,26,19
412,0.31532539147821076,True,26,19
414,0.09902502529224914,True,26,19
415,0.07458864484188409,False,26,19
416,0.28741228952098163,True,26,19
417,0.05748500802592951,False,26,19
418,0.1467585321059044,True,26,19
419,0.05345288783532503,False,26,19
420,0.2009874046923877,True,26,19
421,0.2529931369397846,True,26,19
422,0.2972799665786447,True,26,19
423,0.11760759555660638,True,26,19
424,0.1900865098613073,True,26,19
425,0.19704279844103645,True,26,19
426,0.11481068293489327,True,26,19
427,0.13230146145775187,True,26,19
428,0.3023451892618399,True,26,19
430,0.163382334637501,True,26,19
431,0.30283246254532686,True,26,19
432,0.3164325905937773,True,26,19
433,0.4938196666487554,True,26,19
434,-0.053421077591464645,False,26,19
436,0.1393757595386994,True,26,19
437,-0.025049992544652493,False,26,19
438,0.3036778190231048,True,26,19
439,0.4468588925214241,True,26,19
440,0.3273254045293112,True,26,19
441,0.02957364536897583,False,26,19
442,0.31606557355895565,True,26,19
443,0.24070139969873103,True,26,19
444,0.2569092436758276,True,26,19
445,0.2750296328922464,True,26,19
446,0.3201538133663853,True,26,19
447,0.3336125226536992,True,26,19
449,0.39362940669847535,True,26,19
450,0.2795788422310193,True,26,19
452,0.49693448967368886,True,26,19
454,0.2680380272812211,True,26,19
456,0.2599844747172605,True,26,19
457,0.2590285152384079,True,26,19
458,0.21198011761322957,True,26,19
459,0.0690297504048173,False,26,19
460,0.028613866016441402,False,26,19
461,0.24304081277603115,True,26,19
462,0.07905644704821548,False,26,19
465,0.34611983511793804,True,26,19
466,0.12869183600629228,True,26,19
467,0.46131476662877663,True,26,19
468,0.13850410730692073,True,26,19
469,0.24582105730454495,True,26,19
470,0.34082525035244005,True,26,19
471,0.4047095656252164,True,26,19
474,0.16544151391500056,True,26,19
475,0.2035789844448429,True,26,19
476,0.21924284234379798,True,26,19
477,0.4423255100499588,True,26,19
479,0.17598696815660184,True,26,19
480,-0.04473924793629703,False,26,19
483,0.21389966401379537,True,26,19
484,0.05402841480147114,False,26,19
485,0.0689750535936848,False,26,19
486,0.31783228428385807,True,26,19
487,0.16779583545099105,True,26,19
488,0.4034974233845376,True,26,19
492,0.11093914291742164,True,26,19
493,0.20557801632754358,True,26,19
496,0.21566542795182822,True,26,19
497,0.18544573099473396,True,26,19
498,0.1920148274062626,True,26,19
499,0.3430204075122536,True,26,19
500,0.05674522832256152,False,26,19
502,0.07317071990475925,False,26,19
503,0.21318510289843487,True,26,19
505,0.21484252877644697,True,26,19
508,0.22707575773977193,True,26,19
509,0.29015431110644657,True,26,19
512,0.13774149205857414,True,26,19
515,0.35832649388612686,True,26,19
516,0.20630374565919304,True,26,19
517,0.052912577415948264,False,26,19
519,0.24667684020770383,True,26,19
520,0.15831162283420716,True,26,19
521,0.06459167362449432,False,26,19
523,0.2487695955653991,True,26,19
524,0.16250564796813483,True,26,19
525,0.1101401364547539,True,26,19
526,0.3185393312173828,True,26,19
530,0.006253783409101338,False,26,19
0,-0.04318213410222952,False,27,18
1,0.1908802225396252,True,27,18
2,-0.03411260992181059,False,27,18
3,0.04251761978205661,False,27,18
6,0.25537695526028154,True,27,18
7,0.02876102169932694,False,27,18
8,0.03554627300251342,False,27,18
9,0.1018554598760551,True,27,18
12,0.10975181487944141,False,27,18
13,0.07398347333065076,False,27,18
16,-0.041518282376106976,False,27,18
18,0.04989755619583844,False,27,18
19,0.09577540904813632,False,27,18
54,0.1562970408903824,True,27,18
131,0.04253841548697637,False,27,18
132,0.0910272140024681,True,27,18
137,0.2351995736946614,True,27,18
175,0.08557930378653639,False,27,18
177,0.12473493211882625,True,27,18
182,0.14784787852209016,True,27,18
184,0.1527446951877396,True,27,18
188,0.1360538873214936,True,27,18
191,0.11985893528863918,True,27,18
192,0.2610566377187367,True,27,18
194,0.12401938779422467,True,27,18
201,0.06847262294362756,False,27,18
210,0.10855724158184936,True,27,18
213,0.0915844041686732,False,27,18
216,0.3376760567096963,True,27,18
218,0.18479906209047892,True,27,18
224,0.15966706791928945,True,27,18
225,-0.020936132335467206,False,27,18
231,0.5716508272572031,True,27,18
232,0.5191893831028763,True,27,18
234,0.14182004231760292,True,27,18
237,0.4055310028651476,True,27,18
239,0.362265279516333,True,27,18
244,0.28384614482775655,True,27,18
247,0.22078550548233908,True,27,18
248,0.40474523301625154,True,27,18
250,0.4016611260121987,True,27,18
252,0.3239335567652147,True,27,18
254,0.5176589205679485,True,27,18
255,0.2931760572176328,True,27,18
258,0.3900553280634651,True,27,18
260,0.5343713909333713,True,27,18
264,0.45916805266106914,True,27,18
265,0.08861376537491128,False,27,18
267,0.40171627864962756,True,27,18
269,0.35788506165064676,True,27,18
270,0.33730242083336764,True,27,18
271,0.5705822650815869,True,27,18
272,0.06328546263751629,False,27,18
273,0.24161808539811716,True,27,18
275,0.4371425501588282,True,27,18
276,0.2434388599985199,True,27,18
277,0.0686540528877873,False,27,18
278,0.5984516973182795,True,27,18
279,0.4661510485184315,True,27,18
280,0.3167690571755597,True,27,18
281,0.33813011510007823,True,27,18
282,0.7137490462760213,True,27,18
284,0.4087010447520429,True,27,18
285,0.2452271195764976,True,27,18
288,0.009937925298305837,False,27,18
289,0.08553733000819475,False,27,18
290,0.6148034817208238,True,27,18
291,0.3965662646573455,True,27,18
292,0.35708276273409373,True,27,18
293,0.14993664130998963,True,27,18
295,0.5136882886186082,True,27,18
296,0.4386478540141556,True,27,18
297,0.4442396220650933,True,27,18
298,0.4203530990018443,True,27,18
299,0.6728763444598534,True,27,18
300,0.1231123718879283,True,27,18
301,0.4605804471593024,True,27,18
302,0.3744070514814639,True,27,18
303,0.48794668958882687,True,27,18
305,0.19016736312627935,True,27,18
307,0.40634438541294426,True,27,18
308,0.5102878199025677,True,27,18
310,0.2539440749921889,True,27,18
311,0.3100021657035953,True,27,18
312,0.06447359643957935,False,27,18
313,0.05455709228709749,False,27,18
314,0.4644104351523468,True,27,18
318,0.6244673318462441,True,27,18
319,0.1011456661785816,True,27,18
0,0.03424557168214617,False,27,19
3,0.012193379859625687,False,27,19
4,0.11453486479548293,True,27,19
5,0.06572224554665897,False,27,19
6,0.04133781653586195,False,27,19
7,0.018874410447641505,False,27,19
8,0.06506293174446157,False,27,19
9,0.08687265873442496,False,27,19
10,0.050810435567154866,False,27,19
13,0.22488744703087915,True,27,19
15,0.12486598047916209,False,27,19
17,0.018738564887363075,False,27,19
18,0.06651150334320877,False,27,19
20,0.17709272450716484,True,27,19
21,-0.05664188432617268,False,27,19
23,0.023852278012639862,False,27,19
25,0.015408438510519817,False,27,19
28,0.006553121169648683,False,27,19
32,0.20243937225635142,True,27,19
102,0.16718935436302618,True,27,19
134,0.14048118913180782,True,27,19
147,0.06246096553509817,False,27,19
151,0.2132474274938381,True,27,19
153,0.1285927143109525,True,27,19
154,0.25429687913435367,True,27,19
156,0.36206212714981917,True,27,19
174,0.04720707580780939,False,27,19
176,-0.04783366750067256,False,27,19
178,0.23327559962937797,True,27,19
179,0.26428928170616645,True,27,19
180,0.3986024188986086,True,27,19
191,0.38426742166181116,True,27,19
195,0.17286559707840207,True,27,19
197,0.2840634006325236,True,27,19
199,0.3710083302093659,True,27,19
200,0.510328658341983,True,27,19
201,0.4777757855546225,True,27,19
202,0.3671151859628261,True,27,19
203,0.555751775866096,True,27,19
212,0.34770761053465876,True,27,19
213,0.22517089123627076,True,27,19
218,0.05793864630427615,False,27,19
220,0.38561185648966595,True,27,19
229,0.14782547944161004,True,27,19
231,0.45835136002135096,True,27,19
233,0.14263352962212597,True,27,19
238,0.4265614889383858,True,27,19
239,0.1864913921839231,True,27,19
240,0.1561417294377803,True,27,19
243,0.2823257109935158,True,27,19
245,0.0015159397588861145,False,27,19
247,0.382904995728409,True,27,19
248,0.5669247834156657,True,27,19
249,0.41750177940300576,True,27,19
251,0.0854453656006166,False,27,19
252,0.07738732234234978,False,27,19
253,0.12857064378035968,True,27,19
254,0.13050701137948365,True,27,19
255,0.2388151788,True,27,19
256,0.17639341469672887,True,27,19
257,0.08534839537634796,False,27,19
258,0.4845561213562984,True,27,19
260,0.347601519615173,True,27,19
261,0.5191234856759516,True,27,19
262,0.39605542288674994,True,27,19
263,0.607113608517852,True,27,19
265,0.07236896528747298,False,27,19
266,0.342845429343872,True,27,19
267,0.5985199852030151,True,27,19
269,0.1560081265714285,True,27,19
271,0.4391244698334908,True,27,19
275,-0.011278751719309685,False,27,19
277,0.516805948700294,True,27,19
278,0.4042651420070895,True,27,19
279,0.2905136607805154,True,27,19
280,0.3846401296918269,True,27,19
281,0.2072123528660852,True,27,19
282,0.36122235641874983,True,27,19
283,0.5282635590599192,True,27,19
285,0.20987512935386834,True,27,19
287,0.6049695504808433,True,27,19
289,0.6493692119598454,True,27,19
291,0.4655314076654389,True,27,19
292,0.16901834768344867,True,27,19
293,0.04811925535842352,False,27,19
295,0.025687790404168232,False,27,19
296,0.09296748225040208,False,27,19
297,0.0373369921652304,False,27,19
299,0.2804335900440174,True,27,19
300,0.22335786400010682,True,27,19
303,0.6865021152720296,True,27,19
304,0.5468833589265865,True,27,19
306,-0.014451370699111185,False,27,19
308,0.3920618261721777,True,27,19
309,0.2045569482711981,True,27,19
310,-0.06281799422348286,False,27,19
311,0.46310445229551783,True,27,19
312,0.01804706296036755,False,27,19
313,0.49902719273489177,True,27,19
314,0.5528211033916798,True,27,19
315,0.4816759710491092,True,27,19
317,0.2825024030599335,True,27,19
318,0.24777105011023223,True,27,19
3,0.14384673614337154,True,27,23
6,0.05742504809451429,False,27,23
7,0.07030394849099401,False,27,23
8,0.021574208309844096,False,27,23
10,0.03934107841781187,False,27,23
11,0.1161895670064787,True,27,23
13,-0.03445359433032499,False,27,23
14,0.07793929529483376,False,27,23
15,0.06595484228125685,False,27,23
23,0.05023916612524767,False,27,23
25,0.07710528817503544,False,27,23
26,0.09964281727434039,True,27,23
27,0.013744656249942228,False,27,23
32,0.053814092380707584,False,27,23
33,0.008866736149678327,False,27,23
34,-0.03199420369448241,False,27,23
37,0.06880666933561126,False,27,23
39,-0.02574045256323936,False,27,23
41,0.11621158263787883,True,27,23
46,0.06486423301472799,False,27,23
47,0.001101573537584689,False,27,23
55,0.04986027653838476,False,27,23
56,0.012878991415448314,False,27,23
57,-0.04741367482547867,False,27,23
58,-0.0034976599856265493,False,27,23
59,0.0012972351645184944,False,27,23
60,0.03656378968664983,False,27,23
61,0.08798737080695178,False,27,23
62,0.02597177214228032,False,27,23
63,-0.01794007202135776,False,27,23
64,0.06499032914520593,False,27,23
66,-0.013910486005386432,False,27,23
67,0.04439443421571201,False,27,23
68,-0.06064262101051282,False,27,23
69,-0.10585724386708588,False,27,23
70,-0.00787036366310325,False,27,23
71,0.03406134658635971,False,27,23
72,0.01549495304966197,False,27,23
73,-0.00038444603666759153,False,27,23
77,-0.04071213487351891,False,27,23
78,-0.04352055718018413,False,27,23
79,0.023980892837532446,False,27,23
81,0.07106722746073384,False,27,23
86,-0.018316240840497915,False,27,23
87,0.1976436835727271,True,27,23
88,0.017959884346903567,False,27,23
90,0.09174852040653902,False,27,23
91,0.034675403995973936,False,27,23
100,-0.007166004844873504,False,27,23
103,-0.027983753656103946,False,27,23
109,0.00868834312332598,False,27,23
174,0.22695718785479654,True,27,23
180,0.20545480630415702,True,27,23
185,0.32037149922743724,True,27,23
195,0.4169919756267277,True,27,23
198,0.3445361359755655,True,27,23
199,0.294936303139733,True,27,23
200,0.1350073391445366,True,27,23
202,0.5963187326039167,True,27,23
204,0.41464350727208465,True,27,23
205,0.32888675461434375,True,27,23
206,0.3607709341745948,True,27,23
208,0.1883510019889371,True,27,23
210,0.31992988783671145,True,27,23
211,0.10851977659410848,False,27,23
214,0.2953097043740635,True,27,23
215,0.042625947258188294,False,27,23
216,0.5502970239900341,True,27,23
217,0.25178775651219704,True,27,23
220,0.33397896054961085,True,27,23
223,0.31450965406879305,True,27,23
224,0.32781719649467406,True,27,23
226,0.226297009911697,True,27,23
229,0.38420211401327303,True,27,23
232,0.2622259118359679,True,27,23
233,0.462576176918918,True,27,23
235,0.260615004923935,True,27,23
236,0.27862516469664883,True,27,23
237,0.23079339431539095,True,27,23
238,0.5720754916145314,True,27,23
239,0.27330181083246113,True,27,23
240,0.3581910810276239,True,27,23
244,0.5711861019328456,True,27,23
245,0.36734979765540593,True,27,23
246,0.5187241282453082,True,27,23
248,0.08124958162940711,False,27,23
249,0.16879498263742201,True,27,23
253,0.24055030340140604,True,27,23
254,0.3218427200993192,True,27,23
255,0.4199004246490036,True,27,23
256,0.1957393320383802,True,27,23
257,0.14467968621493063,True,27,23
259,0.27031389597357397,True,27,23
260,0.45293170519721415,True,27,23
261,0.274997799182592,True,27,23
262,0.2722318915917082,True,27,23
263,0.20574406602934403,True,27,23
264,0.07681216517209047,False,27,23
267,0.23798074657943616,True,27,23
268,0.4808387530672719,True,27,23
269,0.14732800469236074,True,27,23
270,0.35813617689134586,True,27,23
271,0.2490006711249002,True,27,23
273,0.6106990658178962,True,27,23
274,0.30694368780795545,True,27,23
275,0.31031924254541415,True,27,23
278,0.4295743403466196,True,27,23
280,0.20964294291426666,True,27,23
281,0.6624004665792039,True,27,23
283,0.11255817275371381,True,27,23
284,0.0005190462366073649,False,27,23
286,0.12031124890991673,True,27,23
287,0.31363383617308177,True,27,23
288,0.2775522889098055,True,27,23
289,0.14419694243147466,True,27,23
290,0.17840882841402794,True,27,23
291,0.21094188037254613,True,27,23
292,0.2871940416757345,True,27,23
293,0.08300301237636648,False,27,23
295,0.12350301555226983,True,27,23
297,0.05466867104064094,False,27,23
298,0.16650299069212587,True,27,23
299,0.38230246062491874,True,27,23
302,0.38178327017536856,True,27,23
303,0.21114163572907407,True,27,23
305,0.15437270583019444,True,27,23
306,0.2856574082117307,True,27,23
307,0.3006369708289594,True,27,23
309,0.2646456074495929,True,27,23
312,0.5304865201345402,True,27,23
313,0.18349088359708168,True,27,23
314,0.3782752846763789,True,27,23
315,0.1722870665110983,True,27,23
317,0.4732753982873093,True,27,23
318,0.2283261646058278,True,27,23
319,0.3498616350063273,True,27,23
320,0.3161059723627649,True,27,23
321,0.16237469787103348,True,27,23
323,0.302122685106808,True,27,23
324,0.052434689139225,False,27,23
326,0.29647894460023444,True,27,23
327,0.3940107988013722,True,27,23
328,0.37241034995829275,True,27,23
330,0.3331280919683324,True,27,23
331,0.025604761924287858,False,27,23
332,0.4060624785614548,True,27,23
333,0.07176025240536477,False,27,23
334,0.20185515106838933,True,27,23
335,0.22613105512292098,True,27,23
336,0.03862927065722046,False,27,23
338,0.2107758584724301,True,27,23
340,0.281467673570611,True,27,23
341,0.1522601383051775,True,27,23
342,0.13912433984153738,True,27,23
343,0.400096847639623,True,27,23
344,0.251832970117599,True,27,23
348,0.15523309926361753,True,27,23
349,0.07371830411948856,False,27,23
351,0.34920692033820294,True,27,23
353,0.1906889046809288,True,27,23
355,0.25950856811751505,True,27,23
356,0.23839101416148703,True,27,23
358,0.18629231913055447,True,27,23
359,0.15243778389231166,True,27,23
360,0.2900175984399466,True,27,23
362,0.29418042170017844,True,27,23
363,0.0625504965840193,False,27,23
2,-0.0426085256770082,False,27,24
3,-0.016291287498628276,False,27,24
4,0.07309431020087861,False,27,24
6,0.06150337984027588,False,27,24
7,0.033778094788498574,False,27,24
8,-0.034741291778103284,False,27,24
9,0.06975056286316125,False,27,24
11,0.0515097036892307,False,27,24
15,0.05125025570474732,False,27,24
19,-0.025756403321203287,False,27,24
27,0.10939386930673962,True,27,24
28,-0.006660684446053611,False,27,24
31,0.052498040560494535,False,27,24
32,0.04833009453861036,False,27,24
33,0.05692026545457427,False,27,24
34,-0.013046909149057572,False,27,24
36,-0.001622039827576069,False,27,24
37,0.11421610114685403,True,27,24
38,0.004870944019955257,False,27,24
41,-0.0001573431539863233,False,27,24
43,0.05255531888478313,False,27,24
45,0.006321213220055616,False,27,24
47,0.007017392831266608,False,27,24
49,0.07565269725220855,False,27,24
50,0.00030670332080215873,False,27,24
51,-0.013592261826102866,False,27,24
53,0.053974587255104595,False,27,24
55,0.09353421125348382,True,27,24
56,-0.0612837395067407,False,27,24
58,0.04433912942249362,False,27,24
70,0.0472145200820497,False,27,24
80,0.16902350547525624,True,27,24
81,0.244197868296579,True,27,24
83,-0.040930255008200314,False,27,24
86,0.0765270288326901,False,27,24
90,0.12417681712861617,True,27,24
92,0.05863346074160832,False,27,24
144,0.5389733738243786,True,27,24
149,0.17763206125414263,True,27,24
151,0.08417103367075258,False,27,24
154,0.33062356861313047,True,27,24
162,0.5262182986743272,True,27,24
164,0.30143630620744755,True,27,24
165,0.14627854202817722,True,27,24
166,0.07270881984614158,False,27,24
171,0.39241760598522624,True,27,24
172,0.37262242100358406,True,27,24
173,0.09631410496566095,True,27,24
176,0.4610943535699714,True,27,24
177,0.273366762625687,True,27,24
184,0.4729497363390687,True,27,24
186,0.5007189887091364,True,27,24
187,0.3200149276505827,True,27,24
193,0.22375857863394263,True,27,24
195,0.26735454523491703,True,27,24
196,0.4182618889075325,True,27,24
197,0.1872519869113183,True,27,24
198,0.38580570832242955,True,27,24
200,0.07839709220241754,False,27,24
202,0.06546769706051726,False,27,24
204,0.3391013091616959,True,27,24
205,0.001452156196764684,False,27,24
208,0.14770946041800362,True,27,24
209,0.4150138480172731,True,27,24
211,0.30781513207160666,True,27,24
216,0.2267291633444581,True,27,24
217,0.42087754592173426,True,27,24
218,0.17047795253228235,True,27,24
220,0.4124991254298535,True,27,24
221,0.670974414046044,True,27,24
224,0.21474559378065614,True,27,24
225,0.1961668907059326,True,27,24
226,0.43841540002883345,True,27,24
227,0.25636451047780334,True,27,24
228,0.5002554359090913,True,27,24
230,0.12175723651401639,True,27,24
232,0.11105027892456258,True,27,24
233,0.34317391554972937,True,27,24
234,0.5617717515563942,True,27,24
237,0.2410195005343568,True,27,24
238,0.42884806477134463,True,27,24
239,0.23043728093717952,True,27,24
240,0.48907403663221083,True,27,24
241,0.5522059086344971,True,27,24
242,0.18978404924696016,True,27,24
243,0.233362184133835,True,27,24
245,0.27079506722568525,True,27,24
246,0.6094729238364701,True,27,24
247,0.4815967295761931,True,27,24
249,0.2986520318280488,True,27,24
250,0.2076849368555583,True,27,24
251,0.5075221186681059,True,27,24
252,0.031178377324146956,False,27,24
253,0.24478065138839158,True,27,24
255,0.699584780685747,True,27,24
256,0.4756275917770178,True,27,24
257,0.5180958353065465,True,27,24
258,0.2502890977796642,True,27,24
259,0.18470685339156012,True,27,24
260,0.3449328649984981,True,27,24
262,0.32584763930515254,True,27,24
263,0.23072342535746018,True,27,24
264,0.07539748636949543,False,27,24
265,0.33871624973495057,True,27,24
266,0.7279041233582958,True,27,24
267,0.20883746980389428,True,27,24
268,0.13031025111464467,True,27,24
272,0.22380485796027783,True,27,24
273,0.5434768749502635,True,27,24
274,0.313022318016087,True,27,24
275,0.5730985062298027,True,27,24
276,0.43499984732995456,True,27,24
277,0.7986956124239201,True,27,24
279,0.27301623767728395,True,27,24
280,0.1627341253395065,True,27,24
281,0.2239264278504839,True,27,24
284,0.04152307485578536,False,27,24
286,0.48075028004384707,True,27,24
287,0.5866282960585242,True,27,24
288,0.35861957258136473,True,27,24
289,0.29557728746084244,True,27,24
290,0.47124164968694143,True,27,24
291,0.3683436846438994,True,27,24
292,0.22070146101349186,True,27,24
295,0.20125931802633457,True,27,24
297,0.4032252688644333,True,27,24
298,0.5123239951003412,True,27,24
299,0.29611964194275714,True,27,24
300,0.30636207542692345,True,27,24
302,0.3456908749011334,True,27,24
303,0.33712067738324064,True,27,24
304,0.2255203154680755,True,27,24
305,0.041856523040214144,False,27,24
306,0.5613237211745031,True,27,24
307,0.3235550090384011,True,27,24
308,0.30159567355917455,True,27,24
309,0.048983268275205466,False,27,24
310,0.25083886337200667,True,27,24
311,0.30186983077641605,True,27,24
312,0.07567702903704923,False,27,24
315,0.015131801034174525,False,27,24
316,0.2282705937881946,True,27,24
317,0.3171026776473294,True,27,24
318,0.32657275928415164,True,27,24
321,0.35748584465611394,True,27,24
323,0.14142277304522102,True,27,24
324,0.3300596785802308,True,27,24
325,0.050021833614140525,False,27,24
326,0.21217716118987615,True,27,24
328,0.4020940947812825,True,27,24
329,0.17630131839671814,True,27,24
330,0.4277737527133616,True,27,24
331,0.24333951207298407,True,27,24
335,0.3612928595642157,True,27,24
336,0.15050726854973664,True,27,24
337,0.23371145189778805,True,27,24
339,0.4233401719795697,True,27,24
340,0.29454546211309646,True,27,24
341,0.24413968357113883,True,27,24
342,0.5350835979956351,True,27,24
343,0.2596544766106678,True,27,24
344,0.17791953721073564,True,27,24
345,0.05412746493639459,False,27,24
347,0.33205417709424573,True,27,24
350,0.2813133363929839,True,27,24
351,0.15647567400036466,True,27,24
352,0.17633571832110714,True,27,24
353,0.2500151677459894,True,27,24
354,0.1744587611234857,True,27,24
356,0.5269092891246223,True,27,24
357,0.16584859534534704,True,27,24
358,0.3503796342955275,True,27,24
359,0.23651005174043935,True,27,24
360,0.02647605634485395,False,27,24
363,0.24551967804740604,True,27,24
364,0.3718169347403235,True,27,24
365,0.4915756309515915,True,27,24
366,0.35272872062792104,True,27,24
367,0.32879005256433275,True,27,24
368,0.10070623273077588,True,27,24
369,0.042012760525486664,False,27,24
370,0.29481419570126705,True,27,24
371,0.3068978874922968,True,27,24
372,0.06857301202172653,False,27,24
373,0.014070420763030273,False,27,24
374,0.25588696917208775,True,27,24
375,-0.045930588620953415,False,27,24
377,0.5536531578452341,True,27,24
380,0.40733468591856375,True,27,24
381,0.6399514777840446,True,27,24
382,0.10736968926621564,True,27,24
383,0.1123985765460676,True,27,24
385,-0.0036637348932433422,False,27,24
386,0.4762580173077387,True,27,24
387,0.3483935229105597,True,27,24
388,0.2607996895906726,True,27,24
389,0.4294754349307118,True,27,24
390,0.5276708542772365,True,27,24
394,0.1332244363425521,True,27,24
395,0.14765384990050978,True,27,24
397,0.32198987668365087,True,27,24
398,0.28253073778290955,True,27,24
399,0.48890384006556764,True,27,24
400,0.28137521358762807,True,27,24
401,0.2186263216259031,True,27,24
402,0.25706975199975757,True,27,24
403,0.33774212574890555,True,27,24
404,0.23488891115330188,True,27,24
408,0.33733294422044935,True,27,24
409,0.5002976203146295,True,27,24
410,0.4607063954337282,True,27,24
411,0.18297132400864177,True,27,24
412,0.4509550828404196,True,27,24
413,0.4051750003929267,True,27,24
414,0.35368732188951674,True,27,24
415,0.450815890297364,True,27,24
417,0.19896819188371492,True,27,24
419,0.42898577521841297,True,27,24
421,0.25906882538515136,True,27,24
422,0.32899249138380027,True,27,24
424,0.32202789272725313,True,27,24
426,0.1781570743850125,True,27,24
427,0.23728029053737898,True,27,24
428,0.2629547292877639,True,27,24
429,0.22260322386045794,True,27,24
432,0.46867723657159277,True,27,24
433,0.15714276160535964,True,27,24
434,0.3415433901131921,True,27,24
435,0.4379560010685009,True,27,24
436,0.3932091770886414,True,27,24
437,0.3380196926452956,True,27,24
57,0.1486820641195946,True,28,16
58,0.20143395513256931,True,28,16
81,0.218133212836112,True,28,16
96,0.21294248943746272,True,28,16
99,0.042541507143864725,False,28,16
101,0.07866913827778128,False,28,16
142,0.08710311273977119,False,28,16
152,0.08012924513100589,False,28,16
155,0.19643122819023773,True,28,16
158,0.0207473710978657,False,28,16
159,0.09685132808684822,False,28,16
160,0.023021603553010844,False,28,16
162,0.1510839497621457,True,28,16
164,0.286568794616437,True,28,16
166,0.08412299183366835,False,28,16
169,0.1725719415778921,True,28,16
170,0.026402961131008772,False,28,16
173,0.15408592659806078,True,28,16
174,0.1361005136781868,True,28,16
179,0.0728558557935192,False,28,16
181,0.22980263468027776,True,28,16
182,0.10693128525331742,True,28,16
183,0.25103019840315816,True,28,16
185,0.2526115677039818,True,28,16
187,0.019718509567138626,False,28,16
188,0.03707484626758395,False,28,16
189,-0.010424555140400643,False,28,16
191,0.4484819871800669,True,28,16
192,0.013910196016461852,False,28,16
194,0.2286454442334963,True,28,16
195,0.125177891091515,True,28,16
196,0.5145392665393017,True,28,16
198,0.12557756741326914,True,28,16
199,0.08988241038265543,False,28,16
201,0.0773394304297716,False,28,16
202,0.004649172960544867,False,28,16
203,0.1914986944197523,True,28,16
205,0.07847940267444146,False,28,16
206,0.09802402781575975,False,28,16
207,0.07710782913314142,False,28,16
208,0.17078972016725488,True,28,16
209,0.0046883538802702475,False,28,16
211,0.07459135295439254,False,28,16
212,0.037119793530164126,False,28,16
213,0.10719155666380316,False,28,16
215,0.2567285319681847,True,28,16
216,0.23059730768039957,True,28,16
218,0.14616256666363595,True,28,16
221,0.10892515658452567,True,28,16
222,0.008609320587940618,False,28,16
223,0.15706701855526212,True,28,16
224,0.24466707316888106,True,28,16
225,0.10503506078601703,True,28,16
227,0.10799199633131511,True,28,16
228,0.3121723978925081,True,28,16
229,0.20838628726445563,True,28,16
230,0.08662439314614734,False,28,16
231,0.036889380831123274,False,28,16
233,-0.015403164837121355,False,28,16
234,0.1261495022670465,True,28,16
235,0.06936611325184958,False,28,16
236,0.2280053627114167,True,28,16
237,0.028649918951585626,False,28,16
238,0.04752157527373915,False,28,16
239,0.10895171848474934,True,28,16
241,0.28462968266095795,True,28,16
243,0.02952396883319325,False,28,16
244,0.1350093607252392,True,28,16
245,0.43664152397545525,True,28,16
246,0.13288489817858667,True,28,16
247,0.19335741307075685,True,28,16
249,0.15239336362359118,True,28,16
250,0.1084004330312992,True,28,16
251,0.19811508796286617,True,28,16
252,0.14426903666074684,True,28,16
253,0.11168904469685531,True,28,16
255,0.035328665745869375,False,28,16
257,0.39405199131238683,True,28,16
258,0.4107505774313711,True,28,16
259,0.20605227276963767,True,28,16
262,0.05441360130245854,False,28,16
264,0.17007190630133107,True,28,16
265,0.0662144308877735,False,28,16
266,0.4031580899624904,True,28,16
268,0.08243983476170944,False,28,16
269,0.12844701317376603,True,28,16
271,0.01751811215702125,False,28,16
272,0.09696946458921261,False,28,16
273,-0.004687795190993315,False,28,16
274,0.2772178928562232,True,28,16
275,-0.007541925119804223,False,28,16
276,-0.016860056435072504,False,28,16
277,0.03189567806909883,False,28,16
279,0.0690223235500272,False,28,16
284,0.11199081439865106,True,28,16
285,0.0467965958931488,False,28,16
289,0.18538195337432248,True,28,16
292,-0.04997394604264874,False,28,16
297,0.1862957588442955,True,28,16
299,0.06316460941837884,False,28,16
301,-0.03298056915123448,False,28,16
10,0.506892724308715,True,28,17
13,0.3469354761807599,True,28,17
16,0.4922257808637078,True,28,17
39,0.11531735184117801,True,28,17
45,0.06917415035308935,False,28,17
51,0.09147162881940792,False,28,17
55,0.073017482394359,False,28,17
70,0.34042963128819154,True,28,17
74,0.2998047045656189,True,28,17
81,0.08873645959054662,False,28,17
84,0.23121328363307558,True,28,17
99,0.12124398393015369,True,28,17
107,0.24244651163682865,True,28,17
119,0.25182480642112737,True,28,17
123,0.2475463174505855,True,28,17
130,0.20156257988539586,True,28,17
132,0.11598739406449227,True,28,17
134,0.4006913097673008,True,28,17
135,0.17799455797888697,True,28,17
136,0.2971570082395531,True,28,17
138,0.2714926699648885,True,28,17
139,0.3144071801374321,True,28,17
140,0.0723107946122542,False,28,17
141,0.2979636910896966,True,28,17
142,0.020803942573241356,False,28,17
143,0.3292552108501829,True,28,17
144,0.3259858733943124,True,28,17
146,0.026946766643381154,False,28,17
148,0.33017382489290587,True,28,17
149,0.412156104083272,True,28,17
150,0.2564295317381348,True,28,17
151,0.30588311877796287,True,28,17
152,0.1416127391151857,True,28,17
154,0.26811107339028195,True,28,17
155,0.3139878088415931,True,28,17
156,0.11145551259482707,False,28,17
157,0.27612112345505013,True,28,17
161,0.29201983765039813,True,28,17
164,0.40151856729628443,True,28,17
165,0.37264344865038823,True,28,17
166,0.33758982607299887,True,28,17
167,0.14394153492283712,True,28,17
168,0.2506490469843811,True,28,17
170,0.1590479901607831,True,28,17
171,0.22620348619730804,True,28,17
173,0.1325172988566505,True,28,17
176,0.19998982113455252,True,28,17
177,0.3087381400095448,True,28,17
179,0.4877945538374477,True,28,17
180,0.28256266640293104,True,28,17
182,0.1211089456138445,True,28,17
183,0.16254225867195465,True,28,17
184,0.11373862654251747,True,28,17
186,0.11213006517166108,True,28,17
188,0.11585265294048717,True,28,17
189,0.1055080378767947,False,28,17
191,0.03618729970851408,False,28,17
193,0.13609938574045052,True,28,17
196,0.038397985422067495,False,28,17
203,0.24408019668054046,True,28,17
207,0.2788831471153062,True,28,17
209,0.34705808240080166,True,28,17
210,0.14196964818958527,True,28,17
211,0.5686557304579626,True,28,17
217,0.30078341817852544,True,28,17
218,0.016123552871917888,False,28,17
219,0.5351753313275679,True,28,17
221,0.1854440967420891,True,28,17
222,0.24349119632076432,True,28,17
223,0.30532686472990433,True,28,17
227,0.39407532582090693,True,28,17
229,0.05287099603258313,False,28,17
232,0.21909272471164057,True,28,17
235,0.38869592019658245,True,28,17
240,0.06496989441053036,False,28,17
241,0.22788480106170525,True,28,17
244,0.061389092608899104,False,28,17
247,0.24038409054286994,True,28,17
248,0.2067762704534266,True,28,17
249,0.11469582474790024,True,28,17
252,0.37081150736097235,True,28,17
256,0.0010927991480960987,False,28,17
259,0.27199785013968547,True,28,17
261,0.47029941414387694,True,28,17
263,0.10388295628958681,False,28,17
268,-0.04379503903730376,False,28,17
269,0.14012087181456423,True,28,17
270,0.18900507021706536,True,28,17
271,0.04548334335526072,False,28,17
273,-0.03910124731656505,False,28,17
274,0.34970153187048564,True,28,17
275,0.04027237210684576,False,28,17
277,0.23267202881803198,True,28,17
279,0.07094852396016418,False,28,17
281,0.10224030025826712,True,28,17
285,0.19131415368283658,True,28,17
286,0.12011582409987238,True,28,17
288,0.18319148465469706,True,28,17
289,0.42682045882318737,True,28,17
291,0.09108527185213448,False,28,17
292,0.4000794613371643,True,28,17
22,0.674169564454993,True,28,19
27,0.18539134601167173,True,28,19
29,0.119147123113416,True,28,19
33,0.3310764442269634,True,28,19
35,0.5162259754336711,True,28,19
37,0.7615167877318897,True,28,19
38,0.3298276098552503,True,28,19
40,-0.012700577312096497,False,28,19
42,0.21281559960782723,True,28,19
43,0.27674979379702386,True,28,19
44,0.698505898633432,True,28,19
46,0.6170179421300569,True,28,19
48,0.3350921388769274,True,28,19
49,0.36506274868904703,True,28,19
51,0.36060696072197174,True,28,19
55,0.5038916720334599,True,28,19
56,0.45702791827734485,True,28,19
57,0.11014769609204396,True,28,19
58,0.13911081421803176,True,28,19
59,0.2162415676261,True,28,19
62,0.5312831472454269,True,28,19
63,0.3506537049987837,True,28,19
64,0.3427974049298594,True,28,19
65,0.3560935795077032,True,28,19
67,0.00553474942619505,False,28,19
68,0.258546958448068,True,28,19
69,0.14863216242433586,True,28,19
71,0.3129805860170628,True,28,19
73,0.24523611371303897,True,28,19
75,0.30294790571242175,True,28,19
76,0.33206965985939013,True,28,19
77,0.25284206129405556,True,28,19
78,0.3658574615661616,True,28,19
79,0.21788208849847898,True,28,19
80,0.37543741970268046,True,28,19
81,0.4795597187906849,True,28,19
84,0.19969892023593352,True,28,19
85,0.3218400349036071,True,28,19
87,0.32351356306303125,True,28,19
88,0.17583958368884767,True,28,19
90,0.2985209052030288,True,28,19
91,0.11048599888903005,True,28,19
92,0.14198891174338735,True,28,19
93,0.1381755975379246,True,28,19
94,0.21125318690308126,True,28,19
95,0.14940492747412654,True,28,19
96,0.574281532632427,True,28,19
97,0.36908826183914695,True,28,19
98,0.06955009089978396,False,28,19
99,0.5274216683444509,True,28,19
100,0.3452319927706376,True,28,19
101,0.20752899774885247,True,28,19
103,0.2979559469728182,True,28,19
104,0.26622243287113956,True,28,19
106,0.2354076173169942,True,28,19
107,0.37417154212023274,True,28,19
108,-0.002687821063954869,False,28,19
109,-0.0018422119400414276,False,28,19
110,0.45471191793354165,True,28,19
111,0.23570327629464072,True,28,19
112,0.15168347631357967,True,28,19
114,0.240106002510295,True,28,19
115,0.3099131876021985,True,28,19
116,0.29171794353924857,True,28,19
118,0.41587459179049047,True,28,19
119,0.10169478663597238,False,28,19
121,0.10907704995677264,True,28,19
122,0.29215912360464735,True,28,19
123,0.15546846857495697,True,28,19
124,0.22913024105196175,True,28,19
126,0.34712788446947057,True,28,19
127,0.1371479863502212,True,28,19
128,0.538481856531691,True,28,19
129,0.12139352719833874,True,28,19
131,0.14904698792141588,True,28,19
133,0.15514681847452325,True,28,19
134,0.2535715569449843,True,28,19
135,0.3686092515216713,True,28,19
136,0.3898756426749088,True,28,19
137,0.16915590238966385,True,28,19
138,0.5514380328357033,True,28,19
142,0.42736369275068364,True,28,19
143,0.33334660695894,True,28,19
145,0.21594580284569695,True,28,19
146,0.10452238669375614,True,28,19
147,0.11059312804640516,True,28,19
148,0.1464324858097932,True,28,19
150,0.10136158262227592,True,28,19
151,0.35532171229060844,True,28,19
153,0.15231586692314233,True,28,19
154,0.20847145530083044,True,28,19
155,0.363651199334357,True,28,19
157,0.13738548835742728,True,28,19
160,0.034324236881326714,False,28,19
161,0.11212731241964789,True,28,19
162,0.3304446391071017,True,28,19
163,0.3393526547654451,True,28,19
165,0.10964718385755644,True,28,19
166,0.1665567148861036,True,28,19
169,0.18517726395573944,True,28,19
170,0.10764196572499245,True,28,19
171,0.02069072369690328,False,28,19
173,0.18063493270622943,True,28,19
175,0.025307516211210416,False,28,19
186,0.32745280238649993,True,28,19
192,0.27288918342548,True,28,19
195,0.22193406497421422,True,28,19
197,0.10226654470254766,False,28,19
200,0.06687912876917343,False,28,19
201,0.05079530842590083,False,28,19
202,0.03777047383028124,False,28,19
204,-0.028070908415114892,False,28,19
207,0.019714514296572377,False,28,19
214,0.046299434469390104,False,28,19
215,0.26355325898025456,True,28,19
217,0.08859275753259153,False,28,19
218,0.20614565445507851,True,28,19
219,0.0036787764392174067,False,28,19
222,0.1756876352712701,True,28,19
226,0.13932970817951873,True,28,19
229,0.07759259951894652,False,28,19
237,0.11544864768578585,True,28,19
241,0.10835103245300765,True,28,19
242,0.08300611752777141,False,28,19
246,0.20262987904758567,True,28,19
285,0.08800706316651961,False,28,19
286,0.04878771013621128,False,28,19
0,0.2066840650145436,True,28,20
2,-0.017655420689640166,False,28,20
3,0.2092799986641263,True,28,20
7,0.1508083481042206,True,28,20
9,0.3237383037060916,True,28,20
10,0.01728715806472881,False,28,20
11,0.11372811001187984,True,28,20
13,0.19536471194478286,True,28,20
16,0.07209784484595777,False,28,20
18,0.16253068492578915,True,28,20
20,0.3520325018913848,True,28,20
21,-0.04918964664459232,False,28,20
22,0.3638413447093218,True,28,20
23,0.12950334899599988,True,28,20
24,0.09046393669980417,False,28,20
26,-0.01661491294742137,False,28,20
28,0.11016246121545488,True,28,20
30,0.1615284343018618,True,28,20
31,0.05844777961281583,False,28,20
33,0.1651583389415712,True,28,20
36,0.15867923191634786,True,28,20
37,0.07830029469997471,False,28,20
39,0.17632761114320436,True,28,20
41,0.15473428362281028,True,28,20
43,0.12093886899906514,True,28,20
48,0.15239242530270147,True,28,20
49,0.06840862970031752,False,28,20
50,0.1488500546686322,True,28,20
54,0.052506071811739365,False,28,20
55,0.10107488492067274,False,28,20
56,0.03605959272363024,False,28,20
58,-0.026805987065964158,False,28,20
59,0.1794446828376434,True,28,20
60,0.34642376286009274,True,28,20
61,0.2631000530784276,True,28,20
62,0.2674189174222208,True,28,20
64,0.048666016919768594,False,28,20
66,0.04162654937898467,False,28,20
68,0.0602601569978669,False,28,20
69,0.06384999589864598,False,28,20
72,0.09901757014151262,False,28,20
74,0.21810153843926608,True,28,20
75,-0.013686131293539511,False,28,20
76,0.11819888710363757,True,28,20
77,0.17098828164354965,True,28,20
78,0.3196164759728734,True,28,20
79,0.2111603860498851,True,28,20
81,0.0691238403466821,False,28,20
82,0.06890008367324167,False,28,20
83,0.03166855161994959,False,28,20
84,0.38588984288585015,True,28,20
85,0.04319271258771561,False,28,20
86,0.07330839066640994,False,28,20
89,0.12505728521075127,True,28,20
90,0.29192714066986114,True,28,20
91,0.25527853408422935,True,28,20
93,0.232195504883397,True,28,20
94,0.12526824353200142,True,28,20
97,0.15039322100770294,True,28,20
98,0.29418819271827373,True,28,20
100,0.12764173776704363,True,28,20
101,0.3409877690572101,True,28,20
102,0.10345182148722502,True,28,20
103,0.31649880030533933,True,28,20
104,0.304957418989823,True,28,20
105,0.469367472193918,True,28,20
106,0.11844413881786066,True,28,20
107,0.14335861517311566,True,28,20
108,0.2717605943011698,True,28,20
109,0.35038088639305026,True,28,20
110,0.27412450370999947,True,28,20
111,0.24195121115227425,True,28,20
114,0.44155398758974024,True,28,20
116,0.07709422031567566,False,28,20
117,0.13281255479352827,True,28,20
119,0.12630815631058587,True,28,20
120,0.11609600597791458,True,28,20
121,0.09286340796634839,False,28,20
123,0.2151190338264455,True,28,20
124,0.3483160577535691,True,28,20
125,-0.00025295292576429,False,28,20
127,0.07789636814633875,False,28,20
128,0.24148863157958375,True,28,20
129,0.29107570552439893,True,28,20
130,0.28457379760475077,True,28,20
131,0.12049553686186439,True,28,20
132,0.01522124172760291,False,28,20
133,-0.004494280597542183,False,28,20
135,0.06007096139756279,False,28,20
142,0.5068663254558582,True,28,20
144,0.15089166587445926,True,28,20
145,0.08982599395648055,False,28,20
147,0.22738275040354938,True,28,20
148,0.07664767448250118,False,28,20
149,0.2132556111386833,True,28,20
151,0.1473722631175503,True,28,20
152,0.37877032586838405,True,28,20
153,0.3553485791210392,True,28,20
155,0.16517831673636169,True,28,20
157,0.5193991676590273,True,28,20
158,0.13969710814823097,True,28,20
159,0.013415530630977649,False,28,20
162,0.34279685585632286,True,28,20
164,0.13740734367265042,True,28,20
167,0.37547440254982783,True,28,20
168,0.1109570753334499,True,28,20
171,0.22017224900382662,True,28,20
174,0.4262799789271799,True,28,20
175,0.20304502571358016,True,28,20
176,0.16950858128943405,True,28,20
177,0.5229669195889407,True,28,20
178,0.3611118457146856,True,28,20
185,0.34820637569303897,True,28,20
188,0.17487338935626787,True,28,20
189,0.23092208890498397,True,28,20
190,0.46559842052274353,True,28,20
193,0.09606188360409718,False,28,20
195,0.21512628396700217,True,28,20
196,0.5559684621903651,True,28,20
212,0.5015106714634736,True,28,20
214,0.17778734931736784,True,28,20
215,0.13833400867501072,True,28,20
218,0.38246014221936003,True,28,20
219,0.10826318847043204,True,28,20
221,-0.04251245626540499,False,28,20
224,0.602135099732588,True,28,20
225,0.44303884250962744,True,28,20
228,0.09871705916449003,True,28,20
229,0.2460059967131909,True,28,20
232,0.12858485092133803,True,28,20
234,0.022225159585147303,False,28,20
235,0.24133369770540758,True,28,20
237,0.3902167625004178,True,28,20
240,0.48369867773461744,True,28,20
241,0.0530524516351415,False,28,20
242,0.6764943457986266,True,28,20
244,0.08630271528965623,False,28,20
247,0.17903195562097288,True,28,20
249,0.04761427668028081,False,28,20
251,0.14353413924269012,True,28,20
252,0.027179832884415344,False,28,20
253,0.16914926236383712,True,28,20
254,0.05666755336679725,False,28,20
258,0.611146104572967,True,28,20
261,0.2402563109715974,True,28,20
262,0.03316710016874128,False,28,20
267,0.07803543226240443,False,28,20
268,0.24065733798850641,True,28,20
269,0.71882327502929,True,28,20
270,0.44043288198737557,True,28,20
271,0.21798888876013234,True,28,20
273,-0.052412009155413386,False,28,20
276,0.5436129130767965,True,28,20
277,0.24338066644189102,True,28,20
278,0.2463497012358119,True,28,20
281,-0.015094159619160072,False,28,20
282,0.26936465445000096,True,28,20
283,0.08905011971056191,False,28,20
285,0.05469097787487231,False,28,20
288,0.035171458862664866,False,28,20
289,0.1809535012529968,True,28,20
290,0.2371763068721343,True,28,20
291,0.647549319827847,True,28,20
292,0.24193505568162924,True,28,20
293,0.14639983380075564,True,28,20
299,0.11908538547877157,True,28,20
300,0.011119911504593807,False,28,20
302,0.05487955050879137,False,28,20
303,0.05413637743113258,False,28,20
304,-0.022159553839996345,False,28,20
305,0.05207210476126561,False,28,20
306,-0.013355247705482888,False,28,20
308,0.10324880333610516,True,28,20
309,0.20432662087231043,True,28,20
311,0.14335348477655818,True,28,20
313,0.142783273611776,True,28,20
314,0.2531341044025556,True,28,20
315,0.013069316541113924,False,28,20
319,0.08887324815871595,False,28,20
320,0.030863178950749415,False,28,20
321,0.018712048070978336,False,28,20
322,0.07165430649527382,False,28,20
323,0.22180372162543086,True,28,20
324,0.029514880599187915,False,28,20
325,0.007095895051877199,False,28,20
326,-0.04761059715769217,False,28,20
329,0.16626089163701635,True,28,20
332,-0.03951326507989716,False,28,20
335,0.05515809435189064,False,28,20
336,0.12433574009654347,True,28,20
338,0.14348702810334482,True,28,20
339,0.07276794936577201,False,28,20
340,0.16943979308678236,True,28,20
342,0.0727520661501897,False,28,20
343,-0.01795855319343428,False,28,20
344,0.06078787250552057,False,28,20
345,0.04010013864094384,False,28,20
346,0.12475924495929891,True,28,20
349,0.33369894246079035,True,28,20
351,0.14636010241135844,True,28,20
352,0.04222790442086435,False,28,20
354,-0.05205793583162031,False,28,20
359,0.03406275741345267,False,28,20
364,0.1530340581942763,True,28,20
367,0.2970153612806387,True,28,20
368,0.35730519930379295,True,28,20
372,0.0688957809008911,False,28,20
374,0.013043529218057065,False,28,20
376,0.055782607008242724,False,28,20
379,-0.004365379170882704,False,28,20
382,0.18385711221789214,True,28,20
388,0.09531942418226717,True,28,20
390,0.13441238250823787,True,28,20
393,0.04865737785914143,False,28,20
395,0.08881031608079863,False,28,20
459,0.02777651613684882,False,28,20
463,0.1899586435050533,True,28,20
27,0.2359307905838454,True,28,21
44,0.4102321427166136,True,28,21
52,0.1277744868832202,True,28,21
59,0.47050629477707856,True,28,21
67,0.21414332751095946,True,28,21
69,0.22427389187204513,True,28,21
73,0.14671408024504354,True,28,21
82,0.26847856491311123,True,28,21
98,0.3605026406723048,True,28,21
115,0.03955813305974357,False,28,21
116,0.11109368358338302,True,28,21
119,0.1373512114780674,True,28,21
121,0.015654203704483362,False,28,21
124,0.3136589522336475,True,28,21
128,0.12687015542092966,True,28,21
136,0.14579093282404273,True,28,21
140,0.1525113777705589,True,28,21
158,0.10978512954966224,True,28,21
162,0.12750263135018922,True,28,21
166,-0.04588068664474363,False,28,21
171,0.22731110913475963,True,28,21
41,0.27479679311336286,True,28,23
43,0.5761131493270745,True,28,23
46,0.4720215353398413,True,28,23
50,0.3394419884382392,True,28,23
53,0.24759525087766263,True,28,23
57,0.5656011895502084,True,28,23
64,0.40101917549452964,True,28,23
67,0.3024458375329015,True,28,23
72,0.3737245475282022,True,28,23
73,0.3503493382975857,True,28,23
93,0.16909981403050667,True,28,23
106,0.37378367179042304,True,28,23
112,0.14604816796706038,True,28,23
114,0.3722638851588213,True,28,23
115,0.2988862798480501,True,28,23
117,0.5253184594426605,True,28,23
123,0.29017919026157996,True,28,23
132,0.22661366927891732,True,28,23
133,0.5248117064619279,True,28,23
134,0.35439138236966566,True,28,23
136,0.29323844377371716,True,28,23
138,0.2355313236963207,True,28,23
141,0.04505573176400801,False,28,23
147,0.09065404209897703,False,28,23
149,0.48862452107223014,True,28,23
152,0.1302317762717491,True,28,23
154,0.2179000460424306,True,28,23
169,0.15840247341474242,True,28,23
188,0.04651408670596958,False,28,23
194,0.3088929403070954,True,28,23
199,0.16273085380136199,True,28,23
203,0.029410873290639506,False,28,23
205,0.10731745765773681,True,28,23
206,0.006995559636140867,False,28,23
208,0.07014875911814389,False,28,23
211,0.12485736059711317,True,28,23
216,0.1704254687335689,True,28,23
217,0.34094471568916757,True,28,23
220,0.05454038238710152,False,28,23
222,0.2646260645854209,True,28,23
223,0.09717982256431716,False,28,23
224,-0.03725059489437851,False,28,23
225,0.2770370337723568,True,28,23
226,0.2446632498412128,True,28,23
228,0.05326512039576125,False,28,23
229,0.0432627896296445,False,28,23
230,0.2037139819194731,True,28,23
231,0.1824402672833828,True,28,23
234,0.13134427974807172,True,28,23
235,0.017759431719758807,False,28,23
236,0.049576539114044194,False,28,23
238,0.08679068027392516,False,28,23
239,0.03133178683843743,False,28,23
240,0.0177774351680642,False,28,23
243,0.10388410349340638,True,28,23
244,0.003256700551192445,False,28,23
245,0.19552578408258736,True,28,23
246,0.1206476825635656,True,28,23
247,0.087042135803113,False,28,23
248,-0.030887086799097647,False,28,23
249,0.187287162689716,True,28,23
250,0.2507529149494319,True,28,23
251,0.03533466159627189,False,28,23
252,0.09187424095324147,False,28,23
253,0.07017329794461695,False,28,23
254,0.13616041715727742,True,28,23
255,0.23863536346926384,True,28,23
256,0.09536333422881753,True,28,23
257,0.2642096403522703,True,28,23
258,0.10213400852847475,True,28,23
261,0.020029772867357788,False,28,23
263,0.09700910087635978,False,28,23
264,0.12120692108514859,True,28,23
265,0.06392110330855662,False,28,23
266,0.16909750448373242,True,28,23
267,0.027248124164542874,False,28,23
268,0.15593405694362159,True,28,23
270,0.0053261516657269305,False,28,23
271,0.1457570332985876,True,28,23
272,0.3404680559514834,True,28,23
274,0.03052504106870044,False,28,23
275,0.03029003767291341,False,28,23
276,0.08662207886051239,False,28,23
277,-0.023992354548957446,False,28,23
278,0.15697706778875267,True,28,23
279,0.1603646983749979,True,28,23
280,0.511779395615201,True,28,23
281,0.25965226293904203,True,28,23
282,0.02197181749051728,False,28,23
283,0.3485029913600113,True,28,23
284,0.16822980434319387,True,28,23
285,0.09096738442607234,False,28,23
286,0.16959108548749588,True,28,23
288,0.21271884203804567,True,28,23
289,0.07083015876830633,False,28,23
290,0.04745427886461739,False,28,23
291,0.06327865137492174,False,28,23
292,0.15156038015801906,True,28,23
293,0.20672871237593746,True,28,23
294,0.2866019285058911,True,28,23
295,0.14778847100308135,True,28,23
296,0.053216147099167575,False,28,23
299,0.1423448817651039,True,28,23
300,0.017935562948571255,False,28,23
302,0.2346325797605073,True,28,23
303,0.255800625863712,True,28,23
305,0.19177380422075496,True,28,23
306,0.06907094864810175,False,28,23
307,0.08834823794032094,False,28,23
310,0.11197513880184796,True,28,23
311,-0.03355013434122225,False,28,23
313,0.07888290013740065,False,28,23
314,0.13357004704107014,True,28,23
315,0.26223928833497206,True,28,23
316,0.07589073480373335,False,28,23
318,0.15115002949321704,True,28,23
320,0.1702555769834633,True,28,23
321,0.1427555733005753,True,28,23
322,0.07011627346906261,False,28,23
324,0.1393517621882854,True,28,23
325,0.07550191635251109,False,28,23
328,-0.027610943897196386,False,28,23
330,0.2829115049305204,True,28,23
331,0.28689530918210426,True,28,23
332,0.05271499087001482,False,28,23
337,0.20548121942747485,True,28,23
338,0.002998034824277631,False,28,23
339,-0.00765034670446491,False,28,23
340,0.270079506960825,True,28,23
344,0.30306291663155066,True,28,23
346,0.3815822883930489,True,28,23
348,0.1862002617672424,True,28,23
349,0.10007568986081417,False,28,23
351,0.636903176257197,True,28,23
352,0.27453093172626813,True,28,23
355,0.14402894008963316,True,28,23
366,0.31224359844483235,True,28,23
368,0.2739908458543279,True,28,23
369,0.14464314613863474,True,28,23
372,0.04710639162352315,False,28,23
374,0.5587817598895376,True,28,23
1,0.4916892979821916,True,28,25
3,0.5156234067558217,True,28,25
10,0.7593582791896502,True,28,25
12,0.5676702826364063,True,28,25
14,0.24706859760826105,True,28,25
15,0.4476591778772065,True,28,25
22,0.4546271792888818,True,28,25
25,0.40751162135700114,True,28,25
28,0.5085774273852829,True,28,25
30,0.45974938828620066,True,28,25
31,0.6005567586620137,True,28,25
38,0.41682782003944835,True,28,25
39,0.6116597315860945,True,28,25
41,0.696334890142261,True,28,25
46,0.5408328849845726,True,28,25
48,0.5470925715412226,True,28,25
51,0.270732227116078,True,28,25
55,0.2522867702420168,True,28,25
56,0.6694520887087964,True,28,25
57,0.5325708330171657,True,28,25
59,0.4992321697398235,True,28,25
61,0.6541911562209992,True,28,25
67,0.40064728659895854,True,28,25
69,0.5689277990350484,True,28,25
73,0.3073437086530935,True,28,25
75,0.5142059762334378,True,28,25
77,0.37398771200048025,True,28,25
78,0.4969634815375226,True,28,25
83,0.3370972601058728,True,28,25
87,0.2463102264117906,True,28,25
96,0.32497749787567204,True,28,25
97,0.3976948305210648,True,28,25
99,0.45697825108995804,True,28,25
108,0.3847328447077815,True,28,25
113,0.15508867679787525,True,28,25
117,0.5217005876712412,True,28,25
121,0.24592720463699025,True,28,25
124,0.3199437815187751,True,28,25
126,0.5748881936356556,True,28,25
130,0.24763537162469484,True,28,25
136,0.007846012629097449,False,28,25
139,0.35707076357277745,True,28,25
140,0.45361154248139535,True,28,25
147,0.4733351623214885,True,28,25
149,0.526236946146667,True,28,25
151,0.41239867975232186,True,28,25
153,0.29844804011177734,True,28,25
154,0.4477796781922281,True,28,25
155,0.3686821383848559,True,28,25
156,0.3672656491612131,True,28,25
158,0.19952658166516465,True,28,25
160,0.373949591404439,True,28,25
162,0.23746676495041008,True,28,25
170,0.35676859543188266,True,28,25
174,0.200027424780672,True,28,25
176,0.2948203216363355,True,28,25
177,0.14935597719253138,True,28,25
181,0.23992359729981194,True,28,25
186,0.31028702456582163,True,28,25
188,0.4077516695956638,True,28,25
202,0.0629689651584437,False,28,25
221,0.19488711119405053,True,28,25
226,0.3157692545356086,True,28,25
227,0.19663133944963876,True,28,25
228,0.2518501235744446,True,28,25
232,0.08591163956264454,False,28,25
236,0.2393274809975842,True,28,25
242,0.3863266373044267,True,28,25
244,0.28579609854281607,True,28,25
250,0.16462303591888455,True,28,25
254,0.30281080435356933,True,28,25
258,0.5868411413181885,True,28,25
264,0.26978900389216826,True,28,25
273,0.38781954673540614,True,28,25
276,0.252912884945901,True,28,25
284,0.2576587764614295,True,28,25
285,0.1727810932341931,True,28,25
287,0.2745375064193425,True,28,25
294,0.20318164131548308,True,28,25
310,0.25488369918424564,True,28,25
313,0.07726311443865062,False,28,25
316,-0.04380864747115454,False,28,25
326,-0.02435783849512323,False,28,25
327,0.31129000740554935,True,28,25
328,0.5111325350457123,True,28,25
333,0.415828463871504,True,28,25
335,0.29888661813660966,True,28,25
337,0.1470720010359445,True,28,25
338,0.1393038911506078,True,28,25
339,0.16121332201082345,True,28,25
341,0.2679833756882675,True,28,25
342,0.048556560988360226,False,28,25
344,0.12298884603254552,True,28,25
345,0.16164460364286332,True,28,25
347,0.2519758491261084,True,28,25
349,0.13653991752903225,True,28,25
352,0.18216208798494338,True,28,25
353,0.025391969981927335,False,28,25
354,0.023766799866995193,False,28,25
356,0.2195827712928916,True,28,25
362,0.022540043916688558,False,28,25
363,0.2843638894453017,True,28,25
364,0.2721730400958895,True,28,25
365,0.17608035569496883,True,28,25
366,0.02339537752527257,False,28,25
369,0.3192880923806067,True,28,25
371,0.2978963219915653,True,28,25
377,0.25697832370751766,True,28,25
379,0.17499692685931367,True,28,25
380,0.397602830290621,True,28,25
383,0.1657574849769864,True,28,25
385,0.41582579421294114,True,28,25
386,0.557708680917542,True,28,25
387,0.305754220628088,True,28,25
391,0.4242532413911508,True,28,25
392,0.5005873432736623,True,28,25
393,0.17835129965087185,True,28,25
403,0.2683382428762511,True,28,25
404,0.3585524806102555,True,28,25
406,0.15294747306084916,True,28,25
407,0.20325151743283756,True,28,25
412,0.5318961319700052,True,28,25
414,0.22802815106302918,True,28,25
419,0.10419400187783145,False,28,25
423,0.15491745323735934,True,28,25
424,0.41799963181513894,True,28,25
425,0.38666942059859327,True,28,25
436,0.3080916868841592,True,28,25
440,0.512304633567569,True,28,25
442,0.3534663368783637,True,28,25
447,0.3906871399633318,True,28,25
453,0.13530797868942257,True,28,25
461,0.13597740219502544,True,28,25
462,0.3482721438281468,True,28,25
476,0.27695017482521217,True,28,25
478,0.28887439771536655,True,28,25
484,0.3124683912456007,True,28,25
489,0.17045587248447305,True,28,25
0,0.07634648172981194,False,29,16
5,0.0824813947094556,False,29,16
8,0.024922339350140002,False,29,16
13,0.09732946442875647,False,29,16
15,0.19473037210874947,True,29,16
47,0.17704806943429038,True,29,16
53,0.07477978711246346,False,29,16
82,-0.0030084114301923057,False,29,16
86,-0.019472328176325996,False,29,16
87,0.06683465738968904,False,29,16
94,0.04779324198734136,False,29,16
103,0.0849525670367229,False,29,16
105,-0.0623293709551904,False,29,16
117,0.054701708356996025,False,29,16
118,0.01610285881057168,False,29,16
126,0.22144482276714705,True,29,16
129,0.18385095913352342,True,29,16
131,0.44703130247641454,True,29,16
164,0.11549957739478854,True,29,16
165,0.1540401757171098,True,29,16
167,0.03873174067563769,False,29,16
171,0.016224490356599616,False,29,16
172,0.12089786538938235,True,29,16
174,0.15939447203402002,True,29,16
176,0.14352985234817556,True,29,16
177,0.2176867605347371,True,29,16
180,0.18372528728984436,True,29,16
182,0.07706303167950429,False,29,16
187,0.17673913845871259,True,29,16
189,0.0984423315253752,True,29,16
192,0.050097281024419855,False,29,16
197,0.06630962991797022,False,29,16
200,0.3468809490754743,True,29,16
201,0.1302559140535934,True,29,16
202,-0.0564345792035286,False,29,16
203,0.06263470117171062,False,29,16
208,0.10366181739306385,True,29,16
210,0.22800196961305472,True,29,16
211,0.06486946236097388,False,29,16
212,0.00805685864833014,False,29,16
217,0.34601088438732136,True,29,16
218,0.10423006044278872,False,29,16
219,0.0006347561394832169,False,29,16
221,0.33894130652717047,True,29,16
222,0.3946057509433652,True,29,16
223,0.3827039955078766,True,29,16
227,0.22087663661478937,True,29,16
230,0.1618183076050946,True,29,16
231,0.21700644424141224,True,29,16
233,0.029071890847144104,False,29,16
234,0.27027052338139784,True,29,16
235,0.1547613130831478,True,29,16
236,0.24615788192596708,True,29,16
238,0.3820562831808718,True,29,16
239,0.18083763903978115,True,29,16
241,0.10109927461973933,True,29,16
244,0.2444522638709621,True,29,16
245,0.11743590808490811,True,29,16
248,0.13467759228202927,True,29,16
249,0.17677240770480232,True,29,16
250,-0.008275130017658096,False,29,16
252,0.1660390689420991,True,29,16
253,0.1269902903321629,True,29,16
254,0.07697037842717983,False,29,16
255,0.2401070479678641,True,29,16
256,0.18294416850822068,True,29,16
258,0.2025194029885197,True,29,16
259,0.007911888644624695,False,29,16
260,0.1838873905417673,True,29,16
37,0.20595004527259606,True,29,17
40,0.17632684338640306,True,29,17
44,0.40698267789302967,True,29,17
46,0.27217341752711,True,29,17
48,0.3513309835395276,True,29,17
56,0.13572385192300515,True,29,17
57,0.2556650193033074,True,29,17
58,0.22291522696041755,True,29,17
70,0.09229127683427546,False,29,17
72,0.04247751415055614,False,29,17
74,-0.011076527156539931,False,29,17
79,0.006498026265823099,False,29,17
84,0.016359860193853274,False,29,17
88,0.03979847091945165,False,29,17
95,0.05932679560994968,False,29,17
103,0.05693662525041865,False,29,17
107,0.01997339503164332,False,29,17
108,0.008634081804219384,False,29,17
109,-0.03848550466639785,False,29,17
112,0.003190704193339123,False,29,17
115,-0.013520680363912437,False,29,17
117,0.031647686817883415,False,29,17
118,-0.00954253184433142,False,29,17
120,0.022676290672134253,False,29,17
121,0.19321257807382128,True,29,17
126,0.02832933274203235,False,29,17
128,0.048621044787588504,False,29,17
129,0.16605344434596916,True,29,17
132,0.04476806446663508,False,29,17
135,0.018209044533850686,False,29,17
136,0.12820500124184317,True,29,17
138,0.005397027575826198,False,29,17
139,0.11865691343762734,True,29,17
140,-0.001444406399618121,False,29,17
141,0.08656879478759712,False,29,17
143,0.06605914921529892,False,29,17
144,0.11932726307050362,True,29,17
146,0.08998519208893817,False,29,17
148,0.172342225537376,True,29,17
149,0.07898086498411298,False,29,17
156,-0.03019980870615506,False,29,17
157,0.07385175740107615,False,29,17
158,0.12670004038890212,True,29,17
159,0.07472701481729722,False,29,17
160,0.019873397862876275,False,29,17
161,0.017027968900490433,False,29,17
163,0.12205936422047779,True,29,17
164,-0.020923776735203358,False,29,17
165,0.21092145726285738,True,29,17
169,0.006504618224135064,False,29,17
170,0.14746192165485283,True,29,17
171,0.04676838464686355,False,29,17
180,0.031450936982882836,False,29,17
184,0.08754008399388302,True,29,17
185,0.022031838566186318,False,29,17
186,-0.017972733428738893,False,29,17
187,0.03944767003319903,False,29,17
189,0.022437599351149307,False,29,17
190,0.01231007902946958,False,29,17
194,0.07124821267997178,False,29,17
196,0.018391531660751078,False,29,17
200,0.01326605789815357,False,29,17
201,0.2632240434936888,True,29,17
202,0.036677429726127815,False,29,17
204,-0.012274505198320707,False,29,17
205,0.07881235332769425,False,29,17
206,0.18385285018983463,True,29,17
207,0.028762249424145393,False,29,17
209,0.10361530893256603,True,29,17
210,0.14609574773379994,True,29,17
212,0.008212130974087517,False,29,17
214,0.0009302819428599063,False,29,17
216,-0.012293973278019696,False,29,17
218,0.04352254786843931,False,29,17
219,-0.05485760986374655,False,29,17
224,0.13357101728086762,True,29,17
225,0.0018865674886655425,False,29,17
226,0.0411391414837085,False,29,17
230,0.17545503757807857,True,29,17
231,0.30308259620394273,True,29,17
233,0.06355721752996109,False,29,17
234,0.20909809700978213,True,29,17
235,0.09152792056184737,False,29,17
236,0.13904651536999807,True,29,17
237,0.1073707008341524,True,29,17
238,0.07911619504504996,False,29,17
241,0.0012047218833348093,False,29,17
242,0.29534195592547263,True,29,17
243,0.038733578223572505,False,29,17
245,-0.07177702410145143,False,29,17
246,0.004545163029351484,False,29,17
247,0.10520103185092165,True,29,17
249,0.14400096692910083,True,29,17
250,0.15111969382277698,True,29,17
255,0.048642394142606925,False,29,17
258,-0.02754795253247674,False,29,17
259,0.03624134746629052,False,29,17
260,0.19752612340235767,True,29,17
261,0.17777326167955312,True,29,17
264,0.10037721333518253,False,29,17
265,0.12842309516219325,True,29,17
266,-0.008187245964328004,False,29,17
270,0.07401500472216908,False,29,17
271,0.246569508757259,True,29,17
272,-0.002737299023701864,False,29,17
277,-0.03517043749278367,False,29,17
278,0.03169351465985275,False,29,17
282,-0.026521687181089118,False,29,17
283,0.05215068056739366,False,29,17
284,0.08888522888721269,False,29,17
285,0.053787173885862495,False,29,17
288,0.13587739954314737,True,29,17
289,0.04826886080284315,False,29,17
291,0.07650636882606333,False,29,17
292,0.17191193944036645,True,29,17
293,0.07406687597493743,False,29,17
294,0.23858878820298077,True,29,17
295,-0.015267022459940197,False,29,17
296,0.008297003573771425,False,29,17
297,-0.041570463753241034,False,29,17
299,0.06934634294252938,False,29,17
303,-0.04354149945251718,False,29,17
304,0.02718783147557813,False,29,17
305,0.11064426457693528,False,29,17
307,0.029188751006019892,False,29,17
308,0.06387516660470449,False,29,17
309,0.1968441568976089,True,29,17
310,0.0344898422558312,False,29,17
311,0.0852059176594111,False,29,17
312,0.18960027323596199,True,29,17
316,0.010707580673966606,False,29,17
317,0.058301531516185445,False,29,17
319,0.032187762122665574,False,29,17
321,0.019180047149995393,False,29,17
322,0.07418230886777534,False,29,17
323,0.016477056756790707,False,29,17
324,0.0023118413690427033,False,29,17
325,0.12253013731413916,True,29,17
326,-0.030618359858404193,False,29,17
328,0.1039045928088192,False,29,17
332,0.044589791697441906,False,29,17
333,0.17360878589187154,True,29,17
334,0.08060789866303641,False,29,17
335,0.05308860095935012,False,29,17
336,0.04920470646076112,False,29,17
338,0.019823295323268337,False,29,17
339,-0.07703097499006235,False,29,17
341,-0.012977198871248161,False,29,17
343,0.03088417487865577,False,29,17
347,0.013579860409124086,False,29,17
350,0.07517627273916798,False,29,17
351,0.08903572151237404,False,29,17
1,0.05688395529350208,False,29,18
3,0.009585872194266024,False,29,18
6,0.009386993641255281,False,29,18
7,0.02357568704642492,False,29,18
11,-0.006537897354271444,False,29,18
16,0.11453429175731854,True,29,18
17,0.13060339667884444,True,29,18
20,0.007109157720421252,False,29,18
22,0.11373544223710481,True,29,18
24,0.03386630231395336,False,29,18
27,0.06489331075215417,False,29,18
28,-0.07822185013277537,False,29,18
30,-0.03576426043449133,False,29,18
33,0.019844755406754472,False,29,18
38,0.09422855222436106,False,29,18
40,0.00781111682018842,False,29,18
42,0.055331077328910384,False,29,18
43,0.059582699822833006,False,29,18
47,-0.03727248113343034,False,29,18
49,0.012453699573213397,False,29,18
50,0.09945115420996635,False,29,18
52,0.0030758977350420678,False,29,18
55,0.04530551034650385,False,29,18
59,0.12831856505601139,True,29,18
60,0.1068664065840651,True,29,18
61,0.14759753635524422,True,29,18
65,0.033000659177539755,False,29,18
69,0.030668387810754528,False,29,18
70,-0.018967425645929337,False,29,18
74,-0.009482578738453373,False,29,18
76,0.07080290274671192,False,29,18
79,0.11282160333228926,True,29,18
81,0.017789705269468815,False,29,18
86,0.04106647621686495,False,29,18
87,0.01594388013843433,False,29,18
88,0.06277990619221706,False,29,18
90,0.04861160375577862,False,29,18
93,0.10802265844216513,True,29,18
98,-0.034334630837322626,False,29,18
99,0.0797756706525159,False,29,18
100,-0.05452435227508947,False,29,18
102,0.009580394506948996,False,29,18
103,0.346812944975786,True,29,18
104,0.051847184426259414,False,29,18
105,0.17283130601372812,True,29,18
106,0.1419507817123514,True,29,18
107,0.09177253924921724,False,29,18
108,-0.062454047295494856,False,29,18
110,-0.04070558497306525,False,29,18
115,0.012345470639256789,False,29,18
116,0.2842971197969072,True,29,18
117,0.10052050795050836,True,29,18
118,0.1285097629758475,True,29,18
119,0.07953206855683129,False,29,18
120,0.018330613705164738,False,29,18
121,0.023077186511203298,False,29,18
122,0.10142715887482634,True,29,18
123,0.07352271958620098,False,29,18
124,0.03699723552645005,False,29,18
125,-0.016538596423218456,False,29,18
126,0.035774022684658034,False,29,18
127,-0.015599213980954027,False,29,18
128,0.049393287956121336,False,29,18
130,0.08530374524441654,False,29,18
131,0.1904483334661715,True,29,18
132,0.17235880714840623,True,29,18
135,0.04616845630369046,False,29,18
136,-0.04554430398061266,False,29,18
137,0.10317983496885182,False,29,18
138,0.11123817752957747,True,29,18
139,0.17773827443056636,True,29,18
142,-0.03744421714009666,False,29,18
143,0.17844944833802687,True,29,18
144,0.07990049509329493,False,29,18
145,0.07656122935423752,False,29,18
146,0.043133852904092274,False,29,18
148,0.05410311679313646,False,29,18
150,0.06884909885533542,False,29,18
151,0.03470178280124722,False,29,18
152,0.0050603381580265035,False,29,18
153,-0.01134688621676884,False,29,18
154,0.1003242452926017,True,29,18
157,0.09098795491957562,False,29,18
160,0.058945503648650144,False,29,18
162,0.077469767079537,False,29,18
163,0.09580203063089081,False,29,18
164,0.09444437002590166,False,29,18
168,0.041553976268902115,False,29,18
170,0.05834771682806426,False,29,18
171,0.04081442441244818,False,29,18
172,0.011849865019251372,False,29,18
174,-0.0673628484122784,False,29,18
176,0.03237395457115604,False,29,18
178,0.07706870596054084,False,29,18
180,-0.011410522555876232,False,29,18
182,-0.017888429413436574,False,29,18
183,0.07611230933091463,False,29,18
184,-0.006795674892910319,False,29,18
185,-0.02286795086827185,False,29,18
188,0.03202545514586159,False,29,18
190,0.03738469899694658,False,29,18
192,0.04703842202590175,False,29,18
193,0.057494395410035926,False,29,18
195,-0.004852253429624517,False,29,18
196,0.02329217800926302,False,29,18
197,0.1180990463063284,True,29,18
199,-0.03101555861849455,False,29,18
202,0.11589374320076147,False,29,18
203,0.23052713442892095,True,29,18
205,0.024353001896795512,False,29,18
206,0.17403422831853302,True,29,18
207,0.0892450757111221,False,29,18
209,0.2058529357673754,True,29,18
210,0.021623953740413118,False,29,18
212,0.11455339418428061,True,29,18
213,-0.007256035865959569,False,29,18
214,-0.007662862800572709,False,29,18
215,-0.02466184972268649,False,29,18
218,0.11133097496334156,True,29,18
221,0.0565978366138302,False,29,18
222,0.07442639533989685,False,29,18
223,0.25255581855351844,True,29,18
225,0.22584050555968035,True,29,18
227,0.0734374818815387,False,29,18
233,0.13078467884294778,True,29,18
234,0.21252046029996766,True,29,18
235,0.2226549532161167,True,29,18
236,0.14317553158529564,True,29,18
237,0.027312512055153056,False,29,18
238,-0.007136942702591996,False,29,18
239,0.14670984850420263,True,29,18
240,0.008578650215923307,False,29,18
244,0.16076641308215037,True,29,18
245,0.07398840064874929,False,29,18
247,0.046888574022071215,False,29,18
249,0.03483697069328707,False,29,18
250,0.3441451165074641,True,29,18
251,0.10796751030864278,True,29,18
252,0.052198011278594435,False,29,18
254,-0.02594587843306889,False,29,18
255,0.07974864942693756,False,29,18
256,0.07880485049625074,False,29,18
257,0.13377884477253552,True,29,18
261,0.08671581862668865,False,29,18
265,-0.028265006959010824,False,29,18
266,0.08567747705469225,False,29,18
269,0.040292468616025624,False,29,18
272,0.014183661840977047,False,29,18
274,0.0453585872811453,False,29,18
276,0.10580895343718112,True,29,18
277,0.10125800425327984,False,29,18
279,0.19679265293098988,True,29,18
291,0.01489003181016603,False,29,18
292,0.29189764761394804,True,29,18
293,0.03993984755459364,False,29,18
295,0.09873746539245971,False,29,18
296,0.03821884627076855,False,29,18
298,0.02515158172061317,False,29,18
300,-0.021167861670970917,False,29,18
301,0.22008656958262707,True,29,18
302,0.01290074261280831,False,29,18
306,-0.07126763604940117,False,29,18
307,0.035512498657680795,False,29,18
310,0.18800063271404813,True,29,18
317,0.17108236952407033,True,29,18
11,0.024266335796676388,False,29,19
12,0.08607217260376608,True,29,19
14,0.2178543377130715,True,29,19
25,0.12534665912296483,True,29,19
34,0.09906337584870765,False,29,19
36,0.03243371725826627,False,29,19
38,0.01322876033447682,False,29,19
43,0.03332120353380612,False,29,19
45,0.06257311335564546,False,29,19
53,-0.018586368822097785,False,29,19
54,0.11324110473722761,True,29,19
59,0.13216802098960667,True,29,19
64,0.10941846349961017,True,29,19
65,0.08658620359535356,False,29,19
68,0.09459858675359624,True,29,19
71,0.14332480007199613,True,29,19
72,0.2010186123100095,True,29,19
73,0.11092955573447612,True,29,19
75,0.1709723643024791,True,29,19
76,0.07803793587046047,False,29,19
77,0.24250948147693477,True,29,19
79,0.07010938917363024,False,29,19
80,0.15039646318744707,True,29,19
82,0.1623902712300711,True,29,19
84,-0.01974699549851538,False,29,19
85,0.10596256225107592,True,29,19
86,0.07146275178023902,False,29,19
89,0.27880691399994145,True,29,19
97,0.012166278913668976,False,29,19
98,0.15181466467817423,True,29,19
99,0.11525384726670279,True,29,19
100,0.18522064599154775,True,29,19
101,0.1371468867800966,True,29,19
102,0.24243142007422777,True,29,19
104,0.081409219737449,False,29,19
105,0.13571679103762999,True,29,19
107,0.02277839258187096,False,29,19
109,0.02302753455797166,False,29,19
111,0.11185615361934426,True,29,19
113,0.3076762585274755,True,29,19
114,0.11749460448271021,True,29,19
115,0.253555396570162,True,29,19
116,0.23146568815650106,True,29,19
117,0.15198669056943973,True,29,19
120,0.33665371855039455,True,29,19
123,-0.006860953559661061,False,29,19
124,0.24745219125265483,True,29,19
125,0.10710250001026796,True,29,19
139,0.1032113230018017,True,29,19
140,0.1175373931387963,True,29,19
141,0.07705038653210218,False,29,19
145,-0.06819489082934543,False,29,19
147,0.11382535094595493,True,29,19
150,0.06367420007991345,False,29,19
151,0.14327341010905972,True,29,19
154,0.05892187702148203,False,29,19
155,0.15511927907495604,True,29,19
156,0.08176476557332812,False,29,19
158,0.03042298752408906,False,29,19
159,0.08254444030040273,False,29,19
160,0.09781660964924462,False,29,19
161,0.12647931279889726,True,29,19
162,0.030029618370246883,False,29,19
163,0.1915512512694921,True,29,19
164,0.15151150105665626,True,29,19
166,0.06503366842474133,False,29,19
168,0.22313987533879442,True,29,19
170,0.42737065443349237,True,29,19
171,0.11796716466238606,True,29,19
172,0.08606707217600167,False,29,19
173,0.06340852989628963,False,29,19
174,0.35018082603546713,True,29,19
175,0.06203348478010306,False,29,19
176,-0.06785026613044924,False,29,19
177,0.08736393957190376,True,29,19
179,0.10147107750346189,True,29,19
180,0.084282584794774,False,29,19
181,0.07552970937356424,False,29,19
182,0.05213243282789321,False,29,19
183,0.08813651946732022,False,29,19
184,0.14651464611756274,True,29,19
185,0.013561077988036093,False,29,19
186,0.030344893470434505,False,29,19
187,0.03628499426865358,False,29,19
188,0.001364456016776475,False,29,19
189,0.0168682800958788,False,29,19
191,0.0053535906458272164,False,29,19
193,0.04731800948974424,False,29,19
194,-0.0019231702724456002,False,29,19
196,0.08402902565164806,False,29,19
197,0.18866691307756392,True,29,19
198,0.06853601586457954,False,29,19
201,0.06906618268757762,False,29,19
202,0.10201440123239806,False,29,19
204,-0.011519981510927473,False,29,19
206,0.05229523376556822,False,29,19
207,0.18666694729477973,True,29,19
208,0.2758259818413646,True,29,19
209,0.11591285845424505,True,29,19
211,-0.027402375909098872,False,29,19
212,0.16819912311921262,True,29,19
213,0.03266501015510031,False,29,19
214,0.19841002342891464,True,29,19
215,0.12222787540840958,True,29,19
217,0.08017800901294353,False,29,19
219,0.011395584630702615,False,29,19
220,0.07910097763849615,False,29,19
222,0.11790446849790807,True,29,19
223,0.06483808851482291,False,29,19
224,0.07920472342094524,False,29,19
226,0.12715933223505183,True,29,19
227,0.1477661588464538,True,29,19
230,0.057248800250837395,False,29,19
232,0.09939755379500735,False,29,19
233,0.07673316933321672,False,29,19
234,0.009803448102374877,False,29,19
237,0.0470651245081297,False,29,19
238,0.11573513055429768,True,29,19
242,0.17980793540208528,True,29,19
244,0.1945228193142814,True,29,19
245,0.13423807538779106,True,29,19
247,0.20841366138089265,True,29,19
248,0.12928613888887844,True,29,19
251,0.0444078871233759,False,29,19
252,0.0348049580237328,False,29,19
255,0.006169556222328625,False,29,19
257,0.034401302871761304,False,29,19
259,0.15341907480253214,True,29,19
260,-0.024518409572547115,False,29,19
262,0.058739042175893215,False,29,19
265,-0.0779449690733567,False,29,19
268,0.17232352118891825,True,29,19
272,0.02448034292826373,False,29,19
306,0.008021314854344078,False,29,19
314,-0.06282270526299964,False,29,19
323,-0.025233653101942793,False,29,19
0,0.17379405680400895,True,29,20
10,0.19985256590538839,True,29,20
11,0.20997514042871254,True,29,20
13,0.12489015810657307,True,29,20
20,0.15041210449478118,True,29,20
24,0.3590093274803549,True,29,20
25,0.39098367688928176,True,29,20
27,0.09001430962951303,False,29,20
29,0.17835634493574717,True,29,20
30,0.2875344689983535,True,29,20
39,0.1437788220305231,True,29,20
40,0.13010637015511964,True,29,20
42,0.09440625118320715,False,29,20
43,0.054655081316734265,False,29,20
52,0.30868326203470536,True,29,20
53,0.4518757924029891,True,29,20
55,0.38567583086555485,True,29,20
57,0.17107346020046368,True,29,20
58,0.3334085946527466,True,29,20
61,0.4329491645980523,True,29,20
63,0.3199756635080831,True,29,20
67,0.48249034902925264,True,29,20
71,0.049195943781047365,False,29,20
72,0.3525024738664861,True,29,20
73,0.3140579551003025,True,29,20
76,0.18205187433892034,True,29,20
77,0.38835114630829365,True,29,20
78,0.4541424435166983,True,29,20
80,0.2863391411033812,True,29,20
83,0.3478437517108506,True,29,20
84,0.056301856106917826,False,29,20
85,0.0761285725786806,False,29,20
87,0.16245067033217153,True,29,20
88,0.22257553416139533,True,29,20
89,0.15821382396073028,True,29,20
90,0.6166711919142952,True,29,20
91,0.2796631549197563,True,29,20
92,0.3052520930478136,True,29,20
93,0.33562467822540726,True,29,20
95,0.428849799323896,True,29,20
99,0.47059766534246306,True,29,20
103,0.15889598329955737,True,29,20
107,0.08691161919904339,False,29,20
108,0.15561992713630848,True,29,20
111,0.16301952608898926,True,29,20
113,0.31940078444730086,True,29,20
114,0.31175211165733974,True,29,20
115,0.4186130152109264,True,29,20
116,0.419944409592843,True,29,20
117,0.6217978118474391,True,29,20
119,0.3115784413069209,True,29,20
120,0.4777301741143338,True,29,20
121,0.29038289341657125,True,29,20
124,0.2342884933707392,True,29,20
125,0.19401839932863182,True,29,20
127,-0.015534730277149529,False,29,20
128,0.1940928872387854,True,29,20
129,0.24848192662003454,True,29,20
130,0.3272689038580717,True,29,20
133,0.2629884348735152,True,29,20
134,0.40142567181031236,True,29,20
135,0.07110815066018862,False,29,20
136,0.031168468576331886,False,29,20
137,0.014138657047902707,False,29,20
138,0.18569537872996408,True,29,20
139,0.26784301812187683,True,29,20
140,0.19680246607261442,True,29,20
141,0.0426427985732225,False,29,20
142,0.4609574976324448,True,29,20
143,0.3521220613738043,True,29,20
144,0.23806982201777852,True,29,20
145,0.37198996819691404,True,29,20
146,0.27681730382968645,True,29,20
147,-0.032560393142089104,False,29,20
148,0.22568052222686905,True,29,20
149,0.18154959813785485,True,29,20
150,0.23835941283233433,True,29,20
151,0.2095839708273797,True,29,20
153,0.08078348732110213,False,29,20
154,0.06522446646822752,False,29,20
155,0.28475753111596414,True,29,20
156,0.03234836200523258,False,29,20
157,0.34577180621062525,True,29,20
159,0.2620959493937774,True,29,20
160,0.12111107466285272,True,29,20
161,0.27471453955424086,True,29,20
163,0.22678058430809434,True,29,20
165,0.15970474440182644,True,29,20
167,0.3641682050253557,True,29,20
168,0.15079258425338662,True,29,20
169,0.1238789690400277,True,29,20
170,0.33565273734832163,True,29,20
171,0.13051907657499637,True,29,20
172,0.06679797729392402,False,29,20
173,0.13324743422208055,True,29,20
174,0.09741739432663743,True,29,20
175,0.09042332840947093,False,29,20
176,0.18073871201254832,True,29,20
178,0.041862317505013624,False,29,20
179,0.22930506427304734,True,29,20
180,0.24456802588394835,True,29,20
181,-0.02604059342659315,False,29,20
183,0.3858557503041952,True,29,20
184,0.08205866953020381,False,29,20
185,0.2838727349083939,True,29,20
186,0.4124928870706463,True,29,20
187,0.3751586361116099,True,29,20
190,0.09366372388905346,False,29,20
191,0.10875598367439399,False,29,20
192,0.05483133889612727,False,29,20
193,0.3645933002958414,True,29,20
194,0.14059952898331954,True,29,20
195,0.2577328552808182,True,29,20
196,0.21047413130972104,True,29,20
198,0.01375017332055141,False,29,20
199,0.07457259838836183,False,29,20
200,0.24135931858615337,True,29,20
201,0.14153201485147984,True,29,20
203,0.06895420504912354,False,29,20
204,0.19176691221046513,True,29,20
205,0.11502960732830621,True,29,20
206,0.056260416681172896,False,29,20
208,0.14199133029901057,True,29,20
209,0.058480786645480044,False,29,20
210,0.10893117736723085,True,29,20
211,0.18585614197695208,True,29,20
212,0.09327680419947497,False,29,20
213,0.16159638697970158,True,29,20
216,0.18264252772052628,True,29,20
217,0.3252979208385865,True,29,20
218,0.14903824023904735,True,29,20
219,0.1429632119824474,True,29,20
220,0.2305448816315665,True,29,20
222,0.353751067222219,True,29,20
223,-0.0025340190039936927,False,29,20
224,0.1162739365086884,True,29,20
225,-0.004350039444251136,False,29,20
226,0.21915284696099727,True,29,20
227,-0.014564924269559144,False,29,20
228,0.2102484657846404,True,29,20
229,0.1524554869286674,True,29,20
230,0.09943159208488839,True,29,20
232,0.05393593842662924,False,29,20
233,0.09165541219068242,True,29,20
236,0.3291045762199563,True,29,20
237,0.07685711697720647,False,29,20
238,0.3603535513636129,True,29,20
243,0.15873397187006585,True,29,20
244,0.029061553291172767,False,29,20
245,0.03862109412893317,False,29,20
246,-0.00750818199813916,False,29,20
247,0.3475251908171177,True,29,20
248,0.1304206951917348,True,29,20
250,0.18862298988350087,True,29,20
253,0.39192640312390736,True,29,20
254,0.005037224983298133,False,29,20
255,0.060130697200815375,False,29,20
256,-0.01733901740834001,False,29,20
257,-0.011810537050379417,False,29,20
258,0.029837390871927005,False,29,20
259,0.08978411314553865,False,29,20
260,0.045392195979893635,False,29,20
262,-0.008345211646382392,False,29,20
263,0.018487052016811365,False,29,20
264,0.09591204306108532,False,29,20
265,-0.001383085107971559,False,29,20
266,0.1250928525836211,True,29,20
267,0.09427207510403281,True,29,20
269,-0.0087888076086621,False,29,20
270,0.11852414278171347,True,29,20
271,0.15979997823134406,True,29,20
272,0.07928039304203736,False,29,20
273,0.06969732352919791,False,29,20
275,0.03767224080465748,False,29,20
276,0.09339907388277534,False,29,20
277,0.09368296564700224,False,29,20
278,-0.015310339446176805,False,29,20
281,0.0988035919008856,False,29,20
283,0.13420757321931745,True,29,20
284,0.08395952785207962,False,29,20
286,0.1368761673146785,True,29,20
287,0.12952663786758142,True,29,20
288,0.12326464283228965,True,29,20
289,0.01094493885312677,False,29,20
292,0.007526801667194276,False,29,20
294,0.15735687989405603,True,29,20
297,0.004878051610465686,False,29,20
298,0.0803893487382361,False,29,20
300,0.10686514164754368,True,29,20
302,0.032180535559263396,False,29,20
303,0.019823409678577018,False,29,20
304,0.08310325920138832,False,29,20
305,-0.06088221152589071,False,29,20
307,0.026292685760523616,False,29,20
308,0.05587865574480531,False,29,20
309,0.05507117453563342,False,29,20
310,0.09192136670550567,False,29,20
312,0.0892883032935119,False,29,20
313,0.10367351114700314,False,29,20
314,-0.0400828932850577,False,29,20
315,0.06127955221817224,False,29,20
316,0.08412400731201346,False,29,20
321,0.10560286344761081,True,29,20
323,0.1723051645383796,True,29,20
325,0.01696780317667379,False,29,20
326,-0.03874312882378669,False,29,20
327,0.06831490185415205,False,29,20
328,0.03903042235167201,False,29,20
329,0.10149246335926827,True,29,20
330,0.059524206364438885,False,29,20
332,0.08106646516608042,False,29,20
333,0.05670482337002888,False,29,20
337,0.0722066127430722,False,29,20
338,-0.009641303878335993,False,29,20
339,0.03723527935342085,False,29,20
341,0.012284023491529857,False,29,20
343,0.050255664653941795,False,29,20
344,0.12523873548011724,True,29,20
353,-0.003251072641226565,False,29,20
358,-0.041380329828385805,False,29,20
364,0.06958547989742085,False,29,20
367,0.08670393886043071,False,29,20
368,-0.05048689803380094,False,29,20
369,-3.5340600645325744e-05,False,29,20
379,0.10803912674081,True,29,20
380,0.0558303886296247,False,29,20
387,0.012263069147560035,False,29,20
394,0.046435338126253965,False,29,20
396,-0.013882950963546942,False,29,20
455,0.16037087490243318,True,29,20
459,-0.03408517975217038,False,29,20
460,0.3081328752462949,True,29,20
463,0.24955925623070063,True,29,20
465,0.30495766532205065,True,29,20
466,0.3387906635480982,True,29,20
468,0.15799278486718682,True,29,20
471,0.4806735557457377,True,29,20
472,0.15116489157633878,True,29,20
473,0.010103658818800564,False,29,20
475,0.2965218630751039,True,29,20
477,0.08875849922685963,False,29,20
479,0.0070858175453949,False,29,20
482,0.15730776755040646,True,29,20
483,0.22179462052069077,True,29,20
487,0.17204931425233694,True,29,20
1,0.021325934883854012,False,29,21
4,-0.0023583279339913174,False,29,21
10,-0.020736698789246017,False,29,21
12,0.006037628153985261,False,29,21
24,0.12317025794841545,True,29,21
32,-0.027197048645698264,False,29,21
46,0.03743664922897993,False,29,21
63,0.32955044893585905,True,29,21
64,0.04002112916087801,False,29,21
66,0.500041424534708,True,29,21
67,0.19676767633351877,True,29,21
68,0.44481068009464503,True,29,21
69,0.21765803356140237,True,29,21
73,0.3208924657859655,True,29,21
81,0.04581659455612222,False,29,21
82,0.406717472045445,True,29,21
85,0.5010361266496158,True,29,21
91,0.7977953702287999,True,29,21
92,0.15401006083205446,True,29,21
93,0.43829998627540095,True,29,21
94,0.49918107568377684,True,29,21
95,0.3649358192285901,True,29,21
99,0.04579757625565244,False,29,21
100,0.6565105363799639,True,29,21
104,0.28736957712796135,True,29,21
106,0.2094143840082178,True,29,21
117,0.027991946310706298,False,29,21
119,0.09861069292358395,False,29,21
124,0.3148775280801093,True,29,21
129,0.15138737114667758,True,29,21
131,0.03119901091681104,False,29,21
132,0.1390057467675137,True,29,21
137,0.4596759634806867,True,29,21
141,0.0848731285664686,False,29,21
146,0.030489479706392385,False,29,21
150,0.0743110038395507,False,29,21
153,0.06055784298205604,False,29,21
157,0.1785601454943877,True,29,21
159,-0.03965125614525394,False,29,21
161,0.08397329552704519,False,29,21
166,0.07036615324106964,False,29,21
167,0.18060844882043792,True,29,21
169,0.01881447143907015,False,29,21
170,0.07987672919142448,False,29,21
171,0.18526225196289647,True,29,21
173,0.09775409581691208,False,29,21
178,-0.005481268711867267,False,29,21
180,0.018799658781268724,False,29,21
181,0.048102000969968896,False,29,21
186,0.08995010754708821,False,29,21
188,-0.04053218065482983,False,29,21
191,0.0964664654791581,False,29,21
194,0.041089300759626426,False,29,21
195,-0.006313629203189594,False,29,21
197,0.260680318105538,True,29,21
198,0.07195828892413939,False,29,21
200,0.12028725136782016,True,29,21
201,0.028163483386320052,False,29,21
202,0.06679505425846903,False,29,21
203,0.13400735769108824,True,29,21
204,0.08278193637218324,False,29,21
205,0.06589901587627343,False,29,21
206,0.05772262016538706,False,29,21
207,0.05661032834883462,False,29,21
209,0.06221795651509565,False,29,21
210,0.13341672685660078,True,29,21
211,0.023979962237440335,False,29,21
212,0.11106283356645973,True,29,21
213,-0.00010719974922739998,False,29,21
214,0.06824242408338754,False,29,21
215,0.15377693433094938,True,29,21
216,0.02270673224183654,False,29,21
217,-0.0018498132755248372,False,29,21
218,0.06993914513934531,False,29,21
219,0.10278198244938312,False,29,21
220,0.19541789257943684,True,29,21
222,-0.0462177123444634,False,29,21
224,-0.0005068260447066269,False,29,21
225,0.1429436309881016,True,29,21
226,0.030683086888038558,False,29,21
228,0.0400980177283581,False,29,21
229,0.06213476597415274,False,29,21
230,0.16688852829434328,True,29,21
232,0.058700371985331644,False,29,21
233,0.027037210790914225,False,29,21
234,0.061976089312335135,False,29,21
235,0.05983362478682852,False,29,21
237,0.27824030176547504,True,29,21
238,0.03866078537693351,False,29,21
239,0.007200487523768821,False,29,21
240,0.1278549251695514,True,29,21
242,0.05158169850019285,False,29,21
244,0.048585630589637684,False,29,21
245,0.057647130252887334,False,29,21
246,0.006354680763410105,False,29,21
247,0.1539316699641521,True,29,21
248,0.07922499497828496,False,29,21
249,0.0937001273042551,True,29,21
250,0.09963582662641844,False,29,21
253,0.030808888425262238,False,29,21
255,0.08308456986789164,False,29,21
256,0.2437435045477245,True,29,21
257,0.05002129486103324,False,29,21
258,0.02093577353753019,False,29,21
259,0.03422842501342692,False,29,21
261,0.02829905839074622,False,29,21
262,0.029591565034661496,False,29,21
264,0.29282311925701154,True,29,21
265,0.03261901615707139,False,29,21
266,0.12479442956893678,True,29,21
268,0.014743470887505774,False,29,21
270,0.10237529919659771,True,29,21
273,0.08830402970093465,False,29,21
274,0.02672724622901594,False,29,21
275,0.02201026591360626,False,29,21
276,0.1965064223552687,True,29,21
278,-0.007549157345066786,False,29,21
279,-0.0017377157768554395,False,29,21
280,0.13247373260283965,True,29,21
284,0.07151216442408205,False,29,21
285,0.012495399080517272,False,29,21
286,0.003684299912464712,False,29,21
288,0.055231702087472946,False,29,21
290,-0.05342079114187542,False,29,21
291,0.07088289603817327,False,29,21
292,0.07867277205111094,False,29,21
295,0.09547837480738423,True,29,21
296,0.24998321143249305,True,29,21
297,-0.0021804826716109262,False,29,21
299,-0.008538434628847338,False,29,21
300,-0.005157225663369176,False,29,21
301,0.057261094974680814,False,29,21
302,0.07388093929696281,False,29,21
303,0.13708606331302425,True,29,21
305,0.007340672986694774,False,29,21
307,0.005390817807656885,False,29,21
308,-0.032861311320321385,False,29,21
309,0.06192510629301853,False,29,21
310,-0.019264843623057127,False,29,21
312,-0.015462757143251552,False,29,21
313,0.04441793066143301,False,29,21
314,0.03470871751813132,False,29,21
315,-0.04095475509500545,False,29,21
317,0.055105053330107845,False,29,21
318,0.03397105734034931,False,29,21
320,0.03830466655939601,False,29,21
321,-0.016121698692765755,False,29,21
323,0.13269639448030285,True,29,21
328,0.013781251592339687,False,29,21
330,-0.019814652271772818,False,29,21
335,-0.015793463210099768,False,29,21
339,-0.06511435878586502,False,29,21
340,0.015293512817936504,False,29,21
347,0.016921488158122167,False,29,21
349,-0.018287169615844378,False,29,21
352,-0.017446644405292092,False,29,21
354,0.06718272150965929,False,29,21
390,0.01788295246922812,False,29,21
392,0.06832661225336534,False,29,21
20,0.1685445383074945,True,29,23
24,0.20515769952904198,True,29,23
26,0.033345993686783156,False,29,23
28,0.17685403846765554,True,29,23
29,0.036045533082186866,False,29,23
30,-0.051828692946835585,False,29,23
32,0.04927391079164043,False,29,23
33,-0.005585285653884318,False,29,23
34,-0.004724550062111301,False,29,23
42,0.32198899085467786,True,29,23
46,0.07318005794842375,False,29,23
53,0.2590669789414271,True,29,23
61,0.28869490011850496,True,29,23
65,0.55225849668529,True,29,23
79,0.3551329070533044,True,29,23
81,0.40085375709860055,True,29,23
84,0.21969198596196524,True,29,23
86,0.1790924901757737,True,29,23
87,0.7940741032982416,True,29,23
89,0.48789397722345584,True,29,23
95,0.3615298473079309,True,29,23
101,0.08948618399905091,False,29,23
103,0.7867694851103423,True,29,23
104,0.5374759132017068,True,29,23
108,0.32712519304939597,True,29,23
110,0.22573650369164924,True,29,23
132,0.41717794143211306,True,29,23
133,0.027006308642358767,False,29,23
144,0.21165697702807704,True,29,23
156,0.28603677501187136,True,29,23
157,0.1797817367492395,True,29,23
160,0.18493838382672997,True,29,23
163,0.1572292387714367,True,29,23
169,0.05660276845574666,False,29,23
171,0.17922901975380282,True,29,23
178,0.22196852570438544,True,29,23
179,0.13019899967492957,True,29,23
181,0.22807664114647333,True,29,23
184,0.19675869774441165,True,29,23
186,0.12979927092734153,True,29,23
191,0.3057548361832047,True,29,23
194,0.2848831609000101,True,29,23
196,0.24719135427182493,True,29,23
198,0.049205045974927995,False,29,23
202,0.11501194397243537,True,29,23
203,0.35261516852045655,True,29,23
204,0.27434423781608647,True,29,23
205,0.0679683394859648,False,29,23
210,0.17614711772520217,True,29,23
211,0.07443862617153059,False,29,23
213,0.16935609486617856,True,29,23
214,0.31164750347310427,True,29,23
215,0.1951714387721861,True,29,23
216,0.31590193833884767,True,29,23
217,0.3149067217964643,True,29,23
218,0.04818914261807857,False,29,23
219,0.1679224019745741,True,29,23
220,-0.044660827387704966,False,29,23
221,0.3255684105130915,True,29,23
224,0.39141739713764406,True,29,23
226,0.08363803829295609,False,29,23
231,0.3069144936713004,True,29,23
238,0.39109428975226895,True,29,23
239,0.2975218388762724,True,29,23
241,0.08712169267285282,True,29,23
244,0.06381461971126008,False,29,23
247,0.17607159506020723,True,29,23
249,0.3409042409658309,True,29,23
251,0.36509173621578234,True,29,23
255,0.39926135876907426,True,29,23
256,0.19644631119336442,True,29,23
257,0.36066575871080647,True,29,23
259,0.419886375705383,True,29,23
262,0.2840643722977178,True,29,23
266,0.13985380035772846,True,29,23
267,0.13549918411674156,True,29,23
268,0.04819981954840008,False,29,23
269,0.5575718649658421,True,29,23
270,0.24101165377508063,True,29,23
271,-0.02430921120329645,False,29,23
272,0.06120526970364303,False,29,23
275,-0.009546752193174824,False,29,23
278,0.3243137012724753,True,29,23
284,0.11107688597242603,True,29,23
286,0.008949129160358135,False,29,23
287,0.18296388827873625,True,29,23
288,0.1237379914352628,True,29,23
290,-0.005829617833215669,False,29,23
291,0.2670347198173628,True,29,23
292,0.47714299613926725,True,29,23
293,0.4401790819610419,True,29,23
296,0.36552265339977597,True,29,23
297,0.4215050073718174,True,29,23
301,0.3060941559312394,True,29,23
302,0.25173666970794756,True,29,23
303,0.5037900816679853,True,29,23
311,0.2648310901746327,True,29,23
312,0.33101383107056703,True,29,23
313,0.05881861086364045,False,29,23
314,0.41240315823187684,True,29,23
315,0.21937431262956544,True,29,23
316,-0.03539890371400331,False,29,23
317,-0.02769960225778864,False,29,23
318,0.062465256870453845,False,29,23
319,0.18105130584470283,True,29,23
321,0.1486609074117662,True,29,23
323,0.2995443660581869,True,29,23
326,0.163545115429038,True,29,23
327,0.10405311748719055,False,29,23
328,-0.0019410403127081849,False,29,23
329,0.42151197115700295,True,29,23
331,0.4205413645580567,True,29,23
332,0.228876535991298,True,29,23
334,0.42467012149265565,True,29,23
335,0.0062005032204674555,False,29,23
336,0.0961263690684006,True,29,23
337,-0.014119692323444144,False,29,23
338,0.2889777704093834,True,29,23
340,0.17934826623762634,True,29,23
341,0.3880717873692703,True,29,23
342,0.3632978325419413,True,29,23
343,0.42805117952957805,True,29,23
345,0.13943246124007896,True,29,23
346,0.16973346881849538,True,29,23
349,0.11140450299376865,True,29,23
350,0.3910476715417579,True,29,23
352,0.21353396761423982,True,29,23
353,0.5617119505547773,True,29,23
354,0.3481124008173384,True,29,23
355,0.4131980929985923,True,29,23
356,0.2347225554271056,True,29,23
358,0.43096229737446884,True,29,23
359,-0.015341808139328327,False,29,23
362,0.18530080158296783,True,29,23
363,0.09543907412870677,False,29,23
364,0.05189283543228526,False,29,23
365,-0.002567920227297449,False,29,23
366,0.11153418771412875,True,29,23
367,0.07805337403381508,False,29,23
368,0.07982736108002582,False,29,23
369,0.17424074952970448,True,29,23
370,0.49577132773881966,True,29,23
371,0.12085801837401529,True,29,23
373,0.5259490764823503,True,29,23
374,0.16651975954826959,True,29,23
375,0.13252794325141692,True,29,23
376,0.252866915049963,True,29,23
377,0.1252468221347844,True,29,23
378,0.4553395090924499,True,29,23
379,-0.04065813882059751,False,29,23
380,0.2212386396013076,True,29,23
381,0.2582247610445548,True,29,23
382,0.3597456597714914,True,29,23
383,0.4771599100720659,True,29,23
385,0.23269010462362774,True,29,23
386,0.007866066415436614,False,29,23
387,0.1495731417591375,True,29,23
388,0.09310035410890138,True,29,23
389,0.3253945730724395,True,29,23
391,0.36404082973128093,True,29,23
392,0.30795435335250576,True,29,23
393,0.2507265866733048,True,29,23
394,0.3910532948713814,True,29,23
396,0.10257384147659722,True,29,23
397,0.08633941234033042,False,29,23
398,0.5223020822138061,True,29,23
399,0.38497170439500145,True,29,23
400,0.12887709612093046,True,29,23
403,0.11018178697794577,True,29,23
404,0.3903999338130373,True,29,23
405,0.3810849948136353,True,29,23
408,0.07497863044638563,False,29,23
409,0.14051406986849127,True,29,23
411,0.2924408190440847,True,29,23
412,0.11520716214525421,True,29,23
414,0.12595678877522723,True,29,23
416,0.2026750557828683,True,29,23
418,0.22104453976783464,True,29,23
419,0.28431016211078647,True,29,23
420,0.19261544165805491,True,29,23
421,0.05717280299181681,False,29,23
422,0.21663779963177374,True,29,23
425,0.1554885994912936,True,29,23
426,0.19997726111788586,True,29,23
427,0.11470205733227185,True,29,23
428,0.01586355093985994,False,29,23
429,0.12989109001466706,True,29,23
430,0.05890284802796888,False,29,23
431,0.36223014388871894,True,29,23
433,0.23167700786241396,True,29,23
434,0.24644844604012608,True,29,23
440,0.13290828476405506,True,29,23
444,0.032248910715786096,False,29,23
445,0.154759325141076,True,29,23
446,0.1755790496679214,True,29,23
447,-0.04319950834156053,False,29,23
450,0.10612128123455362,False,29,23
451,0.32785903281561163,True,29,23
452,0.12067496599114731,True,29,23
454,0.08830567984557829,False,29,23
457,0.06538301699709227,False,29,23
458,0.0670085647747845,False,29,23
459,0.08079309316556334,False,29,23
461,0.13851312476394648,True,29,23
462,0.02726389562641428,False,29,23
463,-0.017626924450522323,False,29,23
464,0.0878674177218844,True,29,23
466,0.02474434532847004,False,29,23
467,0.09032885602366593,False,29,23
469,0.364189782988151,True,29,23
472,0.1922043832379622,True,29,23
2,0.07553766514876276,False,29,25
10,-0.017498232974190786,False,29,25
11,0.18720759991885738,True,29,25
16,0.05118451763351874,False,29,25
18,0.11527941734212671,True,29,25
19,0.06468037989220711,False,29,25
20,0.05209504786789715,False,29,25
21,0.028180014530059846,False,29,25
27,0.18080347689771123,True,29,25
28,0.07935244079593987,False,29,25
29,0.25812155273653586,True,29,25
35,-0.013829567320405115,False,29,25
36,0.17078684301655725,True,29,25
39,0.15362672763283336,True,29,25
40,0.22368596689311582,True,29,25
41,0.18518954797595522,True,29,25
42,0.21377106765000284,True,29,25
44,0.2090584044400463,True,29,25
45,0.0013449232277267583,False,29,25
47,0.31629476702427267,True,29,25
50,0.14731730050425526,True,29,25
51,0.10376248073894918,True,29,25
52,0.08774140077365793,False,29,25
61,0.060082768755561435,False,29,25
62,0.08455494394093073,False,29,25
66,0.07038379146636546,False,29,25
67,0.020833230408996987,False,29,25
69,0.05040569428535241,False,29,25
79,0.007287220788927272,False,29,25
81,0.08009364954031907,False,29,25
83,-0.031215595888665276,False,29,25
88,0.5131307452217836,True,29,25
91,0.4125597534301521,True,29,25
94,0.4736246802031236,True,29,25
95,0.28846662456212907,True,29,25
96,0.2932633153228261,True,29,25
99,0.4583158207657217,True,29,25
101,0.25047196624269324,True,29,25
102,0.15710998898173148,True,29,25
110,0.11205640212200853,True,29,25
111,0.7587801590799624,True,29,25
114,-0.015112108715296231,False,29,25
116,0.28566591471503355,True,29,25
117,0.06565190258919877,False,29,25
118,0.2756498984042571,True,29,25
119,0.11367564487607033,True,29,25
122,0.23514932497736374,True,29,25
124,0.07231605252550642,False,29,25
137,0.2826685459050968,True,29,25
140,0.08672618492276879,False,29,25
141,0.2853091834016231,True,29,25
143,0.06771827808893029,False,29,25
153,0.19334956823938895,True,29,25
157,0.14110523911539943,True,29,25
159,-0.032732911630534114,False,29,25
162,0.04001149976270665,False,29,25
164,-0.01958598204173732,False,29,25
165,0.15772667935791315,True,29,25
166,0.024964944789134885,False,29,25
168,0.00020352685045322132,False,29,25
169,-0.037826185336714994,False,29,25
171,0.07124269972590751,False,29,25
172,0.24564053929074256,True,29,25
173,0.12520132527430688,True,29,25
180,-0.027649354279851168,False,29,25
181,0.349809945181435,True,29,25
183,0.048518746161610476,False,29,25
184,0.018732390365184304,False,29,25
185,0.24428467633699272,True,29,25
186,0.13867682272830772,True,29,25
196,0.053001892179031285,False,29,25
197,0.008650190391686189,False,29,25
198,0.15930807783149695,True,29,25
199,0.1922262640818135,True,29,25
200,0.11158331490922718,True,29,25
201,-0.007254621921236717,False,29,25
202,0.2395711564969504,True,29,25
204,0.09778727101426665,True,29,25
206,0.06415117190387738,False,29,25
208,0.08545817618112818,False,29,25
209,0.037658743688204294,False,29,25
210,0.07740780299808833,False,29,25
211,0.17179618669877172,True,29,25
212,0.14315054526095047,True,29,25
214,0.029811250968434132,False,29,25
216,0.016142581187499404,False,29,25
217,0.12662107779781842,True,29,25
218,0.028414685217154272,False,29,25
219,0.017346070609335823,False,29,25
223,0.1312355794327192,True,29,25
224,0.03570806444050186,False,29,25
225,0.1875770877513104,True,29,25
227,0.03688852402479194,False,29,25
231,0.048440459192566836,False,29,25
232,0.059048219369952006,False,29,25
233,0.07921052603433533,False,29,25
234,0.19405036306270937,True,29,25
236,0.13324944086969645,True,29,25
237,0.08517527642148309,False,29,25
238,0.0020066184058627743,False,29,25
239,0.07195487691234935,False,29,25
240,0.14728276669814114,True,29,25
241,0.07552720416311862,False,29,25
242,0.052219957000987006,False,29,25
243,0.05715114817636933,False,29,25
247,0.07390405989589709,False,29,25
248,0.12734997253955813,True,29,25
255,0.15541699199961093,True,29,25
258,0.00984979465634638,False,29,25
260,-0.006685979077538003,False,29,25
263,0.012583280758173105,False,29,25
266,0.15178286205848127,True,29,25
268,-0.005417838400215236,False,29,25
269,0.1506617759910444,True,29,25
272,0.09781765356176807,False,29,25
275,-0.008654893081465683,False,29,25
282,0.1331960624260329,True,29,25
283,-0.04071335711676095,False,29,25
284,0.07128440971845063,False,29,25
285,-0.0037524755593373246,False,29,25
286,0.16305352639384743,True,29,25
287,0.1176228473976899,True,29,25
289,0.13425950430144667,True,29,25
290,0.06592188971129141,False,29,25
291,-0.014857668625653048,False,29,25
292,0.12351720399628167,True,29,25
295,0.04599240086354076,False,29,25
297,0.12715601663521406,True,29,25
298,0.014436893620941854,False,29,25
299,-0.018062353176764624,False,29,25
301,0.02233037979599826,False,29,25
302,0.11916641166100063,True,29,25
305,0.03663986570158676,False,29,25
306,0.15060131919810704,True,29,25
315,0.041002639481783267,False,29,25
316,0.07154360615176052,False,29,25
317,0.3832969051452115,True,29,25
319,0.13124237133222702,True,29,25
324,0.07109772560259364,False,29,25
327,0.3577076854633847,True,29,25
329,0.2452296268721708,True,29,25
331,0.26729557514591096,True,29,25
336,0.2315888841349051,True,29,25
340,0.093545592954367,True,29,25
342,-0.0467395623694751,False,29,25
344,0.09027154960223423,False,29,25
345,0.29826480482458145,True,29,25
347,0.14786444652376143,True,29,25
355,0.09903291753228168,True,29,25
356,0.27099491786832586,True,29,25
360,0.3205839682584764,True,29,25
364,0.22097992093674587,True,29,25
366,0.23759658059750632,True,29,25
368,0.1357533554213811,True,29,25
370,0.2444269558699084,True,29,25
373,0.2585691779614511,True,29,25
376,0.29705782545953374,True,29,25
377,0.17817462119901098,True,29,25
379,0.1281801541857806,True,29,25
380,0.2951081871410002,True,29,25
382,0.14420834545792813,True,29,25
385,0.26820195648971534,True,29,25
386,0.20086856575476786,True,29,25
387,0.20362358883564105,True,29,25
388,0.1956122520212902,True,29,25
390,0.3138664276220908,True,29,25
393,0.1516683289227347,True,29,25
396,0.2419244256650054,True,29,25
399,0.03894657790982754,False,29,25
404,0.13033567885752242,True,29,25
406,0.199362053759733,True,29,25
408,0.004866951385081401,False,29,25
409,0.13969137086235664,True,29,25
410,0.29912191312041997,True,29,25
413,0.19444872063797833,True,29,25
414,0.03225181239189722,False,29,25
416,0.2685913560777499,True,29,25
417,0.06224995446292277,False,29,25
418,0.0020594513116847235,False,29,25
419,0.3676345518430859,True,29,25
420,0.004166229202962594,False,29,25
421,0.1750611497995148,True,29,25
423,-0.0023627969800750523,False,29,25
426,0.4629759431637092,True,29,25
427,0.21887546027800867,True,29,25
428,0.31445534779627127,True,29,25
429,0.43343290048278993,True,29,25
430,0.08373210977201583,False,29,25
434,0.4001202953317348,True,29,25
436,0.16628597936079695,True,29,25
437,0.3950010724832487,True,29,25
438,0.06041811300697697,False,29,25
440,0.3310512083340824,True,29,25
441,0.17072768697429105,True,29,25
442,0.28056008956319206,True,29,25
443,0.016250385475146446,False,29,25
444,0.036874868925184524,False,29,25
445,0.08559641626926294,False,29,25
447,0.03409669662555478,False,29,25
448,0.045981783032657236,False,29,25
449,0.1701741946081398,True,29,25
450,0.46016892878621585,True,29,25
451,0.24487212032619307,True,29,25
454,0.08660182125424969,True,29,25
455,0.28968640305640714,True,29,25
456,0.24694650442308883,True,29,25
457,0.5328175230851357,True,29,25
458,-0.0014253845702001066,False,29,25
459,0.30604084221737293,True,29,25
461,0.021076797087118165,False,29,25
463,0.31743975148750514,True,29,25
464,0.012350582088805585,False,29,25
465,0.035973985438162846,False,29,25
466,0.007079492528548944,False,29,25
467,0.3200446502674023,True,29,25
468,0.2626395667813827,True,29,25
469,0.2355360167029358,True,29,25
470,0.050889657400224386,False,29,25
473,0.09652271958134206,True,29,25
474,0.1941982378077851,True,29,25
476,0.24530144933946152,True,29,25
478,0.35121179188183077,True,29,25
479,0.35198530478915474,True,29,25
480,0.33402600029726687,True,29,25
481,0.095198220999413,True,29,25
482,0.3451739203135627,True,29,25
485,0.34317593513200034,True,29,25
486,0.2324930701577976,True,29,25
487,0.05870764578710393,False,29,25
490,0.12435096331141794,True,29,25
491,0.3262305135821502,True,29,25
493,0.13816551234649907,True,29,25
494,0.22973151947117823,True,29,25
495,0.13585507168817398,True,29,25
496,0.09438484070240381,False,29,25
497,0.2743466175934383,True,29,25
498,0.34934930215680127,True,29,25
502,0.011551527556907413,False,29,25
503,0.1769491245234268,True,29,25
506,0.29869505735671914,True,29,25
507,0.37214914760710033,True,29,25
508,0.13714722821200379,True,29,25
511,-0.00801568858373205,False,29,25
515,0.09025897039267039,False,29,25
516,0.0718232338963072,False,29,25
517,0.06841084387687857,False,29,25
519,-0.0025627290965491915,False,29,25
520,-0.037338220589656475,False,29,25
521,0.23445781889589057,True,29,25
523,0.0231424616202953,False,29,25
527,0.2776511625622569,True,29,25
528,0.34026492503553857,True,29,25
530,-0.06488596678505555,False,29,25
536,0.36963685209419433,True,29,25
537,0.05707140555054808,False,29,25
538,-0.0003853450353960934,False,29,25
539,0.050705388073393476,False,29,25
540,0.027266869266451332,False,29,25
541,0.02034453067031292,False,29,25
542,-0.031006543708527345,False,29,25
543,0.03232527757355957,False,29,25
545,0.06688251270816173,False,29,25
546,-0.021621696494446754,False,29,25
547,0.17620912676982028,True,29,25
548,-0.037974705632627954,False,29,25
549,0.007404675795923826,False,29,25
550,0.02879490940103535,False,29,25
552,0.07821235577015827,False,29,25
553,-0.0021613881871742407,False,29,25
554,0.021872199058635338,False,29,25
556,0.21528639221152165,True,29,25
